timestamp,temperature,humidity,light
9/14/2026 19:24,27.2,92.9,24.2
9/14/2026 19:24,27.1,93.2,24.2
9/14/2026 19:25,27.1,93.3,23.3
9/14/2026 19:25,27.2,93.5,25.8
9/14/2026 19:26,27.1,93.7,26.7
9/14/2026 19:26,27.2,93.2,26.7
9/14/2026 19:27,27.2,93.4,26.7
9/14/2026 19:27,27.2,93.3,26.7
9/14/2026 19:28,27.2,93.1,25.8
9/14/2026 19:28,27.1,92.8,25
9/14/2026 19:29,27.1,93.3,41.7
9/14/2026 19:29,27.1,93.7,46.7
9/14/2026 19:30,27.2,93.3,46.7
9/14/2026 19:30,27.2,93.2,45.8
9/14/2026 19:31,27.3,92.8,44.2
9/14/2026 19:31,27.3,92.9,45.8
9/14/2026 19:32,27.3,92.8,45
9/14/2026 19:32,27.3,92.7,44.2
9/14/2026 19:33,27.2,92.6,45
9/14/2026 19:33,27.2,93.4,43.3
9/14/2026 19:34,27.3,92.3,45
9/14/2026 19:34,27.2,92.4,45
9/14/2026 19:35,27.2,92.6,44.2
9/14/2026 19:35,27.2,92.2,45
9/14/2026 19:36,27.1,93.5,44.2
9/14/2026 19:36,27.2,93.3,45
9/14/2026 19:37,27.2,94,44.2
9/14/2026 19:37,27.2,92.9,45.8
9/14/2026 19:38,27.3,92.3,45
9/14/2026 19:38,27.3,92.3,44.2
9/14/2026 19:39,27.3,90.9,46.7
9/14/2026 19:39,27.3,91.9,45
9/14/2026 19:40,27.3,93.7,45.8
9/14/2026 19:40,27.4,93.2,45.8
9/14/2026 19:41,27.5,93.1,44.2
9/14/2026 19:41,27.5,92.8,45.8
9/14/2026 19:42,27.6,92,45
9/14/2026 19:42,27.7,91,45.8
9/14/2026 19:43,27.7,90.2,45.8
9/14/2026 19:43,27.7,90.4,45.8
9/14/2026 19:44,27.7,91.7,45.8
9/14/2026 19:44,27.7,91.8,46.7
9/14/2026 19:45,27.7,91.4,45
9/14/2026 19:45,27.7,91.4,46.7
9/14/2026 19:46,27.6,90.9,46.7
9/14/2026 19:46,27.6,90.7,47.5
9/14/2026 19:47,27.6,90.6,46.7
9/14/2026 19:47,27.6,90.2,47.5
9/14/2026 19:48,27.6,91.2,41.7
9/14/2026 19:48,27.6,91,43.3
9/14/2026 19:49,27.7,91.1,46.7
9/14/2026 19:49,27.7,91.6,46.7
9/14/2026 19:50,27.7,91.6,40
9/14/2026 19:50,27.7,91.1,40
9/14/2026 19:51,27.7,91.4,46.7
9/14/2026 19:51,27.7,91.3,45
9/14/2026 19:52,27.7,92,36.7
9/14/2026 19:52,27.7,92.2,46.7
9/14/2026 19:53,27.7,91.9,46.7
9/14/2026 19:53,27.7,91.7,46.7
9/14/2026 19:54,27.8,91.9,45
9/14/2026 19:54,27.8,91,46.7
9/14/2026 19:55,27.8,90.5,46.7
9/14/2026 19:55,27.7,91,46.7
9/14/2026 19:56,27.7,90.8,46.7
9/14/2026 19:56,27.7,91,46.7
9/14/2026 19:57,27.7,91.8,46.7
9/14/2026 19:57,27.7,92.1,46.7
9/14/2026 19:58,27.7,92.2,47.5
9/14/2026 19:58,27.7,92.4,47.5
9/14/2026 19:59,27.7,92.4,46.7
9/14/2026 19:59,27.7,92,47.5
9/14/2026 20:00,27.7,92.1,46.7
9/14/2026 20:00,27.7,92.8,46.7
9/14/2026 20:01,27.7,92.3,45.8
9/14/2026 20:01,27.7,91.6,46.7
9/14/2026 20:02,27.7,91.3,44.2
9/14/2026 20:02,27.7,91.4,46.7
9/14/2026 20:03,27.7,90.6,46.7
9/14/2026 20:03,27.7,91.5,45
9/14/2026 20:04,27.7,92.4,46.7
9/14/2026 20:04,27.7,91.3,44.2
9/14/2026 20:05,27.7,90.9,46.7
9/14/2026 20:05,27.7,91.5,46.7
9/14/2026 20:06,27.7,89.8,45.8
9/14/2026 20:06,27.7,90.7,46.7
9/14/2026 20:07,27.7,90.4,46.7
9/14/2026 20:07,27.7,90.7,46.7
9/14/2026 20:08,27.7,90.7,45.8
9/14/2026 20:08,27.7,91.1,46.7
9/14/2026 20:09,27.7,90.6,44.2
9/14/2026 20:09,27.7,89.2,44.2
9/14/2026 20:10,27.6,90.3,44.2
9/14/2026 20:10,27.6,91.4,44.2
9/14/2026 20:11,27.6,91.4,43.3
9/14/2026 20:11,27.6,91.4,43.3
9/14/2026 20:12,27.5,91.4,44.2
9/14/2026 20:12,27.5,91.6,43.3
9/14/2026 20:13,27.5,92.3,43.3
9/14/2026 20:13,27.5,91.9,44.2
9/14/2026 20:14,27.5,90.3,44.2
9/14/2026 20:14,27.5,90.7,45.8
9/14/2026 20:15,27.4,90.8,46.7
9/14/2026 20:15,27.4,91.2,45.8
9/14/2026 20:16,27.3,91.4,46.7
9/14/2026 20:16,27.3,92.4,46.7
9/14/2026 20:17,27.3,92.2,46.7
9/14/2026 20:17,27.2,92.3,45.8
9/14/2026 20:18,27.2,92.2,45
9/14/2026 20:18,27.2,92.8,45.8
9/14/2026 20:19,27.1,93.6,45.8
9/14/2026 20:19,27.1,93.7,46.7
9/14/2026 20:20,27.1,93.7,46.7
9/14/2026 20:20,27.1,93,44.2
9/14/2026 20:21,27.1,93.1,44.2
9/14/2026 20:21,27.1,93.4,45.8
9/14/2026 20:22,27.1,94.1,45.8
9/14/2026 20:22,27.1,93,45.8
9/14/2026 20:23,27.1,92.7,45
9/14/2026 20:23,27.2,92,45.8
9/14/2026 20:24,27.1,92.9,45
9/14/2026 20:24,27.1,93.3,45.8
9/14/2026 20:25,27.1,92.5,45
9/14/2026 20:25,27.1,92.8,45
9/14/2026 20:26,27.1,93.1,46.7
9/14/2026 20:26,27.1,93.3,44.2
9/14/2026 20:27,27,93.1,43.3
9/14/2026 20:27,27,93.2,43.3
9/14/2026 20:28,27,93.3,43.3
9/14/2026 20:28,27,93.5,46.7
9/14/2026 20:29,26.9,93.7,45.8
9/14/2026 20:29,27,93.4,45
9/14/2026 20:30,26.9,93.3,43.3
9/14/2026 20:30,26.9,93.7,43.3
9/14/2026 20:31,26.9,93.8,44.2
9/14/2026 20:31,26.9,94,43.3
9/14/2026 20:32,26.9,94,44.2
9/14/2026 20:32,26.9,94.2,43.3
9/14/2026 20:33,26.9,94.2,45
9/14/2026 20:33,26.8,94.3,46.7
9/14/2026 20:34,26.8,94.7,46.7
9/14/2026 20:34,26.8,94.7,46.7
9/14/2026 20:35,26.8,94.6,44.2
9/14/2026 20:35,26.8,95,46.7
9/14/2026 20:36,26.8,95.2,45.8
9/14/2026 20:36,26.7,95.1,45
9/14/2026 20:37,26.7,95.2,44.2
9/14/2026 20:37,26.7,95.6,44.2
9/14/2026 20:38,26.7,95.4,46.7
9/14/2026 20:38,26.7,95.4,46.7
9/14/2026 20:39,26.7,95.4,46.7
9/14/2026 20:39,26.7,95.6,46.7
9/14/2026 20:40,26.7,95.6,45
9/14/2026 20:40,26.7,95.7,47.5
9/14/2026 20:41,26.7,95.9,47.5
9/14/2026 20:41,26.7,96,45.8
9/14/2026 20:42,26.7,96,46.7
9/14/2026 20:42,26.7,95.8,46.7
9/14/2026 20:43,26.7,96.2,46.7
9/14/2026 20:43,26.7,95.8,47.5
9/14/2026 20:44,26.7,95.8,45.8
9/14/2026 20:44,26.8,96.1,47.5
9/14/2026 20:45,26.8,96.1,47.5
9/14/2026 20:45,26.8,95.8,46.7
9/14/2026 20:46,26.9,95.7,46.7
9/14/2026 20:46,26.9,95.4,46.7
9/14/2026 20:47,26.9,95,46.7
9/14/2026 20:47,26.9,94.8,44.2
9/14/2026 20:48,26.9,94.7,45
9/14/2026 20:48,26.9,95,46.7
9/14/2026 20:49,26.9,95,46.7
9/14/2026 20:49,26.9,94.8,46.7
9/14/2026 20:50,26.8,95.3,46.7
9/14/2026 20:50,26.8,95.2,45
9/14/2026 20:51,26.8,95.1,44.2
9/14/2026 20:51,26.8,94.8,44.2
9/14/2026 20:52,26.7,95,44.2
9/14/2026 20:52,26.7,95.4,45.8
9/14/2026 20:53,26.7,95.4,46.7
9/14/2026 20:53,26.6,95.8,46.7
9/14/2026 20:54,26.6,95.9,45.8
9/14/2026 20:54,26.6,96.2,46.7
9/14/2026 20:55,26.6,96.2,45.8
9/14/2026 20:55,26.7,96,46.7
9/14/2026 20:56,26.6,95.8,45.8
9/14/2026 20:56,26.6,96.3,46.7
9/14/2026 20:57,26.6,96.8,46.7
9/14/2026 20:57,26.6,96.8,45.8
9/14/2026 20:58,26.6,97.2,45.8
9/14/2026 20:58,26.6,97.2,46.7
9/14/2026 20:59,26.6,97.3,46.7
9/14/2026 20:59,26.6,97.1,46.7
9/14/2026 21:00,26.6,97.1,45.8
9/14/2026 21:00,26.6,97.3,46.7
9/14/2026 21:01,26.6,97.1,46.7
9/14/2026 21:01,26.6,96.8,46.7
9/14/2026 21:02,26.6,96.8,46.7
9/14/2026 21:02,26.6,97,47.5
9/14/2026 21:03,26.6,97.4,46.7
9/14/2026 21:03,26.6,96.8,46.7
9/14/2026 21:04,26.6,96.6,46.7
9/14/2026 21:04,26.7,96.5,46.7
9/14/2026 21:05,26.7,96.7,46.7
9/14/2026 21:05,26.8,96.6,45.8
9/14/2026 21:06,26.8,97,45.8
9/14/2026 21:06,26.8,96.8,46.7
9/14/2026 21:07,26.9,96.6,45.8
9/14/2026 21:07,26.9,95.9,46.7
9/14/2026 21:08,26.9,95.5,46.7
9/14/2026 21:08,26.9,95.7,45.8
9/14/2026 21:09,26.9,95.8,46.7
9/14/2026 21:09,27,95.5,46.7
9/14/2026 21:10,27,95.2,43.3
9/14/2026 21:10,27,95.3,43.3
9/14/2026 21:11,27,95,45
9/14/2026 21:11,27,94.1,43.3
9/14/2026 21:12,26.9,93.9,43.3
9/14/2026 21:12,26.9,94.3,46.7
9/14/2026 21:13,26.8,95.1,46.7
9/14/2026 21:13,26.8,95.5,46.7
9/14/2026 21:14,26.8,95,45.8
9/14/2026 21:14,26.8,94.9,45.8
9/14/2026 21:15,26.8,95.3,46.7
9/14/2026 21:15,26.8,95.2,45.8
9/14/2026 21:16,26.8,95.2,45.8
9/14/2026 21:16,26.8,95.2,46.7
9/14/2026 21:17,26.8,94.8,45
9/14/2026 21:17,26.8,94.9,46.7
9/14/2026 21:18,26.8,94.8,46.7
9/14/2026 21:18,26.8,94.9,46.7
9/14/2026 21:19,26.8,95.2,46.7
9/14/2026 21:19,26.8,95.4,46.7
9/14/2026 21:20,26.8,94.8,46.7
9/14/2026 21:20,26.8,95.3,46.7
9/14/2026 21:21,26.8,95.5,38.3
9/14/2026 21:21,26.8,94.7,35.8
9/14/2026 21:22,26.8,94.6,37.5
9/14/2026 21:22,26.8,94.6,30
9/14/2026 21:23,26.7,95.4,28.3
9/14/2026 21:23,26.7,95.6,33.3
9/14/2026 21:24,26.8,96.4,38.3
9/14/2026 21:24,26.8,96.3,38.3
9/14/2026 21:25,26.8,95.5,38.3
9/14/2026 21:25,26.9,94.9,28.3
9/14/2026 21:26,26.8,95.2,28.3
9/14/2026 21:26,26.9,95.2,36.7
9/14/2026 21:27,26.9,95.4,35
9/14/2026 21:27,26.9,95.5,27.5
9/14/2026 21:28,26.9,95,28.3
9/14/2026 21:28,26.9,94.7,26.7
9/14/2026 21:29,26.9,94.3,24.2
9/14/2026 21:29,26.8,94.4,22.5
9/14/2026 21:30,26.9,95.1,25
9/14/2026 21:30,26.8,94.9,34.2
9/14/2026 21:31,26.8,94.9,30.8
9/14/2026 21:31,26.8,94.7,26.7
9/14/2026 21:32,26.8,95.3,25
9/14/2026 21:32,26.8,94.9,25.8
9/14/2026 21:33,26.8,94.6,26.7
9/14/2026 21:33,26.8,95.1,30.8
9/14/2026 21:34,26.8,94.9,26.7
9/14/2026 21:34,26.8,94.5,29.2
9/14/2026 21:35,26.8,94.6,29.2
9/14/2026 21:35,26.8,94.9,27.5
9/14/2026 21:36,26.8,95.3,26.7
9/14/2026 21:36,26.8,95.6,25.8
9/14/2026 21:37,26.8,95.5,25.8
9/14/2026 21:37,26.9,94.1,30
9/14/2026 21:38,26.9,93.8,29.2
9/14/2026 21:38,26.9,94.7,23.3
9/14/2026 21:39,26.9,94.5,28.3
9/14/2026 21:39,26.9,94.1,30
9/14/2026 21:40,26.9,94.3,30
9/14/2026 21:40,26.9,94,29.2
9/14/2026 21:41,26.9,94.6,26.7
9/14/2026 21:41,26.9,94.4,26.7
9/14/2026 21:42,26.9,94,26.7
9/14/2026 21:42,26.8,93.7,30.8
9/14/2026 21:43,26.8,93.5,28.3
9/14/2026 21:43,26.7,93.7,22.5
9/14/2026 21:44,26.6,94.2,22.5
9/14/2026 21:44,26.6,94.9,22.5
9/14/2026 21:45,26.6,95.3,22.5
9/14/2026 21:45,26.6,95.9,24.2
9/14/2026 21:46,26.7,96.3,22.5
9/14/2026 21:46,26.7,95.2,24.2
9/14/2026 21:47,26.7,95.2,24.2
9/14/2026 21:47,26.7,95.5,25.8
9/14/2026 21:48,26.8,95.7,26.7
9/14/2026 21:48,26.8,95.1,25.8
9/14/2026 21:49,26.8,94.9,25
9/14/2026 21:49,26.8,93.5,22.5
9/14/2026 21:50,26.8,94,27.5
9/14/2026 21:50,26.7,95,25
9/14/2026 21:51,26.7,95,25.8
9/14/2026 21:51,26.7,94.9,25
9/14/2026 21:52,26.7,95.2,25
9/14/2026 21:52,26.7,95.7,27.5
9/14/2026 21:53,26.7,96.1,23.3
9/14/2026 21:53,26.7,96,24.2
9/14/2026 21:54,26.7,95.6,24.2
9/14/2026 21:54,26.8,95.9,26.7
9/14/2026 21:55,26.8,95.3,28.3
9/14/2026 21:55,26.8,95.3,29.2
9/14/2026 21:56,26.8,95.3,28.3
9/14/2026 21:56,26.8,95,26.7
9/14/2026 21:57,26.8,94.6,25
9/14/2026 21:57,26.8,94.5,27.5
9/14/2026 21:58,26.8,94.6,28.3
9/14/2026 21:58,26.8,95.3,26.7
9/14/2026 21:59,26.8,94.9,25.8
9/14/2026 21:59,26.8,94.2,27.5
9/14/2026 22:00,26.8,94,23.3
9/14/2026 22:00,26.7,94.8,23.3
9/14/2026 22:01,26.7,94.7,23.3
9/14/2026 22:01,26.7,94.3,23.3
9/14/2026 22:02,26.7,94.7,23.3
9/14/2026 22:02,26.7,94.3,23.3
9/14/2026 22:03,26.7,93.7,26.7
9/14/2026 22:03,26.7,93.7,23.3
9/14/2026 22:04,26.6,94.3,26.7
9/14/2026 22:04,26.6,94.2,27.5
9/14/2026 22:05,26.6,94.7,27.5
9/14/2026 22:05,26.5,95,24.2
9/14/2026 22:06,26.5,95.1,23.3
9/14/2026 22:06,26.5,95.3,27.5
9/14/2026 22:07,26.4,95.7,22.5
9/14/2026 22:07,26.4,95.7,24.2
9/14/2026 22:08,26.4,95.1,24.2
9/14/2026 22:08,26.4,95.3,24.2
9/14/2026 22:09,26.4,95.2,24.2
9/14/2026 22:09,26.4,95.4,24.2
9/14/2026 22:10,26.4,95.9,21.7
9/14/2026 22:10,26.4,96,29.2
9/14/2026 22:11,26.4,96.4,23.3
9/14/2026 22:11,26.5,95.8,26.7
9/14/2026 22:12,26.5,95.3,23.3
9/14/2026 22:12,26.5,95.4,23.3
9/14/2026 22:13,26.5,95.4,23.3
9/14/2026 22:13,26.5,96,23.3
9/14/2026 22:14,26.5,95.8,23.3
9/14/2026 22:14,26.5,95.8,23.3
9/14/2026 22:15,26.6,95.9,23.3
9/14/2026 22:15,26.5,96.4,21.7
9/14/2026 22:16,26.6,95.6,23.3
9/14/2026 22:16,26.6,95.4,23.3
9/14/2026 22:17,26.6,95.7,25
9/14/2026 22:17,26.6,96.1,21.7
9/14/2026 22:18,26.7,94.8,21.7
9/14/2026 22:18,26.7,94,23.3
9/14/2026 22:19,26.7,93.7,23.3
9/14/2026 22:19,26.7,93.6,23.3
9/14/2026 22:20,26.7,94.3,25.8
9/14/2026 22:20,26.7,94.1,25.8
9/14/2026 22:21,26.7,94.8,25
9/14/2026 22:21,26.6,95,26.7
9/14/2026 22:22,26.6,94.4,25.8
9/14/2026 22:22,26.6,94.3,26.7
9/14/2026 22:23,26.6,94.1,26.7
9/14/2026 22:23,26.5,94.4,26.7
9/14/2026 22:24,26.5,95.8,23.3
9/14/2026 22:24,26.5,96,25
9/14/2026 22:25,26.5,95.4,21.7
9/14/2026 22:25,26.6,94.5,21.7
9/14/2026 22:26,26.6,95.1,22.5
9/14/2026 22:26,26.6,94.9,21.7
9/14/2026 22:27,26.6,95,23.3
9/14/2026 22:27,26.6,94.3,21.7
9/14/2026 22:28,26.7,93.4,25.8
9/14/2026 22:28,26.7,93.6,23.3
9/14/2026 22:29,26.7,94,23.3
9/14/2026 22:29,26.6,93.6,22.5
9/14/2026 22:30,26.6,93.6,25
9/14/2026 22:30,26.6,94.2,24.2
9/14/2026 22:31,26.6,94.4,20
9/14/2026 22:31,26.6,95.1,20
9/14/2026 22:32,26.6,94.6,20.8
9/14/2026 22:32,26.6,94.3,24.2
9/14/2026 22:33,26.6,94.3,24.2
9/14/2026 22:33,26.6,94.6,24.2
9/14/2026 22:34,26.5,95.3,24.2
9/14/2026 22:34,26.5,95.3,25
9/14/2026 22:35,26.5,95.4,25
9/14/2026 22:35,26.5,95.4,25
9/14/2026 22:36,26.5,95.3,25
9/14/2026 22:36,26.5,95.5,27.5
9/14/2026 22:37,26.4,95.1,26.7
9/14/2026 22:37,26.4,95.1,28.3
9/14/2026 22:38,26.4,95.7,20
9/14/2026 22:38,26.4,96.9,26.7
9/14/2026 22:39,26.4,96.9,20
9/14/2026 22:39,26.5,95.6,19.2
9/14/2026 22:40,26.5,94.9,26.7
9/14/2026 22:40,26.5,95.2,21.7
9/14/2026 22:41,26.5,95.3,21.7
9/14/2026 22:41,26.5,95.8,25
9/14/2026 22:42,26.6,95.8,19.2
9/14/2026 22:42,26.6,95.5,27.5
9/14/2026 22:43,26.5,95.7,27.5
9/14/2026 22:43,26.5,96.1,27.5
9/14/2026 22:44,26.5,95.5,27.5
9/14/2026 22:44,26.4,95.6,27.5
9/14/2026 22:45,26.4,95.6,27.5
9/14/2026 22:45,26.4,95.7,27.5
9/14/2026 22:46,26.3,96.2,27.5
9/14/2026 22:46,26.3,96,25
9/14/2026 22:47,26.2,96.2,25
9/14/2026 22:47,26.2,96.5,25
9/14/2026 22:48,26.1,96.8,25
9/14/2026 22:48,26.1,97.2,25
9/14/2026 22:49,26.2,96.9,25
9/14/2026 22:49,26.1,97.1,25
9/14/2026 22:50,26.1,97.4,25
9/14/2026 22:50,26.1,97.4,25
9/14/2026 22:51,26.1,97.5,25
9/14/2026 22:51,26.2,97.1,25
9/14/2026 22:52,26.1,96.8,25
9/14/2026 22:52,26.1,96.9,25
9/14/2026 22:53,26.1,97,25
9/14/2026 22:53,26.2,97,25
9/14/2026 22:54,26.1,97,25
9/14/2026 22:54,26.1,97.1,25.8
9/14/2026 22:55,26.2,96.6,25
9/14/2026 22:55,26.2,96.3,25.8
9/14/2026 22:56,26.2,96.8,25
9/14/2026 22:56,26.2,96.9,25.8
9/14/2026 22:57,26.2,96.8,25
9/14/2026 22:57,26.2,96.4,23.3
9/14/2026 22:58,26.2,96,22.5
9/14/2026 22:58,26.2,96.3,25.8
9/14/2026 22:59,26.2,96.6,23.3
9/14/2026 22:59,26.2,96.5,23.3
9/14/2026 23:00,26.2,96.5,22.5
9/14/2026 23:00,26.3,96.2,21.7
9/14/2026 23:01,26.4,95.2,22.5
9/14/2026 23:01,26.4,94.8,25.8
9/14/2026 23:02,26.4,94.8,25.8
9/14/2026 23:02,26.4,94.8,23.3
9/14/2026 23:03,26.3,95.1,22.5
9/14/2026 23:03,26.4,94.4,23.3
9/14/2026 23:04,26.3,95,22.5
9/14/2026 23:04,26.4,95.1,22.5
9/14/2026 23:05,26.4,94.4,22.5
9/14/2026 23:05,26.4,94.3,22.5
9/14/2026 23:06,26.4,94.6,22.5
9/14/2026 23:06,26.4,94.8,21.7
9/14/2026 23:07,26.3,95.2,22.5
9/14/2026 23:07,26.2,95.2,23.3
9/14/2026 23:08,26.2,95,22.5
9/14/2026 23:08,26.2,95,22.5
9/14/2026 23:09,26.2,95.2,22.5
9/14/2026 23:09,26.2,95.9,10.8
9/14/2026 23:10,26.2,96.3,10
9/14/2026 23:10,26.2,96.5,10
9/14/2026 23:11,26.2,96.5,10
9/14/2026 23:11,26.3,96.4,10
9/14/2026 23:12,26.3,96.3,10
9/14/2026 23:12,26.4,95.7,10
9/14/2026 23:13,26.4,94.9,10
9/14/2026 23:13,26.3,94.9,10
9/14/2026 23:14,26.3,94.7,10
9/14/2026 23:14,26.3,95.7,10
9/14/2026 23:15,26.3,95.5,10
9/14/2026 23:15,26.3,95.4,10
9/14/2026 23:16,26.4,95.8,12.5
9/14/2026 23:16,26.4,96,12.5
9/14/2026 23:17,26.5,95.5,13.3
9/14/2026 23:17,26.5,94.3,13.3
9/14/2026 23:18,26.5,94.5,13.3
9/14/2026 23:18,26.5,94.7,13.3
9/14/2026 23:19,26.5,94.8,13.3
9/14/2026 23:19,26.5,95,10.8
9/14/2026 23:20,26.5,95.2,10.8
9/14/2026 23:20,26.4,94.9,10.8
9/14/2026 23:21,26.4,95.7,10.8
9/14/2026 23:21,26.5,95.7,11.7
9/14/2026 23:22,26.5,96.1,9.2
9/14/2026 23:22,26.6,94.6,13.3
9/14/2026 23:23,26.6,94.4,14.2
9/14/2026 23:23,26.6,95,13.3
9/14/2026 23:24,26.6,95.4,14.2
9/14/2026 23:24,26.6,94.7,11.7
9/14/2026 23:25,26.6,95.1,8.3
9/14/2026 23:25,26.6,95.1,15.8
9/14/2026 23:26,26.6,95.3,8.3
9/14/2026 23:26,26.6,95,6.7
9/14/2026 23:27,26.6,94.2,6.7
9/14/2026 23:27,26.6,94.7,15
9/14/2026 23:28,26.6,94.3,15.8
9/14/2026 23:28,26.6,93.8,13.3
9/14/2026 23:29,26.5,95.5,15.8
9/14/2026 23:29,26.6,95.7,15.8
9/14/2026 23:30,26.6,95.1,16.7
9/14/2026 23:30,26.6,94.3,19.2
9/14/2026 23:31,26.6,94.2,20
9/14/2026 23:31,26.6,94.5,20.8
9/14/2026 23:32,26.5,94.6,14.2
9/14/2026 23:32,26.5,94.7,10
9/14/2026 23:33,26.5,95.1,10
9/14/2026 23:33,26.4,94.7,10
9/14/2026 23:34,26.4,95.6,12.5
9/14/2026 23:34,26.4,95.7,7.5
9/14/2026 23:35,26.4,95.6,13.3
9/14/2026 23:35,26.4,95.6,15
9/14/2026 23:36,26.3,95.7,14.2
9/14/2026 23:36,26.3,95.9,13.3
9/14/2026 23:37,26.3,95.6,10
9/14/2026 23:37,26.4,95.4,15
9/14/2026 23:38,26.3,95,14.2
9/14/2026 23:38,26.3,95.2,11.7
9/14/2026 23:39,26.2,95.3,7.5
9/14/2026 23:39,26.2,96.1,9.2
9/14/2026 23:40,26.2,96.4,10
9/14/2026 23:40,26.2,96.7,7.5
9/14/2026 23:41,26.2,96,6.7
9/14/2026 23:41,26.3,95.7,11.7
9/14/2026 23:42,26.2,95.3,8.3
9/14/2026 23:42,26.2,95.3,11.7
9/14/2026 23:43,26.2,95.7,11.7
9/14/2026 23:43,26.1,95.8,11.7
9/14/2026 23:44,26.1,96.5,14.2
9/14/2026 23:44,26.2,96.6,14.2
9/14/2026 23:45,26.2,96.3,10
9/14/2026 23:45,26.2,95.9,6.7
9/14/2026 23:46,26.3,95.8,6.7
9/14/2026 23:46,26.3,95.1,6.7
9/14/2026 23:47,26.4,94.9,12.5
9/14/2026 23:47,26.4,95,6.7
9/14/2026 23:48,26.4,94.4,8.3
9/14/2026 23:48,26.5,94.3,9.2
9/14/2026 23:49,26.5,94.6,10
9/14/2026 23:49,26.5,94.6,10
9/14/2026 23:50,26.5,94.3,6.7
9/14/2026 23:50,26.5,94.3,9.2
9/14/2026 23:51,26.5,93.8,15
9/14/2026 23:51,26.4,94.9,11.7
9/14/2026 23:52,26.4,95.5,6.7
9/14/2026 23:52,26.5,95.3,10
9/14/2026 23:53,26.5,94.4,14.2
9/14/2026 23:53,26.5,95,8.3
9/14/2026 23:54,26.5,95.2,9.2
9/14/2026 23:54,26.5,95.2,11.7
9/14/2026 23:55,26.5,95.3,13.3
9/14/2026 23:55,26.5,94.7,13.3
9/14/2026 23:56,26.4,94.8,11.7
9/14/2026 23:56,26.4,95.3,9.2
9/14/2026 23:57,26.4,95.4,13.3
9/14/2026 23:57,26.4,95.7,10.8
9/14/2026 23:58,26.4,95.7,15
9/14/2026 23:58,26.3,95.4,10
9/14/2026 23:59,26.3,95.3,16.7
9/14/2026 23:59,26.3,95.6,16.7
9/15/2026 0:00,26.3,95.6,15.8
9/15/2026 0:00,26.2,96.1,15
9/15/2026 0:01,26.2,95.8,15
9/15/2026 0:01,26.2,95.8,15.8
9/15/2026 0:02,26.2,95.8,17.5
9/15/2026 0:02,26.2,95.9,17.5
9/15/2026 0:03,26.2,95.9,17.5
9/15/2026 0:03,26.2,95.8,9.2
9/15/2026 0:04,26.2,96.4,6.7
9/15/2026 0:04,26.2,96.4,7.5
9/15/2026 0:05,26.3,95.6,8.3
9/15/2026 0:05,26.3,95.6,10
9/15/2026 0:06,26.4,95.3,14.2
9/15/2026 0:06,26.4,95.2,14.2
9/15/2026 0:07,26.4,95.4,14.2
9/15/2026 0:07,26.4,95.4,14.2
9/15/2026 0:08,26.3,95.6,10.8
9/15/2026 0:08,26.3,96.2,7.5
9/15/2026 0:09,26.4,96.2,6.7
9/15/2026 0:09,26.4,95.8,10
9/15/2026 0:10,26.4,95.1,10
9/15/2026 0:10,26.4,94.9,10.8
9/15/2026 0:11,26.5,94.9,11.7
9/15/2026 0:11,26.4,95.2,10.8
9/15/2026 0:12,26.4,95.2,14.2
9/15/2026 0:12,26.4,95.4,11.7
9/15/2026 0:13,26.4,95.5,14.2
9/15/2026 0:13,26.3,95.3,10.8
9/15/2026 0:14,26.3,94.8,10.8
9/15/2026 0:14,26.3,94.7,15
9/15/2026 0:15,26.3,95.1,12.5
9/15/2026 0:15,26.3,95.4,12.5
9/15/2026 0:16,26.3,95.4,14.2
9/15/2026 0:16,26.2,95.7,14.2
9/15/2026 0:17,26.2,95.8,10
9/15/2026 0:17,26.2,95.8,14.2
9/15/2026 0:18,26.3,95.8,7.5
9/15/2026 0:18,26.2,95.6,11.7
9/15/2026 0:19,26.2,95.6,14.2
9/15/2026 0:19,26.2,95.5,10
9/15/2026 0:20,26.2,95.3,15
9/15/2026 0:20,26.2,95.7,10.8
9/15/2026 0:21,26.2,96,10
9/15/2026 0:21,26.2,96.1,14.2
9/15/2026 0:22,26.2,96.1,15
9/15/2026 0:22,26.1,96.2,14.2
9/15/2026 0:23,26.2,96.3,15
9/15/2026 0:23,26.1,96.8,6.7
9/15/2026 0:24,26.1,96,6.7
9/15/2026 0:24,26.1,95.9,10
9/15/2026 0:25,26.1,96.3,15
9/15/2026 0:25,26.1,96.5,15.8
9/15/2026 0:26,26.1,96.5,15
9/15/2026 0:26,26.1,96.5,13.3
9/15/2026 0:27,26.1,96.6,16.7
9/15/2026 0:27,26.1,96.7,13.3
9/15/2026 0:28,26.1,96.6,12.5
9/15/2026 0:28,26,96.6,13.3
9/15/2026 0:29,26,96.9,15.8
9/15/2026 0:29,26,96.9,10
9/15/2026 0:30,26,97.3,8.3
9/15/2026 0:30,26,97.4,15.8
9/15/2026 0:31,26,97.4,15.8
9/15/2026 0:31,26,97.3,15.8
9/15/2026 0:32,26,97.4,15
9/15/2026 0:32,26,97.5,15.8
9/15/2026 0:33,26,97.3,9.2
9/15/2026 0:33,26,97.9,10.8
9/15/2026 0:34,26,97.8,16.7
9/15/2026 0:34,26,97.5,13.3
9/15/2026 0:35,26.1,97.3,13.3
9/15/2026 0:35,26.1,97.4,13.3
9/15/2026 0:36,26.1,97.5,17.5
9/15/2026 0:36,26.1,97.5,16.7
9/15/2026 0:37,26.2,97,16.7
9/15/2026 0:37,26.2,96.8,16.7
9/15/2026 0:38,26.2,97.1,11.7
9/15/2026 0:38,26.2,97,11.7
9/15/2026 0:39,26.2,97.1,15
9/15/2026 0:39,26.2,96.9,16.7
9/15/2026 0:40,26.1,96.8,16.7
9/15/2026 0:40,26.1,96.5,15
9/15/2026 0:41,26.1,96.5,10.8
9/15/2026 0:41,26.1,96.7,10
9/15/2026 0:42,26,96.9,18.3
9/15/2026 0:42,26,97.3,15
9/15/2026 0:43,26,97.6,13.3
9/15/2026 0:43,26,97.4,13.3
9/15/2026 0:44,25.9,97.3,12.5
9/15/2026 0:44,25.9,97.2,12.5
9/15/2026 0:45,25.9,97.5,13.3
9/15/2026 0:45,25.9,97.8,17.5
9/15/2026 0:46,25.9,98.4,20
9/15/2026 0:46,26,97.9,9.2
9/15/2026 0:47,26,97.5,15
9/15/2026 0:47,26,97.4,10.8
9/15/2026 0:48,26,97,7.5
9/15/2026 0:48,26,97.1,6.7
9/15/2026 0:49,26,97.5,7.5
9/15/2026 0:49,26.1,97.4,15
9/15/2026 0:50,26.1,97.5,6.7
9/15/2026 0:50,26.1,97,5.8
9/15/2026 0:51,26.2,96.5,8.3
9/15/2026 0:51,26.2,96.3,16.7
9/15/2026 0:52,26.2,96.6,10.8
9/15/2026 0:52,26.2,96.7,10
9/15/2026 0:53,26.2,96.6,16.7
9/15/2026 0:53,26.2,96.5,9.2
9/15/2026 0:54,26.3,96.3,15
9/15/2026 0:54,26.2,96.1,14.2
9/15/2026 0:55,26.2,96.6,10
9/15/2026 0:55,26.3,96.3,17.5
9/15/2026 0:56,26.3,96.8,16.7
9/15/2026 0:56,26.3,96.4,16.7
9/15/2026 0:57,26.4,95.8,15.8
9/15/2026 0:57,26.4,96.2,17.5
9/15/2026 0:58,26.4,96.1,17.5
9/15/2026 0:58,26.4,95.8,16.7
9/15/2026 0:59,26.4,95.5,8.3
9/15/2026 0:59,26.3,96.6,11.7
9/15/2026 1:00,26.4,95.7,6.7
9/15/2026 1:00,26.4,95.6,12.5
9/15/2026 1:01,26.4,95.2,12.5
9/15/2026 1:01,26.4,95.2,12.5
9/15/2026 1:02,26.3,95.4,12.5
9/15/2026 1:02,26.3,96.1,12.5
9/15/2026 1:03,26.3,96,12.5
9/15/2026 1:03,26.3,95.5,12.5
9/15/2026 1:04,26.3,95.7,12.5
9/15/2026 1:04,26.3,96.1,12.5
9/15/2026 1:05,26.2,96.4,12.5
9/15/2026 1:05,26.2,96.7,9.2
9/15/2026 1:06,26.2,96.6,7.5
9/15/2026 1:06,26.3,96,14.2
9/15/2026 1:07,26.3,96.3,15.8
9/15/2026 1:07,26.3,96.1,15
9/15/2026 1:08,26.3,96.1,15.8
9/15/2026 1:08,26.3,96.3,12.5
9/15/2026 1:09,26.3,96.6,10.8
9/15/2026 1:09,26.4,96.5,12.5
9/15/2026 1:10,26.5,96,10
9/15/2026 1:10,26.5,95.4,10.8
9/15/2026 1:11,26.6,95.3,6.7
9/15/2026 1:11,26.6,94.7,8.3
9/15/2026 1:12,26.6,94.8,10.8
9/15/2026 1:12,26.7,93.9,15
9/15/2026 1:13,26.7,94.5,13.3
9/15/2026 1:13,26.7,94.1,14.2
9/15/2026 1:14,26.6,94.2,11.7
9/15/2026 1:14,26.6,94.5,12.5
9/15/2026 1:15,26.6,94.6,11.7
9/15/2026 1:15,26.5,95,11.7
9/15/2026 1:16,26.5,95.4,13.3
9/15/2026 1:16,26.4,95.3,15
9/15/2026 1:17,26.4,95,10.8
9/15/2026 1:17,26.4,94.9,15.8
9/15/2026 1:18,26.3,96,14.2
9/15/2026 1:18,26.4,95.9,13.3
9/15/2026 1:19,26.4,95.8,14.2
9/15/2026 1:19,26.4,95.3,14.2
9/15/2026 1:20,26.4,95.1,15
9/15/2026 1:20,26.4,95.1,15
9/15/2026 1:21,26.3,95.2,15
9/15/2026 1:21,26.3,95.4,10.8
9/15/2026 1:22,26.3,95.3,16.7
9/15/2026 1:22,26.2,95.5,15
9/15/2026 1:23,26.2,95.7,15.8
9/15/2026 1:23,26.2,95.9,16.7
9/15/2026 1:24,26.2,96.2,16.7
9/15/2026 1:24,26.1,96.6,9.2
9/15/2026 1:25,26.1,96.7,15
9/15/2026 1:25,26.1,96.7,14.2
9/15/2026 1:26,26.1,96.9,15.8
9/15/2026 1:26,26.1,96.4,15.8
9/15/2026 1:27,26.1,96.4,16.7
9/15/2026 1:27,26.2,96.8,10.8
9/15/2026 1:28,26.2,97,7.5
9/15/2026 1:28,26.2,96.8,11.7
9/15/2026 1:29,26.2,96.3,15
9/15/2026 1:29,26.2,96.1,15.8
9/15/2026 1:30,26.2,96.2,15.8
9/15/2026 1:30,26.2,96.5,13.3
9/15/2026 1:31,26.3,96.4,12.5
9/15/2026 1:31,26.3,95.9,15.8
9/15/2026 1:32,26.3,95.7,15.8
9/15/2026 1:32,26.3,95.8,14.2
9/15/2026 1:33,26.3,95.9,15.8
9/15/2026 1:33,26.3,95.7,15.8
9/15/2026 1:34,26.3,95.5,10.8
9/15/2026 1:34,26.2,95.8,15
9/15/2026 1:35,26.2,95.8,12.5
9/15/2026 1:35,26.2,95.8,14.2
9/15/2026 1:36,26.2,96.3,12.5
9/15/2026 1:36,26.2,96,13.3
9/15/2026 1:37,26.1,96.2,13.3
9/15/2026 1:37,26.1,96.4,15.8
9/15/2026 1:38,26.2,96.3,13.3
9/15/2026 1:38,26.1,96.2,15.8
9/15/2026 1:39,26.1,96.4,6.7
9/15/2026 1:39,26.1,96.5,15
9/15/2026 1:40,26.1,96.9,18.3
9/15/2026 1:40,26.1,96.8,18.3
9/15/2026 1:41,26.1,97,17.5
9/15/2026 1:41,26.2,96.8,19.2
9/15/2026 1:42,26.1,97,19.2
9/15/2026 1:42,26.1,97.1,20
9/15/2026 1:43,26.2,96.9,20.8
9/15/2026 1:43,26.2,97,19.2
9/15/2026 1:44,26.2,96.6,20.8
9/15/2026 1:44,26.2,96.6,11.7
9/15/2026 1:45,26.2,96.3,20
9/15/2026 1:45,26.1,96.8,11.7
9/15/2026 1:46,26.1,97.1,19.2
9/15/2026 1:46,26.2,96.9,20
9/15/2026 1:47,26.1,97.2,15
9/15/2026 1:47,26.2,97,9.2
9/15/2026 1:48,26.2,96.2,9.2
9/15/2026 1:48,26.2,96,16.7
9/15/2026 1:49,26.1,96.6,7.5
9/15/2026 1:49,26.2,96.8,6.7
9/15/2026 1:50,26.2,96.7,10.8
9/15/2026 1:50,26.3,96.5,9.2
9/15/2026 1:51,26.3,96,10
9/15/2026 1:51,26.3,95.7,10.8
9/15/2026 1:52,26.3,96,10.8
9/15/2026 1:52,26.4,95.4,8.3
9/15/2026 1:53,26.4,95.6,6.7
9/15/2026 1:53,26.4,95.1,10.8
9/15/2026 1:54,26.4,95.1,18.3
9/15/2026 1:54,26.4,95,18.3
9/15/2026 1:55,26.4,95.8,15.8
9/15/2026 1:55,26.4,96.1,17.5
9/15/2026 1:56,26.4,95.6,16.7
9/15/2026 1:56,26.4,95.2,13.3
9/15/2026 1:57,26.4,95.7,15
9/15/2026 1:57,26.4,96.1,10.8
9/15/2026 1:58,26.4,96.3,15.8
9/15/2026 1:58,26.4,95.8,10.8
9/15/2026 1:59,26.4,95,19.2
9/15/2026 1:59,26.4,95.2,19.2
9/15/2026 2:00,26.4,95.1,15.8
9/15/2026 2:00,26.3,95.6,10
9/15/2026 2:01,26.3,96.2,7.5
9/15/2026 2:01,26.3,96,12.5
9/15/2026 2:02,26.3,96.6,6.7
9/15/2026 2:02,26.3,96.8,9.2
9/15/2026 2:03,26.3,96.3,7.5
9/15/2026 2:03,26.3,95.3,7.5
9/15/2026 2:04,26.4,94.9,10
9/15/2026 2:04,26.4,94.5,15
9/15/2026 2:05,26.4,94.8,10.8
9/15/2026 2:05,26.4,94.9,10.8
9/15/2026 2:06,26.4,94.9,10.8
9/15/2026 2:06,26.3,95.2,10.8
9/15/2026 2:07,26.3,95.3,10.8
9/15/2026 2:07,26.3,95.3,10.8
9/15/2026 2:08,26.3,95.3,14.2
9/15/2026 2:08,26.3,95.3,10.8
9/15/2026 2:09,26.3,95.8,10.8
9/15/2026 2:09,26.3,96,10.8
9/15/2026 2:10,26.3,95.3,10.8
9/15/2026 2:10,26.3,95.5,10
9/15/2026 2:11,26.3,95.8,10.8
9/15/2026 2:11,26.3,95.5,10.8
9/15/2026 2:12,26.3,95.3,10
9/15/2026 2:12,26.3,95.1,10.8
9/15/2026 2:13,26.2,95.6,10.8
9/15/2026 2:13,26.2,95.2,10
9/15/2026 2:14,26.2,95.5,10.8
9/15/2026 2:14,26.2,95.5,10
9/15/2026 2:15,26.2,95.8,10.8
9/15/2026 2:15,26.2,95.7,8.3
9/15/2026 2:16,26.2,96.1,8.3
9/15/2026 2:16,26.2,95.4,10.8
9/15/2026 2:17,26.2,95.2,12.5
9/15/2026 2:17,26.1,95.2,12.5
9/15/2026 2:18,26.1,95.6,10.8
9/15/2026 2:18,26.1,95.5,10.8
9/15/2026 2:19,26.1,95.7,10.8
9/15/2026 2:19,26.1,95.9,10.8
9/15/2026 2:20,26.1,96.1,10.8
9/15/2026 2:20,26.1,96,10.8
9/15/2026 2:21,26.1,96.1,14.2
9/15/2026 2:21,26.1,96.2,13.3
9/15/2026 2:22,26,96.3,14.2
9/15/2026 2:22,26,96.8,11.7
9/15/2026 2:23,26,96.5,11.7
9/15/2026 2:23,26,96.4,11.7
9/15/2026 2:24,26,96.5,11.7
9/15/2026 2:24,25.9,96.7,11.7
9/15/2026 2:25,25.9,96.7,13.3
9/15/2026 2:25,26,96.4,14.2
9/15/2026 2:26,25.9,96.6,14.2
9/15/2026 2:26,25.9,96.8,14.2
9/15/2026 2:27,25.9,96.9,11.7
9/15/2026 2:27,25.9,97,12.5
9/15/2026 2:28,25.9,96.8,12.5
9/15/2026 2:28,25.9,96.2,14.2
9/15/2026 2:29,26,95.6,14.2
9/15/2026 2:29,25.9,96.3,14.2
9/15/2026 2:30,26,95.9,14.2
9/15/2026 2:30,26,95.6,14.2
9/15/2026 2:31,26,95.7,13.3
9/15/2026 2:31,26,96,14.2
9/15/2026 2:32,26.1,95.9,14.2
9/15/2026 2:32,26.1,95.6,14.2
9/15/2026 2:33,26.1,95.5,14.2
9/15/2026 2:33,26.1,95.3,14.2
9/15/2026 2:34,26.1,95.3,13.3
9/15/2026 2:34,26.1,95.4,13.3
9/15/2026 2:35,26.1,95.1,13.3
9/15/2026 2:35,26.1,95.1,13.3
9/15/2026 2:36,26.1,95.1,13.3
9/15/2026 2:36,26.1,95.2,13.3
9/15/2026 2:37,26,95.7,14.2
9/15/2026 2:37,26,96.2,14.2
9/15/2026 2:38,26,96.8,10.8
9/15/2026 2:38,26,96.8,14.2
9/15/2026 2:39,26.1,96.6,14.2
9/15/2026 2:39,26.1,96.5,15
9/15/2026 2:40,26.2,96.4,14.2
9/15/2026 2:40,26.2,96.4,15
9/15/2026 2:41,26.2,96.4,15
9/15/2026 2:41,26.1,96.5,15
9/15/2026 2:42,26.1,96.7,15
9/15/2026 2:42,26.1,96.7,15
9/15/2026 2:43,26.1,96.6,15
9/15/2026 2:43,26,96.9,15
9/15/2026 2:44,26,97.1,15
9/15/2026 2:44,26,97.2,15
9/15/2026 2:45,26,97.6,15
9/15/2026 2:45,26.1,97.5,15
9/15/2026 2:46,26.1,96.9,15
9/15/2026 2:46,26.2,96.7,15
9/15/2026 2:47,26.1,96.4,15
9/15/2026 2:47,26.1,96.7,15
9/15/2026 2:48,26.1,97,12.5
9/15/2026 2:48,26.1,97.1,13.3
9/15/2026 2:49,26.2,97,12.5
9/15/2026 2:49,26.2,96.8,12.5
9/15/2026 2:50,26.2,96,12.5
9/15/2026 2:50,26.1,95.9,13.3
9/15/2026 2:51,26.1,96.1,13.3
9/15/2026 2:51,26.1,96.8,13.3
9/15/2026 2:52,26.1,97.2,12.5
9/15/2026 2:52,26.1,97.3,13.3
9/15/2026 2:53,26.2,96.7,13.3
9/15/2026 2:53,26.2,96.7,14.2
9/15/2026 2:54,26.2,96.4,15
9/15/2026 2:54,26.2,96.3,15
9/15/2026 2:55,26.2,96.2,14.2
9/15/2026 2:55,26.2,96.3,11.7
9/15/2026 2:56,26.3,96.8,13.3
9/15/2026 2:56,26.3,96.3,12.5
9/15/2026 2:57,26.3,96.2,14.2
9/15/2026 2:57,26.3,96.4,13.3
9/15/2026 2:58,26.3,96.3,10.8
9/15/2026 2:58,26.3,95.4,11.7
9/15/2026 2:59,26.3,94.9,11.7
9/15/2026 2:59,26.2,95.1,12.5
9/15/2026 3:00,26.2,95.3,15
9/15/2026 3:00,26.2,95.5,14.2
9/15/2026 3:01,26.1,95.9,13.3
9/15/2026 3:01,26.1,96.1,15
9/15/2026 3:02,26.1,96.4,15
9/15/2026 3:02,26.1,96.6,15
9/15/2026 3:03,26,96.9,15
9/15/2026 3:03,26.1,97,14.2
9/15/2026 3:04,26,96.8,15
9/15/2026 3:04,26.1,97.1,10.8
9/15/2026 3:05,26.1,97.3,9.2
9/15/2026 3:05,26.2,96.6,9.2
9/15/2026 3:06,26.3,95.4,11.7
9/15/2026 3:06,26.3,95.7,10
9/15/2026 3:07,26.4,95.3,13.3
9/15/2026 3:07,26.4,94.5,13.3
9/15/2026 3:08,26.3,94.6,14.2
9/15/2026 3:08,26.3,94.6,14.2
9/15/2026 3:09,26.2,94.9,14.2
9/15/2026 3:09,26.2,95.4,11.7
9/15/2026 3:10,26.1,95.9,11.7
9/15/2026 3:10,26.2,96.3,15
9/15/2026 3:11,26.2,96.1,15
9/15/2026 3:11,26.2,96.2,10.8
9/15/2026 3:12,26.2,95.9,11.7
9/15/2026 3:12,26.2,96,12.5
9/15/2026 3:13,26.2,95.6,14.2
9/15/2026 3:13,26.1,95.2,14.2
9/15/2026 3:14,26.1,95.6,10.8
9/15/2026 3:14,26.1,96,10.8
9/15/2026 3:15,26.1,96.3,10.8
9/15/2026 3:15,26.1,96.5,10.8
9/15/2026 3:16,26.1,96.2,11.7
9/15/2026 3:16,26.1,96.2,12.5
9/15/2026 3:17,26,96.3,14.2
9/15/2026 3:17,26,96.8,9.2
9/15/2026 3:18,26,97,10
9/15/2026 3:18,26,96.6,15
9/15/2026 3:19,26,96.8,10.8
9/15/2026 3:19,26,97,10.8
9/15/2026 3:20,26,96.8,13.3
9/15/2026 3:20,26.1,96.4,14.2
9/15/2026 3:21,26.1,96.5,13.3
9/15/2026 3:21,26.1,96.4,14.2
9/15/2026 3:22,26,96.6,14.2
9/15/2026 3:22,26,96.6,14.2
9/15/2026 3:23,26,96.7,14.2
9/15/2026 3:23,26,96.8,11.7
9/15/2026 3:24,26,96.4,12.5
9/15/2026 3:24,26,96.1,14.2
9/15/2026 3:25,25.9,96.3,10.8
9/15/2026 3:25,25.9,96.4,10.8
9/15/2026 3:26,26,96.2,11.7
9/15/2026 3:26,26,96.4,12.5
9/15/2026 3:27,26,96.2,10.8
9/15/2026 3:27,26,96.3,13.3
9/15/2026 3:28,25.9,96.3,11.7
9/15/2026 3:28,25.9,96.7,13.3
9/15/2026 3:29,26,96.5,13.3
9/15/2026 3:29,26,96.1,14.2
9/15/2026 3:30,26,95.9,9.2
9/15/2026 3:30,26,96.3,11.7
9/15/2026 3:31,26,96,16.7
9/15/2026 3:31,26.1,95.6,16.7
9/15/2026 3:32,26,95.7,11.7
9/15/2026 3:32,26.1,95.3,11.7
9/15/2026 3:33,26,95.5,13.3
9/15/2026 3:33,26.1,95.7,15
9/15/2026 3:34,26.1,95.6,15
9/15/2026 3:34,26.1,95.4,10.8
9/15/2026 3:35,26.1,95.4,10
9/15/2026 3:35,26,95.6,10.8
9/15/2026 3:36,26,95.9,13.3
9/15/2026 3:36,26,95.9,16.7
9/15/2026 3:37,26.1,95.6,15.8
9/15/2026 3:37,26.1,95.4,16.7
9/15/2026 3:38,26.1,95.1,7.5
9/15/2026 3:38,26.1,95,6.7
9/15/2026 3:39,26.1,95.3,15
9/15/2026 3:39,26,95.2,14.2
9/15/2026 3:40,26,95.3,12.5
9/15/2026 3:40,26,95,15.8
9/15/2026 3:41,26,96.2,7.5
9/15/2026 3:41,26,96,10.8
9/15/2026 3:42,26.1,95.8,15.8
9/15/2026 3:42,26.1,95.9,17.5
9/15/2026 3:43,26.1,95.8,17.5
9/15/2026 3:43,26.1,96.3,14.2
9/15/2026 3:44,26.1,96.5,15
9/15/2026 3:44,26.2,95.8,15
9/15/2026 3:45,26.2,95.6,15
9/15/2026 3:45,26.2,95.4,15
9/15/2026 3:46,26.2,95.9,13.3
9/15/2026 3:46,26.2,95.5,15
9/15/2026 3:47,26.2,95.3,10
9/15/2026 3:47,26.2,95.2,16.7
9/15/2026 3:48,26.2,95.7,16.7
9/15/2026 3:48,26.2,96,16.7
9/15/2026 3:49,26.2,95.9,16.7
9/15/2026 3:49,26.2,95.9,12.5
9/15/2026 3:50,26.2,96.5,12.5
9/15/2026 3:50,26.2,96.5,10.8
9/15/2026 3:51,26.3,95.8,10.8
9/15/2026 3:51,26.3,95.3,13.3
9/15/2026 3:52,26.4,95,15.8
9/15/2026 3:52,26.4,94.9,15.8
9/15/2026 3:53,26.4,95.1,15.8
9/15/2026 3:53,26.4,95.4,15.8
9/15/2026 3:54,26.3,95.8,15.8
9/15/2026 3:54,26.3,95.8,15.8
9/15/2026 3:55,26.3,96,15.8
9/15/2026 3:55,26.2,96.3,15.8
9/15/2026 3:56,26.2,96.4,15
9/15/2026 3:56,26.3,96,15.8
9/15/2026 3:57,26.3,96,14.2
9/15/2026 3:57,26.3,95.1,15
9/15/2026 3:58,26.3,95.2,15
9/15/2026 3:58,26.3,95.4,15
9/15/2026 3:59,26.2,95.7,15.8
9/15/2026 3:59,26.2,95.6,15
9/15/2026 4:00,26.2,96.1,17.5
9/15/2026 4:00,26.2,96.4,18.3
9/15/2026 4:01,26.2,96.4,17.5
9/15/2026 4:01,26.2,96.6,17.5
9/15/2026 4:02,26.2,96.4,11.7
9/15/2026 4:02,26.2,96.5,10
9/15/2026 4:03,26.2,96.6,6.7
9/15/2026 4:03,26.2,96.3,8.3
9/15/2026 4:04,26.2,96.4,12.5
9/15/2026 4:04,26.2,96.6,10.8
9/15/2026 4:05,26.2,96.2,12.5
9/15/2026 4:05,26.2,96.1,20
9/15/2026 4:06,26.2,95.7,14.2
9/15/2026 4:06,26.2,96.1,14.2
9/15/2026 4:07,26.2,96.2,14.2
9/15/2026 4:07,26.1,96.5,14.2
9/15/2026 4:08,26.1,96.6,16.7
9/15/2026 4:08,26.2,96.7,15.8
9/15/2026 4:09,26.3,96.4,20
9/15/2026 4:09,26.3,96.1,20
9/15/2026 4:10,26.3,95.8,15.8
9/15/2026 4:10,26.3,95.8,22.5
9/15/2026 4:11,26.2,96.3,15
9/15/2026 4:11,26.3,96.3,15
9/15/2026 4:12,26.3,96.3,20.8
9/15/2026 4:12,26.2,96.2,17.5
9/15/2026 4:13,26.2,96.8,20.8
9/15/2026 4:13,26.2,96.7,20.8
9/15/2026 4:14,26.2,96.4,21.7
9/15/2026 4:14,26.2,96.7,20.8
9/15/2026 4:15,26.2,96.6,20.8
9/15/2026 4:15,26.2,96.7,15.8
9/15/2026 4:16,26.2,96.5,15
9/15/2026 4:16,26.3,96.1,15
9/15/2026 4:17,26.3,96,15.8
9/15/2026 4:17,26.4,95.8,20.8
9/15/2026 4:18,26.5,95,15
9/15/2026 4:18,26.4,94.9,16.7
9/15/2026 4:19,26.4,94.9,19.2
9/15/2026 4:19,26.4,95.1,14.2
9/15/2026 4:20,26.3,95.7,19.2
9/15/2026 4:20,26.3,95.5,18.3
9/15/2026 4:21,26.2,95.8,19.2
9/15/2026 4:21,26.2,96,19.2
9/15/2026 4:22,26.2,96.3,16.7
9/15/2026 4:22,26.1,96.6,11.7
9/15/2026 4:23,26.1,96.2,18.3
9/15/2026 4:23,26.1,96.4,11.7
9/15/2026 4:24,26.1,96.9,6.7
9/15/2026 4:24,26.1,96.8,12.5
9/15/2026 4:25,26.2,96.7,11.7
9/15/2026 4:25,26.2,96.7,11.7
9/15/2026 4:26,26.2,95.8,10
9/15/2026 4:26,26.2,95.9,17.5
9/15/2026 4:27,26.2,95.9,17.5
9/15/2026 4:27,26.2,95.8,18.3
9/15/2026 4:28,26.1,96.3,9.2
9/15/2026 4:28,26.1,96.6,12.5
9/15/2026 4:29,26.1,96.6,15.8
9/15/2026 4:29,26.1,96.8,15.8
9/15/2026 4:30,26.1,96.9,10.8
9/15/2026 4:30,26.1,96.6,15
9/15/2026 4:31,26.1,96.5,15.8
9/15/2026 4:31,26.2,96.1,15.8
9/15/2026 4:32,26.2,96,15.8
9/15/2026 4:32,26.1,96.4,15.8
9/15/2026 4:33,26.2,96.2,15.8
9/15/2026 4:33,26.1,96.1,9.2
9/15/2026 4:34,26.1,96.8,6.7
9/15/2026 4:34,26.1,96.6,10.8
9/15/2026 4:35,26.1,96.8,7.5
9/15/2026 4:35,26.2,96.6,20
9/15/2026 4:36,26.2,96.5,15.8
9/15/2026 4:36,26.2,96.5,17.5
9/15/2026 4:37,26.3,96.4,20
9/15/2026 4:37,26.3,96.2,20
9/15/2026 4:38,26.3,96.2,20.8
9/15/2026 4:38,26.3,96.2,20.8
9/15/2026 4:39,26.3,95.8,17.5
9/15/2026 4:39,26.3,95.9,18.3
9/15/2026 4:40,26.3,96,15.8
9/15/2026 4:40,26.2,96.2,15.8
9/15/2026 4:41,26.2,96.6,20.8
9/15/2026 4:41,26.2,96.6,15.8
9/15/2026 4:42,26.1,96.7,15.8
9/15/2026 4:42,26.1,96.8,15.8
9/15/2026 4:43,26.1,96.8,15.8
9/15/2026 4:43,26.1,96.7,16.7
9/15/2026 4:44,26.1,96.5,15.8
9/15/2026 4:44,26.1,96.7,15.8
9/15/2026 4:45,26.1,96.7,20.8
9/15/2026 4:45,26.1,96.9,21.7
9/15/2026 4:46,26.1,96.4,21.7
9/15/2026 4:46,26.2,96.3,21.7
9/15/2026 4:47,26.1,96.5,21.7
9/15/2026 4:47,26.2,96.3,21.7
9/15/2026 4:48,26.1,96.6,21.7
9/15/2026 4:48,26.1,96.5,21.7
9/15/2026 4:49,26.1,96.8,20.8
9/15/2026 4:49,26.1,96.5,20
9/15/2026 4:50,26.1,96.3,19.2
9/15/2026 4:50,26.1,96.3,15.8
9/15/2026 4:51,26.1,96.8,15.8
9/15/2026 4:51,26.1,97,15.8
9/15/2026 4:52,26.2,96.5,16.7
9/15/2026 4:52,26.2,95.9,15.8
9/15/2026 4:53,26.2,95.9,15.8
9/15/2026 4:53,26.2,96.4,16.7
9/15/2026 4:54,26.2,96.9,20.8
9/15/2026 4:54,26.2,96.4,16.7
9/15/2026 4:55,26.2,96,10
9/15/2026 4:55,26.2,96,15.8
9/15/2026 4:56,26.2,96.2,11.7
9/15/2026 4:56,26.1,95.8,7.5
9/15/2026 4:57,26.1,95.6,14.2
9/15/2026 4:57,26.1,96.2,16.7
9/15/2026 4:58,26.1,96,15.8
9/15/2026 4:58,26.1,96,15.8
9/15/2026 4:59,26.1,96.8,15
9/15/2026 4:59,26.1,96.9,13.3
9/15/2026 5:00,26.1,97,13.3
9/15/2026 5:00,26.2,96.7,14.2
9/15/2026 5:01,26.2,96.4,14.2
9/15/2026 5:01,26.2,96.2,14.2
9/15/2026 5:02,26.2,96.1,10.8
9/15/2026 5:02,26.2,95.9,11.7
9/15/2026 5:03,26.1,96.1,14.2
9/15/2026 5:03,26.1,96.1,10.8
9/15/2026 5:04,26,96.2,11.7
9/15/2026 5:04,26,96.4,14.2
9/15/2026 5:05,26,97.1,14.2
9/15/2026 5:05,26,97.6,13.3
9/15/2026 5:06,26.1,96.8,13.3
9/15/2026 5:06,26.1,96.5,13.3
9/15/2026 5:07,26.1,96.5,12.5
9/15/2026 5:07,26.1,97.1,14.2
9/15/2026 5:08,26.1,96.9,16.7
9/15/2026 5:08,26.2,96.6,15
9/15/2026 5:09,26.3,95.7,14.2
9/15/2026 5:09,26.3,95.4,14.2
9/15/2026 5:10,26.3,95.4,14.2
9/15/2026 5:10,26.2,95.3,14.2
9/15/2026 5:11,26.2,95.2,15
9/15/2026 5:11,26.2,95.4,14.2
9/15/2026 5:12,26.1,95.8,14.2
9/15/2026 5:12,26.1,96.2,14.2
9/15/2026 5:13,26.1,96.1,15.8
9/15/2026 5:13,26.1,96.5,15
9/15/2026 5:14,26.1,96.4,11.7
9/15/2026 5:14,26.1,96.9,12.5
9/15/2026 5:15,26.2,97,10
9/15/2026 5:15,26.2,96.3,12.5
9/15/2026 5:16,26.3,95.8,15.8
9/15/2026 5:16,26.3,95.8,13.3
9/15/2026 5:17,26.3,96.1,14.2
9/15/2026 5:17,26.3,96,14.2
9/15/2026 5:18,26.3,95.8,14.2
9/15/2026 5:18,26.3,95.7,14.2
9/15/2026 5:19,26.3,95.5,15
9/15/2026 5:19,26.2,95.8,11.7
9/15/2026 5:20,26.2,95.5,15
9/15/2026 5:20,26.2,95.6,15
9/15/2026 5:21,26.1,95.7,15
9/15/2026 5:21,26.1,95.5,15
9/15/2026 5:22,26,95.7,15
9/15/2026 5:22,26,96.1,15
9/15/2026 5:23,26,96.4,15
9/15/2026 5:23,26,96.8,15
9/15/2026 5:24,26,96.7,15
9/15/2026 5:24,26,96.7,15
9/15/2026 5:25,26,96.9,15
9/15/2026 5:25,26.1,96.9,15
9/15/2026 5:26,26.1,96.7,15
9/15/2026 5:26,26.2,96.4,9.2
9/15/2026 5:27,26.2,96.1,14.2
9/15/2026 5:27,26.2,95.3,14.2
9/15/2026 5:28,26.3,94.9,13.3
9/15/2026 5:28,26.2,95.4,8.3
9/15/2026 5:29,26.2,95.9,17.5
9/15/2026 5:29,26.3,95.9,18.3
9/15/2026 5:30,26.3,95.5,19.2
9/15/2026 5:30,26.2,95.1,19.2
9/15/2026 5:31,26.2,95.2,18.3
9/15/2026 5:31,26.1,95.8,18.3
9/15/2026 5:32,26.1,96.5,18.3
9/15/2026 5:32,26.1,96.3,18.3
9/15/2026 5:33,26.1,96.5,17.5
9/15/2026 5:33,26.1,96.4,18.3
9/15/2026 5:34,26.1,96.1,17.5
9/15/2026 5:34,26,96.2,18.3
9/15/2026 5:35,26,96.3,10
9/15/2026 5:35,26,96.1,10.8
9/15/2026 5:36,25.9,96.1,15
9/15/2026 5:36,25.9,96,17.5
9/15/2026 5:37,25.8,96.8,11.7
9/15/2026 5:37,25.8,97.3,15.8
9/15/2026 5:38,25.8,97.2,16.7
9/15/2026 5:38,25.9,96.5,15.8
9/15/2026 5:39,25.9,96.2,15.8
9/15/2026 5:39,25.8,96.1,15.8
9/15/2026 5:40,25.8,96.5,14.2
9/15/2026 5:40,25.8,97.2,15.8
9/15/2026 5:41,25.8,97.2,15.8
9/15/2026 5:41,25.8,97.1,16.7
9/15/2026 5:42,25.8,97.3,15.8
9/15/2026 5:42,25.8,97.4,16.7
9/15/2026 5:43,25.7,97.6,15.8
9/15/2026 5:43,25.7,97.4,10.8
9/15/2026 5:44,25.8,97.3,10.8
9/15/2026 5:44,25.7,97.5,10
9/15/2026 5:45,25.7,97.6,15.8
9/15/2026 5:45,25.7,97.6,15.8
9/15/2026 5:46,25.7,97.6,15.8
9/15/2026 5:46,25.7,97.6,15
9/15/2026 5:47,25.7,97.5,10.8
9/15/2026 5:47,25.7,97.3,16.7
9/15/2026 5:48,25.7,97.6,15.8
9/15/2026 5:48,25.6,97.7,15.8
9/15/2026 5:49,25.7,97.6,15.8
9/15/2026 5:49,25.7,97.4,16.7
9/15/2026 5:50,25.7,97.4,16.7
9/15/2026 5:50,25.7,97.6,15.8
9/15/2026 5:51,25.7,97.5,16.7
9/15/2026 5:51,25.8,97.7,15.8
9/15/2026 5:52,25.8,97.4,16.7
9/15/2026 5:52,25.9,96.9,16.7
9/15/2026 5:53,25.8,96.7,15.8
9/15/2026 5:53,25.9,96.8,16.7
9/15/2026 5:54,25.9,96.9,17.5
9/15/2026 5:54,25.8,97,15.8
9/15/2026 5:55,25.8,97.1,15
9/15/2026 5:55,25.9,97,10
9/15/2026 5:56,25.8,96.7,10.8
9/15/2026 5:56,25.9,96.8,10.8
9/15/2026 5:57,25.8,96.9,8.3
9/15/2026 5:57,25.8,96.9,13.3
9/15/2026 5:58,25.8,97.1,14.2
9/15/2026 5:58,25.7,96.9,14.2
9/15/2026 5:59,25.8,96.7,15.8
9/15/2026 5:59,25.8,96.7,16.7
9/15/2026 6:00,25.8,96.6,16.7
9/15/2026 6:00,25.7,96.7,10.8
9/15/2026 6:01,25.7,96.7,12.5
9/15/2026 6:01,25.7,96.6,13.3
9/15/2026 6:02,25.7,96.8,13.3
9/15/2026 6:02,25.7,96.8,15.8
9/15/2026 6:03,25.7,97.5,8.3
9/15/2026 6:03,25.7,98,10
9/15/2026 6:04,25.8,97.4,15
9/15/2026 6:04,25.8,96.7,14.2
9/15/2026 6:05,25.8,96.8,14.2
9/15/2026 6:05,25.8,96.5,14.2
9/15/2026 6:06,25.8,96.1,14.2
9/15/2026 6:06,25.8,95.8,16.7
9/15/2026 6:07,25.8,95.9,17.5
9/15/2026 6:07,25.7,96.3,17.5
9/15/2026 6:08,25.7,96.4,17.5
9/15/2026 6:08,25.7,96.6,17.5
9/15/2026 6:09,25.6,96.8,17.5
9/15/2026 6:09,25.5,97.2,17.5
9/15/2026 6:10,25.5,97.3,14.2
9/15/2026 6:10,25.5,97.4,19.2
9/15/2026 6:11,25.5,97.4,19.2
9/15/2026 6:11,25.5,97.4,19.2
9/15/2026 6:12,25.5,97.5,16.7
9/15/2026 6:12,25.5,97.8,17.5
9/15/2026 6:13,25.5,97.7,19.2
9/15/2026 6:13,25.5,97.5,19.2
9/15/2026 6:14,25.6,97.4,19.2
9/15/2026 6:14,25.6,97.3,19.2
9/15/2026 6:15,25.6,97.4,20
9/15/2026 6:15,25.7,97.2,20
9/15/2026 6:16,25.7,97.2,20
9/15/2026 6:16,25.8,96.9,18.3
9/15/2026 6:17,25.8,96.6,19.2
9/15/2026 6:17,25.8,96.7,15
9/15/2026 6:18,25.8,96.2,15.8
9/15/2026 6:18,25.9,96.1,15.8
9/15/2026 6:19,25.9,96,16.7
9/15/2026 6:19,25.8,96.2,18.3
9/15/2026 6:20,25.8,96.1,15.8
9/15/2026 6:20,25.7,96.1,16.7
9/15/2026 6:21,25.7,96.2,17.5
9/15/2026 6:21,25.7,96.5,20
9/15/2026 6:22,25.6,96.5,15.8
9/15/2026 6:22,25.6,96.6,20.8
9/15/2026 6:23,25.6,96.7,21.7
9/15/2026 6:23,25.6,96.9,20.8
9/15/2026 6:24,25.7,97,21.7
9/15/2026 6:24,25.7,97.1,21.7
9/15/2026 6:25,25.7,97,21.7
9/15/2026 6:25,25.7,96.9,17.5
9/15/2026 6:26,25.7,96.6,21.7
9/15/2026 6:26,25.6,96.6,18.3
9/15/2026 6:27,25.6,96.9,20.8
9/15/2026 6:27,25.7,97,22.5
9/15/2026 6:28,25.7,97.1,21.7
9/15/2026 6:28,25.7,97,21.7
9/15/2026 6:29,25.7,96.6,19.2
9/15/2026 6:29,25.7,96.7,23.3
9/15/2026 6:30,25.8,96.3,21.7
9/15/2026 6:30,25.8,95.9,33.3
9/15/2026 6:31,25.8,95.6,33.3
9/15/2026 6:31,25.8,96,31.7
9/15/2026 6:32,25.7,96.1,32.5
9/15/2026 6:32,25.7,96.1,35
9/15/2026 6:33,25.7,96.4,34.2
9/15/2026 6:33,25.7,96.5,33.3
9/15/2026 6:34,25.7,96.6,35.8
9/15/2026 6:34,25.7,96.5,35.8
9/15/2026 6:35,25.6,96.6,35.8
9/15/2026 6:35,25.7,97,35
9/15/2026 6:36,25.6,97.4,35
9/15/2026 6:36,25.6,97.6,35
9/15/2026 6:37,25.6,97.9,35
9/15/2026 6:37,25.7,97.9,35
9/15/2026 6:38,25.7,98,35.8
9/15/2026 6:38,25.7,98.2,36.7
9/15/2026 6:39,25.7,98.1,36.7
9/15/2026 6:39,25.8,97.6,37.5
9/15/2026 6:40,25.8,97.3,35
9/15/2026 6:40,25.8,97.4,35
9/15/2026 6:41,25.8,97,40
9/15/2026 6:41,25.9,96.6,40
9/15/2026 6:42,25.8,96.6,31.7
9/15/2026 6:42,25.9,96.1,40.8
9/15/2026 6:43,25.9,96.3,40.8
9/15/2026 6:43,25.9,96.6,39.2
9/15/2026 6:44,26,96.5,27.5
9/15/2026 6:44,25.9,96.3,27.5
9/15/2026 6:45,25.9,96.1,27.5
9/15/2026 6:45,25.9,95.9,27.5
9/15/2026 6:46,25.9,95.9,28.3
9/15/2026 6:46,25.9,96.5,30.8
9/15/2026 6:47,25.9,96.1,32.5
9/15/2026 6:47,25.9,95.8,34.2
9/15/2026 6:48,25.9,96.6,32.5
9/15/2026 6:48,25.9,96.7,31.7
9/15/2026 6:49,25.9,96.6,30.8
9/15/2026 6:49,26,96.6,29.2
9/15/2026 6:50,26,96.5,25.8
9/15/2026 6:50,26,96.9,24.2
9/15/2026 6:51,26.1,96.8,23.3
9/15/2026 6:51,26.1,96.1,24.2
9/15/2026 6:52,26.1,95.6,24.2
9/15/2026 6:52,26.1,95.4,24.2
9/15/2026 6:53,26.1,95.2,22.5
9/15/2026 6:53,26,95.4,22.5
9/15/2026 6:54,26,96.1,25
9/15/2026 6:54,26,96,25.8
9/15/2026 6:55,26,96.3,24.2
9/15/2026 6:55,26,96.1,25
9/15/2026 6:56,26,96.8,25.8
9/15/2026 6:56,26,96.2,25.8
9/15/2026 6:57,26,95.8,25.8
9/15/2026 6:57,26,96.3,25
9/15/2026 6:58,26,96.8,27.5
9/15/2026 6:58,26,96.8,29.2
9/15/2026 6:59,26,97.1,29.2
9/15/2026 6:59,26,97.4,28.3
9/15/2026 7:00,26,97.5,26.7
9/15/2026 7:00,26.1,97.4,25
9/15/2026 7:01,26.1,97.2,25
9/15/2026 7:01,26.1,97.5,26.7
9/15/2026 7:02,26.1,97.1,27.5
9/15/2026 7:02,26.2,97.1,30
9/15/2026 7:03,26.2,97,32.5
9/15/2026 7:03,26.2,96.9,34.2
9/15/2026 7:04,26.2,96.3,35.8
9/15/2026 7:04,26.2,96.2,34.2
9/15/2026 7:05,26.3,96.2,28.3
9/15/2026 7:05,26.3,96.1,30
9/15/2026 7:06,26.3,96,15
9/15/2026 7:06,26.3,96.4,14.2
9/15/2026 7:07,26.3,96.3,10
9/15/2026 7:07,26.4,95.7,9.2
9/15/2026 7:08,26.4,95.7,7.5
9/15/2026 7:08,26.5,95.4,8.3
9/15/2026 7:09,26.5,95.3,9.2
9/15/2026 7:09,26.5,95.4,9.2
9/15/2026 7:10,26.5,95.5,9.2
9/15/2026 7:10,26.5,95.7,6.7
9/15/2026 7:11,26.6,95.7,7.5
9/15/2026 7:11,26.6,95.6,7.5
9/15/2026 7:12,26.6,95.5,6.7
9/15/2026 7:12,26.6,95.1,7.5
9/15/2026 7:13,26.6,95.2,8.3
9/15/2026 7:13,26.5,95.3,10
9/15/2026 7:14,26.6,95.4,10.8
9/15/2026 7:14,26.5,95.3,10
9/15/2026 7:15,26.5,95.2,10
9/15/2026 7:15,26.5,95.6,9.2
9/15/2026 7:16,26.5,94.7,9.2
9/15/2026 7:16,26.4,94.3,8.3
9/15/2026 7:17,26.4,94.4,7.5
9/15/2026 7:17,26.3,94.8,6.7
9/15/2026 7:18,26.3,95,5.8
9/15/2026 7:18,26.2,96,6.7
9/15/2026 7:19,26.2,96.3,8.3
9/15/2026 7:19,26.2,96,10.8
9/15/2026 7:20,26.2,96.4,11.7
9/15/2026 7:20,26.3,96.6,13.3
9/15/2026 7:21,26.3,96,13.3
9/15/2026 7:21,26.3,96.2,15
9/15/2026 7:22,26.3,96.3,15
9/15/2026 7:22,26.4,96.4,16.7
9/15/2026 7:23,26.4,96.1,20
9/15/2026 7:23,26.4,95.9,22.5
9/15/2026 7:24,26.5,95.4,22.5
9/15/2026 7:24,26.5,95.1,19.2
9/15/2026 7:25,26.5,94.9,19.2
9/15/2026 7:25,26.5,95.4,17.5
9/15/2026 7:26,26.5,95.4,15.8
9/15/2026 7:26,26.6,95,13.3
9/15/2026 7:27,26.6,94.8,12.5
9/15/2026 7:27,26.6,94.6,13.3
9/15/2026 7:28,26.6,94.5,11.7
9/15/2026 7:28,26.6,94.3,12.5
9/15/2026 7:29,26.6,93.8,11.7
9/15/2026 7:29,26.6,94.7,13.3
9/15/2026 7:30,26.6,94.7,14.2
9/15/2026 7:30,26.7,94.1,15.8
9/15/2026 7:31,26.6,94.4,16.7
9/15/2026 7:31,26.6,94.8,16.7
9/15/2026 7:32,26.6,94.3,15
9/15/2026 7:32,26.6,94.8,15.8
9/15/2026 7:33,26.6,94.5,15.8
9/15/2026 7:33,26.7,93.9,17.5
9/15/2026 7:34,26.7,93.6,19.2
9/15/2026 7:34,26.6,93.2,21.7
9/15/2026 7:35,26.5,93.2,19.2
9/15/2026 7:35,26.5,94,19.2
9/15/2026 7:36,26.5,94.5,19.2
9/15/2026 7:36,26.4,94.8,18.3
9/15/2026 7:37,26.4,94.6,17.5
9/15/2026 7:37,26.4,94.9,15.8
9/15/2026 7:38,26.4,95.2,15
9/15/2026 7:38,26.5,95.3,13.3
9/15/2026 7:39,26.5,95.2,13.3
9/15/2026 7:39,26.5,94.6,14.2
9/15/2026 7:40,26.5,93.9,15
9/15/2026 7:40,26.5,93.8,16.7
9/15/2026 7:41,26.4,94.1,18.3
9/15/2026 7:41,26.4,94.5,20.8
9/15/2026 7:42,26.3,94.9,22.5
9/15/2026 7:42,26.3,94.8,26.7
9/15/2026 7:43,26.3,95.2,34.2
9/15/2026 7:43,26.2,95.4,40
9/15/2026 7:44,26.2,95.3,47.5
9/15/2026 7:44,26.2,95.7,55.8
9/15/2026 7:45,26.3,95.9,45
9/15/2026 7:45,26.3,95.7,45
9/15/2026 7:46,26.3,95.4,56.7
9/15/2026 7:46,26.4,95.4,59.2
9/15/2026 7:47,26.4,95.6,51.7
9/15/2026 7:47,26.4,95.2,59.2
9/15/2026 7:48,26.4,95.6,60.8
9/15/2026 7:48,26.4,95.7,63.3
9/15/2026 7:49,26.4,95.9,60
9/15/2026 7:49,26.4,95,60
9/15/2026 7:50,26.4,94.6,58.3
9/15/2026 7:50,26.3,95,50.8
9/15/2026 7:51,26.3,95.5,46.7
9/15/2026 7:51,26.3,95.7,50
9/15/2026 7:52,26.3,95.7,56.7
9/15/2026 7:52,26.3,95.7,56.7
9/15/2026 7:53,26.4,95.6,57.5
9/15/2026 7:53,26.4,95.6,47.5
9/15/2026 7:54,26.4,94.9,40
9/15/2026 7:54,26.4,95.1,40
9/15/2026 7:55,26.4,94.8,33.3
9/15/2026 7:55,26.3,94.8,35
9/15/2026 7:56,26.3,94.8,30.8
9/15/2026 7:56,26.2,95.1,26.7
9/15/2026 7:57,26.2,95.9,20.8
9/15/2026 7:57,26.2,95.9,19.2
9/15/2026 7:58,26.2,95.2,24.2
9/15/2026 7:58,26.2,95.2,28.3
9/15/2026 7:59,26.1,95.4,28.3
9/15/2026 7:59,26.1,95.5,25.8
9/15/2026 8:00,26.1,95.9,27.5
9/15/2026 8:00,26.1,96.2,22.5
9/15/2026 8:01,26.1,96.4,22.5
9/15/2026 8:01,26.1,96.5,24.2
9/15/2026 8:02,26.1,96.7,27.5
9/15/2026 8:02,26.1,96.8,23.3
9/15/2026 8:03,26.1,96.8,20
9/15/2026 8:03,26.1,96.1,18.3
9/15/2026 8:04,26.1,95.9,20
9/15/2026 8:04,26.1,95.6,23.3
9/15/2026 8:05,26.1,95.6,27.5
9/15/2026 8:05,26.1,95.6,34.2
9/15/2026 8:06,26,95.9,45
9/15/2026 8:06,26,96,46.7
9/15/2026 8:07,26,96.1,46.7
9/15/2026 8:07,26,96.5,48.3
9/15/2026 8:08,26,96.6,41.7
9/15/2026 8:08,26,96.5,50.8
9/15/2026 8:09,26,96.2,57.5
9/15/2026 8:09,26,96.6,61.7
9/15/2026 8:10,26,96.7,61.7
9/15/2026 8:10,26.1,96.7,56.7
9/15/2026 8:11,26.1,96.5,45
9/15/2026 8:11,26.1,96.4,40
9/15/2026 8:12,26.1,95.9,41.7
9/15/2026 8:12,26.1,95.5,44.2
9/15/2026 8:13,26.1,95.8,42.5
9/15/2026 8:13,26.1,96.2,37.5
9/15/2026 8:14,26.1,96.6,30.8
9/15/2026 8:14,26.1,96.8,30
9/15/2026 8:15,26.1,96.7,39.2
9/15/2026 8:15,26.1,96.7,44.2
9/15/2026 8:16,26.1,96.5,37.5
9/15/2026 8:16,26.1,96.6,38.3
9/15/2026 8:17,26.2,96.7,40
9/15/2026 8:17,26.2,96.6,38.3
9/15/2026 8:18,26.2,96.3,45.8
9/15/2026 8:18,26.2,96.5,44.2
9/15/2026 8:19,26.2,96.5,38.3
9/15/2026 8:19,26.2,96.5,30.8
9/15/2026 8:20,26.2,96.2,30.8
9/15/2026 8:20,26.1,96,29.2
9/15/2026 8:21,26.1,95.5,31.7
9/15/2026 8:21,26.1,95.9,39.2
9/15/2026 8:22,26,95.9,38.3
9/15/2026 8:22,26,96.3,29.2
9/15/2026 8:23,26,96.4,30
9/15/2026 8:23,26,96.6,21.7
9/15/2026 8:24,26,96.9,15.8
9/15/2026 8:24,26.1,96.7,15
9/15/2026 8:25,26.1,96.4,16.7
9/15/2026 8:25,26.1,96,25
9/15/2026 8:26,26.1,96.2,30
9/15/2026 8:26,26.1,96.5,23.3
9/15/2026 8:27,26.1,96.7,24.2
9/15/2026 8:27,26.1,96.4,32.5
9/15/2026 8:28,26.2,96.4,40.8
9/15/2026 8:28,26.2,96.4,41.7
9/15/2026 8:29,26.2,96.3,38.3
9/15/2026 8:29,26.2,96.3,39.2
9/15/2026 8:30,26.2,96.1,35.8
9/15/2026 8:30,26.2,96.3,31.7
9/15/2026 8:31,26.2,96.3,35
9/15/2026 8:31,26.2,96.1,31.7
9/15/2026 8:32,26.2,96.4,31.7
9/15/2026 8:32,26.2,96.2,43.3
9/15/2026 8:33,26.2,96.3,47.5
9/15/2026 8:33,26.2,96.1,51.7
9/15/2026 8:34,26.2,96.3,50.8
9/15/2026 8:34,26.2,96.4,52.5
9/15/2026 8:35,26.2,96.4,60.8
9/15/2026 8:35,26.2,96.7,86.7
9/15/2026 8:36,26.1,96.8,104.2
9/15/2026 8:36,26.2,96.9,105
9/15/2026 8:37,26.2,96.9,100
9/15/2026 8:37,26.2,96.9,92.5
9/15/2026 8:38,26.2,97,102.5
9/15/2026 8:38,26.2,96.7,103.3
9/15/2026 8:39,26.1,96.5,119.2
9/15/2026 8:39,26.1,96.4,141.7
9/15/2026 8:40,26.1,96.5,147.5
9/15/2026 8:40,26.1,96.5,150.8
9/15/2026 8:41,26.1,96.5,145.8
9/15/2026 8:41,26.1,96.6,148.3
9/15/2026 8:42,26.1,96.4,155.8
9/15/2026 8:42,26,96.4,154.2
9/15/2026 8:43,26,97,156.7
9/15/2026 8:43,26,97.3,162.5
9/15/2026 8:44,26.1,97.2,157.5
9/15/2026 8:44,26.1,97,145.8
9/15/2026 8:45,26.1,97,140.8
9/15/2026 8:45,26.1,97.1,139.2
9/15/2026 8:46,26.1,97,140.8
9/15/2026 8:46,26.1,97,134.2
9/15/2026 8:47,26.1,97.2,137.5
9/15/2026 8:47,26.1,97.1,140
9/15/2026 8:48,26.1,97,133.3
9/15/2026 8:48,26.1,96.8,139.2
9/15/2026 8:49,26.1,96.6,115.8
9/15/2026 8:49,26.1,96.8,77.5
9/15/2026 8:50,26.1,96.9,56.7
9/15/2026 8:50,26.1,96.9,37.5
9/15/2026 8:51,26.1,96.9,34.2
9/15/2026 8:51,26,97,32.5
9/15/2026 8:52,26,97,36.7
9/15/2026 8:52,26,97.3,38.3
9/15/2026 8:53,26,97.5,39.2
9/15/2026 8:53,26.1,97.7,45.8
9/15/2026 8:54,26.1,97.7,62.5
9/15/2026 8:54,26.1,97.6,59.2
9/15/2026 8:55,26.1,97.5,52.5
9/15/2026 8:55,26.1,96.7,59.2
9/15/2026 8:56,26.1,96.8,76.7
9/15/2026 8:56,26.1,96.6,70.8
9/15/2026 8:57,26.1,96.4,58.3
9/15/2026 8:57,26.1,96.8,43.3
9/15/2026 8:58,26.1,96.8,39.2
9/15/2026 8:58,26.1,96.8,45
9/15/2026 8:59,26.1,96.8,40.8
9/15/2026 8:59,26.1,96.9,34.2
9/15/2026 9:00,26.1,97.1,30.8
9/15/2026 9:00,26.1,97.3,36.7
9/15/2026 9:01,26.2,97.4,43.3
9/15/2026 9:01,26.2,97.3,70.8
9/15/2026 9:02,26.2,96.9,105.8
9/15/2026 9:02,26.2,96.9,117.5
9/15/2026 9:03,26.2,97,103.3
9/15/2026 9:03,26.3,96.9,110.8
9/15/2026 9:04,26.3,96.7,100
9/15/2026 9:04,26.4,96.3,75
9/15/2026 9:05,26.4,96.2,70
9/15/2026 9:05,26.4,96.2,70
9/15/2026 9:06,26.4,96.2,70.8
9/15/2026 9:06,26.5,96.1,77.5
9/15/2026 9:07,26.5,95.5,90.8
9/15/2026 9:07,26.5,95.4,95
9/15/2026 9:08,26.5,95.4,86.7
9/15/2026 9:08,26.4,95.2,80.8
9/15/2026 9:09,26.4,95.3,83.3
9/15/2026 9:09,26.4,95.8,85.8
9/15/2026 9:10,26.4,96.2,100.8
9/15/2026 9:10,26.4,96.3,112.5
9/15/2026 9:11,26.4,95.7,117.5
9/15/2026 9:11,26.4,95.7,111.7
9/15/2026 9:12,26.5,95.8,115
9/15/2026 9:12,26.5,95.7,128.3
9/15/2026 9:13,26.5,95.5,105.8
9/15/2026 9:13,26.5,95.5,130
9/15/2026 9:14,26.5,95.8,140
9/15/2026 9:14,26.5,95.8,122.5
9/15/2026 9:15,26.5,95.8,105
9/15/2026 9:15,26.5,95.8,101.7
9/15/2026 9:16,26.5,95.9,83.3
9/15/2026 9:16,26.5,96.1,66.7
9/15/2026 9:17,26.5,96,61.7
9/15/2026 9:17,26.5,96,50
9/15/2026 9:18,26.5,95.9,38.3
9/15/2026 9:18,26.5,95.7,42.5
9/15/2026 9:19,26.5,95.3,36.7
9/15/2026 9:19,26.6,95.2,38.3
9/15/2026 9:20,26.6,95.2,50
9/15/2026 9:20,26.6,95.1,66.7
9/15/2026 9:21,26.6,95,69.2
9/15/2026 9:21,26.6,95.1,86.7
9/15/2026 9:22,26.6,95.1,93.3
9/15/2026 9:22,26.6,95,110.8
9/15/2026 9:23,26.6,94.7,132.5
9/15/2026 9:23,26.6,94.8,115
9/15/2026 9:24,26.6,94.6,118.3
9/15/2026 9:24,26.6,94.9,114.2
9/15/2026 9:25,26.6,94.8,90.8
9/15/2026 9:25,26.5,94.8,71.7
9/15/2026 9:26,26.5,95,55
9/15/2026 9:26,26.5,95,60
9/15/2026 9:27,26.5,95.4,75
9/15/2026 9:27,26.4,95.7,92.5
9/15/2026 9:28,26.4,95.8,93.3
9/15/2026 9:28,26.5,95.8,101.7
9/15/2026 9:29,26.5,95.5,104.2
9/15/2026 9:29,26.5,95.4,89.2
9/15/2026 9:30,26.5,95.3,87.5
9/15/2026 9:30,26.5,95.5,66.7
9/15/2026 9:31,26.5,95.8,47.5
9/15/2026 9:31,26.5,95.5,47.5
9/15/2026 9:32,26.5,95.5,41.7
9/15/2026 9:32,26.5,95.6,42.5
9/15/2026 9:33,26.6,95.7,50
9/15/2026 9:33,26.6,95.6,42.5
9/15/2026 9:34,26.6,94.7,40
9/15/2026 9:34,26.6,94.3,44.2
9/15/2026 9:35,26.6,94.6,52.5
9/15/2026 9:35,26.6,94.6,81.7
9/15/2026 9:36,26.5,95.2,120.8
9/15/2026 9:36,26.5,95.1,122.5
9/15/2026 9:37,26.6,95.3,121.7
9/15/2026 9:37,26.6,95.3,138.3
9/15/2026 9:38,26.6,95.3,138.3
9/15/2026 9:38,26.6,94.9,121.7
9/15/2026 9:39,26.6,94.8,98.3
9/15/2026 9:39,26.6,95.1,112.5
9/15/2026 9:40,26.6,95.1,117.5
9/15/2026 9:40,26.7,95,117.5
9/15/2026 9:41,26.6,95.3,100.8
9/15/2026 9:41,26.6,95.3,80.8
9/15/2026 9:42,26.6,95.1,62.5
9/15/2026 9:42,26.6,94.7,74.2
9/15/2026 9:43,26.6,94.4,73.3
9/15/2026 9:43,26.6,94.8,73.3
9/15/2026 9:44,26.6,95.1,65
9/15/2026 9:44,26.6,95.1,70.8
9/15/2026 9:45,26.7,94.3,71.7
9/15/2026 9:45,26.6,94.1,72.5
9/15/2026 9:46,26.7,94.2,74.2
9/15/2026 9:46,26.7,94.4,81.7
9/15/2026 9:47,26.7,94.3,75
9/15/2026 9:47,26.8,93.9,72.5
9/15/2026 9:48,26.8,93.2,80
9/15/2026 9:48,26.8,93.2,78.3
9/15/2026 9:49,26.8,93.5,75.8
9/15/2026 9:49,26.8,93.8,91.7
9/15/2026 9:50,26.8,94,110
9/15/2026 9:50,26.8,94,112.5
9/15/2026 9:51,26.8,94,104.2
9/15/2026 9:51,26.8,94.2,94.2
9/15/2026 9:52,26.7,94,80.8
9/15/2026 9:52,26.7,94.3,88.3
9/15/2026 9:53,26.7,94.4,95
9/15/2026 9:53,26.7,94.6,88.3
9/15/2026 9:54,26.7,94.3,84.2
9/15/2026 9:54,26.7,93.8,91.7
9/15/2026 9:55,26.7,93.8,90
9/15/2026 9:55,26.7,94,74.2
9/15/2026 9:56,26.6,94.4,74.2
9/15/2026 9:56,26.6,94.3,91.7
9/15/2026 9:57,26.6,94.3,94.2
9/15/2026 9:57,26.6,94.1,95
9/15/2026 9:58,26.6,94.5,97.5
9/15/2026 9:58,26.6,94.7,97.5
9/15/2026 9:59,26.6,94.5,95.8
9/15/2026 9:59,26.6,94.9,94.2
9/15/2026 10:00,26.5,94.8,94.2
9/15/2026 10:00,26.6,95,102.5
9/15/2026 10:01,26.5,95,110
9/15/2026 10:01,26.6,95.1,110
9/15/2026 10:02,26.5,95.2,102.5
9/15/2026 10:02,26.6,95.4,112.5
9/15/2026 10:03,26.6,95.3,108.3
9/15/2026 10:03,26.6,95.2,102.5
9/15/2026 10:04,26.6,94.8,100
9/15/2026 10:04,26.6,94.9,97.5
9/15/2026 10:05,26.6,95.2,96.7
9/15/2026 10:05,26.6,95.3,94.2
9/15/2026 10:06,26.6,95.2,97.5
9/15/2026 10:06,26.6,95,109.2
9/15/2026 10:07,26.7,94.9,111.7
9/15/2026 10:07,26.7,94.7,115
9/15/2026 10:08,26.6,94.9,113.3
9/15/2026 10:08,26.7,95,121.7
9/15/2026 10:09,26.7,94.9,126.7
9/15/2026 10:09,26.7,94.7,129.2
9/15/2026 10:10,26.7,94.6,132.5
9/15/2026 10:10,26.7,94.7,140.8
9/15/2026 10:11,26.7,94.7,141.7
9/15/2026 10:11,26.7,94.9,139.2
9/15/2026 10:12,26.7,95,139.2
9/15/2026 10:12,26.8,94.9,141.7
9/15/2026 10:13,26.7,94.6,138.3
9/15/2026 10:13,26.7,94.6,134.2
9/15/2026 10:14,26.7,94.7,136.7
9/15/2026 10:14,26.7,94.6,135
9/15/2026 10:15,26.6,94.5,136.7
9/15/2026 10:15,26.6,94.8,140.8
9/15/2026 10:16,26.6,95,140.8
9/15/2026 10:16,26.6,95.3,126.7
9/15/2026 10:17,26.6,95.2,110.8
9/15/2026 10:17,26.6,95.3,128.3
9/15/2026 10:18,26.6,95.5,131.7
9/15/2026 10:18,26.6,95.5,130
9/15/2026 10:19,26.6,95.5,125.8
9/15/2026 10:19,26.6,95.5,125.8
9/15/2026 10:20,26.6,95.3,129.2
9/15/2026 10:20,26.7,95,129.2
9/15/2026 10:21,26.6,94.7,129.2
9/15/2026 10:21,26.7,94.9,133.3
9/15/2026 10:22,26.7,95.4,136.7
9/15/2026 10:22,26.7,95.5,137.5
9/15/2026 10:23,26.7,95.1,140.8
9/15/2026 10:23,26.7,95.2,151.7
9/15/2026 10:24,26.8,94.9,154.2
9/15/2026 10:24,26.8,95.2,153.3
9/15/2026 10:25,26.8,95.2,153.3
9/15/2026 10:25,26.8,94.8,152.5
9/15/2026 10:26,26.8,94,150
9/15/2026 10:26,26.8,94.1,150.8
9/15/2026 10:27,26.8,94.2,146.7
9/15/2026 10:27,26.8,94.4,133.3
9/15/2026 10:28,26.7,94.3,142.5
9/15/2026 10:28,26.7,94.2,141.7
9/15/2026 10:29,26.7,94.3,136.7
9/15/2026 10:29,26.7,94.5,133.3
9/15/2026 10:30,26.7,94.3,131.7
9/15/2026 10:30,26.6,94.6,131.7
9/15/2026 10:31,26.6,95,131.7
9/15/2026 10:31,26.6,95.3,135
9/15/2026 10:32,26.6,95.3,140
9/15/2026 10:32,26.7,95.3,148.3
9/15/2026 10:33,26.7,94.9,154.2
9/15/2026 10:33,26.7,94.9,155
9/15/2026 10:34,26.7,94.5,155
9/15/2026 10:34,26.7,94.8,159.2
9/15/2026 10:35,26.8,94.5,166.7
9/15/2026 10:35,26.8,94.5,166.7
9/15/2026 10:36,26.8,94.5,155.8
9/15/2026 10:36,26.9,94.6,147.5
9/15/2026 10:37,26.8,94.4,140.8
9/15/2026 10:37,26.8,94.1,134.2
9/15/2026 10:38,26.8,94.2,130.8
9/15/2026 10:38,26.8,94.1,133.3
9/15/2026 10:39,26.8,94.3,143.3
9/15/2026 10:39,26.8,94.5,152.5
9/15/2026 10:40,26.8,95,171.7
9/15/2026 10:40,26.8,95.3,185.8
9/15/2026 10:41,26.8,95.2,195
9/15/2026 10:41,26.8,95.1,197.5
9/15/2026 10:42,26.8,95.4,195
9/15/2026 10:42,26.8,95.4,194.2
9/15/2026 10:43,26.8,95.7,198.3
9/15/2026 10:43,26.9,95.8,203.3
9/15/2026 10:44,26.9,95.5,209.2
9/15/2026 10:44,26.9,95.2,215.8
9/15/2026 10:45,26.9,94.8,219.2
9/15/2026 10:45,26.9,94.6,224.2
9/15/2026 10:46,26.9,94.4,223.3
9/15/2026 10:46,26.9,94.1,220
9/15/2026 10:47,27,93.9,210.8
9/15/2026 10:47,27,93.8,200
9/15/2026 10:48,27,93.5,190.8
9/15/2026 10:48,27,93.5,178.3
9/15/2026 10:49,27.1,93.8,165
9/15/2026 10:49,27.1,94.1,149.2
9/15/2026 10:50,27.1,93.8,135.8
9/15/2026 10:50,27.1,93.4,125.8
9/15/2026 10:51,27.1,93.3,126.7
9/15/2026 10:51,27.1,93.4,132.5
9/15/2026 10:52,27.1,93.7,139.2
9/15/2026 10:52,27.1,93.6,138.3
9/15/2026 10:53,27.1,93.5,154.2
9/15/2026 10:53,27.1,93.4,166.7
9/15/2026 10:54,27.1,93.5,170
9/15/2026 10:54,27.1,93.6,170
9/15/2026 10:55,27.1,93.7,169.2
9/15/2026 10:55,27.1,93.5,165
9/15/2026 10:56,27.1,93.3,158.3
9/15/2026 10:56,27.1,93.6,147.5
9/15/2026 10:57,27.1,93.3,136.7
9/15/2026 10:57,27.1,93,132.5
9/15/2026 10:58,27.1,92.4,125.8
9/15/2026 10:58,27.2,92.1,120
9/15/2026 10:59,27.2,92,115
9/15/2026 10:59,27.2,92.5,103.3
9/15/2026 11:00,27.2,93,96.7
9/15/2026 11:00,27.2,93,95.8
9/15/2026 11:01,27.1,92.9,96.7
9/15/2026 11:01,27.1,92.7,95.8
9/15/2026 11:02,27.1,93.2,95.8
9/15/2026 11:02,27.1,92.6,97.5
9/15/2026 11:03,27.1,92.8,100
9/15/2026 11:03,27.2,93,108.3
9/15/2026 11:04,27.2,92.2,110.8
9/15/2026 11:04,27.2,92.3,115
9/15/2026 11:05,27.1,92.8,123.3
9/15/2026 11:05,27.1,93.2,129.2
9/15/2026 11:06,27.1,93.2,137.5
9/15/2026 11:06,27.2,93.2,140
9/15/2026 11:07,27.2,93,145
9/15/2026 11:07,27.2,92,147.5
9/15/2026 11:08,27.2,91.6,151.7
9/15/2026 11:08,27.1,91.7,155
9/15/2026 11:09,27.1,92,155.8
9/15/2026 11:09,27.1,92,158.3
9/15/2026 11:10,27.1,92.4,163.3
9/15/2026 11:10,27.1,92.8,168.3
9/15/2026 11:11,27.1,93,171.7
9/15/2026 11:11,27.1,93.1,173.3
9/15/2026 11:12,27.1,92.8,175.8
9/15/2026 11:12,27.1,92.7,178.3
9/15/2026 11:13,27.2,92.5,180
9/15/2026 11:13,27.2,92.5,185
9/15/2026 11:14,27.2,92.5,191.7
9/15/2026 11:14,27.2,92.6,198.3
9/15/2026 11:15,27.2,92.7,205
9/15/2026 11:15,27.2,92.9,211.7
9/15/2026 11:16,27.2,93,217.5
9/15/2026 11:16,27.2,92.9,220.8
9/15/2026 11:17,27.2,92.6,225.8
9/15/2026 11:17,27.2,92.5,232.5
9/15/2026 11:18,27.2,92.7,236.7
9/15/2026 11:18,27.2,92.3,242.5
9/15/2026 11:19,27.3,92.3,248.3
9/15/2026 11:19,27.3,92.6,255
9/15/2026 11:20,27.2,93,263.3
9/15/2026 11:20,27.2,92.8,273.3
9/15/2026 11:21,27.2,92.8,285
9/15/2026 11:21,27.3,92.9,295.8
9/15/2026 11:22,27.3,92.8,310.8
9/15/2026 11:22,27.3,92.7,330.8
9/15/2026 11:23,27.3,92.9,351.7
9/15/2026 11:23,27.3,92.7,345
9/15/2026 11:24,27.3,92.4,370
9/15/2026 11:24,27.3,92.1,355.8
9/15/2026 11:25,27.4,92,350
9/15/2026 11:25,27.4,92.1,359.2
9/15/2026 11:26,27.4,92.2,382.5
9/15/2026 11:26,27.4,91.8,394.2
9/15/2026 11:27,27.4,91.9,404.2
9/15/2026 11:27,27.4,91.8,422.5
9/15/2026 11:28,27.4,92,447.5
9/15/2026 11:28,27.4,91.9,465.8
9/15/2026 11:29,27.4,92.2,474.2
9/15/2026 11:29,27.4,91.9,496.7
9/15/2026 11:30,27.4,91.8,500
9/15/2026 11:30,27.5,91.7,500
9/15/2026 11:31,27.5,91.7,498.3
9/15/2026 11:31,27.5,91.8,477.5
9/15/2026 11:32,27.5,91.5,394.2
9/15/2026 11:32,27.5,91.5,272.5
9/15/2026 11:33,27.6,91.4,282.5
9/15/2026 11:33,27.6,91.5,391.7
9/15/2026 11:34,27.6,90.8,376.7
9/15/2026 11:34,27.6,90.9,355.8
9/15/2026 11:35,27.6,91.3,360
9/15/2026 11:35,27.6,91.1,378.3
9/15/2026 11:36,27.7,90.9,367.5
9/15/2026 11:36,27.7,90.7,344.2
9/15/2026 11:37,27.7,90.4,262.5
9/15/2026 11:37,27.7,90.6,239.2
9/15/2026 11:38,27.7,91.1,275.8
9/15/2026 11:38,27.7,91.3,264.2
9/15/2026 11:39,27.7,91.1,270.8
9/15/2026 11:39,27.7,90.9,280.8
9/15/2026 11:40,27.7,90.5,277.5
9/15/2026 11:40,27.7,89.8,221.7
9/15/2026 11:41,27.7,89.9,212.5
9/15/2026 11:41,27.7,90.1,260.8
9/15/2026 11:42,27.7,90.6,301.7
9/15/2026 11:42,27.7,90.7,306.7
9/15/2026 11:43,27.7,90.8,308.3
9/15/2026 11:43,27.8,91.2,309.2
9/15/2026 11:44,27.8,91.2,295
9/15/2026 11:44,27.8,91.1,262.5
9/15/2026 11:45,27.8,90.9,230.8
9/15/2026 11:45,27.8,90.7,195.8
9/15/2026 11:46,27.8,90.6,166.7
9/15/2026 11:46,27.8,90.4,173.3
9/15/2026 11:47,27.8,90.3,169.2
9/15/2026 11:47,27.8,90.4,168.3
9/15/2026 11:48,27.8,90.5,146.7
9/15/2026 11:48,27.8,90.5,120.8
9/15/2026 11:49,27.9,90.1,115
9/15/2026 11:49,27.9,90,125
9/15/2026 11:50,27.9,89.9,129.2
9/15/2026 11:50,27.9,89.7,124.2
9/15/2026 11:51,27.9,89.8,125
9/15/2026 11:51,27.9,90,129.2
9/15/2026 11:52,27.9,90.2,130.8
9/15/2026 11:52,27.9,89.7,133.3
9/15/2026 11:53,27.9,89.8,148.3
9/15/2026 11:53,27.9,90.2,159.2
9/15/2026 11:54,27.9,90.2,152.5
9/15/2026 11:54,27.9,90.3,142.5
9/15/2026 11:55,27.9,90.5,127.5
9/15/2026 11:55,27.9,90.2,118.3
9/15/2026 11:56,27.9,90.1,127.5
9/15/2026 11:56,27.9,90.1,145
9/15/2026 11:57,27.9,90,150
9/15/2026 11:57,27.9,90.3,144.2
9/15/2026 11:58,27.9,90.6,137.5
9/15/2026 11:58,27.9,91.2,131.7
9/15/2026 11:59,27.8,91.6,121.7
9/15/2026 11:59,27.8,91.6,110.8
9/15/2026 12:00,27.8,91.3,97.5
9/15/2026 12:00,27.8,91.6,98.3
9/15/2026 12:01,27.8,91.5,124.2
9/15/2026 12:01,27.8,91.7,170
9/15/2026 12:02,27.8,91,176.7
9/15/2026 12:02,27.8,90.7,149.2
9/15/2026 12:03,27.8,90.8,146.7
9/15/2026 12:03,27.8,90.6,147.5
9/15/2026 12:04,27.8,90.6,150.8
9/15/2026 12:04,27.8,89.6,161.7
9/15/2026 12:05,27.8,89.9,176.7
9/15/2026 12:05,27.8,90.6,195.8
9/15/2026 12:06,27.8,90.7,221.7
9/15/2026 12:06,27.8,90.7,243.3
9/15/2026 12:07,27.8,90.7,225
9/15/2026 12:07,27.8,90.7,199.2
9/15/2026 12:08,27.8,90.4,132.5
9/15/2026 12:08,27.9,90.2,97.5
9/15/2026 12:09,27.9,89.9,77.5
9/15/2026 12:09,27.9,89.8,70.8
9/15/2026 12:10,27.9,89.8,80
9/15/2026 12:10,27.9,89.9,98.3
9/15/2026 12:11,28,90.2,121.7
9/15/2026 12:11,28,89,139.2
9/15/2026 12:12,27.9,89.3,155
9/15/2026 12:12,27.9,89.9,170.8
9/15/2026 12:13,27.9,89.6,180
9/15/2026 12:13,27.9,89.2,191.7
9/15/2026 12:14,27.9,89.7,208.3
9/15/2026 12:14,27.9,90.3,221.7
9/15/2026 12:15,27.9,89.6,298.3
9/15/2026 12:15,27.9,89.6,226.7
9/15/2026 12:16,27.9,90.3,217.5
9/15/2026 12:16,27.9,90.4,222.5
9/15/2026 12:17,27.9,90,239.2
9/15/2026 12:17,27.9,89.8,331.7
9/15/2026 12:18,27.9,90.1,285
9/15/2026 12:18,27.9,90.3,268.3
9/15/2026 12:19,27.9,89.8,225.8
9/15/2026 12:19,27.9,89.3,129.2
9/15/2026 12:20,27.9,89.4,65
9/15/2026 12:20,27.9,89.4,50
9/15/2026 12:21,27.9,89.2,45
9/15/2026 12:21,27.9,89.9,45
9/15/2026 12:22,27.9,90.1,55
9/15/2026 12:22,27.9,90.1,66.7
9/15/2026 12:23,27.9,89.6,80
9/15/2026 12:23,27.9,89.6,96.7
9/15/2026 12:24,27.9,89.4,120.8
9/15/2026 12:24,27.9,89.6,159.2
9/15/2026 12:25,27.9,90,148.3
9/15/2026 12:25,27.9,90.1,131.7
9/15/2026 12:26,27.9,90.4,111.7
9/15/2026 12:26,27.9,90.4,93.3
9/15/2026 12:27,27.9,90.3,86.7
9/15/2026 12:27,27.9,89.5,81.7
9/15/2026 12:28,27.8,89.4,77.5
9/15/2026 12:28,27.8,89.8,75
9/15/2026 12:29,27.8,89.5,77.5
9/15/2026 12:29,27.8,89.2,87.5
9/15/2026 12:30,27.8,88.6,100.8
9/15/2026 12:30,27.8,88.5,120
9/15/2026 12:31,27.8,89.1,152.5
9/15/2026 12:31,27.8,89.6,152.5
9/15/2026 12:32,27.8,89.9,155
9/15/2026 12:32,27.8,89.5,151.7
9/15/2026 12:33,27.8,89.5,147.5
9/15/2026 12:33,27.8,89.7,140
9/15/2026 12:34,27.8,89.6,131.7
9/15/2026 12:34,27.8,89.7,121.7
9/15/2026 12:35,27.8,89.6,111.7
9/15/2026 12:35,27.8,89.8,100
9/15/2026 12:36,27.8,89.9,95.8
9/15/2026 12:36,27.8,90,94.2
9/15/2026 12:37,27.8,89.8,93.3
9/15/2026 12:37,27.8,89.7,92.5
9/15/2026 12:38,27.8,89.8,92.5
9/15/2026 12:38,27.8,90.1,92.5
9/15/2026 12:39,27.8,90.1,89.2
9/15/2026 12:39,27.8,90.1,85
9/15/2026 12:40,27.8,89.8,80.8
9/15/2026 12:40,27.8,89.8,80.8
9/15/2026 12:41,27.7,90.1,82.5
9/15/2026 12:41,27.7,89.9,84.2
9/15/2026 12:42,27.7,89.8,82.5
9/15/2026 12:42,27.8,89.2,80.8
9/15/2026 12:43,27.7,88.5,80
9/15/2026 12:43,27.8,89.1,77.5
9/15/2026 12:44,27.8,89.2,75
9/15/2026 12:44,27.8,88,71.7
9/15/2026 12:45,27.8,88.2,65.8
9/15/2026 12:45,27.7,88.8,59.2
9/15/2026 12:46,27.7,89.5,51.7
9/15/2026 12:46,27.7,89.9,46.7
9/15/2026 12:47,27.7,89.4,43.3
9/15/2026 12:47,27.7,89.8,42.5
9/15/2026 12:48,27.7,90.1,45
9/15/2026 12:48,27.7,90,46.7
9/15/2026 12:49,27.7,89.7,47.5
9/15/2026 12:49,27.7,90.1,48.3
9/15/2026 12:50,27.7,89.6,50.8
9/15/2026 12:50,27.7,89,55
9/15/2026 12:51,27.7,88.7,52.5
9/15/2026 12:51,27.7,88.6,50
9/15/2026 12:52,27.6,89,48.3
9/15/2026 12:52,27.7,88.8,47.5
9/15/2026 12:53,27.6,89.4,48.3
9/15/2026 12:53,27.6,90,48.3
9/15/2026 12:54,27.6,90.1,48.3
9/15/2026 12:54,27.6,90.3,46.7
9/15/2026 12:55,27.6,90.4,43.3
9/15/2026 12:55,27.6,91,41.7
9/15/2026 12:56,27.6,90.9,40
9/15/2026 12:56,27.5,90.3,40
9/15/2026 12:57,27.5,90.4,40.8
9/15/2026 12:57,27.5,91,42.5
9/15/2026 12:58,27.5,90.9,43.3
9/15/2026 12:58,27.5,91.1,44.2
9/15/2026 12:59,27.5,91.5,44.2
9/15/2026 12:59,27.5,91.8,42.5
9/15/2026 13:00,27.5,92.3,40.8
9/15/2026 13:00,27.5,92.5,40
9/15/2026 13:01,27.4,92.3,40.8
9/15/2026 13:01,27.4,91.9,44.2
9/15/2026 13:02,27.4,92.1,46.7
9/15/2026 13:02,27.4,92.1,46.7
9/15/2026 13:03,27.4,92.5,44.2
9/15/2026 13:03,27.4,92.5,40.8
9/15/2026 13:04,27.4,92.4,38.3
9/15/2026 13:04,27.3,92.7,37.5
9/15/2026 13:05,27.3,92.9,38.3
9/15/2026 13:05,27.3,93.1,41.7
9/15/2026 13:06,27.3,93.1,45
9/15/2026 13:06,27.3,93.1,47.5
9/15/2026 13:07,27.3,93.3,49.2
9/15/2026 13:07,27.3,93.3,48.3
9/15/2026 13:08,27.3,93.2,45.8
9/15/2026 13:08,27.3,93.1,42.5
9/15/2026 13:09,27.3,93.2,39.2
9/15/2026 13:09,27.3,93.3,36.7
9/15/2026 13:10,27.2,93.7,36.7
9/15/2026 13:10,27.3,93.5,36.7
9/15/2026 13:11,27.3,93.4,35.8
9/15/2026 13:11,27.2,93.7,32.5
9/15/2026 13:12,27.2,94.2,28.3
9/15/2026 13:12,27.2,94.1,25
9/15/2026 13:13,27.2,94.2,23.3
9/15/2026 13:13,27.2,94.2,22.5
9/15/2026 13:14,27.2,94.5,22.5
9/15/2026 13:14,27.2,94.9,22.5
9/15/2026 13:15,27.2,95.2,23.3
9/15/2026 13:15,27.2,95.4,23.3
9/15/2026 13:16,27.1,95.7,24.2
9/15/2026 13:16,27.1,96,22.5
9/15/2026 13:17,27.1,96.1,19.2
9/15/2026 13:17,27.1,96.3,16.7
9/15/2026 13:18,27.1,96.4,15.8
9/15/2026 13:18,27,96.3,16.7
9/15/2026 13:19,27,96.3,16.7
9/15/2026 13:19,27,96.6,15.8
9/15/2026 13:20,27,96.9,15.8
9/15/2026 13:20,27,96.9,17.5
9/15/2026 13:21,26.9,97,17.5
9/15/2026 13:21,26.9,97,15
9/15/2026 13:22,26.9,97,11.7
9/15/2026 13:22,26.9,97.1,8.3
9/15/2026 13:23,26.8,97.1,5.8
9/15/2026 13:23,26.8,97.1,4.2
9/15/2026 13:24,26.8,97,3.3
9/15/2026 13:24,26.8,97.1,4.2
9/15/2026 13:25,26.8,97.3,8.3
9/15/2026 13:25,26.8,97.3,23.3
9/15/2026 13:26,26.8,97.3,47.5
9/15/2026 13:26,26.7,97.1,68.3
9/15/2026 13:27,26.7,97.2,82.5
9/15/2026 13:27,26.8,97.4,92.5
9/15/2026 13:28,26.8,97.6,97.5
9/15/2026 13:28,26.8,97.7,98.3
9/15/2026 13:29,26.8,97.8,99.2
9/15/2026 13:29,26.7,97.9,100
9/15/2026 13:30,26.7,98,100
9/15/2026 13:30,26.7,98,100
9/15/2026 13:31,26.7,98,100
9/15/2026 13:31,26.7,98.1,100.8
9/15/2026 13:32,26.7,98.1,100
9/15/2026 13:32,26.7,98.2,99.2
9/15/2026 13:33,26.7,98.2,99.2
9/15/2026 13:33,26.7,98.3,100
9/15/2026 13:34,26.8,98.4,100
9/15/2026 13:34,26.7,98.3,99.2
9/15/2026 13:35,26.7,98.4,97.5
9/15/2026 13:35,26.7,98.4,96.7
9/15/2026 13:36,26.7,98.5,97.5
9/15/2026 13:36,26.7,98.5,97.5
9/15/2026 13:37,26.7,98.5,97.5
9/15/2026 13:37,26.7,98.6,95.8
9/15/2026 13:38,26.7,98.6,93.3
9/15/2026 13:38,26.7,98.6,93.3
9/15/2026 13:39,26.7,98.6,95.8
9/15/2026 13:39,26.7,98.6,96.7
9/15/2026 13:40,26.7,98.6,97.5
9/15/2026 13:40,26.7,98.5,97.5
9/15/2026 13:41,26.7,98.4,96.7
9/15/2026 13:41,26.7,98.3,95.8
9/15/2026 13:42,26.7,98.2,94.2
9/15/2026 13:42,26.7,98.2,90.8
9/15/2026 13:43,26.7,98.1,85.8
9/15/2026 13:43,26.7,98,81.7
9/15/2026 13:44,26.8,98,80
9/15/2026 13:44,26.8,98.2,80
9/15/2026 13:45,26.7,98.2,81.7
9/15/2026 13:45,26.7,98,79.2
9/15/2026 13:46,26.8,97.9,75
9/15/2026 13:46,26.8,98,64.2
9/15/2026 13:47,26.8,98,48.3
9/15/2026 13:47,26.8,98,31.7
9/15/2026 13:48,26.8,97.9,29.2
9/15/2026 13:48,26.7,97.9,37.5
9/15/2026 13:49,26.8,97.9,49.2
9/15/2026 13:49,26.8,97.9,61.7
9/15/2026 13:50,26.7,97.8,64.2
9/15/2026 13:50,26.8,97.8,64.2
9/15/2026 13:51,26.8,97.8,64.2
9/15/2026 13:51,26.8,97.9,64.2
9/15/2026 13:52,26.8,97.9,66.7
9/15/2026 13:52,26.7,97.9,63.3
9/15/2026 13:53,26.7,97.8,64.2
9/15/2026 13:53,26.7,97.8,70
9/15/2026 13:54,26.7,97.8,70.8
9/15/2026 13:54,26.7,97.7,69.2
9/15/2026 13:55,26.7,97.7,77.5
9/15/2026 13:55,26.7,97.8,90
9/15/2026 13:56,26.7,97.8,93.3
9/15/2026 13:56,26.7,97.7,93.3
9/15/2026 13:57,26.7,97.8,91.7
9/15/2026 13:57,26.7,97.8,91.7
9/15/2026 13:58,26.7,97.8,96.7
9/15/2026 13:58,26.7,97.9,100
9/15/2026 13:59,26.7,98,95.8
9/15/2026 13:59,26.7,98.1,94.2
9/15/2026 14:00,26.6,98.1,83.3
9/15/2026 14:00,26.7,98.2,76.7
9/15/2026 14:01,26.6,98.3,61.7
9/15/2026 14:01,26.7,98.3,71.7
9/15/2026 14:02,26.6,98.2,84.2
9/15/2026 14:02,26.6,98.3,69.2
9/15/2026 14:03,26.6,98.3,70
9/15/2026 14:03,26.6,98.2,67.5
9/15/2026 14:04,26.6,98.1,60
9/15/2026 14:04,26.6,98.2,52.5
9/15/2026 14:05,26.7,98.2,47.5
9/15/2026 14:05,26.7,98.1,60.8
9/15/2026 14:06,26.7,98.1,64.2
9/15/2026 14:06,26.7,98.2,65
9/15/2026 14:07,26.7,98.2,60
9/15/2026 14:07,26.7,98.3,57.5
9/15/2026 14:08,26.7,98.3,55
9/15/2026 14:08,26.7,98.3,50
9/15/2026 14:09,26.7,98.2,49.2
9/15/2026 14:09,26.7,98.3,47.5
9/15/2026 14:10,26.6,98.2,45
9/15/2026 14:10,26.6,98.1,42.5
9/15/2026 14:11,26.7,97.9,40.8
9/15/2026 14:11,26.7,97.9,40
9/15/2026 14:12,26.7,97.7,40
9/15/2026 14:12,26.8,97.7,42.5
9/15/2026 14:13,26.7,97.4,51.7
9/15/2026 14:13,26.7,97.5,61.7
9/15/2026 14:14,26.7,97.5,58.3
9/15/2026 14:14,26.7,97.4,50
9/15/2026 14:15,26.7,97.4,55
9/15/2026 14:15,26.7,97.3,50
9/15/2026 14:16,26.8,97.1,49.2
9/15/2026 14:16,26.8,97,50.8
9/15/2026 14:17,26.8,96.8,50.8
9/15/2026 14:17,26.8,96.6,47.5
9/15/2026 14:18,26.8,96.5,64.2
9/15/2026 14:18,26.8,96.4,65.8
9/15/2026 14:19,26.8,96.2,61.7
9/15/2026 14:19,26.8,96.3,70.8
9/15/2026 14:20,26.8,96.2,79.2
9/15/2026 14:20,26.8,96.1,76.7
9/15/2026 14:21,26.8,96.1,82.5
9/15/2026 14:21,26.8,96.3,93.3
9/15/2026 14:22,26.8,96.4,94.2
9/15/2026 14:22,26.8,96.5,88.3
9/15/2026 14:23,26.8,96.3,75.8
9/15/2026 14:23,26.8,96.4,55.8
9/15/2026 14:24,26.8,96.4,58.3
9/15/2026 14:24,26.8,96.4,55.8
9/15/2026 14:25,26.8,96.5,40
9/15/2026 14:25,26.7,96.6,35
9/15/2026 14:26,26.7,96.5,40.8
9/15/2026 14:26,26.7,96.6,45.8
9/15/2026 14:27,26.7,96.6,44.2
9/15/2026 14:27,26.7,96.8,43.3
9/15/2026 14:28,26.7,96.8,45
9/15/2026 14:28,26.7,96.8,42.5
9/15/2026 14:29,26.6,96.6,42.5
9/15/2026 14:29,26.6,96.5,60
9/15/2026 14:30,26.6,96.4,70.8
9/15/2026 14:30,26.6,96.5,77.5
9/15/2026 14:31,26.6,96.6,86.7
9/15/2026 14:31,26.6,96.2,95.8
9/15/2026 14:32,26.7,96.2,100.8
9/15/2026 14:32,26.7,96.1,98.3
9/15/2026 14:33,26.7,96.1,97.5
9/15/2026 14:33,26.7,96,97.5
9/15/2026 14:34,26.7,95.9,93.3
9/15/2026 14:34,26.7,95.9,88.3
9/15/2026 14:35,26.7,95.8,87.5
9/15/2026 14:35,26.7,95.7,95.8
9/15/2026 14:36,26.7,95.8,104.2
9/15/2026 14:36,26.7,95.7,105.8
9/15/2026 14:37,26.7,96.1,104.2
9/15/2026 14:37,26.7,96.1,102.5
9/15/2026 14:38,26.7,95.8,100.8
9/15/2026 14:38,26.8,95.6,98.3
9/15/2026 14:39,26.8,95.5,99.2
9/15/2026 14:39,26.8,95.1,100.8
9/15/2026 14:40,26.8,95.3,103.3
9/15/2026 14:40,26.8,95.5,104.2
9/15/2026 14:41,26.8,95.5,103.3
9/15/2026 14:41,26.8,95.9,102.5
9/15/2026 14:42,26.8,95.9,101.7
9/15/2026 14:42,26.8,95.8,101.7
9/15/2026 14:43,26.8,95.9,103.3
9/15/2026 14:43,26.8,95.6,104.2
9/15/2026 14:44,26.8,95.8,105
9/15/2026 14:44,26.8,95.9,105
9/15/2026 14:45,26.8,95.9,101.7
9/15/2026 14:45,26.8,96,100.8
9/15/2026 14:46,26.8,96.2,104.2
9/15/2026 14:46,26.8,96.2,108.3
9/15/2026 14:47,26.7,96.1,105.8
9/15/2026 14:47,26.8,96.3,105.8
9/15/2026 14:48,26.7,96.3,109.2
9/15/2026 14:48,26.7,96.3,108.3
9/15/2026 14:49,26.7,96.3,103.3
9/15/2026 14:49,26.7,96.2,99.2
9/15/2026 14:50,26.7,96.2,98.3
9/15/2026 14:50,26.7,96.2,98.3
9/15/2026 14:51,26.7,96.2,100
9/15/2026 14:51,26.7,96.2,100
9/15/2026 14:52,26.8,96.2,100
9/15/2026 14:52,26.8,96.2,99.2
9/15/2026 14:53,26.8,95.9,97.5
9/15/2026 14:53,26.8,95.8,95.8
9/15/2026 14:54,26.8,95.5,95
9/15/2026 14:54,26.9,95.6,94.2
9/15/2026 14:55,26.9,95.6,95
9/15/2026 14:55,26.9,95.7,95.8
9/15/2026 14:56,26.9,95.7,96.7
9/15/2026 14:56,26.9,95.7,96.7
9/15/2026 14:57,26.9,95.7,97.5
9/15/2026 14:57,26.9,95.4,99.2
9/15/2026 14:58,26.9,95.3,100.8
9/15/2026 14:58,26.9,95.3,102.5
9/15/2026 14:59,26.9,95.6,102.5
9/15/2026 14:59,26.9,95.3,105.8
9/15/2026 15:00,26.9,95.3,108.3
9/15/2026 15:00,26.9,95.5,109.2
9/15/2026 15:01,26.9,95.6,108.3
9/15/2026 15:01,26.9,95.8,108.3
9/15/2026 15:02,26.9,95.9,110.8
9/15/2026 15:02,26.8,95.9,109.2
9/15/2026 15:03,26.8,96.3,111.7
9/15/2026 15:03,26.8,96.2,111.7
9/15/2026 15:04,26.8,96.1,112.5
9/15/2026 15:04,26.8,96.2,112.5
9/15/2026 15:05,26.9,96.1,110.8
9/15/2026 15:05,26.9,96.2,111.7
9/15/2026 15:06,26.9,96.1,109.2
9/15/2026 15:06,26.9,95.8,105
9/15/2026 15:07,27,95.2,104.2
9/15/2026 15:07,27,95.3,104.2
9/15/2026 15:08,27,95.4,105
9/15/2026 15:08,26.9,95.6,105
9/15/2026 15:09,27,95.7,105.8
9/15/2026 15:09,27,95.5,104.2
9/15/2026 15:10,27,95.8,104.2
9/15/2026 15:10,27,95.7,103.3
9/15/2026 15:11,27,95.2,102.5
9/15/2026 15:11,27,95.2,101.7
9/15/2026 15:12,27.1,95.2,98.3
9/15/2026 15:12,27.1,95.5,95.8
9/15/2026 15:13,27.1,95.5,91.7
9/15/2026 15:13,27.1,95.3,87.5
9/15/2026 15:14,27.1,95.4,83.3
9/15/2026 15:14,27.1,95.7,80
9/15/2026 15:15,27.1,95.7,79.2
9/15/2026 15:15,27.1,95.3,79.2
9/15/2026 15:16,27.1,95.3,80
9/15/2026 15:16,27.1,95.2,81.7
9/15/2026 15:17,27.1,95.1,85.8
9/15/2026 15:17,27.1,95.5,88.3
9/15/2026 15:18,27.1,95.2,89.2
9/15/2026 15:18,27.1,94.8,88.3
9/15/2026 15:19,27.1,94.7,87.5
9/15/2026 15:19,27.1,94.8,85.8
9/15/2026 15:20,27.1,94.8,84.2
9/15/2026 15:20,27.1,94.8,81.7
9/15/2026 15:21,27,94.9,76.7
9/15/2026 15:21,27,95.1,71.7
9/15/2026 15:22,27,95.2,67.5
9/15/2026 15:22,27,95.3,65
9/15/2026 15:23,27,95.6,63.3
9/15/2026 15:23,26.9,95.8,62.5
9/15/2026 15:24,26.9,95.9,64.2
9/15/2026 15:24,26.9,96.1,65.8
9/15/2026 15:25,26.9,96.3,66.7
9/15/2026 15:25,26.9,96.4,65.8
9/15/2026 15:26,26.9,95.9,64.2
9/15/2026 15:26,26.9,95.7,60
9/15/2026 15:27,26.9,95.8,55
9/15/2026 15:27,26.9,95.8,49.2
9/15/2026 15:28,26.9,95.7,45
9/15/2026 15:28,26.9,95.8,41.7
9/15/2026 15:29,26.9,95.8,40
9/15/2026 15:29,26.8,95.8,39.2
9/15/2026 15:30,26.8,95.7,38.3
9/15/2026 15:30,26.8,95.8,40
9/15/2026 15:31,26.8,95.6,42.5
9/15/2026 15:31,26.8,95.7,45.8
9/15/2026 15:32,26.8,95.7,49.2
9/15/2026 15:32,26.7,95.8,52.5
9/15/2026 15:33,26.7,95.7,55
9/15/2026 15:33,26.7,95.9,55.8
9/15/2026 15:34,26.7,96,56.7
9/15/2026 15:34,26.7,95.9,57.5
9/15/2026 15:35,26.7,95.8,57.5
9/15/2026 15:35,26.6,95.8,57.5
9/15/2026 15:36,26.6,96.1,56.7
9/15/2026 15:36,26.6,96.3,55.8
9/15/2026 15:37,26.6,96,55.8
9/15/2026 15:37,26.6,96,55.8
9/15/2026 15:38,26.6,96.1,56.7
9/15/2026 15:38,26.6,96.3,57.5
9/15/2026 15:39,26.6,96.6,58.3
9/15/2026 15:39,26.6,96.7,59.2
9/15/2026 15:40,26.6,96.6,59.2
9/15/2026 15:40,26.6,96.6,60
9/15/2026 15:41,26.6,96.7,61.7
9/15/2026 15:41,26.6,96.7,65
9/15/2026 15:42,26.6,96.8,68.3
9/15/2026 15:42,26.6,96.9,72.5
9/15/2026 15:43,26.6,96.9,76.7
9/15/2026 15:43,26.7,96.9,80.8
9/15/2026 15:44,26.6,97,84.2
9/15/2026 15:44,26.6,97.1,86.7
9/15/2026 15:45,26.6,97.2,88.3
9/15/2026 15:45,26.6,97.1,90
9/15/2026 15:46,26.6,97,90
9/15/2026 15:46,26.6,97,90
9/15/2026 15:47,26.6,97.1,89.2
9/15/2026 15:47,26.7,97.2,89.2
9/15/2026 15:48,26.7,96.8,86.7
9/15/2026 15:48,26.7,96.5,81.7
9/15/2026 15:49,26.7,96.5,74.2
9/15/2026 15:49,26.7,96.4,65
9/15/2026 15:50,26.7,96.2,55
9/15/2026 15:50,26.7,95.9,44.2
9/15/2026 15:51,26.7,95.7,36.7
9/15/2026 15:51,26.6,95.6,30.8
9/15/2026 15:52,26.7,96,25.8
9/15/2026 15:52,26.7,96.1,24.2
9/15/2026 15:53,26.7,96.3,24.2
9/15/2026 15:53,26.7,96.4,25.8
9/15/2026 15:54,26.7,96.4,27.5
9/15/2026 15:54,26.7,96.5,29.2
9/15/2026 15:55,26.7,96.3,30.8
9/15/2026 15:55,26.7,95.9,32.5
9/15/2026 15:56,26.7,95.8,32.5
9/15/2026 15:56,26.7,95.7,32.5
9/15/2026 15:57,26.8,95.5,32.5
9/15/2026 15:57,26.7,95.6,34.2
9/15/2026 15:58,26.7,95.7,37.5
9/15/2026 15:58,26.7,95.7,41.7
9/15/2026 15:59,26.7,95.7,44.2
9/15/2026 15:59,26.8,96.1,45.8
9/15/2026 16:00,26.8,96.1,46.7
9/15/2026 16:00,26.8,95.8,48.3
9/15/2026 16:01,26.7,96,52.5
9/15/2026 16:01,26.7,96.2,57.5
9/15/2026 16:02,26.7,96.3,59.2
9/15/2026 16:02,26.7,96.3,60
9/15/2026 16:03,26.7,96.2,60.8
9/15/2026 16:03,26.7,96.3,61.7
9/15/2026 16:04,26.7,96.5,63.3
9/15/2026 16:04,26.7,96.7,64.2
9/15/2026 16:05,26.7,96.7,63.3
9/15/2026 16:05,26.7,96.8,64.2
9/15/2026 16:06,26.7,96.6,65.8
9/15/2026 16:06,26.7,96.4,63.3
9/15/2026 16:07,26.8,96.5,60
9/15/2026 16:07,26.8,96.6,57.5
9/15/2026 16:08,26.8,96.5,55
9/15/2026 16:08,26.8,96.1,52.5
9/15/2026 16:09,26.8,95.7,50
9/15/2026 16:09,26.8,95.4,50.8
9/15/2026 16:10,26.9,95.3,55
9/15/2026 16:10,26.9,95,58.3
9/15/2026 16:11,26.9,95,61.7
9/15/2026 16:11,26.9,95,65
9/15/2026 16:12,26.9,94.9,67.5
9/15/2026 16:12,26.8,94.7,70
9/15/2026 16:13,26.8,95,69.2
9/15/2026 16:13,26.8,95.3,66.7
9/15/2026 16:14,26.8,95.4,64.2
9/15/2026 16:14,26.8,95.3,61.7
9/15/2026 16:15,26.8,95.3,60.8
9/15/2026 16:15,26.8,95.1,63.3
9/15/2026 16:16,26.8,94.9,69.2
9/15/2026 16:16,26.8,94.9,71.7
9/15/2026 16:17,26.8,95.2,71.7
9/15/2026 16:17,26.8,95.4,67.5
9/15/2026 16:18,26.8,95.6,60
9/15/2026 16:18,26.8,95.6,50.8
9/15/2026 16:19,26.8,95.5,48.3
9/15/2026 16:19,26.7,95.6,46.7
9/15/2026 16:20,26.8,95.8,49.2
9/15/2026 16:20,26.7,96,61.7
9/15/2026 16:21,26.7,96.1,70.8
9/15/2026 16:21,26.7,96.1,73.3
9/15/2026 16:22,26.7,96,73.3
9/15/2026 16:22,26.7,96,71.7
9/15/2026 16:23,26.7,96,67.5
9/15/2026 16:23,26.7,96,59.2
9/15/2026 16:24,26.8,96.3,46.7
9/15/2026 16:24,26.8,96.1,40
9/15/2026 16:25,26.8,96.3,43.3
9/15/2026 16:25,26.8,95.8,50.8
9/15/2026 16:26,26.8,95.4,49.2
9/15/2026 16:26,26.8,95.4,44.2
9/15/2026 16:27,26.8,95.5,44.2
9/15/2026 16:27,26.8,95.7,51.7
9/15/2026 16:28,26.8,95.6,60.8
9/15/2026 16:28,26.8,95.2,63.3
9/15/2026 16:29,26.9,95,63.3
9/15/2026 16:29,27,95,60
9/15/2026 16:30,27,95,57.5
9/15/2026 16:30,27,94.7,55.8
9/15/2026 16:31,27,94.5,51.7
9/15/2026 16:31,27,94.8,51.7
9/15/2026 16:32,27,94.9,52.5
9/15/2026 16:32,27,95.1,50.8
9/15/2026 16:33,27,95.2,47.5
9/15/2026 16:33,27,95.3,44.2
9/15/2026 16:34,27,95.5,40.8
9/15/2026 16:34,26.9,95.5,38.3
9/15/2026 16:35,27,95.4,36.7
9/15/2026 16:35,26.9,95.4,35.8
9/15/2026 16:36,26.9,95.6,35
9/15/2026 16:36,26.9,95.8,35
9/15/2026 16:37,26.9,96,35
9/15/2026 16:37,26.9,95.9,35
9/15/2026 16:38,26.9,95.9,34.2
9/15/2026 16:38,26.9,96,33.3
9/15/2026 16:39,26.8,96.1,34.2
9/15/2026 16:39,26.8,96.2,33.3
9/15/2026 16:40,26.8,96.4,33.3
9/15/2026 16:40,26.8,96.6,31.7
9/15/2026 16:41,26.8,96.8,29.2
9/15/2026 16:41,26.8,96.9,27.5
9/15/2026 16:42,26.8,96.9,28.3
9/15/2026 16:42,26.8,97,30
9/15/2026 16:43,26.8,97.1,31.7
9/15/2026 16:43,26.8,97,34.2
9/15/2026 16:44,26.8,97.1,35
9/15/2026 16:44,26.8,97.2,35
9/15/2026 16:45,26.7,97.3,35.8
9/15/2026 16:45,26.8,97.1,36.7
9/15/2026 16:46,26.8,97.2,35.8
9/15/2026 16:46,26.8,97.3,35
9/15/2026 16:47,26.8,96.9,35.8
9/15/2026 16:47,26.8,97,36.7
9/15/2026 16:48,26.8,96.4,37.5
9/15/2026 16:48,26.8,96.5,37.5
9/15/2026 16:49,26.8,96.6,37.5
9/15/2026 16:49,26.8,96.4,37.5
9/15/2026 16:50,26.8,96.4,36.7
9/15/2026 16:50,26.8,96.4,35.8
9/15/2026 16:51,26.8,96.6,36.7
9/15/2026 16:51,26.8,96.7,36.7
9/15/2026 16:52,26.8,96.8,37.5
9/15/2026 16:52,26.9,96.8,36.7
9/15/2026 16:53,26.8,97,36.7
9/15/2026 16:53,26.8,96.9,37.5
9/15/2026 16:54,26.8,97,37.5
9/15/2026 16:54,26.8,96.8,37.5
9/15/2026 16:55,26.8,96.8,37.5
9/15/2026 16:55,26.8,96.9,36.7
9/15/2026 16:56,26.8,97,35.8
9/15/2026 16:56,26.9,96.7,35
9/15/2026 16:57,26.9,96.2,34.2
9/15/2026 16:57,26.9,95.8,34.2
9/15/2026 16:58,26.9,95.5,33.3
9/15/2026 16:58,26.9,95.4,32.5
9/15/2026 16:59,27,95.9,31.7
9/15/2026 16:59,27,96,31.7
9/15/2026 17:00,27,95.9,30.8
9/15/2026 17:00,27,95.7,30
9/15/2026 17:01,27,96.1,29.2
9/15/2026 17:01,27,96.2,29.2
9/15/2026 17:02,27,96,29.2
9/15/2026 17:02,27,96,28.3
9/15/2026 17:03,27,96.2,28.3
9/15/2026 17:03,27,96.3,27.5
9/15/2026 17:04,27,96.4,27.5
9/15/2026 17:04,27,96.3,26.7
9/15/2026 17:05,27,95.9,25.8
9/15/2026 17:05,26.9,95.8,25
9/15/2026 17:06,27,96,24.2
9/15/2026 17:06,27,95.9,24.2
9/15/2026 17:07,27,96,23.3
9/15/2026 17:07,27,96.2,23.3
9/15/2026 17:08,27,96.4,22.5
9/15/2026 17:08,27,96.4,22.5
9/15/2026 17:09,27,96.3,21.7
9/15/2026 17:09,27,96.4,20.8
9/15/2026 17:10,27,96.7,20
9/15/2026 17:10,27,96.5,20
9/15/2026 17:11,27,96.4,20
9/15/2026 17:11,27,96.4,20
9/15/2026 17:12,27,96.4,20
9/15/2026 17:12,27,96.4,20
9/15/2026 17:13,27,96.4,19.2
9/15/2026 17:13,27,96.3,19.2
9/15/2026 17:14,27,96.4,18.3
9/15/2026 17:14,27,96.7,18.3
9/15/2026 17:15,27,96.9,17.5
9/15/2026 17:15,27,96.5,17.5
9/15/2026 17:16,27,96.2,16.7
9/15/2026 17:16,27,96.4,16.7
9/15/2026 17:17,27,96.8,16.7
9/15/2026 17:17,27.1,97.1,16.7
9/15/2026 17:18,27.1,97.3,16.7
9/15/2026 17:18,27,97.3,18.3
9/15/2026 17:19,27,97.3,15.8
9/15/2026 17:19,27,97.4,15.8
9/15/2026 17:20,27,97.4,15.8
9/15/2026 17:20,27,97.3,14.2
9/15/2026 17:21,27,97,1.7
9/15/2026 17:21,26.9,97,1.7
9/15/2026 17:22,27,97.4,1.7
9/15/2026 17:22,27,97,34.2
9/15/2026 17:23,27,97,34.2
9/15/2026 17:23,27,97.1,33.3
9/15/2026 17:24,27,97.9,33.3
9/15/2026 17:24,27.2,97.8,33.3
9/15/2026 17:25,27.2,97.3,33.3
9/15/2026 17:25,27,97,33.3
9/15/2026 17:26,27,96.8,33.3
9/15/2026 17:26,27,96.8,33.3
9/15/2026 17:27,27,97.2,33.3
9/15/2026 17:27,27,97.3,32.5
9/15/2026 17:28,27,97.5,32.5
9/15/2026 17:28,27,98.1,32.5
9/15/2026 17:29,26.9,98.5,32.5
9/15/2026 17:29,26.9,98.6,32.5
9/15/2026 17:30,26.9,97.9,32.5
9/15/2026 17:30,27,97.7,32.5
9/15/2026 17:31,27,97.5,32.5
9/15/2026 17:31,27,97.5,32.5
9/15/2026 17:32,26.9,97.7,32.5
9/15/2026 17:32,27,98.1,32.5
9/15/2026 17:33,27,98.2,32.5
9/15/2026 17:33,27,98.5,32.5
9/15/2026 17:34,26.9,98.5,32.5
9/15/2026 17:34,27,98.3,32.5
9/15/2026 17:35,27,98.2,32.5
9/15/2026 17:35,26.9,97.9,31.7
9/15/2026 17:36,26.9,98.1,31.7
9/15/2026 17:36,26.9,98.4,31.7
9/15/2026 17:37,26.9,98.1,31.7
9/15/2026 17:37,26.8,97.9,31.7
9/15/2026 17:38,26.7,98.3,31.7
9/15/2026 17:38,26.7,98.4,31.7
9/15/2026 17:39,26.7,98.5,31.7
9/15/2026 17:39,26.8,98.8,31.7
9/15/2026 17:40,26.8,98.7,31.7
9/15/2026 17:40,26.9,98.9,31.7
9/15/2026 17:41,26.8,98.8,31.7
9/15/2026 17:41,26.6,98.8,31.7
9/15/2026 17:42,26.7,98.9,31.7
9/15/2026 17:42,26.7,98.9,31.7
9/15/2026 17:43,26.7,98.8,31.7
9/15/2026 17:43,26.6,98.8,31.7
9/15/2026 17:44,26.7,98.8,31.7
9/15/2026 17:44,26.7,98.8,32.5
9/15/2026 17:45,26.7,98.8,31.7
9/15/2026 17:45,26.7,98.8,31.7
9/15/2026 17:46,26.8,98.8,31.7
9/15/2026 17:46,26.8,98.7,31.7
9/15/2026 17:47,26.7,98.6,31.7
9/15/2026 17:47,26.7,98.6,31.7
9/15/2026 17:48,26.8,98.5,31.7
9/15/2026 17:48,26.8,98.3,31.7
9/15/2026 17:49,26.9,98.1,31.7
9/15/2026 17:49,26.9,98.1,31.7
9/15/2026 17:50,26.8,97.9,31.7
9/15/2026 17:50,26.8,98,31.7
9/15/2026 17:51,26.9,98,31.7
9/15/2026 17:51,26.8,98,31.7
9/15/2026 17:52,27,98,31.7
9/15/2026 17:52,27,97.8,31.7
9/15/2026 17:53,27,97.8,31.7
9/15/2026 17:53,27,98,31.7
9/15/2026 17:54,26.9,98,31.7
9/15/2026 17:54,26.9,97.8,31.7
9/15/2026 17:55,26.9,97.8,31.7
9/15/2026 17:55,26.9,97.7,31.7
9/15/2026 17:56,27,97.6,31.7
9/15/2026 17:56,27,97.5,31.7
9/15/2026 17:57,27,97.7,31.7
9/15/2026 17:57,27,97.7,31.7
9/15/2026 17:58,27,97.8,31.7
9/15/2026 17:58,26.9,97.9,31.7
9/15/2026 17:59,27,97.8,31.7
9/15/2026 17:59,27,97.7,31.7
9/15/2026 18:00,27,97.7,31.7
9/15/2026 18:00,26.9,98,31.7
9/15/2026 18:01,27,98.2,31.7
9/15/2026 18:01,27,98.3,31.7
9/15/2026 18:02,27,98.2,31.7
9/15/2026 18:02,27,98.3,31.7
9/15/2026 18:03,27,98.4,31.7
9/15/2026 18:03,27,98.4,31.7
9/15/2026 18:04,27,98.6,31.7
9/15/2026 18:04,26.9,98.5,31.7
9/15/2026 18:05,27,98.4,31.7
9/15/2026 18:05,27,98.2,31.7
9/15/2026 18:06,26.8,98.1,31.7
9/15/2026 18:06,26.9,98.3,31.7
9/15/2026 18:07,26.8,98.4,31.7
9/15/2026 18:07,26.8,98.5,31.7
9/15/2026 18:08,26.8,98.6,32.5
9/15/2026 18:08,26.8,98.6,33.3
9/15/2026 18:09,27,98.3,33.3
9/15/2026 18:09,26.9,98.3,33.3
9/15/2026 18:10,27,98.2,33.3
9/15/2026 18:10,27,97.9,33.3
9/15/2026 18:11,27,97.6,33.3
9/15/2026 18:11,26.9,97.7,33.3
9/15/2026 18:12,26.9,98.1,33.3
9/15/2026 18:12,26.9,98.2,33.3
9/15/2026 18:13,26.9,98.1,33.3
9/15/2026 18:13,26.8,98.1,33.3
9/15/2026 18:14,26.9,97.8,33.3
9/15/2026 18:14,26.9,97.8,33.3
9/15/2026 18:15,26.9,98.2,33.3
9/15/2026 18:15,27,98.1,33.3
9/15/2026 18:16,27,97.9,33.3
9/15/2026 18:16,27,97.6,33.3
9/15/2026 18:17,27,97.4,33.3
9/15/2026 18:17,26.9,97.2,33.3
9/15/2026 18:18,26.8,97,33.3
9/15/2026 18:18,26.9,97.4,33.3
9/15/2026 18:19,26.8,97.9,33.3
9/15/2026 18:19,26.9,97.8,33.3
9/15/2026 18:20,26.9,97.5,33.3
9/15/2026 18:20,26.8,97.2,33.3
9/15/2026 18:21,26.8,97.5,33.3
9/15/2026 18:21,26.8,97.8,33.3
9/15/2026 18:22,27,97.7,33.3
9/15/2026 18:22,26.9,97.7,33.3
9/15/2026 18:23,26.9,97.6,33.3
9/15/2026 18:23,26.9,97.7,33.3
9/15/2026 18:24,27,97.8,33.3
9/15/2026 18:24,27,97.7,33.3
9/15/2026 18:25,27,97.6,33.3
9/15/2026 18:25,27,97.6,33.3
9/15/2026 18:26,27.1,97.4,33.3
9/15/2026 18:26,27,97.5,33.3
9/15/2026 18:27,27,97.4,33.3
9/15/2026 18:27,27.1,97.6,33.3
9/15/2026 18:28,27,97.6,33.3
9/15/2026 18:28,27.2,97.6,33.3
9/15/2026 18:29,27.1,97.5,33.3
9/15/2026 18:29,27.1,97.3,33.3
9/15/2026 18:30,27.1,97.3,33.3
9/15/2026 18:30,27.1,96.9,33.3
9/15/2026 18:31,27.2,96.5,33.3
9/15/2026 18:31,27.1,95.8,33.3
9/15/2026 18:32,27.2,95.9,33.3
9/15/2026 18:32,27.2,96.1,33.3
9/15/2026 18:33,27,96.2,33.3
9/15/2026 18:33,27,96.3,33.3
9/15/2026 18:34,27.1,96.3,33.3
9/15/2026 18:34,27,96.3,33.3
9/15/2026 18:35,26.9,96.5,33.3
9/15/2026 18:35,26.9,96.7,33.3
9/15/2026 18:36,27,96.7,33.3
9/15/2026 18:36,27,96.8,33.3
9/15/2026 18:37,26.8,96.9,33.3
9/15/2026 18:37,26.8,97.2,33.3
9/15/2026 18:38,26.9,97.3,33.3
9/15/2026 18:38,26.8,97.8,33.3
9/15/2026 18:39,26.8,97.7,33.3
9/15/2026 18:39,26.8,97.4,33.3
9/15/2026 18:40,26.9,97.3,33.3
9/15/2026 18:40,26.8,97.4,33.3
9/15/2026 18:41,26.9,97.8,33.3
9/15/2026 18:41,26.8,98.1,33.3
9/15/2026 18:42,27,98.2,33.3
9/15/2026 18:42,26.9,98,33.3
9/15/2026 18:43,27,97.7,33.3
9/15/2026 18:43,26.9,97.7,33.3
9/15/2026 18:44,26.9,97.7,33.3
9/15/2026 18:44,26.9,97.2,32.5
9/15/2026 18:45,26.9,97,33.3
9/15/2026 18:45,27,96.8,33.3
9/15/2026 18:46,26.9,96.8,33.3
9/15/2026 18:46,27,97.3,33.3
9/15/2026 18:47,27,97.7,33.3
9/15/2026 18:47,27.1,97.5,33.3
9/15/2026 18:48,27,96.8,33.3
9/15/2026 18:48,27,96.3,33.3
9/15/2026 18:49,27.1,96.9,33.3
9/15/2026 18:49,27,97.4,33.3
9/15/2026 18:50,27.1,97.1,33.3
9/15/2026 18:50,27.1,96.6,33.3
9/15/2026 18:51,27.1,96.6,33.3
9/15/2026 18:51,27.1,96.4,33.3
9/15/2026 18:52,27.1,96.2,33.3
9/15/2026 18:52,27.1,96,33.3
9/15/2026 18:53,27.1,95.8,33.3
9/15/2026 18:53,27.1,95.8,33.3
9/15/2026 18:54,27.1,96.1,33.3
9/15/2026 18:54,27.2,96.4,33.3
9/15/2026 18:55,27.2,96.3,33.3
9/15/2026 18:55,27.1,96.3,33.3
9/15/2026 18:56,27.1,96.6,33.3
9/15/2026 18:56,27.1,96.7,33.3
9/15/2026 18:57,27.1,96.5,33.3
9/15/2026 18:57,27.2,96.2,33.3
9/15/2026 18:58,27.1,95.8,32.5
9/15/2026 18:58,27,96.2,33.3
9/15/2026 18:59,27.1,96.6,33.3
9/15/2026 18:59,27.1,96.6,33.3
9/15/2026 19:00,27.1,96.6,33.3
9/15/2026 19:00,27,96.9,33.3
9/15/2026 19:01,27,96.8,33.3
9/15/2026 19:01,26.9,97.3,32.5
9/15/2026 19:02,27,97.6,33.3
9/15/2026 19:02,27,97.8,33.3
9/15/2026 19:03,27.1,97.8,33.3
9/15/2026 19:03,27.2,97.9,33.3
9/15/2026 19:04,27.1,97.8,33.3
9/15/2026 19:04,27.1,97.6,33.3
9/15/2026 19:05,27.2,97.4,33.3
9/15/2026 19:05,27.3,97.4,33.3
9/15/2026 19:06,27.3,97.5,33.3
9/15/2026 19:06,27.3,96.9,33.3
9/15/2026 19:07,27.2,96.7,33.3
9/15/2026 19:07,27.2,96.6,33.3
9/15/2026 19:08,27.3,96.7,33.3
9/15/2026 19:08,27.2,96.2,33.3
9/15/2026 19:09,27.3,95.8,33.3
9/15/2026 19:09,27.1,96.2,33.3
9/15/2026 19:10,27.1,96.5,33.3
9/15/2026 19:11,27.1,97.6,33.3
9/15/2026 19:11,27.2,97.6,33.3
9/15/2026 19:12,27.2,97.4,33.3
9/15/2026 19:12,27.1,96.7,33.3
9/15/2026 19:13,27,96.5,33.3
9/15/2026 19:13,27.1,96,33.3
9/15/2026 19:14,27.1,96,33.3
9/15/2026 19:14,27.2,96.1,33.3
9/15/2026 19:15,27.1,96.8,33.3
9/15/2026 19:15,27,96.9,33.3
9/15/2026 19:16,27.1,96.7,33.3
9/15/2026 19:16,27,96.9,33.3
9/15/2026 19:17,27,97.6,33.3
9/15/2026 19:17,27.1,97.6,33.3
9/15/2026 19:18,27.2,96.8,33.3
9/15/2026 19:18,27.1,95.8,33.3
9/15/2026 19:19,27.2,95.3,33.3
9/15/2026 19:19,27.1,95.6,33.3
9/15/2026 19:20,27,95.6,33.3
9/15/2026 19:20,27,95.5,33.3
9/15/2026 19:21,27,95.9,33.3
9/15/2026 19:21,26.9,96.1,33.3
9/15/2026 19:22,26.9,96.1,33.3
9/15/2026 19:22,26.9,96.3,33.3
9/15/2026 19:23,26.9,96.4,33.3
9/15/2026 19:23,26.9,96.6,33.3
9/15/2026 19:24,26.9,96,33.3
9/15/2026 19:24,26.9,95.8,33.3
9/15/2026 19:25,26.8,96,33.3
9/15/2026 19:25,26.7,96.2,33.3
9/15/2026 19:26,26.8,96.5,33.3
9/15/2026 19:26,26.8,96.8,33.3
9/15/2026 19:27,26.8,97.3,33.3
9/15/2026 19:27,26.9,97.6,33.3
9/15/2026 19:28,26.9,97.6,33.3
9/15/2026 19:28,26.8,97.6,33.3
9/15/2026 19:29,26.9,97.3,33.3
9/15/2026 19:29,27,97.1,34.2
9/15/2026 19:30,27,96.8,33.3
9/15/2026 19:30,26.9,96.5,33.3
9/15/2026 19:31,26.9,96.7,33.3
9/15/2026 19:31,26.8,96.8,33.3
9/15/2026 19:32,26.8,96.7,33.3
9/15/2026 19:32,26.8,96.7,33.3
9/15/2026 19:33,26.9,96.6,33.3
9/15/2026 19:33,26.8,96.6,33.3
9/15/2026 19:34,26.9,96.7,33.3
9/15/2026 19:34,26.8,96.6,33.3
9/15/2026 19:35,26.7,96.8,33.3
9/15/2026 19:35,26.8,97.3,33.3
9/15/2026 19:36,26.7,97.2,33.3
9/15/2026 19:36,26.7,97,33.3
9/15/2026 19:37,26.7,96.5,33.3
9/15/2026 19:37,26.6,96.8,33.3
9/15/2026 19:38,26.7,96.9,33.3
9/15/2026 19:38,26.6,96.7,33.3
9/15/2026 19:39,26.7,96.6,33.3
9/15/2026 19:39,26.6,96.7,33.3
9/15/2026 19:40,26.6,96.9,33.3
9/15/2026 19:40,26.5,97.4,33.3
9/15/2026 19:41,26.5,97.8,33.3
9/15/2026 19:41,26.5,97.7,33.3
9/15/2026 19:42,26.5,97.9,33.3
9/15/2026 19:42,26.5,97.9,33.3
9/15/2026 19:43,26.5,97.9,33.3
9/15/2026 19:43,26.5,97.7,33.3
9/15/2026 19:44,26.5,97.9,33.3
9/15/2026 19:44,26.4,97.9,33.3
9/15/2026 19:45,26.3,97.9,33.3
9/15/2026 19:45,26.3,97.9,33.3
9/15/2026 19:46,26.4,97.8,33.3
9/15/2026 19:46,26.3,97.8,33.3
9/15/2026 19:47,26.3,97.9,33.3
9/15/2026 19:47,26.4,98,33.3
9/15/2026 19:48,26.4,98.1,33.3
9/15/2026 19:48,26.2,98.1,33.3
9/15/2026 19:49,26.1,98.3,33.3
9/15/2026 19:49,26.2,98.5,33.3
9/15/2026 19:50,26.2,98.6,33.3
9/15/2026 19:50,26.2,98.8,34.2
9/15/2026 19:51,26.2,99,34.2
9/15/2026 19:51,26.2,99,33.3
9/15/2026 19:52,26.2,99,33.3
9/15/2026 19:52,26.2,99.1,33.3
9/15/2026 19:53,26.2,99,33.3
9/15/2026 19:53,26.1,99.1,33.3
9/15/2026 19:54,26.1,99.1,33.3
9/15/2026 19:54,26.1,99.1,33.3
9/15/2026 19:55,26.1,99.1,33.3
9/15/2026 19:55,26.1,99.1,33.3
9/15/2026 19:56,26.1,99.2,33.3
9/15/2026 19:56,26.1,99.3,33.3
9/15/2026 19:57,26.1,99.2,33.3
9/15/2026 19:57,26.1,99.3,34.2
9/15/2026 19:58,26.1,99.3,34.2
9/15/2026 19:58,26.1,99.3,33.3
9/15/2026 19:59,26.1,99.3,33.3
9/15/2026 19:59,26.1,99.3,33.3
9/15/2026 20:00,26.1,99.4,33.3
9/15/2026 20:00,26.1,99.4,33.3
9/15/2026 20:01,26,99.5,34.2
9/15/2026 20:01,26.1,99.7,33.3
9/15/2026 20:02,26.1,99.7,34.2
9/15/2026 20:02,26.1,99.8,33.3
9/15/2026 20:03,26.2,99.8,33.3
9/15/2026 20:03,26.2,99.8,33.3
9/15/2026 20:04,26.2,99.7,33.3
9/15/2026 20:04,26.4,99.5,34.2
9/15/2026 20:05,26.4,99.3,33.3
9/15/2026 20:05,26.3,99.2,33.3
9/15/2026 20:06,26.3,99.2,33.3
9/15/2026 20:06,26.4,99.1,33.3
9/15/2026 20:07,26.4,98.9,33.3
9/15/2026 20:07,26.4,98.8,33.3
9/15/2026 20:08,26.5,98.5,33.3
9/15/2026 20:08,26.5,98.3,33.3
9/15/2026 20:09,26.5,98.1,33.3
9/15/2026 20:09,26.5,98.4,33.3
9/15/2026 20:10,26.6,98.8,33.3
9/15/2026 20:10,26.5,98.8,33.3
9/15/2026 20:11,26.6,98.6,33.3
9/15/2026 20:11,26.7,98.4,33.3
9/15/2026 20:12,26.7,98.3,33.3
9/15/2026 20:12,26.7,98.3,33.3
9/15/2026 20:13,26.8,98.2,33.3
9/15/2026 20:13,26.7,98,33.3
9/15/2026 20:14,26.8,97.7,33.3
9/15/2026 20:14,26.7,97.7,33.3
9/15/2026 20:15,26.8,97.6,33.3
9/15/2026 20:15,26.7,97.8,33.3
9/15/2026 20:16,26.8,97.7,33.3
9/15/2026 20:16,26.7,97.6,33.3
9/15/2026 20:17,26.7,97.8,33.3
9/15/2026 20:17,26.7,98,33.3
9/15/2026 20:18,26.7,98,33.3
9/15/2026 20:18,26.7,98.2,33.3
9/15/2026 20:19,26.7,98.1,33.3
9/15/2026 20:19,26.7,97.8,33.3
9/15/2026 20:20,26.8,97.8,33.3
9/15/2026 20:20,26.8,97.7,33.3
9/15/2026 20:21,26.7,97.7,33.3
9/15/2026 20:21,26.7,97.7,33.3
9/15/2026 20:22,26.7,98,33.3
9/15/2026 20:22,26.7,97.9,33.3
9/15/2026 20:23,26.7,98.1,33.3
9/15/2026 20:23,26.7,98.2,33.3
9/15/2026 20:24,26.7,98.2,33.3
9/15/2026 20:24,26.7,98.3,33.3
9/15/2026 20:25,26.7,98.3,33.3
9/15/2026 20:25,26.7,98.2,33.3
9/15/2026 20:26,26.7,98.1,33.3
9/15/2026 20:26,26.7,98,33.3
9/15/2026 20:27,26.5,98.1,33.3
9/15/2026 20:27,26.6,98.3,33.3
9/15/2026 20:28,26.5,98.3,33.3
9/15/2026 20:28,26.5,98.1,33.3
9/15/2026 20:29,26.6,98,33.3
9/15/2026 20:29,26.5,98.1,33.3
9/15/2026 20:30,26.5,98.2,33.3
9/15/2026 20:30,26.4,98.3,33.3
9/15/2026 20:31,26.3,98.8,33.3
9/15/2026 20:31,26.4,99.2,33.3
9/15/2026 20:32,26.5,99.3,33.3
9/15/2026 20:32,26.5,99.5,33.3
9/15/2026 20:33,26.6,99.5,33.3
9/15/2026 20:33,26.6,99.3,33.3
9/15/2026 20:34,26.7,99.3,33.3
9/15/2026 20:34,26.7,99.1,33.3
9/15/2026 20:35,26.7,98.8,33.3
9/15/2026 20:35,26.7,98.8,33.3
9/15/2026 20:36,26.7,98.9,40
9/15/2026 20:36,26.9,99,30.8
9/15/2026 20:37,26.8,98.7,30.8
9/15/2026 20:37,26.8,97.8,30.8
9/15/2026 20:38,26.8,97.3,30.8
9/15/2026 20:38,26.8,97.1,31.7
9/15/2026 20:39,26.8,97.2,30.8
9/15/2026 20:39,26.8,97.2,30.8
9/15/2026 20:40,26.8,97.2,30.8
9/15/2026 20:40,26.8,97.1,29.2
9/15/2026 20:41,26.8,97.3,30.8
9/15/2026 20:41,26.8,97.3,30.8
9/15/2026 20:42,26.8,97.1,30.8
9/15/2026 20:42,26.8,96.8,30.8
9/15/2026 20:43,26.9,96.9,30.8
9/15/2026 20:43,26.9,96.8,30.8
9/15/2026 20:44,26.9,96.9,30.8
9/15/2026 20:44,26.9,97,30.8
9/15/2026 20:45,26.9,96.9,30.8
9/15/2026 20:45,26.9,97.1,30.8
9/15/2026 20:46,26.8,97,22.5
9/15/2026 20:46,26.8,96.8,25.8
9/15/2026 20:47,26.8,96.6,26.7
9/15/2026 20:47,26.8,96.7,21.7
9/15/2026 20:48,26.8,96.8,23.3
9/15/2026 20:48,26.8,96.8,21.7
9/15/2026 20:49,26.8,96.9,24.2
9/15/2026 20:49,26.8,97,25.8
9/15/2026 20:50,26.8,97,25.8
9/15/2026 20:50,26.7,97,25.8
9/15/2026 20:51,26.7,97.1,25.8
9/15/2026 20:51,26.7,96.8,25.8
9/15/2026 20:52,26.7,96.8,25.8
9/15/2026 20:52,26.6,96.7,25.8
9/15/2026 20:53,26.6,97.2,25.8
9/15/2026 20:53,26.6,97.3,25.8
9/15/2026 20:54,26.6,97.2,25.8
9/15/2026 20:54,26.6,97,25.8
9/15/2026 20:55,26.6,97,25.8
9/15/2026 20:55,26.6,97.2,25.8
9/15/2026 20:56,26.6,97.3,26.7
9/15/2026 20:56,26.5,97.5,25.8
9/15/2026 20:57,26.5,97.9,25.8
9/15/2026 20:57,26.5,98.1,25.8
9/15/2026 20:58,26.5,98.2,25.8
9/15/2026 20:58,26.5,98.3,25.8
9/15/2026 20:59,26.6,98.3,25.8
9/15/2026 20:59,26.6,98.3,25.8
9/15/2026 21:00,26.6,98.1,25.8
9/15/2026 21:00,26.6,98.1,25.8
9/15/2026 21:01,26.6,97.6,25.8
9/15/2026 21:01,26.6,97.5,25.8
9/15/2026 21:02,26.6,97.2,25.8
9/15/2026 21:02,26.6,97,25.8
9/15/2026 21:03,26.6,96.8,25.8
9/15/2026 21:03,26.6,96.8,25.8
9/15/2026 21:04,26.5,97.2,25.8
9/15/2026 21:04,26.5,97.3,25.8
9/15/2026 21:05,26.5,97.7,25.8
9/15/2026 21:05,26.5,97.5,25.8
9/15/2026 21:06,26.5,97.4,25.8
9/15/2026 21:06,26.5,97.7,25.8
9/15/2026 21:07,26.5,97.9,25
9/15/2026 21:07,26.5,97.8,25.8
9/15/2026 21:08,26.5,97.6,25.8
9/15/2026 21:08,26.5,97.8,25.8
9/15/2026 21:09,26.5,97.8,25.8
9/15/2026 21:09,26.5,97.7,25.8
9/15/2026 21:10,26.4,97.5,25.8
9/15/2026 21:10,26.4,97.6,25.8
9/15/2026 21:11,26.4,97.8,25.8
9/15/2026 21:11,26.4,98.2,25.8
9/15/2026 21:12,26.4,98.6,25.8
9/15/2026 21:12,26.4,98.6,25.8
9/15/2026 21:13,26.4,98.4,25.8
9/15/2026 21:13,26.5,98.2,25.8
9/15/2026 21:14,26.4,98.1,25.8
9/15/2026 21:14,26.4,98,25.8
9/15/2026 21:15,26.4,98.2,25.8
9/15/2026 21:15,26.4,98.5,25.8
9/15/2026 21:16,26.4,98.6,25.8
9/15/2026 21:16,26.5,98.4,25.8
9/15/2026 21:17,26.5,98,25.8
9/15/2026 21:17,26.5,97.8,25.8
9/15/2026 21:18,26.4,97.6,25.8
9/15/2026 21:18,26.4,97.5,25.8
9/15/2026 21:19,26.5,97.7,25.8
9/15/2026 21:19,26.5,97.8,25.8
9/15/2026 21:20,26.4,97.7,25.8
9/15/2026 21:20,26.5,97.9,25.8
9/15/2026 21:21,26.5,98,25.8
9/15/2026 21:21,26.5,97.9,25.8
9/15/2026 21:22,26.5,97.5,25.8
9/15/2026 21:22,26.5,97.2,25.8
9/15/2026 21:23,26.5,97.1,25.8
9/15/2026 21:23,26.6,97.3,25.8
9/15/2026 21:24,26.5,96.6,25.8
9/15/2026 21:24,26.5,96,25.8
9/15/2026 21:25,26.5,95.9,25.8
9/15/2026 21:25,26.4,95.8,23.3
9/15/2026 21:26,26.4,95.9,25.8
9/15/2026 21:26,26.4,96.6,25.8
9/15/2026 21:27,26.4,96.6,25.8
9/15/2026 21:27,26.4,96.1,25.8
9/15/2026 21:28,26.3,96,25.8
9/15/2026 21:28,26.3,96.2,25.8
9/15/2026 21:29,26.3,96.7,25.8
9/15/2026 21:29,26.2,97.6,25.8
9/15/2026 21:30,26.2,97.9,25.8
9/15/2026 21:30,26.3,97.7,25.8
9/15/2026 21:31,26.2,97.3,25.8
9/15/2026 21:31,26.2,97.3,25.8
9/15/2026 21:32,26.2,97.5,25.8
9/15/2026 21:32,26.2,97.7,21.7
9/15/2026 21:33,26.2,98.1,26.7
9/15/2026 21:33,26.2,97.9,26.7
9/15/2026 21:34,26.2,97.9,26.7
9/15/2026 21:34,26.2,98.2,26.7
9/15/2026 21:35,26.3,98.1,26.7
9/15/2026 21:35,26.3,98.2,26.7
9/15/2026 21:36,26.3,98,26.7
9/15/2026 21:36,26.3,97.9,26.7
9/15/2026 21:37,26.2,97.9,26.7
9/15/2026 21:37,26.2,98.1,26.7
9/15/2026 21:38,26.2,98.3,26.7
9/15/2026 21:38,26.2,98.3,26.7
9/15/2026 21:39,26.2,98.3,26.7
9/15/2026 21:39,26.2,98.2,26.7
9/15/2026 21:40,26.2,98.3,26.7
9/15/2026 21:40,26.2,98.2,26.7
9/15/2026 21:41,26.2,98.6,26.7
9/15/2026 21:41,26.2,98.6,26.7
9/15/2026 21:42,26.2,98.5,26.7
9/15/2026 21:42,26.2,98.6,26.7
9/15/2026 21:43,26.2,98.7,26.7
9/15/2026 21:43,26.2,98.5,26.7
9/15/2026 21:44,26.2,98.5,26.7
9/15/2026 21:44,26.2,98.7,26.7
9/15/2026 21:45,26.2,99,26.7
9/15/2026 21:45,26.2,99.3,26.7
9/15/2026 21:46,26.3,99.1,26.7
9/15/2026 21:46,26.3,98.7,26.7
9/15/2026 21:47,26.3,98.8,26.7
9/15/2026 21:47,26.3,98.8,26.7
9/15/2026 21:48,26.3,98.5,26.7
9/15/2026 21:48,26.3,98.2,26.7
9/15/2026 21:49,26.3,98.1,26.7
9/15/2026 21:49,26.3,98.2,26.7
9/15/2026 21:50,26.3,98.5,26.7
9/15/2026 21:50,26.3,98.5,26.7
9/15/2026 21:51,26.3,98.5,26.7
9/15/2026 21:51,26.3,98.1,26.7
9/15/2026 21:52,26.3,98.3,26.7
9/15/2026 21:52,26.2,98.2,26.7
9/15/2026 21:53,26.2,98,21.7
9/15/2026 21:53,26.3,98.1,26.7
9/15/2026 21:54,26.2,98.1,26.7
9/15/2026 21:54,26.2,98.3,26.7
9/15/2026 21:55,26.3,98.2,25
9/15/2026 21:56,26.3,98,25
9/15/2026 21:56,26.2,98,25
9/15/2026 21:56,26.2,98,25
9/15/2026 21:57,26.2,98.1,25
9/15/2026 21:58,26.2,98.2,25
9/15/2026 21:59,26.2,98.3,20
9/15/2026 21:59,26.1,98.3,20
9/15/2026 21:59,26.1,98.4,24.2
9/15/2026 22:00,26.1,98.4,26.7
9/15/2026 22:01,26.1,98.7,25.8
9/15/2026 22:01,26.2,98.8,25.8
9/15/2026 22:02,26.2,98.7,25.8
9/15/2026 22:02,26.2,98.6,26.7
9/15/2026 22:03,26.2,98.7,25.8
9/15/2026 22:03,26.2,98.8,25.8
9/15/2026 22:04,26.2,98.8,27.5
9/15/2026 22:04,26.3,98.7,20
9/15/2026 22:05,26.3,98.5,20
9/15/2026 22:05,26.3,98.3,25
9/15/2026 22:06,26.3,98.1,20.8
9/15/2026 22:06,26.3,97.9,21.7
9/15/2026 22:07,26.3,97.7,23.3
9/15/2026 22:07,26.2,97.7,24.2
9/15/2026 22:08,26.2,97.8,24.2
9/15/2026 22:08,26.2,98,24.2
9/15/2026 22:09,26.2,98.1,26.7
9/15/2026 22:09,26.1,98,20
9/15/2026 22:10,26.1,97.8,21.7
9/15/2026 22:10,26.1,98,24.2
9/15/2026 22:11,26.1,98.2,20.8
9/15/2026 22:11,26.1,98.4,19.2
9/15/2026 22:12,26.1,98.5,20
9/15/2026 22:12,26.1,98.5,20
9/15/2026 22:13,26.1,98.6,19.2
9/15/2026 22:13,26.1,98.6,20
9/15/2026 22:14,26,98.8,24.2
9/15/2026 22:14,26,98.9,24.2
9/15/2026 22:15,26,99.1,24.2
9/15/2026 22:15,26,99.2,24.2
9/15/2026 22:16,26,99.2,22.5
9/15/2026 22:16,26.1,99.2,24.2
9/15/2026 22:17,26.1,99.1,24.2
9/15/2026 22:17,26.1,99.1,24.2
9/15/2026 22:18,26.1,99,24.2
9/15/2026 22:18,26.1,99,24.2
9/15/2026 22:19,26.1,98.7,25
9/15/2026 22:19,26.1,98.6,25
9/15/2026 22:20,26.1,98.6,25
9/15/2026 22:20,26.1,98.7,25
9/15/2026 22:21,26.1,98.8,25
9/15/2026 22:21,26.1,98.9,25
9/15/2026 22:22,26.1,98.9,25
9/15/2026 22:22,26.1,98.9,25
9/15/2026 22:23,26,98.9,25
9/15/2026 22:23,26,98.9,25
9/15/2026 22:24,26.1,98.8,25
9/15/2026 22:24,26,98.6,22.5
9/15/2026 22:25,26,98.7,20
9/15/2026 22:25,26,98.6,25
9/15/2026 22:26,26,98.7,25.8
9/15/2026 22:26,26,98.9,25
9/15/2026 22:27,26,98.9,25
9/15/2026 22:27,26,98.9,25
9/15/2026 22:28,26,98.8,25
9/15/2026 22:28,26,98.7,25.8
9/15/2026 22:29,26,98.7,25.8
9/15/2026 22:29,26,98.7,25.8
9/15/2026 22:30,26,98.7,25
9/15/2026 22:30,26,98.8,25
9/15/2026 22:31,26,98.9,25.8
9/15/2026 22:31,26,99.1,25
9/15/2026 22:32,26,99.2,25
9/15/2026 22:32,26,99.3,25
9/15/2026 22:33,26,99.3,25
9/15/2026 22:33,26,99,19.2
9/15/2026 22:34,26,98.8,24.2
9/15/2026 22:34,26,98.7,24.2
9/15/2026 22:35,26,98.8,24.2
9/15/2026 22:35,26,98.7,19.2
9/15/2026 22:36,26,98.6,20.8
9/15/2026 22:36,26,98.6,25
9/15/2026 22:37,26,98.7,19.2
9/15/2026 22:37,26,98.8,23.3
9/15/2026 22:38,26,99,23.3
9/15/2026 22:38,26,98.9,8.3
9/15/2026 22:39,26,98.9,6.7
9/15/2026 22:39,26,98.8,5.8
9/15/2026 22:40,26,98.7,5.8
9/15/2026 22:40,26,98.9,5.8
9/15/2026 22:41,26,99.2,5.8
9/15/2026 22:41,26.1,99.3,5.8
9/15/2026 22:42,26.1,99.3,5.8
9/15/2026 22:42,26.1,99.2,5.8
9/15/2026 22:43,26.1,99.1,5.8
9/15/2026 22:43,26.2,99.1,7.5
9/15/2026 22:44,26.2,98.8,10.8
9/15/2026 22:44,26.2,98.8,10.8
9/15/2026 22:45,26.2,98.7,10.8
9/15/2026 22:45,26.2,98.5,5.8
9/15/2026 22:46,26.2,98.2,5.8
9/15/2026 22:46,26.2,97.9,5.8
9/15/2026 22:47,26.2,97.9,5.8
9/15/2026 22:47,26.3,98.3,7.5
9/15/2026 22:48,26.3,98.3,10.8
9/15/2026 22:48,26.3,98.2,10.8
9/15/2026 22:49,26.3,98.1,10.8
9/15/2026 22:49,26.3,97.9,6.7
9/15/2026 22:50,26.4,97.5,6.7
9/15/2026 22:50,26.4,97.5,6.7
9/15/2026 22:51,26.4,97.6,6.7
9/15/2026 22:51,26.4,97.6,10.8
9/15/2026 22:52,26.4,97.5,6.7
9/15/2026 22:52,26.4,97.4,8.3
9/15/2026 22:53,26.4,97.2,9.2
9/15/2026 22:53,26.4,97.1,10.8
9/15/2026 22:54,26.4,97.4,10
9/15/2026 22:54,26.4,97.5,10.8
9/15/2026 22:55,26.4,97.4,10.8
9/15/2026 22:55,26.4,97.4,9.2
9/15/2026 22:56,26.4,97.1,8.3
9/15/2026 22:56,26.4,97.1,6.7
9/15/2026 22:57,26.3,97.5,5.8
9/15/2026 22:57,26.3,97.5,6.7
9/15/2026 22:58,26.3,97.6,6.7
9/15/2026 22:58,26.3,97.9,10.8
9/15/2026 22:59,26.3,97.8,10.8
9/15/2026 22:59,26.4,98.2,10.8
9/15/2026 23:00,26.4,98.6,10.8
9/15/2026 23:00,26.4,98.5,10.8
9/15/2026 23:01,26.5,98.1,10.8
9/15/2026 23:01,26.5,98.2,10.8
9/15/2026 23:02,26.5,98.1,10.8
9/15/2026 23:02,26.5,97.8,10.8
9/15/2026 23:03,26.5,97.2,10.8
9/15/2026 23:03,26.5,97,10.8
9/15/2026 23:04,26.5,97.2,10.8
9/15/2026 23:04,26.5,97.2,10.8
9/15/2026 23:05,26.5,97.4,8.3
9/15/2026 23:05,26.5,97.4,8.3
9/15/2026 23:06,26.4,97.4,6.7
9/15/2026 23:06,26.5,97.4,6.7
9/15/2026 23:07,26.4,97.4,10.8
9/15/2026 23:07,26.4,97.6,10.8
9/15/2026 23:08,26.4,97.6,10.8
9/15/2026 23:08,26.5,97.5,10.8
9/15/2026 23:09,26.4,97.6,10.8
9/15/2026 23:09,26.4,97.8,10.8
9/15/2026 23:10,26.4,97.7,10.8
9/15/2026 23:10,26.4,97.5,10.8
9/15/2026 23:11,26.4,97.6,10.8
9/15/2026 23:11,26.4,97.7,10.8
9/15/2026 23:12,26.5,97.7,10.8
9/15/2026 23:12,26.4,97.8,10.8
9/15/2026 23:13,26.5,97.9,10.8
9/15/2026 23:13,26.4,97.8,10.8
9/15/2026 23:14,26.5,97.8,10.8
9/15/2026 23:14,26.5,97.8,10.8
9/15/2026 23:15,26.5,97.7,5.8
9/15/2026 23:15,26.5,97.5,5.8
9/15/2026 23:16,26.5,97.2,10.8
9/15/2026 23:16,26.5,97.4,10.8
9/15/2026 23:17,26.5,97.4,0.8
9/15/2026 23:17,26.5,97.4,0.8
9/15/2026 23:18,26.5,97.5,0.8
9/15/2026 23:18,26.5,97.4,0.8
9/15/2026 23:19,26.5,97.3,0.8
9/15/2026 23:19,26.5,97.2,0.8
9/15/2026 23:20,26.5,97.1,0.8
9/15/2026 23:20,26.5,97.1,0.8
9/15/2026 23:21,26.5,97.2,0.8
9/15/2026 23:21,26.4,97.4,0.8
9/15/2026 23:22,26.4,97.5,0.8
9/15/2026 23:22,26.4,97.3,0.8
9/15/2026 23:23,26.4,97.1,0.8
9/15/2026 23:23,26.4,97.2,0.8
9/15/2026 23:24,26.4,97.3,0.8
9/15/2026 23:24,26.4,97.3,0.8
9/15/2026 23:25,26.3,97.5,0.8
9/15/2026 23:25,26.3,97.5,0.8
9/15/2026 23:26,26.3,97.6,0.8
9/15/2026 23:26,26.3,97.6,0.8
9/15/2026 23:27,26.3,97.6,0.8
9/15/2026 23:27,26.3,97.7,0.8
9/15/2026 23:28,26.2,97.9,0.8
9/15/2026 23:28,26.2,98.1,0.8
9/15/2026 23:29,26.2,98.4,0.8
9/15/2026 23:29,26.2,98.5,0.8
9/15/2026 23:30,26.1,98.5,0.8
9/15/2026 23:30,26.2,98.4,0.8
9/15/2026 23:31,26.1,98.3,0.8
9/15/2026 23:31,26.2,98.4,0.8
9/15/2026 23:32,26.1,98.5,0.8
9/15/2026 23:32,26.2,98.5,0.8
9/15/2026 23:33,26.1,98.6,0.8
9/15/2026 23:33,26.2,98.6,0.8
9/15/2026 23:34,26.2,98.6,0.8
9/15/2026 23:34,26.2,98.5,0.8
9/15/2026 23:35,26.1,98.7,0.8
9/15/2026 23:35,26.2,98.6,0.8
9/15/2026 23:36,26.2,98.5,0.8
9/15/2026 23:36,26.2,98.5,0.8
9/15/2026 23:37,26.2,98.5,0.8
9/15/2026 23:37,26.2,98.5,0.8
9/15/2026 23:38,26.2,98.4,0.8
9/15/2026 23:38,26.2,98.3,0.8
9/15/2026 23:39,26.2,98.3,0.8
9/15/2026 23:39,26.2,98.3,0.8
9/15/2026 23:40,26.2,98.3,0.8
9/15/2026 23:40,26.2,98.3,0.8
9/15/2026 23:41,26.2,98.4,0.8
9/15/2026 23:41,26.2,98.4,0.8
9/15/2026 23:42,26.2,98.3,0.8
9/15/2026 23:42,26.2,98.2,0.8
9/15/2026 23:43,26.2,98.2,0
9/15/2026 23:43,26.2,98.2,0
9/15/2026 23:44,26.2,98.4,0
9/15/2026 23:44,26.2,98.5,0
9/15/2026 23:45,26.2,98.3,0
9/15/2026 23:45,26.2,98,0
9/15/2026 23:46,26.2,97.9,0
9/15/2026 23:46,26.3,97.9,0
9/15/2026 23:47,26.3,97.9,0
9/15/2026 23:47,26.2,98.1,0
9/15/2026 23:48,26.3,98.1,0
9/15/2026 23:48,26.2,98,0
9/15/2026 23:49,26.3,98.1,0
9/15/2026 23:49,26.3,98,0
9/15/2026 23:50,26.3,98,0
9/15/2026 23:50,26.3,97.9,0
9/15/2026 23:51,26.3,97.9,0
9/15/2026 23:51,26.3,97.8,0
9/15/2026 23:52,26.3,97.7,0
9/15/2026 23:52,26.3,97.7,0
9/15/2026 23:53,26.3,97.8,0
9/15/2026 23:53,26.3,97.8,0
9/15/2026 23:54,26.3,97.8,0
9/15/2026 23:54,26.3,98,0
9/15/2026 23:55,26.3,98.2,0
9/15/2026 23:55,26.3,98.2,0
9/15/2026 23:56,26.3,98.1,0
9/15/2026 23:56,26.3,98.1,0
9/15/2026 23:57,26.3,98.1,0
9/15/2026 23:57,26.3,98.1,0
9/15/2026 23:58,26.3,98,0
9/15/2026 23:58,26.3,98,0
9/15/2026 23:59,26.3,98,0
9/15/2026 23:59,26.3,98.2,0
9/16/2026 0:00,26.3,98.2,0
9/16/2026 0:00,26.3,98.1,0
9/16/2026 0:01,26.3,98.1,0
9/16/2026 0:01,26.3,98.1,0
9/16/2026 0:02,26.2,98.2,0
9/16/2026 0:02,26.2,98.2,0
9/16/2026 0:03,26.2,98.3,0
9/16/2026 0:03,26.2,98.4,0
9/16/2026 0:04,26.2,98.5,0
9/16/2026 0:04,26.2,98.6,0
9/16/2026 0:05,26.2,98.8,0
9/16/2026 0:05,26.2,98.9,0
9/16/2026 0:06,26.2,99,0
9/16/2026 0:06,26.2,99.1,0
9/16/2026 0:07,26.2,99.1,0
9/16/2026 0:07,26.2,99.1,0
9/16/2026 0:08,26.2,98.9,0
9/16/2026 0:08,26.2,98.7,0
9/16/2026 0:09,26.2,98.7,0
9/16/2026 0:09,26.2,98.8,0
9/16/2026 0:10,26.2,98.7,0
9/16/2026 0:10,26.2,98.5,0
9/16/2026 0:11,26.2,98.5,0
9/16/2026 0:11,26.2,98.6,0
9/16/2026 0:12,26.2,98.7,0
9/16/2026 0:12,26.2,98.7,0
9/16/2026 0:13,26.2,98.8,0
9/16/2026 0:13,26.1,98.8,0
9/16/2026 0:14,26.1,98.9,0
9/16/2026 0:14,26.1,98.9,0
9/16/2026 0:15,26.1,99.1,0
9/16/2026 0:15,26.1,99.1,0
9/16/2026 0:16,26.1,99,0
9/16/2026 0:16,26.1,98.9,0
9/16/2026 0:17,26.1,98.8,0
9/16/2026 0:17,26.1,98.9,0
9/16/2026 0:18,26.1,98.9,0
9/16/2026 0:18,26.1,98.9,0
9/16/2026 0:19,26.1,99,0
9/16/2026 0:19,26.1,99.1,0
9/16/2026 0:20,26.1,99.1,0
9/16/2026 0:20,26.1,98.9,0
9/16/2026 0:21,26.1,98.7,0
9/16/2026 0:21,26.1,98.6,0
9/16/2026 0:22,26.1,98.6,0
9/16/2026 0:22,26.1,98.7,0
9/16/2026 0:23,26.1,98.8,0
9/16/2026 0:23,26.1,99,0
9/16/2026 0:24,26.1,99.1,0
9/16/2026 0:24,26.1,99.2,0
9/16/2026 0:25,26.1,99.4,0
9/16/2026 0:25,26.2,99.5,0
9/16/2026 0:26,26.2,99.5,0
9/16/2026 0:26,26.2,99.4,0
9/16/2026 0:27,26.2,99.2,0
9/16/2026 0:27,26.2,99.1,0
9/16/2026 0:28,26.2,98.8,0
9/16/2026 0:28,26.2,98.7,0
9/16/2026 0:29,26.2,98.5,0
9/16/2026 0:29,26.2,98.5,0
9/16/2026 0:30,26.2,98.7,0
9/16/2026 0:30,26.2,98.7,0
9/16/2026 0:31,26.2,98.7,0
9/16/2026 0:31,26.2,98.7,0
9/16/2026 0:32,26.2,98.8,0
9/16/2026 0:32,26.2,98.8,0
9/16/2026 0:33,26.1,98.9,0
9/16/2026 0:33,26.1,98.8,0
9/16/2026 0:34,26.2,98.7,0
9/16/2026 0:34,26.2,98.7,0
9/16/2026 0:35,26.1,98.8,0
9/16/2026 0:35,26.2,99,0
9/16/2026 0:36,26.2,99,0
9/16/2026 0:36,26.2,98.8,0
9/16/2026 0:37,26.2,98.7,0
9/16/2026 0:37,26.2,98.7,0
9/16/2026 0:38,26.2,98.7,0
9/16/2026 0:38,26.2,98.6,0
9/16/2026 0:39,26.2,98.6,0
9/16/2026 0:39,26.3,98.5,0
9/16/2026 0:40,26.2,98.6,0
9/16/2026 0:40,26.3,98.7,0
9/16/2026 0:41,26.3,98.5,0
9/16/2026 0:41,26.3,98.3,0
9/16/2026 0:42,26.3,98.3,0
9/16/2026 0:42,26.3,98.4,0
9/16/2026 0:43,26.3,98.5,0
9/16/2026 0:43,26.2,98.6,0
9/16/2026 0:44,26.2,98.6,0
9/16/2026 0:44,26.2,98.6,0
9/16/2026 0:45,26.2,98.7,0
9/16/2026 0:45,26.2,98.6,0
9/16/2026 0:46,26.2,98.7,0
9/16/2026 0:46,26.2,98.7,0
9/16/2026 0:47,26.1,98.8,0
9/16/2026 0:47,26.1,98.9,0
9/16/2026 0:48,26.1,98.9,0
9/16/2026 0:48,26.1,98.9,0
9/16/2026 0:49,26.1,98.8,0
9/16/2026 0:49,26.1,98.8,0
9/16/2026 0:50,26.1,98.8,0
9/16/2026 0:50,26.1,98.9,0
9/16/2026 0:51,26.1,98.9,0
9/16/2026 0:51,26.1,99.1,0
9/16/2026 0:52,26.1,99,0
9/16/2026 0:52,26.1,99,0
9/16/2026 0:53,26.1,99,0
9/16/2026 0:53,26.1,98.9,0
9/16/2026 0:54,26.1,98.8,0
9/16/2026 0:54,26.1,98.8,0
9/16/2026 0:55,26.1,98.8,0
9/16/2026 0:55,26.2,98.8,0
9/16/2026 0:56,26.2,98.7,0
9/16/2026 0:56,26.2,98.6,0
9/16/2026 0:57,26.2,98.5,0
9/16/2026 0:57,26.2,98.4,0
9/16/2026 0:58,26.2,98.3,0
9/16/2026 0:58,26.2,98.3,0
9/16/2026 0:59,26.2,98.5,0
9/16/2026 0:59,26.3,98.4,0
9/16/2026 1:00,26.3,98.3,0
9/16/2026 1:00,26.3,98,0
9/16/2026 1:01,26.3,97.9,0
9/16/2026 1:01,26.2,98.1,0
9/16/2026 1:02,26.3,98,0
9/16/2026 1:02,26.3,98,0
9/16/2026 1:03,26.2,98,0
9/16/2026 1:03,26.2,98.1,0
9/16/2026 1:04,26.2,98.1,0
9/16/2026 1:04,26.3,98.3,0
9/16/2026 1:05,26.3,98.2,0
9/16/2026 1:05,26.3,98.3,0
9/16/2026 1:06,26.3,98.3,0
9/16/2026 1:06,26.3,98.4,0
9/16/2026 1:07,26.2,98.4,0
9/16/2026 1:07,26.2,98.3,0
9/16/2026 1:08,26.2,98.4,0
9/16/2026 1:08,26.2,98.2,0
9/16/2026 1:09,26.2,98.4,0
9/16/2026 1:09,26.2,98.3,0
9/16/2026 1:10,26.2,98.2,0
9/16/2026 1:10,26.2,98.2,0
9/16/2026 1:11,26.2,98.4,0
9/16/2026 1:11,26.2,98.6,0
9/16/2026 1:12,26.2,98.6,0
9/16/2026 1:12,26.2,98.6,0
9/16/2026 1:13,26.2,98.6,0
9/16/2026 1:13,26.2,98.5,0
9/16/2026 1:14,26.2,98.6,0
9/16/2026 1:14,26.2,98.7,0
9/16/2026 1:15,26.2,98.8,0
9/16/2026 1:15,26.3,98.6,0
9/16/2026 1:16,26.3,98.3,0
9/16/2026 1:16,26.2,98.2,0
9/16/2026 1:17,26.3,98,0
9/16/2026 1:17,26.2,97.8,0
9/16/2026 1:18,26.2,97.8,0
9/16/2026 1:18,26.2,98,0
9/16/2026 1:19,26.2,97.8,0
9/16/2026 1:19,26.2,97.8,0
9/16/2026 1:20,26.3,97.8,0
9/16/2026 1:20,26.2,97.8,0
9/16/2026 1:21,26.2,97.9,0
9/16/2026 1:21,26.2,97.9,0
9/16/2026 1:22,26.2,98,0
9/16/2026 1:22,26.2,98.3,0
9/16/2026 1:23,26.2,98.3,0
9/16/2026 1:23,26.2,98.3,0
9/16/2026 1:24,26.2,98.3,0
9/16/2026 1:24,26.2,98.3,0
9/16/2026 1:25,26.2,98.3,0
9/16/2026 1:25,26.2,98.2,0
9/16/2026 1:26,26.2,98.3,0
9/16/2026 1:26,26.2,98.1,0
9/16/2026 1:27,26.2,98.1,0
9/16/2026 1:27,26.2,98.1,0
9/16/2026 1:28,26.2,98.2,0
9/16/2026 1:28,26.2,98.1,0
9/16/2026 1:29,26.2,98.2,0
9/16/2026 1:29,26.2,98.1,0
9/16/2026 1:30,26.2,98.1,0
9/16/2026 1:30,26.2,98.2,0
9/16/2026 1:31,26.2,98.1,0
9/16/2026 1:31,26.2,98,0
9/16/2026 1:32,26.2,98.3,0
9/16/2026 1:32,26.2,98.4,0
9/16/2026 1:33,26.2,98.5,0
9/16/2026 1:33,26.2,98.4,0
9/16/2026 1:34,26.2,98.2,0
9/16/2026 1:34,26.2,98.1,0
9/16/2026 1:35,26.2,98.4,0
9/16/2026 1:35,26.2,98.4,0
9/16/2026 1:36,26.2,98.3,0
9/16/2026 1:36,26.2,98.1,0
9/16/2026 1:37,26.2,97.9,0
9/16/2026 1:37,26.2,97.6,0
9/16/2026 1:38,26.2,97.5,0
9/16/2026 1:38,26.2,97.3,0
9/16/2026 1:39,26.2,97.4,0
9/16/2026 1:39,26.2,97.3,0
9/16/2026 1:40,26.2,97.5,0
9/16/2026 1:40,26.2,97.4,0
9/16/2026 1:41,26.2,97.3,0
9/16/2026 1:41,26.2,97.3,0
9/16/2026 1:42,26.2,97.1,0
9/16/2026 1:42,26.2,97.1,0
9/16/2026 1:43,26.2,97.2,0
9/16/2026 1:43,26.2,97.3,0
9/16/2026 1:44,26.2,97.4,0
9/16/2026 1:44,26.2,97.7,0
9/16/2026 1:45,26.2,97.6,0
9/16/2026 1:45,26.2,97.7,0
9/16/2026 1:46,26.2,97.5,0
9/16/2026 1:46,26.2,97.3,0
9/16/2026 1:47,26.2,97.3,0
9/16/2026 1:47,26.2,97.4,0
9/16/2026 1:48,26.2,97.7,0
9/16/2026 1:48,26.2,98,0
9/16/2026 1:49,26.2,98.2,0
9/16/2026 1:49,26.3,98.2,0
9/16/2026 1:50,26.3,98.2,0
9/16/2026 1:50,26.3,98.3,0
9/16/2026 1:51,26.3,98.1,0
9/16/2026 1:51,26.3,97.7,0
9/16/2026 1:52,26.3,97.3,0
9/16/2026 1:52,26.3,97.4,0
9/16/2026 1:53,26.3,97.1,0
9/16/2026 1:53,26.2,97.2,0
9/16/2026 1:54,26.2,97.5,0
9/16/2026 1:54,26.2,97.6,0
9/16/2026 1:55,26.2,97.4,0
9/16/2026 1:55,26.2,97.3,0
9/16/2026 1:56,26.2,97,0
9/16/2026 1:56,26.2,97.1,0
9/16/2026 1:57,26.2,97.5,0
9/16/2026 1:57,26.2,97.3,0
9/16/2026 1:58,26.2,97.4,0
9/16/2026 1:58,26.2,97.3,0
9/16/2026 1:59,26.2,97.2,0
9/16/2026 1:59,26.2,97.2,0
9/16/2026 2:00,26.2,97.1,0
9/16/2026 2:00,26.1,97.2,0
9/16/2026 2:01,26.1,97.2,0
9/16/2026 2:01,26.1,97.4,0
9/16/2026 2:02,26.1,97.4,0
9/16/2026 2:02,26.1,97.6,0
9/16/2026 2:03,26.1,97.7,0
9/16/2026 2:03,26.1,97.9,0
9/16/2026 2:04,26.1,97.9,0
9/16/2026 2:04,26.1,97.6,0
9/16/2026 2:05,26.1,97.5,0
9/16/2026 2:05,26.1,97.7,0
9/16/2026 2:06,26.1,97.7,0
9/16/2026 2:06,26.1,97.4,0
9/16/2026 2:07,26.1,97.3,0
9/16/2026 2:07,26.1,97.3,0
9/16/2026 2:08,26.1,97.5,0
9/16/2026 2:08,26.1,97.5,0
9/16/2026 2:09,26.1,97.4,0
9/16/2026 2:09,26.1,97.4,0
9/16/2026 2:10,26.1,97.7,0
9/16/2026 2:10,26.1,97.7,0
9/16/2026 2:11,26.1,97.7,0
9/16/2026 2:11,26.1,97.5,0
9/16/2026 2:12,26.1,97.5,0
9/16/2026 2:12,26.1,97.6,0
9/16/2026 2:13,26.1,97.6,0
9/16/2026 2:13,26.2,97.3,0
9/16/2026 2:14,26.2,97.1,0
9/16/2026 2:14,26.2,97.1,0
9/16/2026 2:15,26.2,97.1,0
9/16/2026 2:15,26.2,96.9,0
9/16/2026 2:16,26.2,96.9,0
9/16/2026 2:16,26.2,97,0
9/16/2026 2:17,26.2,97.4,0
9/16/2026 2:17,26.2,97.5,0
9/16/2026 2:18,26.2,97.5,0
9/16/2026 2:18,26.2,97.4,0
9/16/2026 2:19,26.2,97,0
9/16/2026 2:19,26.2,96.8,0
9/16/2026 2:20,26.2,97,0
9/16/2026 2:20,26.2,97,0
9/16/2026 2:21,26.2,97.2,0
9/16/2026 2:21,26.2,97.2,0
9/16/2026 2:22,26.2,97.3,0
9/16/2026 2:22,26.1,97.5,0
9/16/2026 2:23,26.1,97.8,0
9/16/2026 2:23,26.1,97.5,0
9/16/2026 2:24,26.1,97.4,0
9/16/2026 2:24,26.1,97.3,0
9/16/2026 2:25,26.1,97.3,0
9/16/2026 2:25,26.1,97.3,0
9/16/2026 2:26,26.1,97.2,0
9/16/2026 2:26,26.1,97.3,0
9/16/2026 2:27,26.1,97.3,0
9/16/2026 2:27,26.1,97.5,0
9/16/2026 2:28,26.1,97.6,0
9/16/2026 2:28,26.1,97.4,0
9/16/2026 2:29,26.1,97.5,0
9/16/2026 2:29,26.1,97.8,0
9/16/2026 2:30,26.1,97.9,0
9/16/2026 2:30,26,98,0
9/16/2026 2:31,26,98.2,0
9/16/2026 2:31,26,98.4,0
9/16/2026 2:32,26,98.4,0
9/16/2026 2:32,26,98.3,0
9/16/2026 2:33,26,98.3,0
9/16/2026 2:33,26,98.5,0
9/16/2026 2:34,26,98.6,0
9/16/2026 2:34,26,98.5,0
9/16/2026 2:35,26,98.4,0
9/16/2026 2:35,26,98.2,0
9/16/2026 2:36,26,98.2,0
9/16/2026 2:36,25.9,98.2,0
9/16/2026 2:37,25.9,98.4,0
9/16/2026 2:37,25.9,98.6,0
9/16/2026 2:38,25.9,98.7,0
9/16/2026 2:38,25.9,98.8,0
9/16/2026 2:39,25.9,98.8,0
9/16/2026 2:39,25.9,98.9,0
9/16/2026 2:40,26,98.8,0
9/16/2026 2:40,25.9,98.6,0
9/16/2026 2:41,25.9,98.6,0
9/16/2026 2:41,26,98.7,0
9/16/2026 2:42,26,98.7,0
9/16/2026 2:42,26,98.8,0
9/16/2026 2:43,26,98.9,0
9/16/2026 2:43,26,98.8,0
9/16/2026 2:44,26,98.9,0
9/16/2026 2:44,26,99,0
9/16/2026 2:45,26,99.1,0
9/16/2026 2:45,26,98.9,0
9/16/2026 2:46,26,98.9,0
9/16/2026 2:46,26,98.8,0
9/16/2026 2:47,26,98.8,0
9/16/2026 2:47,26,98.9,0
9/16/2026 2:48,26,99,0
9/16/2026 2:48,26,99,0
9/16/2026 2:49,25.9,99.1,0
9/16/2026 2:49,26,99.2,0
9/16/2026 2:50,26,99.2,0
9/16/2026 2:50,26,99.1,0
9/16/2026 2:51,26,98.9,0
9/16/2026 2:51,26,98.8,0
9/16/2026 2:52,26,98.8,0
9/16/2026 2:52,26,98.9,0
9/16/2026 2:53,26,98.9,0
9/16/2026 2:53,26,98.8,0
9/16/2026 2:54,26,98.9,0
9/16/2026 2:54,26,98.9,0
9/16/2026 2:55,26,99,0
9/16/2026 2:55,26,98.9,0
9/16/2026 2:56,25.9,99.1,0
9/16/2026 2:56,26,99.3,0
9/16/2026 2:57,26,99.3,0
9/16/2026 2:57,26,99.4,0
9/16/2026 2:58,26,99.4,0
9/16/2026 2:58,26,99.2,0
9/16/2026 2:59,26,99,0
9/16/2026 2:59,26,99.1,0
9/16/2026 3:00,26,99.3,0
9/16/2026 3:00,26,99.1,0
9/16/2026 3:01,26,99.1,0
9/16/2026 3:01,26,99.1,0
9/16/2026 3:02,26,99.1,0
9/16/2026 3:02,26.1,99.1,0
9/16/2026 3:03,26.1,99,0
9/16/2026 3:03,26.1,99,0
9/16/2026 3:04,26.1,99,0
9/16/2026 3:04,26,99,0
9/16/2026 3:05,26,99.2,0
9/16/2026 3:05,26,99.3,0
9/16/2026 3:06,26,99.2,0
9/16/2026 3:06,26,99.1,0
9/16/2026 3:07,26,99,0
9/16/2026 3:07,25.9,99.1,0
9/16/2026 3:08,25.9,99.3,0
9/16/2026 3:08,25.9,99.6,0
9/16/2026 3:09,25.9,99.7,0
9/16/2026 3:09,25.9,99.7,0
9/16/2026 3:10,25.8,99.6,0
9/16/2026 3:10,25.8,99.7,0
9/16/2026 3:11,25.8,99.8,0
9/16/2026 3:11,25.8,99.8,0
9/16/2026 3:12,25.8,99.8,0
9/16/2026 3:12,25.8,99.5,0
9/16/2026 3:13,25.9,99.3,0
9/16/2026 3:13,25.9,99.3,0
9/16/2026 3:14,25.9,99.4,0
9/16/2026 3:14,25.9,99.4,0
9/16/2026 3:15,25.9,99.2,0
9/16/2026 3:15,25.9,99.1,0
9/16/2026 3:16,25.8,99.2,0
9/16/2026 3:16,25.8,99.3,0
9/16/2026 3:17,25.8,99.5,0
9/16/2026 3:17,25.7,99.8,0
9/16/2026 3:18,25.8,99.8,0
9/16/2026 3:18,25.7,99.8,0
9/16/2026 3:19,25.7,99.9,0
9/16/2026 3:19,25.7,100,0
9/16/2026 3:20,25.6,100,0
9/16/2026 3:20,25.6,100,0
9/16/2026 3:21,25.6,100,0
9/16/2026 3:21,25.6,100,0
9/16/2026 3:22,25.6,100,0
9/16/2026 3:22,25.6,100,0
9/16/2026 3:23,25.6,100,0
9/16/2026 3:23,25.5,100,0
9/16/2026 3:24,25.5,100,0
9/16/2026 3:24,25.5,100,0
9/16/2026 3:25,25.5,100,0
9/16/2026 3:25,25.5,100,0
9/16/2026 3:26,25.5,100,0
9/16/2026 3:26,25.5,100,0
9/16/2026 3:27,25.6,100,0
9/16/2026 3:27,25.6,100,0
9/16/2026 3:28,25.6,100,0
9/16/2026 3:28,25.6,100,0
9/16/2026 3:29,25.6,100,0
9/16/2026 3:29,25.6,100,0
9/16/2026 3:30,25.6,100,0
9/16/2026 3:30,25.6,100,0
9/16/2026 3:31,25.6,100,0
9/16/2026 3:31,25.6,100,0
9/16/2026 3:32,25.6,100,0
9/16/2026 3:32,25.6,100,0
9/16/2026 3:33,25.6,100,0
9/16/2026 3:33,25.6,100,0
9/16/2026 3:34,25.6,100,0
9/16/2026 3:34,25.6,100,0
9/16/2026 3:35,25.6,100,0
9/16/2026 3:35,25.5,100,0
9/16/2026 3:36,25.6,100,0
9/16/2026 3:36,25.6,100,0
9/16/2026 3:37,25.6,100,0
9/16/2026 3:37,25.6,100,0
9/16/2026 3:38,25.6,100,0
9/16/2026 3:38,25.6,100,0
9/16/2026 3:39,25.6,100,0
9/16/2026 3:39,25.6,100,0
9/16/2026 3:40,25.5,100,0
9/16/2026 3:40,25.6,100,0
9/16/2026 3:41,25.6,100,0
9/16/2026 3:41,25.6,100,0
9/16/2026 3:42,25.6,100,0
9/16/2026 3:42,25.6,100,0
9/16/2026 3:43,25.6,100,0
9/16/2026 3:43,25.6,100,0
9/16/2026 3:44,25.6,100,0
9/16/2026 3:44,25.6,100,0
9/16/2026 3:45,25.6,100,0
9/16/2026 3:45,25.6,100,0
9/16/2026 3:46,25.6,100,0
9/16/2026 3:46,25.6,100,0
9/16/2026 3:47,25.6,100,0
9/16/2026 3:47,25.6,100,0
9/16/2026 3:48,25.6,100,0
9/16/2026 3:48,25.6,100,0
9/16/2026 3:49,25.6,100,0
9/16/2026 3:49,25.6,100,0
9/16/2026 3:50,25.6,100,0
9/16/2026 3:50,25.6,100,0
9/16/2026 3:51,25.7,100,0
9/16/2026 3:51,25.7,100,0
9/16/2026 3:52,25.7,99.9,0
9/16/2026 3:52,25.7,99.8,0
9/16/2026 3:53,25.7,99.7,0
9/16/2026 3:53,25.7,99.7,0
9/16/2026 3:54,25.7,99.8,0
9/16/2026 3:54,25.7,99.8,0
9/16/2026 3:55,25.7,99.8,0
9/16/2026 3:55,25.6,99.8,0
9/16/2026 3:56,25.6,99.8,0
9/16/2026 3:56,25.6,100,0
9/16/2026 3:57,25.7,100,0
9/16/2026 3:57,25.7,100,0
9/16/2026 3:58,25.7,99.9,0
9/16/2026 3:58,25.7,99.9,0
9/16/2026 3:59,25.6,100,0
9/16/2026 3:59,25.6,100,0
9/16/2026 4:00,25.7,100,0
9/16/2026 4:00,25.7,100,0
9/16/2026 4:01,25.7,100,0
9/16/2026 4:01,25.8,100,0
9/16/2026 4:02,25.8,99.9,0
9/16/2026 4:02,25.8,99.9,0
9/16/2026 4:03,25.8,99.8,0
9/16/2026 4:03,25.9,99.4,0
9/16/2026 4:04,25.9,99.2,0
9/16/2026 4:04,25.8,99.1,0
9/16/2026 4:05,25.8,99,0
9/16/2026 4:05,25.8,99,0
9/16/2026 4:06,25.8,99.1,0
9/16/2026 4:06,25.8,99.3,0
9/16/2026 4:07,25.7,99.3,0
9/16/2026 4:07,25.7,99.3,0
9/16/2026 4:08,25.7,99.2,0
9/16/2026 4:08,25.7,99.3,0
9/16/2026 4:09,25.7,99.4,0
9/16/2026 4:09,25.7,99.4,0
9/16/2026 4:10,25.6,99.4,0
9/16/2026 4:10,25.6,99.5,0
9/16/2026 4:11,25.6,99.5,0
9/16/2026 4:11,25.6,99.6,0
9/16/2026 4:12,25.6,99.6,0
9/16/2026 4:12,25.6,99.8,0
9/16/2026 4:13,25.6,99.9,0
9/16/2026 4:13,25.6,99.9,0
9/16/2026 4:14,25.6,100,0
9/16/2026 4:14,25.6,100,0
9/16/2026 4:15,25.6,99.9,0
9/16/2026 4:15,25.6,99.9,0
9/16/2026 4:16,25.6,99.9,0
9/16/2026 4:16,25.5,99.9,0
9/16/2026 4:17,25.5,99.9,0
9/16/2026 4:17,25.5,99.9,0
9/16/2026 4:18,25.5,99.8,0
9/16/2026 4:18,25.5,99.8,0
9/16/2026 4:19,25.5,99.9,0
9/16/2026 4:19,25.5,100,0
9/16/2026 4:20,25.5,100,0
9/16/2026 4:20,25.5,100,0
9/16/2026 4:21,25.5,100,0
9/16/2026 4:21,25.5,100,0
9/16/2026 4:22,25.5,100,0
9/16/2026 4:22,25.5,100,0
9/16/2026 4:23,25.5,100,0
9/16/2026 4:23,25.5,100,0
9/16/2026 4:24,25.6,100,0
9/16/2026 4:24,25.5,100,0
9/16/2026 4:25,25.5,100,0
9/16/2026 4:25,25.5,100,0
9/16/2026 4:26,25.6,100,0
9/16/2026 4:26,25.5,100,0
9/16/2026 4:27,25.5,100,0
9/16/2026 4:27,25.6,100,0
9/16/2026 4:28,25.6,100,0
9/16/2026 4:28,25.5,100,0
9/16/2026 4:29,25.6,100,0
9/16/2026 4:29,25.5,100,0
9/16/2026 4:30,25.5,100,0
9/16/2026 4:30,25.5,100,0
9/16/2026 4:31,25.5,100,0
9/16/2026 4:31,25.6,100,0
9/16/2026 4:32,25.5,100,0
9/16/2026 4:32,25.5,100,0
9/16/2026 4:33,25.5,100,0
9/16/2026 4:33,25.6,100,0
9/16/2026 4:34,25.6,100,0
9/16/2026 4:34,25.5,100,0
9/16/2026 4:35,25.5,100,0
9/16/2026 4:35,25.6,100,0
9/16/2026 4:36,25.6,100,0
9/16/2026 4:36,25.5,100,0
9/16/2026 4:37,25.6,100,0
9/16/2026 4:37,25.6,100,0
9/16/2026 4:38,25.7,100,0
9/16/2026 4:38,25.6,99.9,0
9/16/2026 4:39,25.6,99.9,0
9/16/2026 4:39,25.6,99.9,0
9/16/2026 4:40,25.6,99.8,0
9/16/2026 4:40,25.6,100,0
9/16/2026 4:41,25.6,99.9,0
9/16/2026 4:41,25.6,99.9,0
9/16/2026 4:42,25.6,99.9,0
9/16/2026 4:42,25.6,99.9,0
9/16/2026 4:43,25.6,99.8,0
9/16/2026 4:43,25.6,99.8,0
9/16/2026 4:44,25.6,99.9,0
9/16/2026 4:44,25.6,99.9,0
9/16/2026 4:45,25.6,99.9,0
9/16/2026 4:45,25.6,100,0
9/16/2026 4:46,25.6,100,0
9/16/2026 4:46,25.6,100,0
9/16/2026 4:47,25.6,100,0
9/16/2026 4:47,25.6,100,0
9/16/2026 4:48,25.6,100,0
9/16/2026 4:48,25.6,100,0
9/16/2026 4:49,25.6,99.9,0
9/16/2026 4:49,25.6,100,0
9/16/2026 4:50,25.6,100,0
9/16/2026 4:50,25.6,100,0
9/16/2026 4:51,25.7,100,0
9/16/2026 4:51,25.7,100,0
9/16/2026 4:52,25.8,99.9,0
9/16/2026 4:52,25.8,99.7,0
9/16/2026 4:53,25.8,99.6,0
9/16/2026 4:53,25.8,99.5,0
9/16/2026 4:54,25.8,99.4,0
9/16/2026 4:54,25.8,99.5,0
9/16/2026 4:55,25.7,99.5,0
9/16/2026 4:55,25.8,99.6,0
9/16/2026 4:56,25.8,99.4,0
9/16/2026 4:56,25.7,99.4,0
9/16/2026 4:57,25.7,99.4,0
9/16/2026 4:57,25.7,99.6,0
9/16/2026 4:58,25.7,99.7,0
9/16/2026 4:58,25.8,99.6,0
9/16/2026 4:59,25.8,99.4,0
9/16/2026 4:59,25.8,99.3,0
9/16/2026 5:00,25.8,99.2,0
9/16/2026 5:00,25.8,99.3,0
9/16/2026 5:01,25.8,99.2,0
9/16/2026 5:01,25.8,99.1,0
9/16/2026 5:02,25.8,99.1,0
9/16/2026 5:02,25.8,99.2,0
9/16/2026 5:03,25.8,99.3,0
9/16/2026 5:03,25.8,99.3,0
9/16/2026 5:04,25.8,99.1,0
9/16/2026 5:04,25.8,99.2,0
9/16/2026 5:05,25.8,99.4,0
9/16/2026 5:05,25.8,99.4,0
9/16/2026 5:06,25.9,99.1,0
9/16/2026 5:06,25.9,98.9,0
9/16/2026 5:07,25.9,99.2,0
9/16/2026 5:07,25.9,99.1,0
9/16/2026 5:08,25.9,98.8,0
9/16/2026 5:08,25.9,98.7,0
9/16/2026 5:09,25.9,98.8,0
9/16/2026 5:09,25.9,98.9,0
9/16/2026 5:10,25.9,99,0
9/16/2026 5:10,25.9,98.9,0
9/16/2026 5:11,25.9,98.9,0
9/16/2026 5:11,25.9,99.1,0
9/16/2026 5:12,25.9,99,0
9/16/2026 5:12,25.9,98.8,0
9/16/2026 5:13,25.9,98.8,0
9/16/2026 5:13,25.9,98.7,0
9/16/2026 5:14,25.9,98.8,0
9/16/2026 5:14,26,98.7,0
9/16/2026 5:15,25.9,98.7,0
9/16/2026 5:15,25.9,98.8,0
9/16/2026 5:16,26,98.8,0
9/16/2026 5:16,26,98.4,0
9/16/2026 5:17,26,98.4,0
9/16/2026 5:17,26,98.5,0
9/16/2026 5:18,26,98.7,0
9/16/2026 5:18,26,98.7,0
9/16/2026 5:19,26,98.5,0
9/16/2026 5:19,26,98.4,0
9/16/2026 5:20,26,98.4,0
9/16/2026 5:20,26,98.4,0
9/16/2026 5:21,26,98.5,0
9/16/2026 5:21,26,98.6,0
9/16/2026 5:22,26,98.6,0
9/16/2026 5:22,26,98.7,0
9/16/2026 5:23,26,98.7,0
9/16/2026 5:23,26,98.5,0
9/16/2026 5:24,26,98.4,0
9/16/2026 5:24,26.1,98.4,0
9/16/2026 5:25,26.1,98.5,0
9/16/2026 5:25,26.1,98.3,0
9/16/2026 5:26,26.1,98,0
9/16/2026 5:26,26.2,98.1,0
9/16/2026 5:27,26.2,97.6,0
9/16/2026 5:27,26.2,97.3,0
9/16/2026 5:28,26.3,97.4,0
9/16/2026 5:28,26.3,96.9,0
9/16/2026 5:29,26.3,96.7,0
9/16/2026 5:29,26.3,96.8,0
9/16/2026 5:30,26.3,97,0
9/16/2026 5:30,26.3,96.8,0
9/16/2026 5:31,26.4,96.4,0
9/16/2026 5:31,26.3,96.5,0
9/16/2026 5:32,26.3,96.8,0
9/16/2026 5:32,26.3,96.8,0
9/16/2026 5:33,26.2,96.9,0
9/16/2026 5:33,26.2,97.2,0
9/16/2026 5:34,26.1,97.5,0
9/16/2026 5:34,26.1,97.5,0
9/16/2026 5:35,26.1,97.7,0
9/16/2026 5:35,26.1,97.8,0
9/16/2026 5:36,26.1,97.6,0
9/16/2026 5:36,26.1,97.6,0
9/16/2026 5:37,26,97.8,0
9/16/2026 5:37,26,97.9,0
9/16/2026 5:38,26,98.3,0
9/16/2026 5:38,26,98.3,0
9/16/2026 5:39,26,98.1,0
9/16/2026 5:39,26,98,0
9/16/2026 5:40,26.1,97.8,0
9/16/2026 5:40,26.1,97.6,0
9/16/2026 5:41,26,97.6,0
9/16/2026 5:41,26,97.7,0
9/16/2026 5:42,26,97.7,0
9/16/2026 5:42,26,97.7,0
9/16/2026 5:43,26,97.8,0
9/16/2026 5:43,26,98,0
9/16/2026 5:44,26,98.4,0
9/16/2026 5:44,26,98.2,0
9/16/2026 5:45,26,98.2,0
9/16/2026 5:45,26,98.2,0
9/16/2026 5:46,26,97.9,0
9/16/2026 5:46,26,97.6,0
9/16/2026 5:47,26,97.8,0
9/16/2026 5:47,26,97.6,0
9/16/2026 5:48,26,97.4,0
9/16/2026 5:48,26,97.4,0
9/16/2026 5:49,26,97.6,0
9/16/2026 5:49,25.9,97.6,0
9/16/2026 5:50,25.9,97.7,0
9/16/2026 5:50,25.9,97.8,0
9/16/2026 5:51,25.9,97.7,0
9/16/2026 5:51,25.9,97.6,0
9/16/2026 5:52,25.8,97.6,0
9/16/2026 5:52,25.8,97.7,0
9/16/2026 5:53,25.8,97.9,0
9/16/2026 5:53,25.8,98.1,0
9/16/2026 5:54,25.8,98.1,0
9/16/2026 5:54,25.8,98.1,0
9/16/2026 5:55,25.8,98.2,0
9/16/2026 5:55,25.8,98.1,0.8
9/16/2026 5:56,25.8,98.1,0.8
9/16/2026 5:56,25.8,98.2,0.8
9/16/2026 5:57,25.8,98.3,0.8
9/16/2026 5:57,25.7,98.3,0.8
9/16/2026 5:58,25.7,98.4,0.8
9/16/2026 5:58,25.7,98.5,0.8
9/16/2026 5:59,25.7,98.7,0.8
9/16/2026 5:59,25.7,98.7,0.8
9/16/2026 6:00,25.7,98.8,0.8
9/16/2026 6:00,25.7,98.7,0.8
9/16/2026 6:01,25.7,98.9,0.8
9/16/2026 6:01,25.7,98.7,0.8
9/16/2026 6:02,25.7,98.4,0.8
9/16/2026 6:02,25.7,98.4,0.8
9/16/2026 6:03,25.6,98.5,0.8
9/16/2026 6:03,25.6,98.6,0.8
9/16/2026 6:04,25.6,98.7,0.8
9/16/2026 6:04,25.6,98.7,0.8
9/16/2026 6:05,25.7,98.6,0.8
9/16/2026 6:05,25.6,98.4,0.8
9/16/2026 6:06,25.6,98.4,0.8
9/16/2026 6:06,25.6,98.4,1.7
9/16/2026 6:07,25.6,98.6,1.7
9/16/2026 6:07,25.6,98.6,1.7
9/16/2026 6:08,25.6,98.6,1.7
9/16/2026 6:08,25.6,98.6,1.7
9/16/2026 6:09,25.6,98.6,1.7
9/16/2026 6:09,25.6,98.7,1.7
9/16/2026 6:10,25.6,98.7,1.7
9/16/2026 6:10,25.6,98.7,1.7
9/16/2026 6:11,25.6,98.9,1.7
9/16/2026 6:11,25.6,98.8,1.7
9/16/2026 6:12,25.6,98.8,1.7
9/16/2026 6:12,25.6,98.7,1.7
9/16/2026 6:13,25.6,98.8,1.7
9/16/2026 6:13,25.6,98.7,1.7
9/16/2026 6:14,25.6,98.7,3.3
9/16/2026 6:14,25.6,98.8,4.2
9/16/2026 6:15,25.6,98.7,4.2
9/16/2026 6:15,25.6,98.6,4.2
9/16/2026 6:16,25.6,98.9,4.2
9/16/2026 6:16,25.6,99.1,4.2
9/16/2026 6:17,25.6,99,4.2
9/16/2026 6:17,25.6,99,4.2
9/16/2026 6:18,25.7,98.9,4.2
9/16/2026 6:18,25.7,98.9,4.2
9/16/2026 6:19,25.7,98.9,4.2
9/16/2026 6:19,25.7,98.8,5
9/16/2026 6:20,25.8,98.9,5
9/16/2026 6:20,25.8,98.8,5
9/16/2026 6:21,25.8,98.7,5
9/16/2026 6:21,25.8,98.7,5
9/16/2026 6:22,25.8,98.6,5
9/16/2026 6:22,25.8,98.4,5
9/16/2026 6:23,25.8,98.4,5
9/16/2026 6:23,25.8,98.4,5
9/16/2026 6:24,25.8,98.4,5.8
9/16/2026 6:24,25.8,98.2,5.8
9/16/2026 6:25,25.8,98.3,5.8
9/16/2026 6:25,25.8,98.3,5.8
9/16/2026 6:26,25.8,98.5,5.8
9/16/2026 6:26,25.8,98.8,5.8
9/16/2026 6:27,25.9,98.6,5.8
9/16/2026 6:27,25.9,98.4,6.7
9/16/2026 6:28,25.9,98.2,6.7
9/16/2026 6:28,25.8,98.2,6.7
9/16/2026 6:29,25.9,98.6,6.7
9/16/2026 6:29,25.9,98.5,6.7
9/16/2026 6:30,25.9,98.4,6.7
9/16/2026 6:30,25.9,98.2,6.7
9/16/2026 6:31,25.9,98,7.5
9/16/2026 6:31,25.9,97.9,7.5
9/16/2026 6:32,25.9,97.9,7.5
9/16/2026 6:32,25.9,98,7.5
9/16/2026 6:33,25.9,98,7.5
9/16/2026 6:33,25.9,98,7.5
9/16/2026 6:34,25.9,98,7.5
9/16/2026 6:34,25.8,98,7.5
9/16/2026 6:35,25.8,98,7.5
9/16/2026 6:35,25.8,98.1,7.5
9/16/2026 6:36,25.8,98.2,7.5
9/16/2026 6:36,25.8,98.5,7.5
9/16/2026 6:37,25.8,98.4,7.5
9/16/2026 6:37,25.8,98.2,8.3
9/16/2026 6:38,25.8,98,8.3
9/16/2026 6:38,25.8,98.2,9.2
9/16/2026 6:39,25.8,98.2,10
9/16/2026 6:39,25.8,98.6,10
9/16/2026 6:40,25.8,98.6,10
9/16/2026 6:40,25.8,98.6,9.2
9/16/2026 6:41,25.8,98.7,8.3
9/16/2026 6:41,25.9,98.6,8.3
9/16/2026 6:42,25.9,98.8,10
9/16/2026 6:42,25.9,98.9,11.7
9/16/2026 6:43,25.9,98.7,11.7
9/16/2026 6:43,25.9,98.4,12.5
9/16/2026 6:44,25.9,98.1,12.5
9/16/2026 6:44,25.9,98.1,12.5
9/16/2026 6:45,25.9,97.9,12.5
9/16/2026 6:45,25.8,98,12.5
9/16/2026 6:46,25.8,98,13.3
9/16/2026 6:46,25.9,98,13.3
9/16/2026 6:47,25.8,97.9,13.3
9/16/2026 6:47,25.8,97.9,14.2
9/16/2026 6:48,25.8,97.8,14.2
9/16/2026 6:48,25.8,97.8,15
9/16/2026 6:49,25.8,97.9,15.8
9/16/2026 6:49,25.8,98.1,15.8
9/16/2026 6:50,25.8,98.2,15.8
9/16/2026 6:50,25.8,98.3,15.8
9/16/2026 6:51,25.8,98.3,16.7
9/16/2026 6:51,25.8,98.4,16.7
9/16/2026 6:52,25.8,98.9,16.7
9/16/2026 6:52,25.9,99,17.5
9/16/2026 6:53,25.9,98.8,17.5
9/16/2026 6:53,25.9,98.5,17.5
9/16/2026 6:54,25.9,98.2,18.3
9/16/2026 6:54,25.9,98,18.3
9/16/2026 6:55,25.9,97.9,18.3
9/16/2026 6:55,25.9,97.8,18.3
9/16/2026 6:56,25.9,98.2,18.3
9/16/2026 6:56,26,98.3,17.5
9/16/2026 6:57,26,97.8,17.5
9/16/2026 6:57,26,97.8,16.7
9/16/2026 6:58,26,97.7,17.5
9/16/2026 6:58,26,97.5,17.5
9/16/2026 6:59,26,97.6,16.7
9/16/2026 6:59,26,97.5,18.3
9/16/2026 7:00,26,97.7,17.5
9/16/2026 7:00,26,97.4,16.7
9/16/2026 7:01,26,97.2,15.8
9/16/2026 7:01,26,97.1,15
9/16/2026 7:02,26,97.2,14.2
9/16/2026 7:02,26,97.4,16.7
9/16/2026 7:03,26,97.6,17.5
9/16/2026 7:03,26,97.6,18.3
9/16/2026 7:04,26,97.5,20
9/16/2026 7:04,26,97.4,21.7
9/16/2026 7:05,26,97.2,22.5
9/16/2026 7:05,26,97.2,22.5
9/16/2026 7:06,26,97.1,21.7
9/16/2026 7:06,26,97.2,23.3
9/16/2026 7:07,26,97.1,24.2
9/16/2026 7:07,26,97.1,25
9/16/2026 7:08,26,97.1,25.8
9/16/2026 7:08,26,97.2,26.7
9/16/2026 7:09,26,97.4,26.7
9/16/2026 7:09,26,97.4,27.5
9/16/2026 7:10,26,97.2,28.3
9/16/2026 7:10,26.1,96.9,28.3
9/16/2026 7:11,26,96.6,28.3
9/16/2026 7:11,26,96.6,29.2
9/16/2026 7:12,26,96.7,29.2
9/16/2026 7:12,26.1,96.8,30
9/16/2026 7:13,26.1,96.9,30
9/16/2026 7:13,26,97,30.8
9/16/2026 7:14,26,97.2,31.7
9/16/2026 7:14,26,97.7,30.8
9/16/2026 7:15,26,98,30
9/16/2026 7:15,26,98,31.7
9/16/2026 7:16,26,97.9,33.3
9/16/2026 7:16,26.1,97.8,34.2
9/16/2026 7:17,26.1,97.7,34.2
9/16/2026 7:17,26.1,97.4,34.2
9/16/2026 7:18,26.1,97.3,34.2
9/16/2026 7:18,26.1,97.3,35
9/16/2026 7:19,26.1,97.3,35.8
9/16/2026 7:19,26.1,97.4,35.8
9/16/2026 7:20,26.1,97.6,36.7
9/16/2026 7:20,26.1,97.5,36.7
9/16/2026 7:21,26.1,97.6,37.5
9/16/2026 7:21,26.1,97.8,37.5
9/16/2026 7:22,26.1,98.1,37.5
9/16/2026 7:22,26.1,98,38.3
9/16/2026 7:23,26.1,97.9,40
9/16/2026 7:23,26.2,97.4,40
9/16/2026 7:24,26.2,97.3,40
9/16/2026 7:24,26.2,97.2,40
9/16/2026 7:25,26.2,96.9,39.2
9/16/2026 7:25,26.2,96.5,34.2
9/16/2026 7:26,26.2,96.5,29.2
9/16/2026 7:26,26.2,96.4,30
9/16/2026 7:27,26.2,96.3,33.3
9/16/2026 7:27,26.1,96.4,34.2
9/16/2026 7:28,26.1,97.3,34.2
9/16/2026 7:28,26.1,97.3,34.2
9/16/2026 7:29,26.1,96.7,34.2
9/16/2026 7:29,26.1,96.8,33.3
9/16/2026 7:30,26.1,96.6,35.8
9/16/2026 7:30,26.1,96.5,35.8
9/16/2026 7:31,26.1,97.2,36.7
9/16/2026 7:31,26.1,97.9,42.5
9/16/2026 7:32,26.1,98.3,43.3
9/16/2026 7:32,26.2,98.4,43.3
9/16/2026 7:33,26.3,98,41.7
9/16/2026 7:33,26.2,97.7,43.3
9/16/2026 7:34,26.2,97.5,43.3
9/16/2026 7:34,26.3,97.2,40.8
9/16/2026 7:35,26.3,97.1,37.5
9/16/2026 7:35,26.2,96.7,35.8
9/16/2026 7:36,26.2,96.5,35
9/16/2026 7:36,26.2,96.6,35
9/16/2026 7:37,26.2,96.5,36.7
9/16/2026 7:37,26.1,96.6,40
9/16/2026 7:38,26.1,96.8,41.7
9/16/2026 7:38,26.1,97.1,40
9/16/2026 7:39,26,97,40.8
9/16/2026 7:39,26,97.2,40.8
9/16/2026 7:40,26,97.4,39.2
9/16/2026 7:40,26,97.5,36.7
9/16/2026 7:41,26,97.4,35
9/16/2026 7:41,25.9,97.3,33.3
9/16/2026 7:42,25.9,97.4,32.5
9/16/2026 7:42,25.9,97.6,33.3
9/16/2026 7:43,26,98,34.2
9/16/2026 7:43,26,97.9,36.7
9/16/2026 7:44,26,97.8,35.8
9/16/2026 7:44,26,97.6,36.7
9/16/2026 7:45,26.1,97,40
9/16/2026 7:45,26.1,97.1,40.8
9/16/2026 7:46,26.1,97.2,43.3
9/16/2026 7:46,26.1,97.5,41.7
9/16/2026 7:47,26.1,97.3,44.2
9/16/2026 7:47,26.1,97.1,45.8
9/16/2026 7:48,26.1,97,42.5
9/16/2026 7:48,26.1,96.8,35.8
9/16/2026 7:49,26.1,96.8,30.8
9/16/2026 7:49,26.1,96.9,28.3
9/16/2026 7:50,26.1,96.9,29.2
9/16/2026 7:50,26.1,96.9,31.7
9/16/2026 7:51,26.1,96.8,33.3
9/16/2026 7:51,26,97,35.8
9/16/2026 7:52,26,97.3,36.7
9/16/2026 7:52,26,97.3,35
9/16/2026 7:53,26,97.2,34.2
9/16/2026 7:53,26,96.9,36.7
9/16/2026 7:54,26,96.7,42.5
9/16/2026 7:54,26,96.6,44.2
9/16/2026 7:55,26,96.6,43.3
9/16/2026 7:55,26,96.4,38.3
9/16/2026 7:56,26,96.1,35.8
9/16/2026 7:56,26,96.4,35.8
9/16/2026 7:57,26,96.6,35
9/16/2026 7:57,26,96.8,35.8
9/16/2026 7:58,25.9,97,36.7
9/16/2026 7:58,26,97.1,38.3
9/16/2026 7:59,26,97.3,42.5
9/16/2026 7:59,25.9,97.3,45
9/16/2026 8:00,25.9,97.4,45.8
9/16/2026 8:00,25.9,97.3,47.5
9/16/2026 8:01,25.9,97.2,47.5
9/16/2026 8:01,25.9,97.4,45.8
9/16/2026 8:02,25.9,97.4,43.3
9/16/2026 8:02,25.9,97.3,45
9/16/2026 8:03,25.9,97.5,43.3
9/16/2026 8:03,25.9,97.7,43.3
9/16/2026 8:04,25.9,97.7,42.5
9/16/2026 8:04,25.9,97.6,40
9/16/2026 8:05,26,97.3,40
9/16/2026 8:05,25.9,97.1,45
9/16/2026 8:06,26,97.1,55
9/16/2026 8:06,26,97.2,63.3
9/16/2026 8:07,26,97.3,65
9/16/2026 8:07,26,97.5,69.2
9/16/2026 8:08,26,97.7,78.3
9/16/2026 8:08,26,97.9,85
9/16/2026 8:09,26,97.7,79.2
9/16/2026 8:09,26,97.4,67.5
9/16/2026 8:10,26,97.5,68.3
9/16/2026 8:10,26,97.4,70.8
9/16/2026 8:11,26,97,76.7
9/16/2026 8:11,26,96.5,86.7
9/16/2026 8:12,26,96.5,95.8
9/16/2026 8:12,26,96.6,102.5
9/16/2026 8:13,26,96.8,103.3
9/16/2026 8:13,25.9,96.8,96.7
9/16/2026 8:14,25.9,97,88.3
9/16/2026 8:14,25.9,97.1,86.7
9/16/2026 8:15,25.9,97.1,89.2
9/16/2026 8:15,25.9,97,95.8
9/16/2026 8:16,25.9,96.8,99.2
9/16/2026 8:16,25.9,96.9,95
9/16/2026 8:17,25.9,96.9,97.5
9/16/2026 8:17,25.9,96.8,103.3
9/16/2026 8:18,25.9,97.2,119.2
9/16/2026 8:18,26,97.4,125.8
9/16/2026 8:19,26,97,120.8
9/16/2026 8:19,26,97,112.5
9/16/2026 8:20,26,97.1,104.2
9/16/2026 8:20,26,97.1,105.8
9/16/2026 8:21,26,96.8,100
9/16/2026 8:21,26,97,85.8
9/16/2026 8:22,26,97.2,72.5
9/16/2026 8:22,26,97.4,75
9/16/2026 8:23,26,97.4,66.7
9/16/2026 8:23,25.9,97.4,55
9/16/2026 8:24,25.9,97.3,50
9/16/2026 8:24,25.9,97.6,45
9/16/2026 8:25,25.9,97.6,39.2
9/16/2026 8:25,25.9,97.4,39.2
9/16/2026 8:26,25.9,97.6,43.3
9/16/2026 8:26,26,97.7,55
9/16/2026 8:27,26,97.7,70.8
9/16/2026 8:27,26,97.7,100
9/16/2026 8:28,26,97.7,128.3
9/16/2026 8:28,26,97.7,126.7
9/16/2026 8:29,26,97.9,109.2
9/16/2026 8:29,26,97.9,95
9/16/2026 8:30,26,98,89.2
9/16/2026 8:30,26,98.1,85
9/16/2026 8:31,26,98.2,87.5
9/16/2026 8:31,26,98.2,94.2
9/16/2026 8:32,26.1,97.9,97.5
9/16/2026 8:32,26.1,97.8,99.2
9/16/2026 8:33,26.1,97.9,95.8
9/16/2026 8:33,26,97.8,95
9/16/2026 8:34,26,97.7,94.2
9/16/2026 8:34,26.1,97.7,88.3
9/16/2026 8:35,26.1,97.7,84.2
9/16/2026 8:35,26.1,97.3,80.8
9/16/2026 8:36,26,97.3,75
9/16/2026 8:36,26.1,97.4,67.5
9/16/2026 8:37,26.1,97.3,65
9/16/2026 8:37,26,97.2,73.3
9/16/2026 8:38,26,96.9,95.8
9/16/2026 8:38,26,97,120.8
9/16/2026 8:39,26.1,97.2,133.3
9/16/2026 8:39,26.1,97.3,141.7
9/16/2026 8:40,26.1,97.1,140.8
9/16/2026 8:40,26.1,97.4,129.2
9/16/2026 8:41,26.1,97.8,118.3
9/16/2026 8:41,26.1,97.9,105
9/16/2026 8:42,26.2,97.9,93.3
9/16/2026 8:42,26.2,97.8,80.8
9/16/2026 8:43,26.3,97.6,78.3
9/16/2026 8:43,26.3,96.7,90
9/16/2026 8:44,26.4,96.2,110.8
9/16/2026 8:44,26.4,95.9,118.3
9/16/2026 8:45,26.4,95.9,110.8
9/16/2026 8:45,26.4,96,101.7
9/16/2026 8:46,26.4,96,100
9/16/2026 8:46,26.4,96.3,87.5
9/16/2026 8:47,26.3,96.4,88.3
9/16/2026 8:47,26.3,96.5,101.7
9/16/2026 8:48,26.4,96.5,120.8
9/16/2026 8:48,26.4,96.2,129.2
9/16/2026 8:49,26.4,96.3,116.7
9/16/2026 8:49,26.4,96.1,104.2
9/16/2026 8:50,26.4,96.2,105
9/16/2026 8:50,26.4,96.1,104.2
9/16/2026 8:51,26.4,96.3,110.8
9/16/2026 8:51,26.4,96.2,102.5
9/16/2026 8:52,26.4,96.5,93.3
9/16/2026 8:52,26.4,96.6,95.8
9/16/2026 8:53,26.4,96.8,98.3
9/16/2026 8:53,26.4,96.5,102.5
9/16/2026 8:54,26.4,96.2,92.5
9/16/2026 8:54,26.4,96.3,86.7
9/16/2026 8:55,26.4,96.2,86.7
9/16/2026 8:55,26.4,96.3,92.5
9/16/2026 8:56,26.4,96.9,100.8
9/16/2026 8:56,26.4,97.1,109.2
9/16/2026 8:57,26.4,97,123.3
9/16/2026 8:57,26.4,97,127.5
9/16/2026 8:58,26.4,97,118.3
9/16/2026 8:58,26.4,96.6,97.5
9/16/2026 8:59,26.4,96.8,78.3
9/16/2026 8:59,26.4,96.6,79.2
9/16/2026 9:00,26.4,96.5,100
9/16/2026 9:00,26.4,96.8,105
9/16/2026 9:01,26.4,96.6,100
9/16/2026 9:01,26.4,96.7,95.8
9/16/2026 9:02,26.4,96.8,81.7
9/16/2026 9:02,26.4,96.9,76.7
9/16/2026 9:03,26.4,96.6,89.2
9/16/2026 9:03,26.4,96.4,113.3
9/16/2026 9:04,26.5,96.2,121.7
9/16/2026 9:04,26.5,96.4,120.8
9/16/2026 9:05,26.4,96.3,115.8
9/16/2026 9:05,26.5,96.3,102.5
9/16/2026 9:06,26.5,95.8,94.2
9/16/2026 9:06,26.5,95.1,86.7
9/16/2026 9:07,26.5,94.9,86.7
9/16/2026 9:07,26.5,95.1,94.2
9/16/2026 9:08,26.5,94.3,93.3
9/16/2026 9:08,26.5,94.9,90.8
9/16/2026 9:09,26.4,94.8,93.3
9/16/2026 9:09,26.5,95.1,86.7
9/16/2026 9:10,26.4,95.3,77.5
9/16/2026 9:10,26.5,95.2,72.5
9/16/2026 9:11,26.5,94.9,75
9/16/2026 9:11,26.5,94.8,82.5
9/16/2026 9:12,26.5,94.9,85
9/16/2026 9:12,26.4,95.2,81.7
9/16/2026 9:13,26.5,95.4,77.5
9/16/2026 9:13,26.4,95.6,68.3
9/16/2026 9:14,26.4,95.7,60
9/16/2026 9:14,26.4,96,65
9/16/2026 9:15,26.4,96,70.8
9/16/2026 9:15,26.4,95.4,69.2
9/16/2026 9:16,26.4,95.6,70
9/16/2026 9:16,26.4,95.4,77.5
9/16/2026 9:17,26.4,95.6,86.7
9/16/2026 9:17,26.4,95.1,90.8
9/16/2026 9:18,26.4,95,90
9/16/2026 9:18,26.4,95.2,89.2
9/16/2026 9:19,26.4,95.1,91.7
9/16/2026 9:19,26.4,94.3,97.5
9/16/2026 9:20,26.4,95,103.3
9/16/2026 9:20,26.5,94.9,110.8
9/16/2026 9:21,26.4,94.9,118.3
9/16/2026 9:21,26.4,95.1,135
9/16/2026 9:22,26.4,95.4,150
9/16/2026 9:22,26.4,95.4,156.7
9/16/2026 9:23,26.5,94.8,153.3
9/16/2026 9:23,26.4,94.8,147.5
9/16/2026 9:24,26.4,95,148.3
9/16/2026 9:24,26.5,95.5,150
9/16/2026 9:25,26.5,95.4,153.3
9/16/2026 9:25,26.5,96.2,154.2
9/16/2026 9:26,26.5,96,157.5
9/16/2026 9:26,26.5,96.6,158.3
9/16/2026 9:27,26.5,96.6,159.2
9/16/2026 9:27,26.6,96.6,157.5
9/16/2026 9:28,26.6,96.1,153.3
9/16/2026 9:28,26.6,96,152.5
9/16/2026 9:29,26.6,95.2,149.2
9/16/2026 9:29,26.6,94.8,146.7
9/16/2026 9:30,26.6,94.6,145
9/16/2026 9:30,26.6,94.7,143.3
9/16/2026 9:31,26.6,94.3,141.7
9/16/2026 9:31,26.6,94.5,140
9/16/2026 9:32,26.6,94.1,139.2
9/16/2026 9:32,26.6,93.9,135.8
9/16/2026 9:33,26.6,93.9,129.2
9/16/2026 9:33,26.6,94.3,127.5
9/16/2026 9:34,26.6,94.1,130
9/16/2026 9:34,26.6,94,133.3
9/16/2026 9:35,26.6,94.4,133.3
9/16/2026 9:35,26.6,94.6,133.3
9/16/2026 9:36,26.6,94.7,131.7
9/16/2026 9:36,26.6,94,129.2
9/16/2026 9:37,26.5,94.2,123.3
9/16/2026 9:37,26.5,93.9,117.5
9/16/2026 9:38,26.5,94.6,118.3
9/16/2026 9:38,26.5,95.3,125.8
9/16/2026 9:39,26.6,95.7,127.5
9/16/2026 9:39,26.6,95.7,118.3
9/16/2026 9:40,26.6,95.9,105
9/16/2026 9:40,26.6,95.2,112.5
9/16/2026 9:41,26.6,95.3,122.5
9/16/2026 9:41,26.6,95.5,130.8
9/16/2026 9:42,26.7,95.8,130
9/16/2026 9:42,26.7,95.1,129.2
9/16/2026 9:43,26.7,94.1,129.2
9/16/2026 9:43,26.7,93.7,128.3
9/16/2026 9:44,26.7,93.6,128.3
9/16/2026 9:44,26.7,94.1,128.3
9/16/2026 9:45,26.7,94.4,130
9/16/2026 9:45,26.7,95.1,127.5
9/16/2026 9:46,26.7,95.1,125.8
9/16/2026 9:46,26.8,94.8,127.5
9/16/2026 9:47,26.8,94.7,127.5
9/16/2026 9:47,26.8,93.3,128.3
9/16/2026 9:48,26.8,93.1,125.8
9/16/2026 9:48,26.8,93.3,121.7
9/16/2026 9:49,26.8,92.9,122.5
9/16/2026 9:49,26.8,93.9,125
9/16/2026 9:50,26.8,93.8,128.3
9/16/2026 9:50,26.8,93.4,129.2
9/16/2026 9:51,26.8,94.4,129.2
9/16/2026 9:51,26.8,94.8,127.5
9/16/2026 9:52,26.9,93.8,125
9/16/2026 9:52,26.9,93.7,122.5
9/16/2026 9:53,26.9,93.4,120.8
9/16/2026 9:53,27,93,118.3
9/16/2026 9:54,27,93,103.3
9/16/2026 9:54,27,93.1,85.8
9/16/2026 9:55,27,92.3,82.5
9/16/2026 9:55,27,92,92.5
9/16/2026 9:56,27,92.9,120
9/16/2026 9:56,27,93.1,126.7
9/16/2026 9:57,27,93.4,128.3
9/16/2026 9:57,27,92.6,124.2
9/16/2026 9:58,27,92.2,119.2
9/16/2026 9:58,27,93,105.8
9/16/2026 9:59,27,93.5,92.5
9/16/2026 9:59,27,93.6,95
9/16/2026 10:00,27,93.6,102.5
9/16/2026 10:00,27.1,93.8,105.8
9/16/2026 10:01,27.1,93.3,105.8
9/16/2026 10:01,27.2,93.1,105.8
9/16/2026 10:02,27.2,93.2,109.2
9/16/2026 10:02,27.2,92.6,109.2
9/16/2026 10:03,27.3,92.6,109.2
9/16/2026 10:03,27.3,92.2,110
9/16/2026 10:04,27.3,92.6,109.2
9/16/2026 10:04,27.3,92,109.2
9/16/2026 10:05,27.3,90.7,110
9/16/2026 10:05,27.3,90.1,112.5
9/16/2026 10:06,27.3,90.9,114.2
9/16/2026 10:06,27.3,90,115
9/16/2026 10:07,27.3,90.5,116.7
9/16/2026 10:07,27.3,91.4,116.7
9/16/2026 10:08,27.3,91.9,116.7
9/16/2026 10:08,27.3,91.5,115
9/16/2026 10:09,27.4,91.5,112.5
9/16/2026 10:09,27.4,89.7,108.3
9/16/2026 10:10,27.3,90.9,103.3
9/16/2026 10:10,27.3,91.6,100.8
9/16/2026 10:11,27.3,91.7,100
9/16/2026 10:11,27.4,90.2,102.5
9/16/2026 10:12,27.4,90.1,105
9/16/2026 10:12,27.4,89.8,109.2
9/16/2026 10:13,27.3,90.9,110
9/16/2026 10:13,27.4,90,110.8
9/16/2026 10:14,27.3,89.4,111.7
9/16/2026 10:14,27.3,90.8,112.5
9/16/2026 10:15,27.3,91.7,112.5
9/16/2026 10:15,27.3,92.1,112.5
9/16/2026 10:16,27.4,92.3,112.5
9/16/2026 10:16,27.4,92.2,112.5
9/16/2026 10:17,27.5,91.9,111.7
9/16/2026 10:17,27.5,91.9,111.7
9/16/2026 10:18,27.5,92,110.8
9/16/2026 10:18,27.6,91.2,110
9/16/2026 10:19,27.6,90.6,105.8
9/16/2026 10:19,27.6,90.4,103.3
9/16/2026 10:20,27.6,91.1,100
9/16/2026 10:20,27.6,91.4,97.5
9/16/2026 10:21,27.6,90.6,96.7
9/16/2026 10:21,27.6,90.3,95.8
9/16/2026 10:22,27.6,89.3,96.7
9/16/2026 10:22,27.6,89.1,100.8
9/16/2026 10:23,27.6,90.9,104.2
9/16/2026 10:23,27.6,91.3,105.8
9/16/2026 10:24,27.6,90.3,103.3
9/16/2026 10:24,27.6,89.6,100.8
9/16/2026 10:25,27.6,89.7,100
9/16/2026 10:25,27.6,90.9,103.3
9/16/2026 10:26,27.6,90.5,110.8
9/16/2026 10:26,27.6,90.8,115
9/16/2026 10:27,27.6,90.6,118.3
9/16/2026 10:27,27.6,90.3,120.8
9/16/2026 10:28,27.6,89.8,123.3
9/16/2026 10:28,27.6,89.9,125
9/16/2026 10:29,27.6,89.8,125.8
9/16/2026 10:29,27.6,88.3,125.8
9/16/2026 10:30,27.6,88.4,126.7
9/16/2026 10:30,27.5,89,126.7
9/16/2026 10:31,27.5,89,127.5
9/16/2026 10:31,27.5,89.5,126.7
9/16/2026 10:32,27.5,89.1,126.7
9/16/2026 10:32,27.4,89.2,125.8
9/16/2026 10:33,27.4,89.9,125
9/16/2026 10:33,27.4,90.4,124.2
9/16/2026 10:34,27.4,90.9,124.2
9/16/2026 10:34,27.4,91.6,124.2
9/16/2026 10:35,27.4,91.5,123.3
9/16/2026 10:35,27.4,90.8,122.5
9/16/2026 10:36,27.5,90.3,122.5
9/16/2026 10:36,27.5,91,121.7
9/16/2026 10:37,27.5,90.4,120.8
9/16/2026 10:37,27.5,89,119.2
9/16/2026 10:38,27.5,89.9,116.7
9/16/2026 10:38,27.5,89.6,117.5
9/16/2026 10:39,27.5,89,117.5
9/16/2026 10:39,27.5,88.2,117.5
9/16/2026 10:40,27.5,88.9,115.8
9/16/2026 10:40,27.5,89.7,114.2
9/16/2026 10:41,27.5,90,113.3
9/16/2026 10:41,27.5,90.5,111.7
9/16/2026 10:42,27.5,90.8,110.8
9/16/2026 10:42,27.5,90.9,110
9/16/2026 10:43,27.5,91.3,109.2
9/16/2026 10:43,27.5,91.6,105.8
9/16/2026 10:44,27.5,90.2,104.2
9/16/2026 10:44,27.5,88.9,103.3
9/16/2026 10:45,27.5,88.3,103.3
9/16/2026 10:45,27.5,89.2,104.2
9/16/2026 10:46,27.5,89,104.2
9/16/2026 10:46,27.5,89.7,104.2
9/16/2026 10:47,27.5,90,103.3
9/16/2026 10:47,27.4,89.8,103.3
9/16/2026 10:48,27.4,88.5,103.3
9/16/2026 10:48,27.4,88.6,103.3
9/16/2026 10:49,27.4,89,104.2
9/16/2026 10:49,27.4,90,105
9/16/2026 10:50,27.4,89,105
9/16/2026 10:50,27.3,88.2,105
9/16/2026 10:51,27.3,88.8,104.2
9/16/2026 10:51,27.3,88.9,105
9/16/2026 10:52,27.3,89.4,103.3
9/16/2026 10:52,27.3,90.2,101.7
9/16/2026 10:53,27.3,89.9,100
9/16/2026 10:53,27.3,89.8,96.7
9/16/2026 10:54,27.3,89.2,94.2
9/16/2026 10:54,27.3,88.1,90.8
9/16/2026 10:55,27.3,88.9,86.7
9/16/2026 10:55,27.3,90.3,81.7
9/16/2026 10:56,27.4,89.6,79.2
9/16/2026 10:56,27.3,88.7,75.8
9/16/2026 10:57,27.3,89.3,71.7
9/16/2026 10:57,27.3,89.4,65.8
9/16/2026 10:58,27.3,89.7,60
9/16/2026 10:58,27.4,90.3,56.7
9/16/2026 10:59,27.3,90.1,55.8
9/16/2026 10:59,27.4,90.3,55.8
9/16/2026 11:00,27.4,89.5,57.5
9/16/2026 11:00,27.3,89.7,60
9/16/2026 11:01,27.3,90.8,63.3
9/16/2026 11:01,27.4,91.2,65.8
9/16/2026 11:02,27.4,91.7,67.5
9/16/2026 11:02,27.4,92.3,67.5
9/16/2026 11:03,27.4,92.1,68.3
9/16/2026 11:03,27.4,90.9,69.2
9/16/2026 11:04,27.4,90.6,70
9/16/2026 11:04,27.4,89.8,68.3
9/16/2026 11:05,27.4,90.7,65.8
9/16/2026 11:05,27.4,91.1,65
9/16/2026 11:06,27.4,91.3,65
9/16/2026 11:06,27.4,91.3,67.5
9/16/2026 11:07,27.4,91.7,72.5
9/16/2026 11:07,27.4,91.7,79.2
9/16/2026 11:08,27.4,91.2,85
9/16/2026 11:08,27.4,90.8,87.5
9/16/2026 11:09,27.4,89.1,86.7
9/16/2026 11:09,27.4,89.9,84.2
9/16/2026 11:10,27.4,90.3,84.2
9/16/2026 11:10,27.4,92.2,85.8
9/16/2026 11:11,27.4,92.9,90.8
9/16/2026 11:11,27.4,92.4,95
9/16/2026 11:12,27.5,91.6,98.3
9/16/2026 11:12,27.5,91,97.5
9/16/2026 11:13,27.5,91.4,93.3
9/16/2026 11:13,27.5,91.4,88.3
9/16/2026 11:14,27.5,92.2,85
9/16/2026 11:14,27.5,92.1,85
9/16/2026 11:15,27.5,92.8,89.2
9/16/2026 11:15,27.5,93.4,92.5
9/16/2026 11:16,27.5,92.9,95
9/16/2026 11:16,27.5,92.9,97.5
9/16/2026 11:17,27.5,92.8,99.2
9/16/2026 11:17,27.6,92.1,100
9/16/2026 11:18,27.6,91.4,100
9/16/2026 11:18,27.6,91.6,100.8
9/16/2026 11:19,27.6,91.6,99.2
9/16/2026 11:20,27.6,91.3,98.3
9/16/2026 11:20,27.6,91.9,96.7
9/16/2026 11:21,27.6,91.5,93.3
9/16/2026 11:21,27.6,91.4,88.3
9/16/2026 11:22,27.6,91.2,83.3
9/16/2026 11:22,27.6,91.4,80.8
9/16/2026 11:23,27.6,90.8,80
9/16/2026 11:23,27.7,89.8,79.2
9/16/2026 11:24,27.6,90.1,76.7
9/16/2026 11:24,27.7,90.7,75
9/16/2026 11:25,27.6,90.3,77.5
9/16/2026 11:25,27.6,88.9,80
9/16/2026 11:26,27.6,89.5,79.2
9/16/2026 11:26,27.6,90.4,78.3
9/16/2026 11:27,27.6,90.8,78.3
9/16/2026 11:27,27.6,91.1,79.2
9/16/2026 11:28,27.6,91.5,79.2
9/16/2026 11:28,27.7,91.6,78.3
9/16/2026 11:29,27.7,90.8,79.2
9/16/2026 11:29,27.7,90.9,81.7
9/16/2026 11:30,27.7,90.7,82.5
9/16/2026 11:30,27.7,89.4,83.3
9/16/2026 11:31,27.7,88.9,85
9/16/2026 11:31,27.6,88.8,86.7
9/16/2026 11:32,27.6,88.6,86.7
9/16/2026 11:32,27.6,88.7,85.8
9/16/2026 11:33,27.5,89.1,85.8
9/16/2026 11:33,27.5,90.2,86.7
9/16/2026 11:34,27.5,90.7,89.2
9/16/2026 11:34,27.5,89.8,90
9/16/2026 11:35,27.5,89.9,90.8
9/16/2026 11:35,27.5,90.5,90.8
9/16/2026 11:36,27.4,90.3,90
9/16/2026 11:36,27.4,90.9,88.3
9/16/2026 11:37,27.4,91.3,87.5
9/16/2026 11:37,27.4,91.6,88.3
9/16/2026 11:38,27.4,90.8,89.2
9/16/2026 11:38,27.4,91.3,90.8
9/16/2026 11:39,27.4,90.7,90.8
9/16/2026 11:39,27.4,90.2,85
9/16/2026 11:40,27.4,90.5,90
9/16/2026 11:40,27.4,91.3,90
9/16/2026 11:41,27.4,91.7,91.7
9/16/2026 11:41,27.4,91.8,90.8
9/16/2026 11:42,27.4,92.2,91.7
9/16/2026 11:42,27.4,92,92.5
9/16/2026 11:43,27.5,92.2,93.3
9/16/2026 11:43,27.5,92.2,94.2
9/16/2026 11:44,27.5,92.3,94.2
9/16/2026 11:44,27.5,91.1,94.2
9/16/2026 11:45,27.5,91.5,95
9/16/2026 11:45,27.5,91.7,94.2
9/16/2026 11:46,27.6,91.6,95
9/16/2026 11:46,27.6,91.3,95
9/16/2026 11:47,27.6,90.7,95
9/16/2026 11:47,27.6,89,94.2
9/16/2026 11:48,27.5,90.2,95
9/16/2026 11:48,27.6,89,95
9/16/2026 11:49,27.5,88.4,95
9/16/2026 11:49,27.5,88.5,95
9/16/2026 11:50,27.5,88.5,95
9/16/2026 11:50,27.5,88.8,94.2
9/16/2026 11:51,27.5,88.8,94.2
9/16/2026 11:51,27.5,89.2,82.5
9/16/2026 11:52,27.5,89.9,92.5
9/16/2026 11:52,27.6,89.1,90
9/16/2026 11:53,27.6,88.8,80
9/16/2026 11:53,27.7,90.1,83.3
9/16/2026 11:54,27.7,91.7,85.8
9/16/2026 11:54,27.8,91.5,81.7
9/16/2026 11:55,27.9,89.4,77.5
9/16/2026 11:55,28,88.6,75.8
9/16/2026 11:56,28,89.1,79.2
9/16/2026 11:56,28,89.8,83.3
9/16/2026 11:57,28,88.9,85.8
9/16/2026 11:57,28,90,85.8
9/16/2026 11:58,28.1,89.5,85
9/16/2026 11:58,28.1,88.2,79.2
9/16/2026 11:59,28.1,87.7,77.5
9/16/2026 11:59,28.1,88.8,75
9/16/2026 12:00,28.1,86.6,75
9/16/2026 12:00,28,89.6,75
9/16/2026 12:01,28.1,90.5,75.8
9/16/2026 12:01,28.1,89.4,77.5
9/16/2026 12:02,28.1,88.3,81.7
9/16/2026 12:02,28.1,87,84.2
9/16/2026 12:03,28.1,86.4,85
9/16/2026 12:03,28.1,86.3,87.5
9/16/2026 12:04,28.1,87.2,87.5
9/16/2026 12:04,28.1,87.2,87.5
9/16/2026 12:05,28,87.9,89.2
9/16/2026 12:05,28,88.5,77.5
9/16/2026 12:06,28,89.3,88.3
9/16/2026 12:06,28,89.7,88.3
9/16/2026 12:07,28,89.4,85.8
9/16/2026 12:07,28,88.3,84.2
9/16/2026 12:08,28,90,83.3
9/16/2026 12:08,28,88.4,85
9/16/2026 12:09,27.9,87.8,85
9/16/2026 12:09,27.9,88.7,84.2
9/16/2026 12:10,27.9,90.2,82.5
9/16/2026 12:10,27.9,90.5,80
9/16/2026 12:11,27.9,89.1,80.8
9/16/2026 12:11,27.9,88,81.7
9/16/2026 12:12,27.8,89.8,80.8
9/16/2026 12:12,27.8,89.3,80
9/16/2026 12:13,27.8,89.3,78.3
9/16/2026 12:13,27.8,90,77.5
9/16/2026 12:14,27.8,90.5,76.7
9/16/2026 12:14,27.8,91.1,77.5
9/16/2026 12:15,27.8,91.7,77.5
9/16/2026 12:15,27.7,90.9,77.5
9/16/2026 12:16,27.7,91.6,76.7
9/16/2026 12:16,27.7,91.5,75.8
9/16/2026 12:17,27.8,91.1,74.2
9/16/2026 12:17,27.7,90.7,73.3
9/16/2026 12:18,27.7,90.5,75.8
9/16/2026 12:18,27.7,90.7,78.3
9/16/2026 12:19,27.7,91.1,78.3
9/16/2026 12:19,27.7,90.4,79.2
9/16/2026 12:20,27.7,91.2,80
9/16/2026 12:20,27.8,91,79.2
9/16/2026 12:21,27.7,90.2,77.5
9/16/2026 12:21,27.8,90.9,71.7
9/16/2026 12:22,27.8,90.1,69.2
9/16/2026 12:22,27.9,90.2,62.5
9/16/2026 12:23,27.9,90.2,51.7
9/16/2026 12:23,27.9,89.9,51.7
9/16/2026 12:24,27.9,90.4,55.8
9/16/2026 12:24,27.9,90.1,59.2
9/16/2026 12:25,27.9,89.3,64.2
9/16/2026 12:25,28,90.4,71.7
9/16/2026 12:26,28,90.3,73.3
9/16/2026 12:26,27.9,90.2,75.8
9/16/2026 12:27,27.9,90.9,74.2
9/16/2026 12:27,27.9,90.7,68.3
9/16/2026 12:28,27.8,91.2,77.5
9/16/2026 12:28,27.8,91.1,78.3
9/16/2026 12:29,27.8,91.4,77.5
9/16/2026 12:29,27.7,91.1,78.3
9/16/2026 12:30,27.8,89.5,80
9/16/2026 12:30,27.7,89.5,82.5
9/16/2026 12:31,27.7,88.7,78.3
9/16/2026 12:31,27.8,89.8,86.7
9/16/2026 12:32,27.8,90.2,83.3
9/16/2026 12:32,27.8,90.8,85.8
9/16/2026 12:33,27.8,90.4,80.8
9/16/2026 12:33,27.8,93.7,76.7
9/16/2026 12:34,27.9,91.4,70
9/16/2026 12:34,27.9,92.5,67.5
9/16/2026 12:35,28,91.8,66.7
9/16/2026 12:35,28,91.7,68.3
9/16/2026 12:36,28.1,92.2,70.8
9/16/2026 12:36,28.1,90.7,74.2
9/16/2026 12:37,28.1,89.8,79.2
9/16/2026 12:37,28.1,92.4,84.2
9/16/2026 12:38,28.2,91.9,87.5
9/16/2026 12:38,28.2,91.3,90.8
9/16/2026 12:39,28.3,89.7,91.7
9/16/2026 12:39,28.3,89.4,91.7
9/16/2026 12:40,28.2,89.6,90.8
9/16/2026 12:40,28.3,88.3,91.7
9/16/2026 12:41,28.2,88.4,95
9/16/2026 12:41,28.2,92.1,96.7
9/16/2026 12:42,28.3,90,87.5
9/16/2026 12:42,28.3,88,97.5
9/16/2026 12:43,28.3,88.2,89.2
9/16/2026 12:43,28.3,87.1,89.2
9/16/2026 12:44,28.3,86.8,87.5
9/16/2026 12:44,28.3,87.3,82.5
9/16/2026 12:45,28.3,87.9,65.8
9/16/2026 12:45,28.3,87.6,68.3
9/16/2026 12:46,28.2,87.9,69.2
9/16/2026 12:46,28.1,88,66.7
9/16/2026 12:47,28.1,86.8,65
9/16/2026 12:47,28.1,86.8,63.3
9/16/2026 12:48,28,86.9,60
9/16/2026 12:48,28,88.4,48.3
9/16/2026 12:49,28,90.2,61.7
9/16/2026 12:50,28,89.9,62.5
9/16/2026 12:50,28,89.6,56.7
9/16/2026 12:51,28,88.7,61.7
9/16/2026 12:51,27.9,89.3,60.8
9/16/2026 12:52,27.9,88.5,60.8
9/16/2026 12:52,27.9,88.6,60.8
9/16/2026 12:53,27.9,89.4,55.8
9/16/2026 12:53,27.9,89.4,64.2
9/16/2026 12:54,27.9,88.8,65.8
9/16/2026 12:54,28,88.6,70.8
9/16/2026 12:55,28,88.1,73.3
9/16/2026 12:55,28,88.3,82.5
9/16/2026 12:56,28,87.9,85.8
9/16/2026 12:56,28,88.3,88.3
9/16/2026 12:57,28,88,79.2
9/16/2026 12:57,28,87.6,80.8
9/16/2026 12:58,28,88.6,77.5
9/16/2026 12:59,28,89.3,80.8
9/16/2026 12:59,28,89,79.2
9/16/2026 12:59,28,90.1,76.7
9/16/2026 13:00,28,89.7,75
9/16/2026 13:00,27.9,89.2,75
9/16/2026 13:01,27.9,89.6,73.3
9/16/2026 13:01,27.9,89.9,69.2
9/16/2026 13:02,27.8,90.5,65
9/16/2026 13:02,27.8,90.8,51.7
9/16/2026 13:03,27.8,91.2,50.8
9/16/2026 13:03,27.8,92.1,47.5
9/16/2026 13:04,27.9,91.6,49.2
9/16/2026 13:04,27.8,92.1,51.7
9/16/2026 13:05,27.8,91.7,55
9/16/2026 13:05,27.8,92.1,52.5
9/16/2026 13:06,27.8,91.7,50
9/16/2026 13:06,27.8,92.2,47.5
9/16/2026 13:07,27.8,91.4,45
9/16/2026 13:07,27.8,91,43.3
9/16/2026 13:08,27.7,91.2,46.7
9/16/2026 13:09,27.7,91.2,50.8
9/16/2026 13:09,27.6,91,55.8
9/16/2026 13:09,27.6,91.5,58.3
9/16/2026 13:10,27.6,92.4,58.3
9/16/2026 13:10,27.6,93.1,56.7
9/16/2026 13:11,27.6,93.5,55
9/16/2026 13:11,27.6,92.9,51.7
9/16/2026 13:12,27.6,93.4,50
9/16/2026 13:12,27.6,92.7,47.5
9/16/2026 13:13,27.6,93.2,46.7
9/16/2026 13:13,27.6,93.1,45.8
9/16/2026 13:14,27.6,93.1,47.5
9/16/2026 13:14,27.6,92.9,48.3
9/16/2026 13:15,27.6,92.9,48.3
9/16/2026 13:15,27.6,92.6,49.2
9/16/2026 13:16,27.6,91.8,51.7
9/16/2026 13:16,27.6,92.4,55.8
9/16/2026 13:17,27.6,92.3,59.2
9/16/2026 13:17,27.6,92.8,63.3
9/16/2026 13:18,27.6,92.7,69.2
9/16/2026 13:19,27.5,93.4,74.2
9/16/2026 13:19,27.6,92.5,77.5
9/16/2026 13:20,27.5,93.2,78.3
9/16/2026 13:20,27.5,93.9,78.3
9/16/2026 13:21,27.5,93.7,77.5
9/16/2026 13:21,27.5,93.6,74.2
9/16/2026 13:22,27.5,92.7,70
9/16/2026 13:22,27.5,92.4,65
9/16/2026 13:23,27.5,92.1,60
9/16/2026 13:23,27.4,92.7,55.8
9/16/2026 13:24,27.5,92.9,51.7
9/16/2026 13:24,27.4,94.3,50.8
9/16/2026 13:25,27.5,93.8,51.7
9/16/2026 13:25,27.5,93.3,56.7
9/16/2026 13:26,27.5,93.1,60
9/16/2026 13:26,27.5,93.2,61.7
9/16/2026 13:27,27.5,92.7,61.7
9/16/2026 13:27,27.5,92.5,60.8
9/16/2026 13:28,27.4,92,60.8
9/16/2026 13:28,27.4,92.7,61.7
9/16/2026 13:29,27.4,93.5,63.3
9/16/2026 13:29,27.4,93.1,65.8
9/16/2026 13:30,27.4,93.1,67.5
9/16/2026 13:30,27.3,92.7,67.5
9/16/2026 13:31,27.3,93,67.5
9/16/2026 13:31,27.3,92.6,69.2
9/16/2026 13:32,27.2,92.8,70.8
9/16/2026 13:32,27.2,93,71.7
9/16/2026 13:33,27.2,93.8,71.7
9/16/2026 13:33,27.2,93.9,71.7
9/16/2026 13:34,27.2,94.6,70.8
9/16/2026 13:34,27.2,94.6,69.2
9/16/2026 13:35,27.2,94.4,68.3
9/16/2026 13:35,27.2,94.6,68.3
9/16/2026 13:36,27.2,94.3,69.2
9/16/2026 13:36,27.2,94.1,69.2
9/16/2026 13:37,27.2,94.2,68.3
9/16/2026 13:37,27.2,94.3,66.7
9/16/2026 13:38,27.2,94.5,62.5
9/16/2026 13:38,27.2,94.4,59.2
9/16/2026 13:39,27.2,94.5,56.7
9/16/2026 13:39,27.2,94.3,55
9/16/2026 13:40,27.2,94.8,52.5
9/16/2026 13:40,27.2,94.8,51.7
9/16/2026 13:41,27.2,94.9,50.8
9/16/2026 13:41,27.2,94.9,49.2
9/16/2026 13:42,27.2,94.9,47.5
9/16/2026 13:42,27.2,95,45
9/16/2026 13:43,27.2,94.9,42.5
9/16/2026 13:43,27.2,94.5,40.8
9/16/2026 13:44,27.2,93.6,38.3
9/16/2026 13:44,27.2,93.8,35.8
9/16/2026 13:45,27.2,94,33.3
9/16/2026 13:45,27.2,94.6,33.3
9/16/2026 13:46,27.3,94.5,35
9/16/2026 13:46,27.3,94.7,36.7
9/16/2026 13:47,27.3,94.7,39.2
9/16/2026 13:47,27.3,94.5,40
9/16/2026 13:48,27.3,94.4,40
9/16/2026 13:48,27.3,94,39.2
9/16/2026 13:49,27.3,94.1,38.3
9/16/2026 13:49,27.3,93.6,37.5
9/16/2026 13:50,27.3,94.3,35.8
9/16/2026 13:50,27.3,94.1,35
9/16/2026 13:51,27.3,94.2,34.2
9/16/2026 13:51,27.3,94.1,34.2
9/16/2026 13:52,27.3,93.9,34.2
9/16/2026 13:52,27.3,94,35
9/16/2026 13:53,27.3,94.5,35
9/16/2026 13:53,27.3,95,35
9/16/2026 13:54,27.3,94.9,35
9/16/2026 13:54,27.3,95,35
9/16/2026 13:55,27.3,94.8,35
9/16/2026 13:55,27.3,94.9,35
9/16/2026 13:56,27.3,94.5,35.8
9/16/2026 13:56,27.3,94.9,37.5
9/16/2026 13:57,27.3,94.7,39.2
9/16/2026 13:57,27.3,94.7,41.7
9/16/2026 13:58,27.3,94.8,42.5
9/16/2026 13:58,27.3,94.5,44.2
9/16/2026 13:59,27.3,94.7,45.8
9/16/2026 13:59,27.3,94.4,48.3
9/16/2026 14:00,27.3,94.2,49.2
9/16/2026 14:00,27.3,94,49.2
9/16/2026 14:01,27.3,94.4,47.5
9/16/2026 14:01,27.3,94.7,45
9/16/2026 14:02,27.3,94.9,42.5
9/16/2026 14:02,27.3,94.1,39.2
9/16/2026 14:03,27.2,94,37.5
9/16/2026 14:03,27.2,93.8,39.2
9/16/2026 14:04,27.2,93.9,41.7
9/16/2026 14:04,27.2,94.1,42.5
9/16/2026 14:05,27.2,94,43.3
9/16/2026 14:05,27.1,94.4,44.2
9/16/2026 14:06,27.2,94.9,45
9/16/2026 14:06,27.2,94.4,48.3
9/16/2026 14:07,27.2,94.5,50
9/16/2026 14:07,27.2,94.1,50
9/16/2026 14:08,27.2,94,50
9/16/2026 14:08,27.2,94.7,50.8
9/16/2026 14:09,27.2,95,51.7
9/16/2026 14:09,27.2,95,52.5
9/16/2026 14:10,27.2,95,52.5
9/16/2026 14:10,27.2,95.2,52.5
9/16/2026 14:11,27.2,95.1,52.5
9/16/2026 14:11,27.2,94.7,52.5
9/16/2026 14:12,27.2,95,52.5
9/16/2026 14:12,27.2,94.8,51.7
9/16/2026 14:13,27.1,94.7,38.3
9/16/2026 14:13,27.1,94.9,37.5
9/16/2026 14:14,27.1,95.2,37.5
9/16/2026 14:14,27.1,94.7,36.7
9/16/2026 14:15,27.1,94.4,35.8
9/16/2026 14:15,27.1,94.5,35.8
9/16/2026 14:16,27.1,94.8,35.8
9/16/2026 14:16,27.1,95,35.8
9/16/2026 14:17,27.1,95.3,35
9/16/2026 14:17,27,95.6,35
9/16/2026 14:18,27,95.5,34.2
9/16/2026 14:18,27,95.8,33.3
9/16/2026 14:19,27.1,95.9,34.2
9/16/2026 14:19,27.1,95.7,35.8
9/16/2026 14:20,27.1,95.5,35.8
9/16/2026 14:20,27.1,95.7,35.8
9/16/2026 14:21,27.1,95.5,35
9/16/2026 14:21,27.1,95.9,33.3
9/16/2026 14:22,27.1,95.8,31.7
9/16/2026 14:22,27.1,95.6,30.8
9/16/2026 14:23,27.1,95.3,30.8
9/16/2026 14:23,27.1,95.4,30
9/16/2026 14:24,27.1,95.4,29.2
9/16/2026 14:24,27.1,95.3,29.2
9/16/2026 14:25,27,95.1,28.3
9/16/2026 14:25,27,95.3,27.5
9/16/2026 14:26,27,95.1,26.7
9/16/2026 14:26,27,95.3,25
9/16/2026 14:27,27,95.4,24.2
9/16/2026 14:27,26.9,95.4,23.3
9/16/2026 14:28,26.9,95.5,22.5
9/16/2026 14:28,26.9,95.6,20.8
9/16/2026 14:29,26.9,95.1,20
9/16/2026 14:29,26.9,95.1,20.8
9/16/2026 14:30,26.9,95.6,22.5
9/16/2026 14:30,26.8,95.8,24.2
9/16/2026 14:31,26.8,95.9,25.8
9/16/2026 14:31,26.8,96.4,27.5
9/16/2026 14:32,26.9,96.3,28.3
9/16/2026 14:32,26.9,95.9,29.2
9/16/2026 14:33,26.9,95.8,29.2
9/16/2026 14:33,26.9,95.9,30
9/16/2026 14:34,26.9,95.9,30.8
9/16/2026 14:34,26.9,95.9,31.7
9/16/2026 14:35,26.9,96,33.3
9/16/2026 14:35,26.9,95.9,35
9/16/2026 14:36,26.9,96,37.5
9/16/2026 14:36,26.9,96.1,38.3
9/16/2026 14:37,26.9,95.9,39.2
9/16/2026 14:37,26.9,96.1,39.2
9/16/2026 14:38,26.9,95.8,39.2
9/16/2026 14:38,26.9,95.9,38.3
9/16/2026 14:39,27,96.1,38.3
9/16/2026 14:39,27,96.3,37.5
9/16/2026 14:40,27,96.2,37.5
9/16/2026 14:40,27,96.4,38.3
9/16/2026 14:41,27,96.3,38.3
9/16/2026 14:41,27,96,38.3
9/16/2026 14:42,27,96.1,38.3
9/16/2026 14:42,27,95.9,38.3
9/16/2026 14:43,27,95.6,38.3
9/16/2026 14:43,27,95.5,38.3
9/16/2026 14:44,27,95.8,38.3
9/16/2026 14:44,27,95.9,39.2
9/16/2026 14:45,27,95.8,39.2
9/16/2026 14:45,27,96,40
9/16/2026 14:46,27,95.8,40.8
9/16/2026 14:46,27,96.2,42.5
9/16/2026 14:47,27,96.2,42.5
9/16/2026 14:47,27.1,96,42.5
9/16/2026 14:48,27.1,95.9,42.5
9/16/2026 14:48,27.1,95.8,42.5
9/16/2026 14:49,27.1,95.8,41.7
9/16/2026 14:49,27.1,95.9,41.7
9/16/2026 14:50,27.1,95.9,40
9/16/2026 14:50,27.1,95.9,39.2
9/16/2026 14:51,27.1,95.9,39.2
9/16/2026 14:51,27.1,95.7,39.2
9/16/2026 14:52,27.2,95.5,39.2
9/16/2026 14:52,27.2,95.5,40.8
9/16/2026 14:53,27.2,95.2,41.7
9/16/2026 14:53,27.1,95.2,40.8
9/16/2026 14:54,27.2,95.1,40
9/16/2026 14:54,27.1,95.2,39.2
9/16/2026 14:55,27.1,95.2,38.3
9/16/2026 14:55,27.1,95.1,39.2
9/16/2026 14:56,27.1,95.3,40
9/16/2026 14:56,27.1,95.2,40.8
9/16/2026 14:57,27.1,95.1,42.5
9/16/2026 14:57,27.1,95,43.3
9/16/2026 14:58,27,95.5,43.3
9/16/2026 14:58,27,95.1,44.2
9/16/2026 14:59,27,95.3,43.3
9/16/2026 14:59,27,95.8,43.3
9/16/2026 15:00,27,95.9,43.3
9/16/2026 15:00,27,96.1,44.2
9/16/2026 15:01,27,95.7,44.2
9/16/2026 15:01,27,95.6,43.3
9/16/2026 15:02,27,95.7,42.5
9/16/2026 15:02,27,95.8,42.5
9/16/2026 15:03,27,95.7,41.7
9/16/2026 15:03,27,95.9,40.8
9/16/2026 15:04,27,96.1,40.8
9/16/2026 15:04,27,96.4,40
9/16/2026 15:05,27,96.3,39.2
9/16/2026 15:05,27,96,39.2
9/16/2026 15:06,27.1,95.9,40
9/16/2026 15:06,27.1,95.9,40.8
9/16/2026 15:07,27.1,95.9,40.8
9/16/2026 15:07,27.1,95.9,41.7
9/16/2026 15:08,27.1,95.8,42.5
9/16/2026 15:08,27.1,95.8,42.5
9/16/2026 15:09,27.1,95.5,42.5
9/16/2026 15:09,27.1,95.4,42.5
9/16/2026 15:10,27.1,95.7,41.7
9/16/2026 15:10,27.1,95.7,41.7
9/16/2026 15:11,27.1,95.5,41.7
9/16/2026 15:11,27.1,95.5,43.3
9/16/2026 15:12,27,95.7,45
9/16/2026 15:12,27,95.9,45.8
9/16/2026 15:13,27,96.1,46.7
9/16/2026 15:13,27,96.4,47.5
9/16/2026 15:14,27,96.6,48.3
9/16/2026 15:14,27,96.7,48.3
9/16/2026 15:15,27,96.8,48.3
9/16/2026 15:15,27,96.6,48.3
9/16/2026 15:16,27,96.3,48.3
9/16/2026 15:16,27,96.3,49.2
9/16/2026 15:17,27,96.5,49.2
9/16/2026 15:17,27,96.5,49.2
9/16/2026 15:18,27,97.1,49.2
9/16/2026 15:18,27,97.1,50
9/16/2026 15:19,27.1,97,50.8
9/16/2026 15:19,27.1,96.6,50.8
9/16/2026 15:20,27.1,96.6,50.8
9/16/2026 15:20,27.1,96.6,50.8
9/16/2026 15:21,27.2,96.3,50.8
9/16/2026 15:21,27.2,96.2,50.8
9/16/2026 15:22,27.2,95.9,50.8
9/16/2026 15:22,27.3,95.8,50
9/16/2026 15:23,27.3,95.6,48.3
9/16/2026 15:23,27.3,95.6,45.8
9/16/2026 15:24,27.3,95.8,43.3
9/16/2026 15:24,27.3,95.2,41.7
9/16/2026 15:25,27.3,95,40.8
9/16/2026 15:25,27.3,95.2,40
9/16/2026 15:26,27.3,95.1,38.3
9/16/2026 15:26,27.3,94.9,35.8
9/16/2026 15:27,27.3,95,32.5
9/16/2026 15:27,27.2,95.1,31.7
9/16/2026 15:28,27.2,94.8,30.8
9/16/2026 15:28,27.2,94.9,30
9/16/2026 15:29,27.2,94.9,28.3
9/16/2026 15:29,27.2,94.8,26.7
9/16/2026 15:30,27.1,94.7,25
9/16/2026 15:30,27.1,94.5,25
9/16/2026 15:31,27.1,94.7,25
9/16/2026 15:31,27,95.1,25.8
9/16/2026 15:32,27.1,95.5,26.7
9/16/2026 15:32,27.1,95.6,27.5
9/16/2026 15:33,27,95.8,27.5
9/16/2026 15:33,27,95.8,26.7
9/16/2026 15:34,27,96.1,23.3
9/16/2026 15:34,27,96.2,22.5
9/16/2026 15:35,27,96.1,21.7
9/16/2026 15:35,27,96.4,21.7
9/16/2026 15:36,27,96.5,20.8
9/16/2026 15:36,27,96.2,20
9/16/2026 15:37,27,96.5,18.3
9/16/2026 15:37,27,96.2,18.3
9/16/2026 15:38,27,96.1,17.5
9/16/2026 15:38,27,96.3,17.5
9/16/2026 15:39,27,96.1,16.7
9/16/2026 15:39,27,96,15
9/16/2026 15:40,27,96.2,14.2
9/16/2026 15:40,27,96,14.2
9/16/2026 15:41,27,96,13.3
9/16/2026 15:41,27,96.2,13.3
9/16/2026 15:42,27,96.2,13.3
9/16/2026 15:42,27,96.3,13.3
9/16/2026 15:43,26.9,96,13.3
9/16/2026 15:43,26.9,95.9,13.3
9/16/2026 15:44,26.9,96.3,13.3
9/16/2026 15:44,26.9,96.3,13.3
9/16/2026 15:45,26.9,96.7,13.3
9/16/2026 15:45,26.9,97,12.5
9/16/2026 15:46,26.9,96.8,12.5
9/16/2026 15:46,26.9,96.4,11.7
9/16/2026 15:47,26.9,96.4,11.7
9/16/2026 15:47,26.9,96.5,10.8
9/16/2026 15:48,26.9,96.3,10
9/16/2026 15:48,26.8,96.5,10
9/16/2026 15:49,26.9,96.8,10.8
9/16/2026 15:49,26.9,96.5,11.7
9/16/2026 15:50,26.8,96.5,10.8
9/16/2026 15:50,26.8,96.8,10
9/16/2026 15:51,26.8,97.1,10.8
9/16/2026 15:51,26.8,97.2,11.7
9/16/2026 15:52,26.8,97.2,11.7
9/16/2026 15:52,26.8,97.1,11.7
9/16/2026 15:53,26.8,97.2,11.7
9/16/2026 15:53,26.8,97.2,11.7
9/16/2026 15:54,26.8,97,10.8
9/16/2026 15:54,26.8,97.3,10.8
9/16/2026 15:55,26.8,97.3,10
9/16/2026 15:55,26.8,97.4,10
9/16/2026 15:56,26.8,97.3,10
9/16/2026 15:56,26.8,97.5,10
9/16/2026 15:57,26.8,97.4,9.2
9/16/2026 15:57,26.8,97.1,9.2
9/16/2026 15:58,26.8,97.1,8.3
9/16/2026 15:58,26.8,97.1,8.3
9/16/2026 15:59,26.8,97.3,8.3
9/16/2026 15:59,26.8,97.5,9.2
9/16/2026 16:00,26.8,97.2,10
9/16/2026 16:00,26.8,97.1,10
9/16/2026 16:01,26.8,97,9.2
9/16/2026 16:01,26.8,97,9.2
9/16/2026 16:02,26.7,97.2,9.2
9/16/2026 16:02,26.7,97.5,10
9/16/2026 16:03,26.8,97.5,10
9/16/2026 16:03,26.8,97.4,10
9/16/2026 16:04,26.8,97.2,9.2
9/16/2026 16:04,26.8,97.4,8.3
9/16/2026 16:05,26.8,97.3,7.5
9/16/2026 16:05,26.8,97.1,6.7
9/16/2026 16:06,26.8,97.1,6.7
9/16/2026 16:06,26.8,97,6.7
9/16/2026 16:07,26.8,97,8.3
9/16/2026 16:07,26.8,96.9,8.3
9/16/2026 16:08,26.8,96.9,7.5
9/16/2026 16:08,26.8,97,7.5
9/16/2026 16:09,26.8,96.9,6.7
9/16/2026 16:09,26.8,97,6.7
9/16/2026 16:10,26.8,96.9,6.7
9/16/2026 16:10,26.8,97,6.7
9/16/2026 16:11,26.7,97.3,7.5
9/16/2026 16:11,26.8,97.3,7.5
9/16/2026 16:12,26.8,97.2,7.5
9/16/2026 16:12,26.8,97.1,7.5
9/16/2026 16:13,26.8,97.1,22.5
9/16/2026 16:13,26.8,96.9,23.3
9/16/2026 16:14,26.8,96.9,24.2
9/16/2026 16:14,26.8,97.2,25.8
9/16/2026 16:15,26.9,97.2,26.7
9/16/2026 16:15,26.9,97.2,29.2
9/16/2026 16:16,26.9,97.3,30
9/16/2026 16:16,26.9,96.7,32.5
9/16/2026 16:17,26.9,96.3,35
9/16/2026 16:17,26.9,96.3,38.3
9/16/2026 16:18,26.9,96.1,40.8
9/16/2026 16:18,26.8,96.2,42.5
9/16/2026 16:19,26.8,96.6,42.5
9/16/2026 16:19,26.9,96.8,40.8
9/16/2026 16:20,26.9,97,39.2
9/16/2026 16:20,26.9,97.1,38.3
9/16/2026 16:21,26.9,97,37.5
9/16/2026 16:21,26.9,97,35.8
9/16/2026 16:22,27,97,33.3
9/16/2026 16:22,27,96.8,31.7
9/16/2026 16:23,27,96.3,30
9/16/2026 16:23,27,96,30
9/16/2026 16:24,27,95.8,29.2
9/16/2026 16:24,27,95.8,30
9/16/2026 16:25,27,96.3,30
9/16/2026 16:25,27,96.5,29.2
9/16/2026 16:26,27,96.3,28.3
9/16/2026 16:26,27,96.1,26.7
9/16/2026 16:27,27,96,25
9/16/2026 16:27,26.9,96.2,23.3
9/16/2026 16:28,26.9,96.5,22.5
9/16/2026 16:28,26.9,96.3,21.7
9/16/2026 16:29,26.9,96.2,20.8
9/16/2026 16:29,26.9,96.1,20
9/16/2026 16:30,26.9,96.1,20
9/16/2026 16:30,26.9,96.3,19.2
9/16/2026 16:31,26.9,96.2,19.2
9/16/2026 16:31,26.8,96.4,19.2
9/16/2026 16:32,26.8,96.5,20
9/16/2026 16:32,26.8,96.6,20.8
9/16/2026 16:33,26.8,96.6,22.5
9/16/2026 16:33,26.8,96.8,24.2
9/16/2026 16:34,26.8,97.2,24.2
9/16/2026 16:34,26.8,97.3,24.2
9/16/2026 16:35,26.8,97.2,23.3
9/16/2026 16:35,26.8,97.3,22.5
9/16/2026 16:36,26.8,97.4,23.3
9/16/2026 16:36,26.8,97.5,23.3
9/16/2026 16:37,26.9,97.6,22.5
9/16/2026 16:37,26.9,97.5,21.7
9/16/2026 16:38,26.9,97.5,21.7
9/16/2026 16:38,26.9,97.2,21.7
9/16/2026 16:39,26.9,97.1,21.7
9/16/2026 16:39,26.9,97.2,22.5
9/16/2026 16:40,26.9,97.1,21.7
9/16/2026 16:40,26.9,97.4,22.5
9/16/2026 16:41,27,97.4,23.3
9/16/2026 16:41,27,97.4,23.3
9/16/2026 16:42,27,97.4,22.5
9/16/2026 16:42,27,97.2,21.7
