timestamp,temperature,humidity,light
2026-09-10 17:40:41,26.9,86.7,13.3
2026-09-10 17:41:11,26.9,87.5,13.3
2026-09-10 17:41:41,26.8,88.1,14.2
2026-09-10 17:42:11,26.8,87.4,14.2
2026-09-10 17:42:41,26.8,88.2,14.2
2026-09-10 17:43:11,26.8,87.9,14.2
2026-09-10 17:43:41,26.9,87.5,28.3
2026-09-10 17:44:11,26.9,88.1,29.2
2026-09-10 17:44:41,26.9,88.6,29.2
2026-09-10 17:45:11,27.0,88.8,31.7
2026-09-10 17:45:41,27.0,88.8,30.8
2026-09-10 17:46:11,27.1,87.7,30.0
2026-09-10 17:46:41,27.1,86.8,29.2
2026-09-10 17:47:11,27.2,87.5,30.0
2026-09-10 17:47:41,27.2,85.8,30.0
2026-09-10 17:48:11,27.2,85.2,30.0
2026-09-10 17:48:41,27.2,85.2,29.2
2026-09-10 17:49:11,27.2,86.1,30.8
2026-09-10 17:49:41,27.2,86.6,30.8
2026-09-10 17:50:11,27.2,86.9,29.2
2026-09-10 17:50:41,27.3,87.1,29.2
2026-09-10 17:51:11,27.3,86.8,30.0
2026-09-10 17:51:41,27.3,87.2,29.2
2026-09-10 17:52:11,27.3,86.4,28.3
2026-09-10 17:52:41,27.3,85.9,28.3
2026-09-10 17:53:11,27.3,85.9,28.3
2026-09-10 17:53:41,27.3,86.1,28.3
2026-09-10 17:54:11,27.2,86.3,28.3
2026-09-10 17:54:41,27.2,86.1,29.2
2026-09-10 17:55:11,27.2,86.4,28.3
2026-09-10 17:55:41,27.1,87.3,29.2
2026-09-10 17:56:11,27.2,86.8,28.3
2026-09-10 17:56:41,27.2,87.3,29.2
2026-09-10 17:57:11,27.2,86.9,28.3
2026-09-10 17:57:41,27.3,85.6,28.3
2026-09-10 17:58:11,27.3,85.5,28.3
2026-09-10 17:58:41,27.3,85.9,28.3
2026-09-10 17:59:11,27.3,86.0,28.3
2026-09-10 17:59:41,27.2,86.1,28.3
2026-09-10 18:00:11,27.2,85.4,28.3
2026-09-10 18:00:41,27.2,85.3,28.3
2026-09-10 18:01:11,27.1,85.6,28.3
2026-09-10 18:01:41,27.1,85.7,28.3
2026-09-10 18:02:11,27.1,86.6,27.5
2026-09-10 18:02:41,27.1,86.3,27.5
2026-09-10 18:03:11,27.1,86.1,28.3
2026-09-10 18:03:41,27.1,86.2,27.5
2026-09-10 18:04:11,27.1,86.4,28.3
2026-09-10 18:04:41,27.0,86.6,28.3
2026-09-10 18:05:11,27.0,86.9,27.5
2026-09-10 18:05:41,27.0,86.1,27.5
2026-09-10 18:06:11,27.0,86.5,27.5
2026-09-10 18:06:41,27.0,86.9,28.3
2026-09-10 18:07:11,27.0,86.8,27.5
2026-09-10 18:07:41,27.0,86.8,27.5
2026-09-10 18:08:11,27.0,87.0,27.5
2026-09-10 18:08:41,27.0,86.9,27.5
2026-09-10 18:09:11,27.0,86.5,27.5
2026-09-10 18:09:41,27.0,86.6,27.5
2026-09-10 18:10:11,26.9,87.3,27.5
2026-09-10 18:10:41,27.0,87.5,26.7
2026-09-10 18:11:11,27.0,88.2,27.5
2026-09-10 18:11:41,27.0,87.4,26.7
2026-09-10 18:12:11,27.1,86.7,27.5
2026-09-10 18:12:41,27.1,86.8,26.7
2026-09-10 18:13:11,27.1,85.9,27.5
2026-09-10 18:13:41,27.1,85.8,26.7
2026-09-10 18:14:11,27.1,86.2,27.5
2026-09-10 18:14:41,27.2,86.6,27.5
2026-09-10 18:15:11,27.2,85.9,26.7
2026-09-10 18:15:41,27.2,85.2,26.7
2026-09-10 18:16:11,27.2,85.7,27.5
2026-09-10 18:16:41,27.3,86.6,27.5
2026-09-10 18:17:11,27.3,86.3,26.7
2026-09-10 18:17:41,27.4,86.0,26.7
2026-09-10 18:18:11,27.4,85.7,26.7
2026-09-10 18:18:41,27.4,85.3,26.7
2026-09-10 18:19:11,27.4,85.0,25.8
2026-09-10 18:19:41,27.4,84.9,26.7
2026-09-10 18:20:11,27.4,84.9,25.8
2026-09-10 18:20:41,27.4,85.7,26.7
2026-09-10 18:21:11,27.4,85.8,26.7
2026-09-10 18:21:41,27.4,85.2,26.7
2026-09-10 18:22:11,27.4,85.4,26.7
2026-09-10 18:22:41,27.4,85.5,26.7
2026-09-10 18:23:11,27.4,85.7,26.7
2026-09-10 18:23:41,27.4,85.1,26.7
2026-09-10 18:24:11,27.4,85.6,26.7
2026-09-10 18:24:41,27.5,84.9,26.7
2026-09-10 18:25:11,27.5,85.2,26.7
2026-09-10 18:25:41,27.5,84.7,26.7
2026-09-10 18:26:11,27.6,84.6,26.7
2026-09-10 18:26:41,27.6,84.3,26.7
2026-09-10 18:27:11,27.6,83.8,26.7
2026-09-10 18:27:41,27.7,83.8,26.7
2026-09-10 18:28:11,27.7,83.1,26.7
2026-09-10 18:28:41,27.7,84.2,26.7
2026-09-10 18:29:11,27.7,84.5,26.7
2026-09-10 18:29:41,27.7,83.5,26.7
2026-09-10 18:30:11,27.7,83.8,26.7
2026-09-10 18:30:41,27.7,84.4,26.7
2026-09-10 18:31:11,27.6,84.9,26.7
2026-09-10 18:31:41,27.7,84.6,26.7
2026-09-10 18:32:11,27.7,84.5,26.7
2026-09-10 18:32:41,27.7,83.7,26.7
2026-09-10 18:33:11,27.7,83.7,26.7
2026-09-10 18:33:41,27.7,83.9,26.7
2026-09-10 18:34:11,27.6,84.2,26.7
2026-09-10 18:34:41,27.6,83.9,27.5
2026-09-10 18:35:11,27.6,84.1,26.7
2026-09-10 18:35:41,27.6,84.1,27.5
2026-09-10 18:36:11,27.5,84.7,27.5
2026-09-10 18:36:41,27.5,84.4,27.5
2026-09-10 18:37:11,27.5,84.8,27.5
2026-09-10 18:37:41,27.5,84.8,27.5
2026-09-10 18:38:11,27.5,84.6,27.5
2026-09-10 18:38:41,27.5,84.5,27.5
2026-09-10 18:39:11,27.5,84.8,27.5
2026-09-10 18:39:41,27.5,84.7,27.5
2026-09-10 18:40:11,27.5,84.4,27.5
2026-09-10 18:40:41,27.5,83.9,27.5
2026-09-10 18:41:11,27.5,84.2,27.5
2026-09-10 18:41:41,27.5,83.8,27.5
2026-09-10 18:42:11,27.5,84.4,27.5
2026-09-10 18:42:41,27.4,84.2,29.2
2026-09-10 18:43:11,27.4,84.3,29.2
2026-09-10 18:43:41,27.4,84.0,27.5
2026-09-10 18:44:11,27.4,84.0,27.5
2026-09-10 18:44:41,27.3,83.9,27.5
2026-09-10 18:45:11,27.3,84.5,27.5
2026-09-10 18:45:41,27.3,85.1,29.2
2026-09-10 18:46:11,27.3,84.7,27.5
2026-09-10 18:46:41,27.3,85.5,27.5
2026-09-10 18:47:11,27.3,85.6,27.5
2026-09-10 18:47:41,27.3,86.1,27.5
2026-09-10 18:48:11,27.4,85.5,27.5
2026-09-10 18:48:41,27.4,85.8,27.5
2026-09-10 18:49:11,27.5,86.0,27.5
2026-09-10 18:49:41,27.5,85.9,27.5
2026-09-10 18:50:11,27.6,85.1,28.3
2026-09-10 18:50:41,27.6,85.3,42.5
2026-09-10 18:51:11,27.7,84.5,42.5
2026-09-10 18:51:41,27.7,83.2,43.3
2026-09-10 18:52:11,27.7,83.3,43.3
2026-09-10 18:52:41,27.8,83.4,42.5
2026-09-10 18:53:11,27.7,83.0,41.7
2026-09-10 18:53:41,27.7,82.8,42.5
2026-09-10 18:54:11,27.6,82.8,41.7
2026-09-10 18:54:41,27.6,83.7,42.5
2026-09-10 18:55:11,27.5,83.8,41.7
2026-09-10 18:55:41,27.5,83.8,41.7
2026-09-10 18:56:11,27.4,83.6,41.7
2026-09-10 18:56:41,27.4,83.5,42.5
2026-09-10 18:57:11,27.3,84.6,41.7
2026-09-10 18:57:41,27.3,85.3,41.7
2026-09-10 18:58:11,27.3,85.6,41.7
2026-09-10 18:58:41,27.3,85.5,41.7
2026-09-10 18:59:11,27.3,85.5,41.7
2026-09-10 18:59:41,27.3,85.0,41.7
2026-09-10 19:00:11,27.4,84.7,40.8
2026-09-10 19:00:41,27.4,84.8,40.8
2026-09-10 19:01:11,27.4,83.6,41.7
2026-09-10 19:01:41,27.4,84.0,41.7
2026-09-10 19:02:11,27.4,84.1,41.7
2026-09-10 19:02:41,27.3,84.6,44.2
2026-09-10 19:03:11,27.3,87.0,42.5
2026-09-10 19:03:41,27.3,88.1,42.5
2026-09-10 19:04:11,27.4,87.1,41.7
2026-09-10 19:04:41,27.4,86.4,42.5
2026-09-10 19:05:11,27.5,85.8,41.7
2026-09-10 19:05:41,27.5,85.2,42.5
2026-09-10 19:06:11,27.5,86.1,42.5
2026-09-10 19:06:41,27.5,85.6,42.5
2026-09-10 19:07:11,27.6,85.6,41.7
2026-09-10 19:07:41,27.6,84.6,42.5
2026-09-10 19:08:11,27.6,84.3,41.7
2026-09-10 19:08:41,27.6,85.1,41.7
2026-09-10 19:09:11,27.6,84.0,42.5
2026-09-10 19:09:41,27.5,83.7,42.5
2026-09-10 19:10:11,27.5,83.5,42.5
2026-09-10 19:10:41,27.5,83.7,42.5
2026-09-10 19:11:11,27.4,84.2,42.5
2026-09-10 19:11:41,27.4,85.7,42.5
2026-09-10 19:12:11,27.3,87.2,42.5
2026-09-10 19:12:41,27.4,87.7,42.5
2026-09-10 19:13:11,27.4,86.0,42.5
2026-09-10 19:13:41,27.4,86.3,42.5
2026-09-10 19:14:11,27.5,86.8,42.5
2026-09-10 19:14:41,27.5,84.8,42.5
2026-09-10 19:15:11,27.5,83.9,42.5
2026-09-10 19:15:41,27.5,84.1,43.3
2026-09-10 19:16:11,27.5,84.1,42.5
2026-09-10 19:16:41,27.5,84.4,42.5
2026-09-10 19:17:11,27.4,84.4,43.3
2026-09-10 19:17:41,27.4,84.5,43.3
2026-09-10 19:18:11,27.3,84.4,42.5
2026-09-10 19:18:41,27.3,85.5,42.5
2026-09-10 19:19:11,27.3,85.7,41.7
2026-09-10 19:19:41,27.3,85.7,41.7
2026-09-10 19:20:11,27.3,85.1,42.5
2026-09-10 19:20:41,27.3,85.3,43.3
2026-09-10 19:21:11,27.3,85.3,42.5
2026-09-10 19:21:41,27.3,86.1,42.5
2026-09-10 19:22:11,27.3,85.4,43.3
2026-09-10 19:22:41,27.3,85.6,42.5
2026-09-10 19:23:11,27.3,84.9,45.0
2026-09-10 19:23:41,27.3,85.1,45.0
2026-09-10 19:24:11,27.3,84.8,43.3
2026-09-10 19:24:41,27.3,84.8,43.3
2026-09-10 19:25:11,27.3,85.7,45.0
2026-09-10 19:25:41,27.4,85.7,44.2
2026-09-10 19:26:11,27.4,86.4,45.0
2026-09-10 19:26:41,27.4,85.8,45.0
2026-09-10 19:27:11,27.4,85.6,44.2
2026-09-10 19:27:41,27.5,85.2,45.0
2026-09-10 19:28:11,27.5,85.9,45.0
2026-09-10 19:28:41,27.5,85.2,45.0
2026-09-10 19:29:11,27.5,83.6,44.2
2026-09-10 19:29:41,27.5,83.8,45.0
2026-09-10 19:30:11,27.5,83.4,44.2
2026-09-10 19:30:41,27.5,84.5,44.2
2026-09-10 19:31:11,27.5,84.5,45.0
2026-09-10 19:31:41,27.5,84.6,45.0
2026-09-10 19:32:11,27.5,84.9,45.0
2026-09-10 19:32:41,27.6,84.8,44.2
2026-09-10 19:33:11,27.7,84.1,45.0
2026-09-10 19:33:41,27.7,83.9,45.0
2026-09-10 19:34:11,27.7,83.6,44.2
2026-09-10 19:34:41,27.7,83.9,45.0
2026-09-10 19:35:11,27.7,83.9,45.0
2026-09-10 19:35:41,27.7,83.4,45.0
2026-09-10 19:36:11,27.7,83.2,45.0
2026-09-10 19:36:41,27.7,83.6,45.0
2026-09-10 19:37:11,27.6,83.8,45.0
2026-09-10 19:37:41,27.6,84.1,45.0
2026-09-10 19:38:11,27.5,84.4,45.0
2026-09-10 19:38:41,27.5,84.5,45.0
2026-09-10 19:39:11,27.4,84.7,44.2
2026-09-10 19:39:41,27.4,85.3,44.2
2026-09-10 19:40:11,27.3,85.2,44.2
2026-09-10 19:40:41,27.3,85.4,44.2
2026-09-10 19:41:11,27.3,86.4,44.2
2026-09-10 19:41:41,27.3,86.8,44.2
2026-09-10 19:42:11,27.3,86.1,45.0
2026-09-10 19:42:41,27.3,85.4,44.2
2026-09-10 19:43:11,27.3,86.5,45.0
2026-09-10 19:43:41,27.3,85.3,44.2
2026-09-10 19:44:11,27.3,84.7,44.2
2026-09-10 19:44:41,27.3,84.8,45.0
2026-09-10 19:45:11,27.3,86.4,45.0
2026-09-10 19:45:41,27.3,87.0,45.0
2026-09-10 19:46:11,27.3,85.7,44.2
2026-09-10 19:46:41,27.4,87.1,45.0
2026-09-10 19:47:11,27.4,86.4,45.0
2026-09-10 19:47:41,27.4,86.6,42.5
2026-09-10 19:48:11,27.5,86.5,45.0
2026-09-10 19:48:41,27.5,84.6,44.2
2026-09-10 19:49:11,27.5,85.9,44.2
2026-09-10 19:49:41,27.5,86.0,44.2
2026-09-10 19:50:11,27.6,85.3,44.2
2026-09-10 19:50:41,27.6,84.0,45.0
2026-09-10 19:51:11,27.6,84.0,44.2
2026-09-10 19:51:41,27.6,84.8,44.2
2026-09-10 19:52:11,27.5,85.6,45.0
2026-09-10 19:52:41,27.6,85.7,45.0
2026-09-10 19:53:11,27.6,84.5,44.2
2026-09-10 19:53:41,27.6,85.6,44.2
2026-09-10 19:54:11,27.6,84.5,44.2
2026-09-10 19:54:41,27.6,84.9,44.2
2026-09-10 19:55:11,27.7,85.5,44.2
2026-09-10 19:55:41,27.7,84.4,45.0
2026-09-10 19:56:11,27.7,84.0,44.2
2026-09-10 19:56:41,27.7,84.4,44.2
2026-09-10 19:57:11,27.7,84.5,45.0
2026-09-10 19:57:41,27.7,83.2,45.0
2026-09-10 19:58:11,27.7,83.8,45.0
2026-09-10 19:58:41,27.7,84.4,45.0
2026-09-10 19:59:11,27.7,85.3,44.2
2026-09-10 19:59:41,27.7,84.8,44.2
2026-09-10 20:00:11,27.7,85.0,45.0
2026-09-10 20:00:41,27.7,83.6,44.2
2026-09-10 20:01:11,27.7,84.7,44.2
2026-09-10 20:01:41,27.7,84.1,44.2
2026-09-10 20:02:11,27.7,83.0,44.2
2026-09-10 20:02:41,27.6,84.3,44.2
2026-09-10 20:03:11,27.6,84.5,44.2
2026-09-10 20:03:41,27.6,84.4,44.2
2026-09-10 20:04:11,27.6,84.1,44.2
2026-09-10 20:04:41,27.6,84.3,45.0
2026-09-10 20:05:11,27.6,84.8,44.2
2026-09-10 20:05:41,27.5,84.8,44.2
2026-09-10 20:06:11,27.5,85.3,45.0
2026-09-10 20:06:41,27.5,85.5,44.2
2026-09-10 20:07:11,27.5,85.0,44.2
2026-09-10 20:07:41,27.5,85.6,43.3
2026-09-10 20:08:11,27.5,85.2,44.2
2026-09-10 20:08:41,27.5,84.5,44.2
2026-09-10 20:09:11,27.5,85.6,44.2
2026-09-10 20:09:41,27.5,85.6,45.0
2026-09-10 20:10:11,27.5,86.4,44.2
2026-09-10 20:10:41,27.6,86.8,44.2
2026-09-10 20:11:11,27.6,86.0,44.2
2026-09-10 20:11:41,27.6,83.8,45.0
2026-09-10 20:12:11,27.6,83.7,44.2
2026-09-10 20:12:41,27.6,84.6,44.2
2026-09-10 20:13:11,27.6,85.1,45.0
2026-09-10 20:13:41,27.6,85.5,45.0
2026-09-10 20:14:11,27.6,84.7,45.0
2026-09-10 20:14:41,27.6,83.4,45.0
2026-09-10 20:15:11,27.6,84.6,45.0
2026-09-10 20:15:41,27.6,83.9,45.0
2026-09-10 20:16:11,27.6,83.6,44.2
2026-09-10 20:16:41,27.6,84.3,44.2
2026-09-10 20:17:11,27.6,84.3,44.2
2026-09-10 20:17:41,27.7,84.2,44.2
2026-09-10 20:18:11,27.7,83.4,43.3
2026-09-10 20:18:41,27.7,83.9,44.2
2026-09-10 20:19:11,27.7,84.1,44.2
2026-09-10 20:19:41,27.7,83.8,43.3
2026-09-10 20:20:11,27.7,83.1,44.2
2026-09-10 20:20:41,27.7,83.5,44.2
2026-09-10 20:21:11,27.7,83.9,44.2
2026-09-10 20:21:41,27.7,84.6,44.2
2026-09-10 20:22:11,27.7,84.4,44.2
2026-09-10 20:22:41,27.7,84.4,44.2
2026-09-10 20:23:11,27.7,84.8,44.2
2026-09-10 20:23:41,27.7,84.3,44.2
2026-09-10 20:24:11,27.7,83.8,44.2
2026-09-10 20:24:41,27.6,83.8,45.0
2026-09-10 20:25:11,27.6,84.5,44.2
2026-09-10 20:25:41,27.6,84.4,45.0
2026-09-10 20:26:11,27.6,84.0,45.0
2026-09-10 20:26:41,27.6,83.6,45.0
2026-09-10 20:27:11,27.6,83.3,45.0
2026-09-10 20:27:41,27.5,84.1,45.0
2026-09-10 20:28:11,27.5,84.3,45.0
2026-09-10 20:28:41,27.5,84.6,45.0
2026-09-10 20:29:11,27.5,84.6,44.2
2026-09-10 20:29:41,27.4,84.3,45.0
2026-09-10 20:30:11,27.3,84.6,45.0
2026-09-10 20:30:41,27.3,85.2,43.3
2026-09-10 20:31:11,27.2,85.0,44.2
2026-09-10 20:31:41,27.2,85.3,44.2
2026-09-10 20:32:11,27.1,85.6,43.3
2026-09-10 20:32:41,27.1,86.0,43.3
2026-09-10 20:33:11,27.1,86.3,43.3
2026-09-10 20:33:41,27.0,87.2,44.2
2026-09-10 20:34:11,27.0,87.1,44.2
2026-09-10 20:34:41,27.0,86.1,44.2
2026-09-10 20:35:11,27.0,86.3,44.2
2026-09-10 20:35:41,27.0,87.5,43.3
2026-09-10 20:36:11,27.0,88.0,42.5
2026-09-10 20:36:41,27.0,87.4,44.2
2026-09-10 20:37:11,27.0,87.4,43.3
2026-09-10 20:37:41,27.0,87.8,36.7
2026-09-10 20:38:11,27.0,86.5,25.8
2026-09-10 20:38:41,27.0,86.7,25.8
2026-09-10 20:39:11,27.0,87.8,18.3
2026-09-10 20:39:41,27.0,88.1,18.3
2026-09-10 20:40:11,27.1,87.8,17.5
2026-09-10 20:40:41,27.1,87.6,18.3
2026-09-10 20:41:11,27.1,87.0,16.7
2026-09-10 20:41:41,27.1,86.1,16.7
2026-09-10 20:42:11,27.1,86.2,17.5
2026-09-10 20:42:41,27.1,87.1,17.5
2026-09-10 20:43:11,27.1,86.7,17.5
2026-09-10 20:43:41,27.0,86.7,17.5
2026-09-10 20:44:11,27.0,86.6,17.5
2026-09-10 20:44:41,27.0,86.9,17.5
2026-09-10 20:45:11,26.9,87.1,17.5
2026-09-10 20:45:41,26.9,87.1,17.5
2026-09-10 20:46:11,26.9,87.3,17.5
2026-09-10 20:46:41,26.8,87.5,17.5
2026-09-10 20:47:11,26.8,87.2,18.3
2026-09-10 20:47:41,26.8,87.8,17.5
2026-09-10 20:48:11,26.8,88.3,17.5
2026-09-10 20:48:41,26.8,87.8,17.5
2026-09-10 20:49:11,26.8,87.2,17.5
2026-09-10 20:49:41,26.8,87.3,17.5
2026-09-10 20:50:11,26.8,88.0,17.5
2026-09-10 20:50:41,26.8,87.4,17.5
2026-09-10 20:51:11,26.8,87.8,17.5
2026-09-10 20:51:41,26.9,87.3,17.5
2026-09-10 20:52:11,26.9,86.6,17.5
2026-09-10 20:52:41,26.9,87.1,17.5
2026-09-10 20:53:11,27.0,87.9,17.5
2026-09-10 20:53:41,27.0,87.3,17.5
2026-09-10 20:54:11,27.0,88.1,17.5
2026-09-10 20:54:41,27.1,87.8,17.5
2026-09-10 20:55:11,27.1,86.8,17.5
2026-09-10 20:55:41,27.1,86.9,17.5
2026-09-10 20:56:11,27.1,87.7,17.5
2026-09-10 20:56:41,27.2,87.0,17.5
2026-09-10 20:57:11,27.2,86.5,17.5
2026-09-10 20:57:41,27.2,86.8,17.5
2026-09-10 20:58:11,27.2,86.3,17.5
2026-09-10 20:58:41,27.2,85.5,17.5
2026-09-10 20:59:11,27.2,85.7,17.5
2026-09-10 20:59:41,27.2,85.6,17.5
2026-09-10 21:00:11,27.3,86.0,17.5
2026-09-10 21:00:41,27.2,86.6,15.8
2026-09-10 21:01:11,27.2,86.1,15.8
2026-09-10 21:01:41,27.2,87.0,15.8
2026-09-10 21:02:11,27.2,86.8,15.8
2026-09-10 21:02:41,27.3,86.5,15.8
2026-09-10 21:03:11,27.3,85.7,15.8
2026-09-10 21:03:41,27.3,86.0,15.8
2026-09-10 21:04:11,27.3,86.0,15.8
2026-09-10 21:04:41,27.3,86.0,15.8
2026-09-10 21:05:11,27.3,85.6,15.8
2026-09-10 21:05:41,27.3,85.6,15.8
2026-09-10 21:06:11,27.3,85.2,15.8
2026-09-10 21:06:41,27.2,85.2,15.8
2026-09-10 21:07:11,27.2,85.1,15.8
2026-09-10 21:07:41,27.2,85.1,15.8
2026-09-10 21:08:11,27.2,85.5,15.8
2026-09-10 21:08:41,27.2,85.6,15.8
2026-09-10 21:09:11,27.2,86.2,15.8
2026-09-10 21:09:41,27.1,86.1,15.8
2026-09-10 21:10:11,27.1,86.6,15.8
2026-09-10 21:10:41,27.1,86.4,15.8
2026-09-10 21:11:11,27.1,86.4,15.8
2026-09-10 21:11:41,27.1,86.3,15.8
2026-09-10 21:12:11,27.1,86.2,15.8
2026-09-10 21:12:41,27.2,86.9,15.8
2026-09-10 21:13:11,27.2,86.7,15.8
2026-09-10 21:13:41,27.2,86.9,15.8
2026-09-10 21:14:11,27.1,87.0,15.8
2026-09-10 21:14:41,27.2,86.8,15.8
2026-09-10 21:15:11,27.1,86.9,15.8
2026-09-10 21:15:41,27.1,86.8,15.8
2026-09-10 21:16:11,27.1,87.0,15.8
2026-09-10 21:16:41,27.1,87.1,15.8
2026-09-10 21:17:11,27.1,87.5,15.8
2026-09-10 21:17:41,27.0,87.5,15.8
2026-09-10 21:18:11,27.0,88.0,15.8
2026-09-10 21:18:41,27.0,88.3,15.8
2026-09-10 21:19:11,27.0,87.7,15.8
2026-09-10 21:19:41,27.0,87.3,15.8
2026-09-10 21:20:11,27.0,87.4,15.8
2026-09-10 21:20:41,27.0,87.3,15.8
2026-09-10 21:21:11,27.0,86.7,15.8
2026-09-10 21:21:41,27.0,86.6,15.8
2026-09-10 21:22:11,27.0,87.0,15.8
2026-09-10 21:22:41,27.0,87.9,15.0
2026-09-10 21:23:11,27.0,87.9,15.0
2026-09-10 21:23:41,27.0,87.4,15.0
2026-09-10 21:24:11,27.1,87.0,15.0
2026-09-10 21:24:41,27.1,86.9,17.5
2026-09-10 21:25:11,27.0,87.0,16.7
2026-09-10 21:25:41,27.0,87.1,17.5
2026-09-10 21:26:11,27.0,87.9,16.7
2026-09-10 21:26:41,26.9,87.1,16.7
2026-09-10 21:27:11,26.9,86.8,16.7
2026-09-10 21:27:41,26.9,87.7,16.7
2026-09-10 21:28:11,26.9,87.3,16.7
2026-09-10 21:28:41,26.9,87.8,16.7
2026-09-10 21:29:11,26.9,88.3,17.5
2026-09-10 21:29:41,26.9,87.9,16.7
2026-09-10 21:30:11,26.9,88.0,16.7
2026-09-10 21:30:41,27.0,87.5,16.7
2026-09-10 21:31:11,27.0,87.4,17.5
2026-09-10 21:31:41,27.0,86.9,17.5
2026-09-10 21:32:11,27.0,88.3,16.7
2026-09-10 21:32:41,27.0,88.0,16.7
2026-09-10 21:33:11,27.0,87.5,17.5
2026-09-10 21:33:41,27.0,86.2,16.7
2026-09-10 21:34:11,27.0,86.5,16.7
2026-09-10 21:34:41,27.0,87.0,17.5
2026-09-10 21:35:11,27.0,87.3,16.7
2026-09-10 21:35:41,27.0,89.0,16.7
2026-09-10 21:36:11,27.1,88.3,17.5
2026-09-10 21:36:41,27.1,87.7,17.5
2026-09-10 21:37:11,27.2,87.8,15.8
2026-09-10 21:37:41,27.2,87.5,15.8
2026-09-10 21:38:11,27.2,87.2,16.7
2026-09-10 21:38:41,27.2,86.3,16.7
2026-09-10 21:39:11,27.2,86.2,15.0
2026-09-10 21:39:41,27.2,86.1,15.0
2026-09-10 21:40:11,27.1,86.2,15.0
2026-09-10 21:40:41,27.1,86.8,15.0
2026-09-10 21:41:11,27.1,86.2,15.0
2026-09-10 21:41:41,27.1,86.2,15.0
2026-09-10 21:42:11,27.1,86.5,15.0
2026-09-10 21:42:41,27.1,86.3,15.0
2026-09-10 21:43:11,27.1,85.9,15.0
2026-09-10 21:43:41,27.1,86.2,15.0
2026-09-10 21:44:11,27.1,86.6,15.0
2026-09-10 21:44:41,27.1,86.9,15.0
2026-09-10 21:45:14,27.1,87.0,15.0
2026-09-10 21:45:44,27.0,86.4,15.0
2026-09-10 21:46:14,27.0,86.2,17.5
2026-09-10 21:46:44,27.0,86.1,15.0
2026-09-10 21:47:14,27.0,86.7,15.0
2026-09-10 21:47:44,27.0,87.0,15.0
2026-09-10 21:48:14,27.0,87.7,15.0
2026-09-10 21:48:44,27.0,87.4,15.0
2026-09-10 21:49:14,27.0,86.7,15.0
2026-09-10 21:49:44,27.0,86.5,15.0
2026-09-10 21:50:14,27.0,86.6,15.0
2026-09-10 21:50:44,27.0,87.0,15.0
2026-09-10 21:51:14,27.0,87.7,15.0
2026-09-10 21:51:44,27.0,87.5,4.2
2026-09-10 21:52:14,27.1,87.4,4.2
2026-09-10 21:52:44,27.1,86.6,4.2
2026-09-10 21:53:14,27.1,87.0,4.2
2026-09-10 21:53:47,27.1,86.9,5.0
2026-09-10 21:54:17,27.1,86.6,4.2
2026-09-10 21:54:59,27.1,86.6,4.2
2026-09-10 21:55:28,27.1,86.3,4.2
2026-09-10 21:55:58,27.1,86.6,4.2
2026-09-10 21:56:28,27.1,86.8,5.0
2026-09-10 21:56:58,27.1,86.1,4.2
2026-09-10 21:57:28,27.0,86.4,4.2
2026-09-10 21:57:58,27.0,86.9,4.2
2026-09-10 21:58:28,27.0,87.3,4.2
2026-09-10 21:58:58,27.0,87.6,4.2
2026-09-10 21:59:28,27.0,87.3,4.2
2026-09-10 21:59:58,27.0,87.4,4.2
2026-09-10 22:00:28,27.0,87.8,4.2
2026-09-10 22:00:58,27.0,87.6,4.2
2026-09-10 22:01:28,27.0,87.5,4.2
2026-09-10 22:01:58,27.0,87.2,4.2
2026-09-10 22:02:28,27.0,87.1,4.2
2026-09-10 22:02:58,27.0,87.1,4.2
2026-09-10 22:03:28,27.1,86.7,4.2
2026-09-10 22:03:58,27.0,86.5,4.2
2026-09-10 22:04:28,27.0,86.8,4.2
2026-09-10 22:04:58,27.1,87.0,4.2
2026-09-10 22:05:28,27.1,87.3,4.2
2026-09-10 22:05:58,27.1,87.4,4.2
2026-09-10 22:06:28,27.1,87.4,4.2
2026-09-10 22:06:58,27.1,86.8,4.2
2026-09-10 22:07:28,27.1,86.4,5.0
2026-09-10 22:07:58,27.1,86.8,4.2
2026-09-10 22:08:28,27.1,86.4,4.2
2026-09-10 22:08:58,27.1,86.7,4.2
2026-09-10 22:09:28,27.1,86.4,4.2
2026-09-10 22:09:58,27.0,86.5,4.2
2026-09-10 22:10:28,27.0,86.8,4.2
2026-09-10 22:10:58,27.0,87.4,4.2
2026-09-10 22:11:28,27.0,87.6,4.2
2026-09-10 22:11:59,27.0,87.4,4.2
2026-09-10 22:12:29,27.0,87.5,4.2
2026-09-10 22:12:59,27.0,87.6,15.8
2026-09-10 22:13:29,27.0,87.5,17.5
2026-09-10 22:14:08,27.0,86.6,17.5
2026-09-10 22:14:35,27.1,86.5,15.0
2026-09-10 22:15:07,27.0,86.9,15.0
2026-09-10 22:15:37,27.0,86.7,15.8
2026-09-10 22:16:07,27.0,87.0,15.0
2026-09-10 22:16:37,27.0,87.2,15.8
2026-09-10 22:17:07,27.1,86.2,16.7
2026-09-10 22:17:37,27.1,87.0,15.8
2026-09-10 22:18:07,27.0,87.0,15.0
2026-09-10 22:18:37,27.1,87.0,15.0
2026-09-10 22:19:07,27.1,86.7,15.0
2026-09-10 22:19:37,27.1,86.3,15.0
2026-09-10 22:20:07,27.1,87.0,15.0
2026-09-10 22:20:37,27.1,87.0,15.0
2026-09-10 22:21:07,27.2,86.4,15.0
2026-09-10 22:21:37,27.2,85.8,15.8
2026-09-10 22:22:07,27.1,85.7,15.8
2026-09-10 22:22:37,27.1,85.3,15.8
2026-09-10 22:23:07,27.1,85.7,15.0
2026-09-10 22:23:37,27.1,85.7,15.8
2026-09-10 22:24:07,27.1,86.8,15.0
2026-09-10 22:24:37,27.0,86.6,15.0
2026-09-10 22:25:07,27.1,87.8,15.0
2026-09-10 22:25:37,27.1,87.1,15.8
2026-09-10 22:26:07,27.1,85.4,15.0
2026-09-10 22:26:37,27.1,85.9,15.0
2026-09-10 22:27:07,27.1,86.4,15.8
2026-09-10 22:27:37,27.1,85.9,15.0
2026-09-10 22:28:07,27.1,86.3,15.0
2026-09-10 22:28:37,27.1,86.8,15.0
2026-09-10 22:29:07,27.1,86.4,15.0
2026-09-10 22:29:37,27.1,86.9,15.8
2026-09-10 22:30:07,27.1,86.3,15.8
2026-09-10 22:30:37,27.2,86.6,15.8
2026-09-10 22:31:07,27.2,86.5,15.0
2026-09-10 22:31:37,27.2,85.5,15.0
2026-09-10 22:32:07,27.2,85.1,4.2
2026-09-10 22:32:37,27.2,85.5,4.2
2026-09-10 22:33:07,27.3,85.1,4.2
2026-09-10 22:33:37,27.3,84.8,4.2
2026-09-10 22:34:07,27.3,85.2,4.2
2026-09-10 22:34:37,27.2,85.1,4.2
2026-09-10 22:35:07,27.3,85.0,5.0
2026-09-10 22:35:37,27.2,84.8,4.2
2026-09-10 22:36:07,27.2,84.6,5.0
2026-09-10 22:36:37,27.1,85.1,4.2
2026-09-10 22:37:07,27.1,84.9,4.2
2026-09-10 22:37:37,27.1,85.4,4.2
2026-09-10 22:38:07,27.1,85.7,4.2
2026-09-10 22:38:37,27.1,85.2,4.2
2026-09-10 22:39:07,27.1,85.4,4.2
2026-09-10 22:39:37,27.0,85.9,4.2
2026-09-10 22:40:07,27.0,85.2,4.2
2026-09-10 22:40:37,27.0,85.3,4.2
2026-09-10 22:41:07,27.0,85.1,4.2
2026-09-10 22:41:37,27.0,85.3,4.2
2026-09-10 22:42:07,27.0,85.6,4.2
2026-09-10 22:42:37,27.0,85.7,4.2
2026-09-10 22:43:07,27.0,85.6,4.2
2026-09-10 22:43:37,27.0,86.1,4.2
2026-09-10 22:44:07,27.0,85.6,4.2
2026-09-10 22:44:37,27.0,85.6,5.0
2026-09-10 22:45:07,27.0,85.7,4.2
2026-09-10 22:45:37,27.0,85.8,4.2
2026-09-10 22:46:07,27.0,85.9,4.2
2026-09-10 22:46:37,27.0,86.7,4.2
2026-09-10 22:47:07,26.9,86.0,4.2
2026-09-10 22:47:37,27.0,86.5,4.2
2026-09-10 22:48:07,27.0,86.4,4.2
2026-09-10 22:48:37,27.0,86.4,4.2
2026-09-10 22:49:07,27.0,85.7,4.2
2026-09-10 22:49:37,27.0,86.0,4.2
2026-09-10 22:50:07,27.0,85.9,5.0
2026-09-10 22:50:37,27.0,85.8,4.2
2026-09-10 22:51:07,27.0,86.4,4.2
2026-09-10 22:51:37,27.0,86.7,4.2
2026-09-10 22:52:07,27.0,87.3,4.2
2026-09-10 22:52:37,27.0,86.9,4.2
2026-09-10 22:53:07,27.0,86.9,4.2
2026-09-10 22:53:37,26.9,87.1,4.2
2026-09-10 22:54:07,26.9,87.6,4.2
2026-09-10 22:54:37,26.9,87.5,5.0
2026-09-10 22:55:07,26.9,87.0,4.2
2026-09-10 22:55:37,26.9,87.1,4.2
2026-09-10 22:56:07,26.9,87.2,4.2
2026-09-10 22:56:37,26.9,87.2,5.0
2026-09-10 22:57:07,26.9,87.1,4.2
2026-09-10 22:57:37,26.9,87.0,5.8
2026-09-10 22:58:07,26.8,87.9,4.2
2026-09-10 22:58:37,26.9,87.4,4.2
2026-09-10 22:59:07,26.9,87.3,4.2
2026-09-10 22:59:37,26.9,87.2,4.2
2026-09-10 23:00:07,26.9,87.0,4.2
2026-09-10 23:00:37,27.0,86.5,4.2
2026-09-10 23:01:07,27.0,86.6,4.2
2026-09-10 23:01:37,27.0,87.2,4.2
2026-09-10 23:02:07,27.0,86.5,4.2
2026-09-10 23:02:37,27.0,86.9,5.8
2026-09-10 23:03:07,27.0,86.6,4.2
2026-09-10 23:03:37,27.0,87.0,4.2
2026-09-10 23:04:07,27.0,87.3,4.2
2026-09-10 23:04:37,27.0,86.9,4.2
2026-09-10 23:05:07,27.0,87.6,4.2
2026-09-10 23:05:37,27.0,87.5,4.2
2026-09-10 23:06:07,27.0,86.4,4.2
2026-09-10 23:06:37,27.0,86.4,4.2
2026-09-10 23:07:07,27.0,86.2,4.2
2026-09-10 23:07:37,27.0,86.7,4.2
2026-09-10 23:08:07,27.1,86.7,4.2
2026-09-10 23:08:37,27.1,86.7,5.0
2026-09-10 23:09:07,27.1,86.5,4.2
2026-09-10 23:09:37,27.1,86.0,4.2
2026-09-10 23:10:07,27.1,86.0,4.2
2026-09-10 23:10:37,27.2,85.5,5.0
2026-09-10 23:11:07,27.2,85.8,4.2
2026-09-10 23:11:37,27.2,85.5,4.2
2026-09-10 23:12:07,27.1,85.8,4.2
2026-09-10 23:12:37,27.1,86.1,4.2
2026-09-10 23:13:07,27.1,86.4,4.2
2026-09-10 23:13:37,27.1,86.7,4.2
2026-09-10 23:14:07,27.1,86.9,4.2
2026-09-10 23:14:37,27.1,86.6,4.2
2026-09-10 23:15:07,27.1,86.3,4.2
2026-09-10 23:15:37,27.0,87.0,4.2
2026-09-10 23:16:07,27.0,87.5,4.2
2026-09-10 23:16:37,27.0,87.8,4.2
2026-09-10 23:17:07,27.0,87.4,4.2
2026-09-10 23:17:37,27.0,87.2,4.2
2026-09-10 23:18:07,27.0,87.0,4.2
2026-09-10 23:18:37,27.0,86.9,4.2
2026-09-10 23:19:07,27.0,87.0,4.2
2026-09-10 23:19:37,27.0,87.3,4.2
2026-09-10 23:20:07,27.0,87.0,4.2
2026-09-10 23:20:37,27.0,86.9,4.2
2026-09-10 23:21:07,27.0,87.2,4.2
2026-09-10 23:21:37,27.0,87.6,4.2
2026-09-10 23:22:07,27.0,87.8,4.2
2026-09-10 23:22:37,27.0,87.7,4.2
2026-09-10 23:23:07,27.0,87.6,4.2
2026-09-10 23:23:37,27.0,87.8,4.2
2026-09-10 23:24:07,27.1,87.8,4.2
2026-09-10 23:24:37,27.1,87.9,4.2
2026-09-10 23:25:07,27.1,88.0,4.2
2026-09-10 23:25:37,27.1,88.2,4.2
2026-09-10 23:26:07,27.2,87.9,4.2
2026-09-10 23:26:37,27.2,87.8,4.2
2026-09-10 23:27:07,27.2,87.4,4.2
2026-09-10 23:27:37,27.2,87.8,4.2
2026-09-10 23:28:07,27.2,87.5,4.2
2026-09-10 23:28:37,27.2,87.2,4.2
2026-09-10 23:29:07,27.2,87.0,5.0
2026-09-10 23:29:37,27.3,86.2,4.2
2026-09-10 23:30:07,27.3,85.8,4.2
2026-09-10 23:30:37,27.2,86.6,5.0
2026-09-10 23:31:07,27.3,87.5,5.0
2026-09-10 23:31:37,27.3,86.9,5.0
2026-09-10 23:32:07,27.3,86.9,5.0
2026-09-10 23:32:37,27.3,86.2,5.0
2026-09-10 23:33:07,27.3,86.7,4.2
2026-09-10 23:33:37,27.3,86.8,4.2
2026-09-10 23:34:07,27.4,86.3,4.2
2026-09-10 23:34:37,27.4,86.5,4.2
2026-09-10 23:35:07,27.4,86.9,5.0
2026-09-10 23:35:37,27.4,86.2,5.8
2026-09-10 23:36:07,27.4,86.6,5.0
2026-09-10 23:36:37,27.4,86.0,5.0
2026-09-10 23:37:07,27.5,86.4,4.2
2026-09-10 23:37:37,27.5,86.4,5.0
2026-09-10 23:38:07,27.5,85.5,4.2
2026-09-10 23:38:37,27.4,85.4,4.2
2026-09-10 23:39:07,27.4,85.5,4.2
2026-09-10 23:39:37,27.4,85.4,4.2
2026-09-10 23:40:07,27.3,86.1,4.2
2026-09-10 23:40:37,27.3,86.3,4.2
2026-09-10 23:41:07,27.3,85.7,4.2
2026-09-10 23:41:37,27.3,86.1,4.2
2026-09-10 23:42:07,27.3,86.6,4.2
2026-09-10 23:42:37,27.3,86.3,4.2
2026-09-10 23:43:07,27.3,86.2,4.2
2026-09-10 23:43:37,27.3,86.7,4.2
2026-09-10 23:44:07,27.3,86.7,4.2
2026-09-10 23:44:37,27.2,86.5,5.0
2026-09-10 23:45:07,27.2,86.1,4.2
2026-09-10 23:45:37,27.2,86.8,5.0
2026-09-10 23:46:07,27.2,86.8,5.0
2026-09-10 23:46:37,27.2,86.1,4.2
2026-09-10 23:47:07,27.2,86.2,4.2
2026-09-10 23:47:37,27.2,87.6,5.0
2026-09-10 23:48:07,27.2,86.8,4.2
2026-09-10 23:48:37,27.2,86.6,5.0
2026-09-10 23:49:07,27.2,87.1,5.0
2026-09-10 23:49:37,27.2,87.1,5.0
2026-09-10 23:50:07,27.2,86.2,5.0
2026-09-10 23:50:37,27.2,86.5,5.0
2026-09-10 23:51:07,27.2,86.5,5.8
2026-09-10 23:51:37,27.2,86.9,4.2
2026-09-10 23:52:07,27.1,87.1,4.2
2026-09-10 23:52:37,27.1,86.7,4.2
2026-09-10 23:53:07,27.1,87.3,4.2
2026-09-10 23:53:37,27.1,87.5,5.0
2026-09-10 23:54:07,27.1,87.4,5.0
2026-09-10 23:54:37,27.1,87.3,5.0
2026-09-10 23:55:07,27.1,87.6,5.0
2026-09-10 23:55:37,27.0,87.3,4.2
2026-09-10 23:56:07,27.0,87.6,5.0
2026-09-10 23:56:37,27.0,88.0,5.0
2026-09-10 23:57:07,27.0,88.3,5.8
2026-09-10 23:57:37,27.0,88.1,4.2
2026-09-10 23:58:07,27.0,88.2,4.2
2026-09-10 23:58:37,27.0,87.9,4.2
2026-09-10 23:59:07,26.9,88.1,5.0
2026-09-10 23:59:37,26.9,88.2,4.2
2026-09-11 00:00:07,26.9,87.9,5.0
2026-09-11 00:00:37,26.9,88.0,5.0
2026-09-11 00:01:07,26.9,87.8,4.2
2026-09-11 00:01:37,26.9,88.4,4.2
2026-09-11 00:02:07,26.9,88.5,5.0
2026-09-11 00:02:37,26.9,88.3,5.0
2026-09-11 00:03:07,26.9,88.5,5.0
2026-09-11 00:03:37,26.9,87.9,4.2
2026-09-11 00:04:07,27.0,88.3,5.0
2026-09-11 00:04:37,27.0,87.9,4.2
2026-09-11 00:05:07,27.0,88.5,4.2
2026-09-11 00:05:37,27.0,88.2,4.2
2026-09-11 00:06:07,27.0,87.8,5.0
2026-09-11 00:06:37,27.0,87.8,4.2
2026-09-11 00:07:07,27.0,87.9,5.0
2026-09-11 00:07:37,27.1,86.9,4.2
2026-09-11 00:08:07,27.1,87.5,4.2
2026-09-11 00:08:37,27.1,87.6,4.2
2026-09-11 00:09:07,27.1,87.6,5.0
2026-09-11 00:09:37,27.1,87.4,5.0
2026-09-11 00:10:07,27.1,87.7,4.2
2026-09-11 00:10:37,27.1,87.9,4.2
2026-09-11 00:11:07,27.0,88.1,4.2
2026-09-11 00:11:37,27.0,88.4,4.2
2026-09-11 00:12:07,27.0,88.9,4.2
2026-09-11 00:12:37,27.0,88.6,4.2
2026-09-11 00:13:07,27.0,88.2,4.2
2026-09-11 00:13:37,27.0,87.7,4.2
2026-09-11 00:14:07,27.1,87.9,4.2
2026-09-11 00:14:37,27.1,88.2,4.2
2026-09-11 00:15:07,27.1,88.4,4.2
2026-09-11 00:15:37,27.0,88.6,4.2
2026-09-11 00:16:07,27.0,88.2,4.2
2026-09-11 00:16:37,27.0,88.4,4.2
2026-09-11 00:17:07,27.0,88.2,4.2
2026-09-11 00:17:37,27.0,88.1,4.2
2026-09-11 00:18:07,27.0,88.3,4.2
2026-09-11 00:18:37,27.0,88.6,4.2
2026-09-11 00:19:07,27.0,88.8,4.2
2026-09-11 00:19:37,27.0,87.9,4.2
2026-09-11 00:20:07,27.0,87.7,4.2
2026-09-11 00:20:37,27.0,88.0,4.2
2026-09-11 00:21:07,27.0,88.0,4.2
2026-09-11 00:21:37,27.0,88.4,4.2
2026-09-11 00:22:07,27.0,88.4,5.8
2026-09-11 00:22:37,27.0,89.0,4.2
2026-09-11 00:23:07,27.0,88.9,4.2
2026-09-11 00:23:37,27.0,88.9,4.2
2026-09-11 00:24:07,27.0,89.1,4.2
2026-09-11 00:24:37,27.0,89.3,0.0
2026-09-11 00:25:07,27.0,89.1,0.0
2026-09-11 00:25:37,27.0,89.0,0.0
2026-09-11 00:26:07,27.0,89.0,0.0
2026-09-11 00:26:37,27.0,88.8,0.0
2026-09-11 00:27:07,27.0,88.8,0.0
2026-09-11 00:27:37,27.0,88.7,0.0
2026-09-11 00:28:07,27.0,88.6,0.0
2026-09-11 00:28:37,26.9,88.6,0.0
2026-09-11 00:29:07,26.9,88.7,0.0
2026-09-11 00:29:37,26.9,89.1,0.0
2026-09-11 00:30:07,26.9,89.5,0.0
2026-09-11 00:30:37,26.9,89.2,0.0
2026-09-11 00:31:07,26.9,89.3,0.0
2026-09-11 00:31:37,27.0,89.3,0.0
2026-09-11 00:32:07,26.9,89.2,0.0
2026-09-11 00:32:37,26.9,89.5,0.0
2026-09-11 00:33:07,26.9,89.5,0.0
2026-09-11 00:33:37,26.9,89.5,0.0
2026-09-11 00:34:07,26.9,89.5,0.0
2026-09-11 00:34:37,26.9,89.3,0.0
2026-09-11 00:35:07,26.9,88.7,0.0
2026-09-11 00:35:37,26.9,88.8,0.0
2026-09-11 00:36:07,27.0,89.1,0.0
2026-09-11 00:36:37,26.9,89.5,0.0
2026-09-11 00:37:07,26.9,89.5,0.0
2026-09-11 00:37:37,27.0,89.0,0.0
2026-09-11 00:38:07,27.0,89.0,0.0
2026-09-11 00:38:37,27.0,89.0,0.0
2026-09-11 00:39:07,27.0,89.1,0.0
2026-09-11 00:39:37,27.0,89.1,0.0
2026-09-11 00:40:07,27.0,89.2,0.0
2026-09-11 00:40:37,27.0,89.1,0.0
2026-09-11 00:41:07,27.0,89.1,0.0
2026-09-11 00:41:37,26.9,89.2,0.0
2026-09-11 00:42:07,26.9,89.1,0.0
2026-09-11 00:42:37,26.9,88.8,0.0
2026-09-11 00:43:07,26.9,89.0,0.0
2026-09-11 00:43:37,26.9,89.1,0.0
2026-09-11 00:44:07,26.8,89.2,0.0
2026-09-11 00:44:37,26.8,89.4,0.0
2026-09-11 00:45:07,26.8,89.8,0.0
2026-09-11 00:45:37,26.8,89.5,0.0
2026-09-11 00:46:07,26.8,89.6,0.0
2026-09-11 00:46:37,26.8,89.6,0.0
2026-09-11 00:47:07,26.7,89.6,0.0
2026-09-11 00:47:37,26.7,90.0,0.0
2026-09-11 00:48:07,26.8,89.6,0.0
2026-09-11 00:48:37,26.8,89.8,0.0
2026-09-11 00:49:07,26.7,89.9,0.0
2026-09-11 00:49:37,26.7,90.0,0.0
2026-09-11 00:50:07,26.8,90.1,0.0
2026-09-11 00:50:37,26.8,90.1,0.0
2026-09-11 00:51:07,26.8,90.4,0.0
2026-09-11 00:51:37,26.8,90.3,0.0
2026-09-11 00:52:07,26.8,89.6,0.0
2026-09-11 00:52:37,26.8,89.2,0.0
2026-09-11 00:53:07,26.8,89.3,0.0
2026-09-11 00:53:37,26.7,89.2,0.0
2026-09-11 00:54:07,26.7,89.7,0.0
2026-09-11 00:54:37,26.7,89.8,0.0
2026-09-11 00:55:07,26.7,89.9,0.0
2026-09-11 00:55:37,26.7,89.8,0.0
2026-09-11 00:56:07,26.7,89.8,0.0
2026-09-11 00:56:37,26.7,90.4,0.0
2026-09-11 00:57:07,26.7,90.3,0.0
2026-09-11 00:57:37,26.7,90.3,0.0
2026-09-11 00:58:07,26.7,90.3,0.0
2026-09-11 00:58:37,26.7,90.5,0.0
2026-09-11 00:59:07,26.7,90.0,0.0
2026-09-11 00:59:37,26.7,89.8,0.0
2026-09-11 01:00:07,26.7,90.0,0.0
2026-09-11 01:00:37,26.7,90.0,0.0
2026-09-11 01:01:07,26.7,90.2,0.0
2026-09-11 01:01:37,26.7,90.1,0.0
2026-09-11 01:02:07,26.7,90.1,0.0
2026-09-11 01:02:37,26.8,89.9,0.0
2026-09-11 01:03:07,26.8,89.7,0.0
2026-09-11 01:03:37,26.8,89.8,0.0
2026-09-11 01:04:07,26.8,89.7,0.0
2026-09-11 01:04:37,26.8,89.7,0.0
2026-09-11 01:05:07,26.8,89.4,0.0
2026-09-11 01:05:37,26.9,89.6,0.0
2026-09-11 01:06:07,26.9,89.7,0.0
2026-09-11 01:06:37,26.9,89.9,0.0
2026-09-11 01:07:07,26.9,89.1,0.0
2026-09-11 01:07:37,26.9,89.1,0.0
2026-09-11 01:08:07,26.9,88.8,0.0
2026-09-11 01:08:37,26.9,88.6,0.0
2026-09-11 01:09:07,26.9,89.3,0.0
2026-09-11 01:09:37,27.0,88.8,0.0
2026-09-11 01:10:07,27.0,88.9,0.0
2026-09-11 01:10:37,27.0,89.1,0.0
2026-09-11 01:11:07,27.0,89.4,0.0
2026-09-11 01:11:37,27.1,88.4,0.0
2026-09-11 01:12:07,27.1,88.8,0.0
2026-09-11 01:12:36,27.2,87.9,0.0
2026-09-11 01:13:06,27.2,87.8,0.0
2026-09-11 01:13:36,27.2,87.9,0.0
2026-09-11 01:14:06,27.2,88.4,0.0
2026-09-11 01:14:36,27.2,87.9,0.0
2026-09-11 01:15:06,27.2,87.9,0.0
2026-09-11 01:15:36,27.2,88.2,0.0
2026-09-11 01:16:06,27.2,88.3,0.0
2026-09-11 01:16:36,27.1,88.1,0.0
2026-09-11 01:17:06,27.2,88.6,0.0
2026-09-11 01:17:36,27.2,88.4,0.0
2026-09-11 01:18:06,27.2,88.1,0.0
2026-09-11 01:18:36,27.2,87.9,0.0
2026-09-11 01:19:06,27.1,88.4,0.0
2026-09-11 01:19:36,27.1,88.4,0.0
2026-09-11 01:20:06,27.1,88.8,0.0
2026-09-11 01:20:36,27.0,88.9,0.0
2026-09-11 01:21:06,27.0,88.9,0.0
2026-09-11 01:21:36,27.0,89.3,0.0
2026-09-11 01:22:06,27.0,89.5,0.0
2026-09-11 01:22:36,27.0,89.4,0.0
2026-09-11 01:23:06,27.0,89.7,0.0
2026-09-11 01:23:36,26.9,89.7,0.0
2026-09-11 01:24:06,26.9,89.7,0.0
2026-09-11 01:24:36,26.9,89.4,0.0
2026-09-11 01:25:06,26.9,89.5,0.0
2026-09-11 01:25:36,26.9,89.2,0.0
2026-09-11 01:26:06,26.9,89.3,0.0
2026-09-11 01:26:36,26.9,89.3,0.0
2026-09-11 01:27:06,26.9,89.3,0.0
2026-09-11 01:27:36,26.9,89.9,0.0
2026-09-11 01:28:06,26.9,90.0,0.0
2026-09-11 01:28:36,26.9,90.1,0.0
2026-09-11 01:29:06,26.9,89.3,0.0
2026-09-11 01:29:36,26.9,89.1,0.0
2026-09-11 01:30:06,27.0,88.9,0.0
2026-09-11 01:30:36,26.9,89.6,0.0
2026-09-11 01:31:06,27.0,89.1,0.0
2026-09-11 01:31:36,27.0,89.0,0.0
2026-09-11 01:32:06,27.0,89.2,0.0
2026-09-11 01:32:36,27.0,89.3,0.0
2026-09-11 01:33:06,27.0,88.7,0.0
2026-09-11 01:33:36,27.0,88.9,0.0
2026-09-11 01:34:06,27.0,89.1,0.0
2026-09-11 01:34:36,27.0,89.2,0.0
2026-09-11 01:35:06,26.9,89.6,0.0
2026-09-11 01:35:36,26.9,90.0,0.0
2026-09-11 01:36:06,26.9,89.3,0.0
2026-09-11 01:36:36,27.0,89.1,0.0
2026-09-11 01:37:06,27.0,89.2,0.0
2026-09-11 01:37:36,27.0,89.2,0.0
2026-09-11 01:38:06,27.0,89.1,0.0
2026-09-11 01:38:36,27.0,88.7,0.0
2026-09-11 01:39:06,27.1,88.2,0.0
2026-09-11 01:39:36,27.1,88.4,0.0
2026-09-11 01:40:06,27.1,88.8,0.0
2026-09-11 01:40:36,27.1,88.2,0.0
2026-09-11 01:41:06,27.1,88.1,0.0
2026-09-11 01:41:36,27.1,88.5,0.0
2026-09-11 01:42:06,27.1,89.0,0.0
2026-09-11 01:42:36,27.1,88.5,0.0
2026-09-11 01:43:06,27.1,88.4,0.0
2026-09-11 01:43:36,27.0,88.7,0.0
2026-09-11 01:44:06,27.0,89.1,0.0
2026-09-11 01:44:36,27.0,89.1,0.0
2026-09-11 01:45:06,27.0,89.1,0.0
2026-09-11 01:45:36,27.0,88.6,0.0
2026-09-11 01:46:06,27.0,88.9,0.0
2026-09-11 01:46:36,26.9,89.3,0.0
2026-09-11 01:47:06,26.9,89.1,0.0
2026-09-11 01:47:36,26.9,89.3,0.0
2026-09-11 01:48:06,26.9,89.4,0.0
2026-09-11 01:48:36,26.9,89.3,0.0
2026-09-11 01:49:06,26.9,88.8,0.0
2026-09-11 01:49:36,26.9,88.9,0.0
2026-09-11 01:50:06,26.9,89.2,0.0
2026-09-11 01:50:36,26.9,89.6,0.0
2026-09-11 01:51:06,26.8,89.7,0.0
2026-09-11 01:51:36,26.8,89.4,0.0
2026-09-11 01:52:06,26.8,88.9,0.0
2026-09-11 01:52:36,26.8,89.5,0.0
2026-09-11 01:53:06,26.9,89.3,0.0
2026-09-11 01:53:36,26.9,89.7,0.0
2026-09-11 01:54:06,26.8,89.3,0.0
2026-09-11 01:54:36,26.8,89.3,0.0
2026-09-11 01:55:06,26.8,89.5,0.0
2026-09-11 01:55:36,26.8,89.9,0.0
2026-09-11 01:56:06,26.8,90.0,0.0
2026-09-11 01:56:36,26.8,90.2,0.0
2026-09-11 01:57:06,26.8,90.2,0.0
2026-09-11 01:57:36,26.8,90.1,0.0
2026-09-11 01:58:06,26.8,90.4,0.0
2026-09-11 01:58:36,26.8,90.1,0.0
2026-09-11 01:59:06,26.7,89.8,0.0
2026-09-11 01:59:36,26.7,90.0,0.0
2026-09-11 02:00:06,26.7,89.8,0.0
2026-09-11 02:00:36,26.7,89.8,0.0
2026-09-11 02:01:06,26.7,90.1,0.0
2026-09-11 02:01:36,26.7,89.9,0.0
2026-09-11 02:02:06,26.7,89.9,0.0
2026-09-11 02:02:36,26.7,90.4,0.0
2026-09-11 02:03:06,26.7,90.6,0.0
2026-09-11 02:03:36,26.7,90.2,0.0
2026-09-11 02:04:06,26.6,90.1,0.0
2026-09-11 02:04:36,26.7,90.2,0.0
2026-09-11 02:05:06,26.7,90.4,0.0
2026-09-11 02:05:36,26.7,89.7,0.0
2026-09-11 02:06:06,26.7,89.8,0.0
2026-09-11 02:06:36,26.7,90.3,0.0
2026-09-11 02:07:06,26.8,90.2,0.0
2026-09-11 02:07:36,26.8,90.1,0.0
2026-09-11 02:08:06,26.8,90.0,0.0
2026-09-11 02:08:36,26.8,89.6,0.0
2026-09-11 02:09:06,26.8,89.9,0.0
2026-09-11 02:09:36,26.8,90.2,0.0
2026-09-11 02:10:06,26.8,90.3,0.0
2026-09-11 02:10:36,26.8,90.2,0.0
2026-09-11 02:11:06,26.8,90.1,0.0
2026-09-11 02:11:36,26.8,90.2,0.0
2026-09-11 02:12:06,26.8,90.0,0.0
2026-09-11 02:12:36,26.8,90.2,0.0
2026-09-11 02:13:06,26.8,90.4,0.0
2026-09-11 02:13:36,26.8,90.1,0.0
2026-09-11 02:14:06,26.7,90.3,0.0
2026-09-11 02:14:36,26.8,90.1,0.0
2026-09-11 02:15:06,26.8,90.3,0.0
2026-09-11 02:15:36,26.8,90.1,0.0
2026-09-11 02:16:06,26.8,90.0,0.0
2026-09-11 02:16:36,26.8,89.6,0.0
2026-09-11 02:17:06,26.8,89.9,0.0
2026-09-11 02:17:36,26.8,89.9,0.0
2026-09-11 02:18:06,26.8,90.0,0.0
2026-09-11 02:18:36,26.8,90.1,0.0
2026-09-11 02:19:06,26.7,90.1,0.0
2026-09-11 02:19:36,26.7,90.3,0.0
2026-09-11 02:20:06,26.7,90.6,0.0
2026-09-11 02:20:36,26.7,90.2,0.0
2026-09-11 02:21:06,26.7,90.3,0.0
2026-09-11 02:21:36,26.7,90.0,0.0
2026-09-11 02:22:06,26.7,90.1,0.0
2026-09-11 02:22:36,26.8,90.2,0.0
2026-09-11 02:23:06,26.8,90.3,0.0
2026-09-11 02:23:36,26.7,90.1,0.0
2026-09-11 02:24:06,26.7,90.0,0.0
2026-09-11 02:24:36,26.7,90.0,0.0
2026-09-11 02:25:06,26.7,89.8,0.0
2026-09-11 02:25:36,26.7,89.9,0.0
2026-09-11 02:26:06,26.7,90.3,0.0
2026-09-11 02:26:36,26.7,90.5,0.0
2026-09-11 02:27:06,26.7,90.6,0.0
2026-09-11 02:27:36,26.7,90.9,0.0
2026-09-11 02:28:06,26.7,90.9,0.0
2026-09-11 02:28:36,26.7,90.2,0.0
2026-09-11 02:29:06,26.7,90.1,0.0
2026-09-11 02:29:36,26.7,89.9,0.0
2026-09-11 02:30:06,26.7,90.2,0.0
2026-09-11 02:30:36,26.7,90.2,0.0
2026-09-11 02:31:06,26.7,90.0,0.0
2026-09-11 02:31:36,26.6,90.4,0.0
2026-09-11 02:32:06,26.6,90.6,0.0
2026-09-11 02:32:36,26.6,90.6,0.0
2026-09-11 02:33:06,26.6,90.6,0.0
2026-09-11 02:33:36,26.6,90.9,0.0
2026-09-11 02:34:06,26.6,91.2,0.0
2026-09-11 02:34:36,26.6,90.8,0.0
2026-09-11 02:35:06,26.6,90.9,0.0
2026-09-11 02:35:36,26.6,91.0,0.0
2026-09-11 02:36:06,26.6,91.1,0.0
2026-09-11 02:36:36,26.6,91.0,0.0
2026-09-11 02:37:06,26.6,91.4,0.0
2026-09-11 02:37:36,26.6,91.0,0.0
2026-09-11 02:38:06,26.6,90.6,0.0
2026-09-11 02:38:36,26.7,90.5,0.0
2026-09-11 02:39:06,26.7,90.4,0.0
2026-09-11 02:39:36,26.7,90.3,0.0
2026-09-11 02:40:06,26.7,90.1,0.0
2026-09-11 02:40:36,26.7,90.1,0.0
2026-09-11 02:41:06,26.7,90.4,0.0
2026-09-11 02:41:36,26.7,90.2,0.0
2026-09-11 02:42:06,26.8,90.2,0.0
2026-09-11 02:42:36,26.8,90.3,0.0
2026-09-11 02:43:06,26.8,90.6,0.0
2026-09-11 02:43:36,26.8,90.6,0.0
2026-09-11 02:44:06,26.8,90.5,0.0
2026-09-11 02:44:36,26.8,90.0,0.0
2026-09-11 02:45:06,26.8,89.8,0.0
2026-09-11 02:45:36,26.8,89.9,0.0
2026-09-11 02:46:06,26.8,90.6,0.0
2026-09-11 02:46:36,26.8,90.1,0.0
2026-09-11 02:47:06,26.8,90.0,0.0
2026-09-11 02:47:36,26.9,89.6,0.0
2026-09-11 02:48:06,26.9,89.6,0.0
2026-09-11 02:48:36,26.9,89.6,0.0
2026-09-11 02:49:06,26.9,89.9,0.0
2026-09-11 02:49:36,26.9,89.2,0.0
2026-09-11 02:50:06,26.9,89.6,0.0
2026-09-11 02:50:36,27.0,89.5,0.0
2026-09-11 02:51:06,27.0,89.2,0.0
2026-09-11 02:51:36,27.0,89.6,0.0
2026-09-11 02:52:06,27.0,89.3,0.0
2026-09-11 02:52:36,27.0,89.2,0.0
2026-09-11 02:53:06,27.0,88.9,0.0
2026-09-11 02:53:36,27.0,88.8,0.0
2026-09-11 02:54:06,27.0,88.9,0.0
2026-09-11 02:54:36,27.0,89.1,0.0
2026-09-11 02:55:06,26.9,89.1,0.0
2026-09-11 02:55:36,26.9,89.5,0.0
2026-09-11 02:56:06,27.0,89.7,0.0
2026-09-11 02:56:36,27.0,89.6,0.0
2026-09-11 02:57:06,27.0,89.3,0.0
2026-09-11 02:57:36,27.0,89.3,0.0
2026-09-11 02:58:06,27.0,89.0,0.0
2026-09-11 02:58:36,27.0,89.1,0.0
2026-09-11 02:59:06,27.0,89.2,0.0
2026-09-11 02:59:36,27.0,89.4,0.0
2026-09-11 03:00:06,27.0,89.5,0.0
2026-09-11 03:00:36,27.1,89.3,0.0
2026-09-11 03:01:06,27.0,89.1,0.0
2026-09-11 03:01:36,27.0,89.4,0.0
2026-09-11 03:02:06,27.0,89.2,0.0
2026-09-11 03:02:36,27.0,89.0,0.0
2026-09-11 03:03:06,27.0,89.3,0.0
2026-09-11 03:03:36,27.0,89.5,0.0
2026-09-11 03:04:06,26.9,90.0,0.0
2026-09-11 03:04:36,26.9,90.0,0.0
2026-09-11 03:05:06,26.9,90.0,0.0
2026-09-11 03:05:36,26.9,90.1,0.0
2026-09-11 03:06:06,26.9,90.1,0.0
2026-09-11 03:06:36,26.9,89.7,0.0
2026-09-11 03:07:06,26.8,89.6,0.0
2026-09-11 03:07:36,26.8,89.8,0.0
2026-09-11 03:08:06,26.8,89.9,0.0
2026-09-11 03:08:36,26.8,89.9,0.0
2026-09-11 03:09:06,26.7,89.9,0.0
2026-09-11 03:09:36,26.7,90.4,0.0
2026-09-11 03:10:06,26.7,90.8,0.0
2026-09-11 03:10:36,26.7,91.1,0.0
2026-09-11 03:11:06,26.7,91.0,0.0
2026-09-11 03:11:36,26.7,90.7,0.0
2026-09-11 03:12:06,26.7,90.9,0.0
2026-09-11 03:12:36,26.8,91.1,0.0
2026-09-11 03:13:06,26.8,90.8,0.0
2026-09-11 03:13:36,26.8,91.0,0.0
2026-09-11 03:14:06,26.8,90.9,0.0
2026-09-11 03:14:36,26.8,90.9,0.0
2026-09-11 03:15:06,26.8,90.5,0.0
2026-09-11 03:15:36,26.8,90.5,0.0
2026-09-11 03:16:06,26.8,90.4,0.0
2026-09-11 03:16:36,26.8,90.1,0.0
2026-09-11 03:17:06,26.8,90.0,0.0
2026-09-11 03:17:36,26.8,90.2,0.0
2026-09-11 03:18:06,26.8,90.4,0.0
2026-09-11 03:18:36,26.7,90.6,0.0
2026-09-11 03:19:06,26.7,90.5,0.0
2026-09-11 03:19:36,26.7,90.8,0.0
2026-09-11 03:20:06,26.7,91.1,0.0
2026-09-11 03:20:36,26.7,91.3,0.0
2026-09-11 03:21:06,26.7,91.1,0.0
2026-09-11 03:21:36,26.7,91.1,0.0
2026-09-11 03:22:06,26.7,91.1,0.0
2026-09-11 03:22:36,26.7,91.0,0.0
2026-09-11 03:23:06,26.7,91.1,0.0
2026-09-11 03:23:36,26.7,90.9,0.0
2026-09-11 03:24:06,26.7,90.7,0.0
2026-09-11 03:24:36,26.7,90.8,0.0
2026-09-11 03:25:06,26.7,90.6,0.0
2026-09-11 03:25:36,26.7,90.9,0.0
2026-09-11 03:26:06,26.7,90.8,0.0
2026-09-11 03:26:36,26.7,91.0,0.0
2026-09-11 03:27:06,26.7,90.7,0.0
2026-09-11 03:27:36,26.7,90.9,0.0
2026-09-11 03:28:06,26.7,91.1,0.0
2026-09-11 03:28:36,26.8,90.7,0.0
2026-09-11 03:29:06,26.8,90.5,0.0
2026-09-11 03:29:36,26.8,90.9,0.0
2026-09-11 03:30:06,26.9,90.3,0.0
2026-09-11 03:30:36,26.9,90.1,0.0
2026-09-11 03:31:06,27.0,89.5,0.0
2026-09-11 03:31:36,27.0,89.7,0.0
2026-09-11 03:32:06,27.0,89.6,0.0
2026-09-11 03:32:36,27.0,89.3,0.0
2026-09-11 03:33:06,27.0,89.4,0.0
2026-09-11 03:33:36,27.1,89.9,0.0
2026-09-11 03:34:06,27.1,89.3,0.0
2026-09-11 03:34:36,27.2,88.6,0.0
2026-09-11 03:35:06,27.2,88.8,0.0
2026-09-11 03:35:36,27.2,88.9,0.0
2026-09-11 03:36:06,27.2,88.9,0.0
2026-09-11 03:36:36,27.3,88.8,0.0
2026-09-11 03:37:06,27.3,88.0,0.0
2026-09-11 03:37:36,27.3,88.0,0.0
2026-09-11 03:38:06,27.3,88.6,0.0
2026-09-11 03:38:36,27.3,88.2,0.0
2026-09-11 03:39:06,27.3,88.3,0.0
2026-09-11 03:39:36,27.3,88.0,0.0
2026-09-11 03:40:06,27.3,87.9,0.0
2026-09-11 03:40:36,27.3,88.1,0.0
2026-09-11 03:41:06,27.3,88.0,0.0
2026-09-11 03:41:36,27.3,88.0,0.0
2026-09-11 03:42:06,27.3,88.3,0.0
2026-09-11 03:42:36,27.3,88.6,0.0
2026-09-11 03:43:06,27.3,88.8,0.0
2026-09-11 03:43:36,27.3,88.8,0.0
2026-09-11 03:44:06,27.3,89.1,0.0
2026-09-11 03:44:36,27.3,88.5,0.0
2026-09-11 03:45:06,27.3,88.3,0.0
2026-09-11 03:45:36,27.4,87.7,0.0
2026-09-11 03:46:06,27.4,88.1,0.0
2026-09-11 03:46:36,27.3,88.0,0.0
2026-09-11 03:47:06,27.3,88.2,0.0
2026-09-11 03:47:36,27.3,88.4,0.0
2026-09-11 03:48:06,27.3,88.3,0.0
2026-09-11 03:48:36,27.3,88.3,0.0
2026-09-11 03:49:06,27.3,88.2,0.0
2026-09-11 03:49:36,27.2,88.7,0.0
2026-09-11 03:50:06,27.2,88.7,0.0
2026-09-11 03:50:36,27.2,88.6,0.0
2026-09-11 03:51:06,27.3,88.4,0.0
2026-09-11 03:51:36,27.3,88.2,0.0
2026-09-11 03:52:06,27.3,88.2,0.0
2026-09-11 03:52:36,27.3,88.3,0.0
2026-09-11 03:53:06,27.3,88.6,0.0
2026-09-11 03:53:36,27.2,88.3,0.0
2026-09-11 03:54:06,27.2,88.5,0.0
2026-09-11 03:54:36,27.2,89.0,0.0
2026-09-11 03:55:06,27.1,89.0,0.0
2026-09-11 03:55:36,27.1,89.2,0.0
2026-09-11 03:56:06,27.1,89.2,0.0
2026-09-11 03:56:36,27.1,89.5,0.0
2026-09-11 03:57:06,27.1,89.4,0.0
2026-09-11 03:57:36,27.1,88.8,0.0
2026-09-11 03:58:06,27.1,88.8,0.0
2026-09-11 03:58:36,27.1,88.7,0.0
2026-09-11 03:59:06,27.1,88.5,0.0
2026-09-11 03:59:36,27.1,88.8,0.0
2026-09-11 04:00:06,27.1,88.8,0.0
2026-09-11 04:00:36,27.1,88.8,0.0
2026-09-11 04:01:06,27.1,89.3,0.0
2026-09-11 04:01:36,27.1,89.2,0.0
2026-09-11 04:02:06,27.1,89.1,0.0
2026-09-11 04:02:36,27.1,89.2,0.0
2026-09-11 04:03:06,27.1,89.7,0.0
2026-09-11 04:03:36,27.1,90.0,0.0
2026-09-11 04:04:06,27.2,90.0,0.0
2026-09-11 04:04:36,27.2,89.4,0.0
2026-09-11 04:05:06,27.1,89.0,0.0
2026-09-11 04:05:36,27.1,89.0,0.0
2026-09-11 04:06:06,27.1,89.2,0.0
2026-09-11 04:06:36,27.1,89.2,0.0
2026-09-11 04:07:06,27.0,89.9,0.0
2026-09-11 04:07:36,27.0,89.8,0.0
2026-09-11 04:08:06,27.0,89.6,0.0
2026-09-11 04:08:36,27.0,89.5,0.0
2026-09-11 04:09:06,27.0,89.5,0.0
2026-09-11 04:09:36,27.0,89.5,0.0
2026-09-11 04:10:06,27.0,89.8,0.0
2026-09-11 04:10:36,27.0,89.2,0.0
2026-09-11 04:11:06,27.0,88.8,0.0
2026-09-11 04:11:36,27.0,89.0,0.0
2026-09-11 04:12:06,27.0,89.3,0.0
2026-09-11 04:12:36,27.0,89.6,0.0
2026-09-11 04:13:06,27.0,89.7,0.0
2026-09-11 04:13:36,27.0,89.9,0.0
2026-09-11 04:14:06,27.0,89.8,0.0
2026-09-11 04:14:36,27.0,89.8,0.0
2026-09-11 04:15:06,27.0,89.7,0.0
2026-09-11 04:15:36,27.0,89.1,0.0
2026-09-11 04:16:06,27.0,89.2,0.0
2026-09-11 04:16:36,27.1,89.1,0.0
2026-09-11 04:17:06,27.0,89.1,0.0
2026-09-11 04:17:36,27.0,88.9,0.0
2026-09-11 04:18:06,27.0,89.2,0.0
2026-09-11 04:18:36,27.0,89.3,0.0
2026-09-11 04:19:06,27.0,88.8,0.0
2026-09-11 04:19:36,27.0,89.2,0.0
2026-09-11 04:20:06,27.1,89.6,0.0
2026-09-11 04:20:36,27.1,89.4,0.0
2026-09-11 04:21:06,27.1,89.2,0.0
2026-09-11 04:21:36,27.1,88.8,0.0
2026-09-11 04:22:06,27.1,88.6,0.0
2026-09-11 04:22:36,27.1,89.1,0.0
2026-09-11 04:23:06,27.1,89.3,0.0
2026-09-11 04:23:36,27.1,88.8,0.0
2026-09-11 04:24:06,27.1,88.4,0.0
2026-09-11 04:24:36,27.1,88.3,0.0
2026-09-11 04:25:06,27.0,88.9,0.0
2026-09-11 04:25:36,27.0,89.3,0.0
2026-09-11 04:26:06,27.0,89.5,0.0
2026-09-11 04:26:36,27.0,89.4,0.0
2026-09-11 04:27:06,27.0,89.4,0.0
2026-09-11 04:27:36,27.0,89.6,0.0
2026-09-11 04:28:06,27.0,89.5,0.0
2026-09-11 04:28:36,27.0,89.3,0.0
2026-09-11 04:29:06,27.0,89.0,0.0
2026-09-11 04:29:36,27.0,89.0,0.0
2026-09-11 04:30:06,27.0,89.3,0.0
2026-09-11 04:30:36,26.9,89.4,0.0
2026-09-11 04:31:06,26.9,89.6,0.0
2026-09-11 04:31:36,26.9,89.5,0.0
2026-09-11 04:32:06,26.9,89.8,0.0
2026-09-11 04:32:36,26.9,89.5,0.0
2026-09-11 04:33:06,26.9,89.6,0.0
2026-09-11 04:33:36,26.9,89.9,0.0
2026-09-11 04:34:06,26.8,89.8,0.0
2026-09-11 04:34:36,26.8,89.6,0.0
2026-09-11 04:35:06,26.8,89.8,0.0
2026-09-11 04:35:36,26.8,90.1,0.0
2026-09-11 04:36:06,26.8,90.1,0.0
2026-09-11 04:36:36,26.9,89.7,0.0
2026-09-11 04:37:06,26.9,89.7,0.0
2026-09-11 04:37:36,26.9,89.8,0.0
2026-09-11 04:38:06,26.9,89.8,0.0
2026-09-11 04:38:36,26.9,89.8,0.0
2026-09-11 04:39:06,26.9,90.1,0.0
2026-09-11 04:39:36,26.9,90.4,0.0
2026-09-11 04:40:06,26.9,90.4,0.0
2026-09-11 04:40:36,26.9,89.8,0.0
2026-09-11 04:41:06,26.9,90.2,0.0
2026-09-11 04:41:36,26.9,89.7,0.0
2026-09-11 04:42:06,26.9,89.8,0.0
2026-09-11 04:42:36,27.0,89.6,0.0
2026-09-11 04:43:06,26.9,90.0,0.0
2026-09-11 04:43:36,26.9,90.0,0.0
2026-09-11 04:44:06,27.0,89.9,0.0
2026-09-11 04:44:36,26.9,89.9,0.0
2026-09-11 04:45:06,27.0,89.8,0.0
2026-09-11 04:45:36,27.0,89.6,0.0
2026-09-11 04:46:06,27.0,89.7,0.0
2026-09-11 04:46:36,27.0,88.7,0.0
2026-09-11 04:47:06,27.0,89.0,0.0
2026-09-11 04:47:36,27.0,88.6,0.0
2026-09-11 04:48:06,27.0,89.1,0.0
2026-09-11 04:48:36,27.0,89.1,0.0
2026-09-11 04:49:06,27.0,89.4,0.0
2026-09-11 04:49:36,27.0,89.4,0.0
2026-09-11 04:50:06,27.0,89.6,0.0
2026-09-11 04:50:36,27.0,89.7,0.0
2026-09-11 04:51:06,27.0,89.6,0.0
2026-09-11 04:51:36,27.0,89.3,0.0
2026-09-11 04:52:06,27.0,89.1,0.0
2026-09-11 04:52:36,27.0,89.3,0.0
2026-09-11 04:53:06,27.0,89.3,0.0
2026-09-11 04:53:36,27.0,89.2,0.0
2026-09-11 04:54:06,27.0,89.0,0.0
2026-09-11 04:54:36,27.0,88.8,0.0
2026-09-11 04:55:06,27.0,88.6,0.0
2026-09-11 04:55:36,27.0,89.0,0.0
2026-09-11 04:56:06,27.0,89.3,0.0
2026-09-11 04:56:36,27.0,89.1,0.0
2026-09-11 04:57:06,27.0,89.6,0.0
2026-09-11 04:57:36,27.0,89.5,0.0
2026-09-11 04:58:06,27.0,89.3,0.0
2026-09-11 04:58:36,27.0,89.1,0.0
2026-09-11 04:59:06,27.0,89.5,0.0
2026-09-11 04:59:36,27.0,89.0,0.0
2026-09-11 05:00:06,27.0,89.5,0.0
2026-09-11 05:00:36,27.0,89.6,0.0
2026-09-11 05:01:06,27.0,89.9,0.0
2026-09-11 05:01:36,27.0,89.6,0.0
2026-09-11 05:02:06,27.0,89.4,0.0
2026-09-11 05:02:36,27.0,89.7,0.0
2026-09-11 05:03:06,27.0,89.8,0.0
2026-09-11 05:03:36,27.0,90.0,0.0
2026-09-11 05:04:06,27.0,89.6,0.0
2026-09-11 05:04:36,27.0,89.5,0.0
2026-09-11 05:05:06,27.0,90.0,0.0
2026-09-11 05:05:36,27.0,89.6,0.0
2026-09-11 05:06:06,27.0,89.9,0.0
2026-09-11 05:06:36,27.0,90.0,0.0
2026-09-11 05:07:06,27.0,89.9,0.0
2026-09-11 05:07:36,27.0,89.9,0.0
2026-09-11 05:08:06,27.0,89.2,0.0
2026-09-11 05:08:36,27.0,89.3,0.0
2026-09-11 05:09:06,27.0,89.7,0.0
2026-09-11 05:09:36,27.0,89.9,0.0
2026-09-11 05:10:06,27.1,89.4,0.0
2026-09-11 05:10:36,27.1,89.0,0.0
2026-09-11 05:11:06,27.1,88.7,0.0
2026-09-11 05:11:36,27.1,88.9,0.0
2026-09-11 05:12:06,27.1,89.2,0.0
2026-09-11 05:12:36,27.1,89.2,0.0
2026-09-11 05:13:06,27.1,89.2,0.0
2026-09-11 05:13:36,27.1,89.2,0.0
2026-09-11 05:14:06,27.2,88.9,0.0
2026-09-11 05:14:36,27.2,88.1,0.0
2026-09-11 05:15:06,27.2,88.4,0.0
2026-09-11 05:15:36,27.1,88.6,0.0
2026-09-11 05:16:06,27.2,88.5,0.0
2026-09-11 05:16:36,27.2,88.6,0.0
2026-09-11 05:17:06,27.2,88.5,0.0
2026-09-11 05:17:36,27.1,88.7,0.0
2026-09-11 05:18:06,27.2,88.6,0.0
2026-09-11 05:18:36,27.1,88.4,0.0
2026-09-11 05:19:06,27.1,88.8,0.0
2026-09-11 05:19:36,27.1,88.9,0.0
2026-09-11 05:20:06,27.1,88.6,0.0
2026-09-11 05:20:36,27.1,88.2,0.0
2026-09-11 05:21:06,27.1,88.6,0.0
2026-09-11 05:21:36,27.1,88.4,0.0
2026-09-11 05:22:06,27.1,88.4,0.0
2026-09-11 05:22:36,27.1,89.0,0.0
2026-09-11 05:23:06,27.1,88.3,0.0
2026-09-11 05:23:36,27.1,88.4,0.0
2026-09-11 05:24:06,27.1,88.5,0.0
2026-09-11 05:24:36,27.0,88.6,0.0
2026-09-11 05:25:06,27.0,88.8,0.0
2026-09-11 05:25:36,27.0,89.0,0.0
2026-09-11 05:26:06,26.9,89.4,0.0
2026-09-11 05:26:36,26.9,90.0,0.0
2026-09-11 05:27:06,26.9,89.6,0.0
2026-09-11 05:27:36,26.9,89.3,0.0
2026-09-11 05:28:06,26.9,89.5,0.0
2026-09-11 05:28:36,26.9,89.3,0.0
2026-09-11 05:29:06,27.0,88.8,0.0
2026-09-11 05:29:36,27.0,88.5,0.0
2026-09-11 05:30:06,27.0,89.1,0.0
2026-09-11 05:30:36,27.0,88.8,0.0
2026-09-11 05:31:06,27.0,89.1,0.0
2026-09-11 05:31:36,26.9,89.3,0.0
2026-09-11 05:32:06,26.9,89.5,0.0
2026-09-11 05:32:36,26.9,89.5,0.0
2026-09-11 05:33:06,26.9,89.5,0.0
2026-09-11 05:33:36,26.9,89.6,0.0
2026-09-11 05:34:06,26.8,89.9,0.0
2026-09-11 05:34:36,26.9,90.0,0.0
2026-09-11 05:35:06,26.9,90.2,0.0
2026-09-11 05:35:36,26.9,89.6,0.0
2026-09-11 05:36:06,26.9,89.6,0.0
2026-09-11 05:36:36,26.9,89.9,0.0
2026-09-11 05:37:06,26.9,90.1,0.0
2026-09-11 05:37:36,26.9,90.1,0.8
2026-09-11 05:38:06,26.9,90.1,0.8
2026-09-11 05:38:36,26.8,90.2,0.8
2026-09-11 05:39:06,26.8,90.1,0.8
2026-09-11 05:39:36,26.9,89.7,0.8
2026-09-11 05:40:06,26.9,89.3,0.8
2026-09-11 05:40:36,26.9,89.9,0.8
2026-09-11 05:41:06,26.9,89.3,0.8
2026-09-11 05:41:36,26.9,89.4,0.8
2026-09-11 05:42:06,26.9,89.8,0.8
2026-09-11 05:42:36,27.0,89.2,0.8
2026-09-11 05:43:06,27.0,89.3,0.8
2026-09-11 05:43:36,27.0,89.2,0.8
2026-09-11 05:44:06,27.0,88.7,0.8
2026-09-11 05:44:36,27.0,89.0,0.8
2026-09-11 05:45:06,27.0,89.1,0.8
2026-09-11 05:45:36,27.1,88.8,0.8
2026-09-11 05:46:06,27.1,88.9,1.7
2026-09-11 05:46:36,27.1,88.8,1.7
2026-09-11 05:47:06,27.1,88.6,1.7
2026-09-11 05:47:36,27.1,88.5,1.7
2026-09-11 05:48:06,27.0,89.1,1.7
2026-09-11 05:48:36,27.0,89.0,1.7
2026-09-11 05:49:06,27.0,88.9,1.7
2026-09-11 05:49:36,27.0,88.9,2.5
2026-09-11 05:50:06,26.9,89.3,2.5
2026-09-11 05:50:36,26.9,89.3,2.5
2026-09-11 05:51:06,26.9,89.6,2.5
2026-09-11 05:51:36,26.9,90.1,2.5
2026-09-11 05:52:06,26.9,90.2,2.5
2026-09-11 05:52:36,26.9,90.4,2.5
2026-09-11 05:53:06,26.9,90.3,2.5
2026-09-11 05:53:36,26.9,90.0,2.5
2026-09-11 05:54:06,26.9,89.8,2.5
2026-09-11 05:54:36,26.9,89.6,2.5
2026-09-11 05:55:06,26.9,89.4,2.5
2026-09-11 05:55:36,26.9,89.7,2.5
2026-09-11 05:56:06,26.9,90.0,2.5
2026-09-11 05:56:36,27.0,90.4,2.5
2026-09-11 05:57:06,27.0,90.5,2.5
2026-09-11 05:57:36,26.9,90.2,2.5
2026-09-11 05:58:06,27.0,89.4,2.5
2026-09-11 05:58:36,27.0,90.0,2.5
2026-09-11 05:59:06,27.0,89.6,2.5
2026-09-11 05:59:36,26.9,89.6,2.5
2026-09-11 06:00:06,27.0,89.4,3.3
2026-09-11 06:00:36,27.0,89.4,3.3
2026-09-11 06:01:06,27.0,89.5,3.3
2026-09-11 06:01:36,27.0,89.5,3.3
2026-09-11 06:02:06,27.0,89.2,3.3
2026-09-11 06:02:36,27.0,89.4,3.3
2026-09-11 06:03:06,27.0,89.3,3.3
2026-09-11 06:03:36,27.0,89.0,3.3
2026-09-11 06:04:06,27.0,88.9,3.3
2026-09-11 06:04:36,27.0,89.0,3.3
2026-09-11 06:05:06,27.0,89.4,3.3
2026-09-11 06:05:36,27.0,89.8,4.2
2026-09-11 06:06:06,27.0,90.0,4.2
2026-09-11 06:06:36,27.0,89.8,4.2
2026-09-11 06:07:06,27.1,90.0,4.2
2026-09-11 06:07:36,27.1,89.9,5.0
2026-09-11 06:08:06,27.1,89.7,5.0
2026-09-11 06:08:36,27.1,89.5,5.0
2026-09-11 06:09:06,27.1,89.6,5.8
2026-09-11 06:09:36,27.1,89.4,5.8
2026-09-11 06:10:06,27.1,88.9,6.7
2026-09-11 06:10:36,27.1,88.0,6.7
2026-09-11 06:11:06,27.1,88.5,6.7
2026-09-11 06:11:36,27.1,88.4,7.5
2026-09-11 06:12:06,27.0,88.6,7.5
2026-09-11 06:12:36,27.0,88.7,7.5
2026-09-11 06:13:06,27.0,89.2,7.5
2026-09-11 06:13:36,27.0,89.4,7.5
2026-09-11 06:14:06,27.0,89.8,7.5
2026-09-11 06:14:36,27.0,89.4,8.3
2026-09-11 06:15:06,26.9,89.3,8.3
2026-09-11 06:15:36,26.9,89.6,8.3
2026-09-11 06:16:06,26.9,89.9,8.3
2026-09-11 06:16:36,26.9,90.3,9.2
2026-09-11 06:17:06,26.9,90.1,9.2
2026-09-11 06:17:36,26.9,89.9,9.2
2026-09-11 06:18:06,26.9,89.6,10.0
2026-09-11 06:18:36,27.0,89.2,10.0
2026-09-11 06:19:06,27.0,89.3,10.8
2026-09-11 06:19:36,26.9,89.6,10.8
2026-09-11 06:20:06,26.9,89.4,11.7
2026-09-11 06:20:36,26.9,89.4,11.7
2026-09-11 06:21:06,26.9,89.5,11.7
2026-09-11 06:21:36,26.9,90.1,11.7
2026-09-11 06:22:06,26.8,90.0,12.5
2026-09-11 06:22:36,26.8,89.8,12.5
2026-09-11 06:23:06,26.8,90.0,12.5
2026-09-11 06:23:36,26.8,90.2,12.5
2026-09-11 06:24:06,26.8,89.8,12.5
2026-09-11 06:24:36,26.8,89.7,12.5
2026-09-11 06:25:06,26.7,89.7,12.5
2026-09-11 06:25:36,26.7,89.9,11.7
2026-09-11 06:26:06,26.7,90.6,10.8
2026-09-11 06:26:36,26.7,90.8,10.8
2026-09-11 06:27:06,26.7,91.0,10.0
2026-09-11 06:27:36,26.8,89.8,9.2
2026-09-11 06:28:06,26.9,89.0,9.2
2026-09-11 06:28:36,26.9,89.1,9.2
2026-09-11 06:29:06,26.9,89.2,8.3
2026-09-11 06:29:36,26.9,88.9,8.3
2026-09-11 06:30:06,26.9,89.2,8.3
2026-09-11 06:30:36,26.9,89.7,8.3
2026-09-11 06:31:06,26.9,89.3,7.5
2026-09-11 06:31:36,26.9,89.3,7.5
2026-09-11 06:32:06,26.8,88.7,7.5
2026-09-11 06:32:36,26.9,89.1,9.2
2026-09-11 06:33:06,26.9,88.8,9.2
2026-09-11 06:33:36,26.9,88.7,9.2
2026-09-11 06:34:06,26.9,89.2,10.0
2026-09-11 06:34:36,26.9,89.6,10.0
2026-09-11 06:35:06,26.9,88.8,11.7
2026-09-11 06:35:36,27.0,89.3,12.5
2026-09-11 06:36:06,27.0,89.6,14.2
2026-09-11 06:36:36,27.0,89.1,15.8
2026-09-11 06:37:06,27.0,88.2,15.8
2026-09-11 06:37:36,27.0,88.5,17.5
2026-09-11 06:38:06,27.0,88.3,17.5
2026-09-11 06:38:36,27.0,88.3,18.3
2026-09-11 06:39:06,27.0,88.6,19.2
2026-09-11 06:39:36,27.0,88.9,19.2
2026-09-11 06:40:06,27.0,88.9,19.2
2026-09-11 06:40:36,26.9,89.3,30.0
2026-09-11 06:41:06,27.0,89.6,29.2
2026-09-11 06:41:36,27.0,89.6,28.3
2026-09-11 06:42:06,27.1,89.1,28.3
2026-09-11 06:42:36,27.1,88.7,28.3
2026-09-11 06:43:06,27.1,87.8,28.3
2026-09-11 06:43:36,27.1,87.6,28.3
2026-09-11 06:44:06,27.1,88.1,28.3
2026-09-11 06:44:36,27.1,88.5,28.3
2026-09-11 06:45:06,27.1,88.5,28.3
2026-09-11 06:45:36,27.1,88.6,28.3
2026-09-11 06:46:06,27.1,88.6,28.3
2026-09-11 06:46:36,27.1,88.2,29.2
2026-09-11 06:47:06,27.1,87.9,29.2
2026-09-11 06:47:36,27.1,88.2,30.0
2026-09-11 06:48:06,27.1,87.8,30.0
2026-09-11 06:48:36,27.1,87.8,30.8
2026-09-11 06:49:06,27.1,88.2,30.8
2026-09-11 06:49:36,27.1,88.4,30.8
2026-09-11 06:50:06,27.1,89.1,30.8
2026-09-11 06:50:36,27.1,88.9,30.8
2026-09-11 06:51:06,27.1,88.1,30.8
2026-09-11 06:51:36,27.1,88.3,30.8
2026-09-11 06:52:06,27.2,88.2,30.8
2026-09-11 06:52:36,27.2,88.2,30.8
2026-09-11 06:53:06,27.3,87.6,30.8
2026-09-11 06:53:36,27.3,87.2,30.8
2026-09-11 06:54:06,27.3,87.6,31.7
2026-09-11 06:54:36,27.4,87.7,31.7
2026-09-11 06:55:06,27.4,87.7,31.7
2026-09-11 06:55:36,27.4,87.0,30.8
2026-09-11 06:56:06,27.4,86.7,30.0
2026-09-11 06:56:36,27.4,86.7,30.0
2026-09-11 06:57:06,27.4,86.8,29.2
2026-09-11 06:57:36,27.3,86.9,29.2
2026-09-11 06:58:06,27.3,87.1,30.0
2026-09-11 06:58:36,27.2,87.6,30.8
2026-09-11 06:59:06,27.2,86.5,31.7
2026-09-11 06:59:36,27.2,86.9,32.5
2026-09-11 07:00:06,27.2,87.2,32.5
2026-09-11 07:00:36,27.2,87.1,32.5
2026-09-11 07:01:06,27.3,86.6,32.5
2026-09-11 07:01:36,27.3,86.9,33.3
2026-09-11 07:02:06,27.2,87.0,33.3
2026-09-11 07:02:36,27.2,87.0,33.3
2026-09-11 07:03:06,27.2,86.1,33.3
2026-09-11 07:03:36,27.2,86.6,33.3
2026-09-11 07:04:06,27.2,86.4,33.3
2026-09-11 07:04:36,27.2,86.9,35.0
2026-09-11 07:05:06,27.2,87.3,37.5
2026-09-11 07:05:36,27.3,86.7,40.0
2026-09-11 07:06:06,27.3,87.1,41.7
2026-09-11 07:06:36,27.3,87.3,42.5
2026-09-11 07:07:06,27.3,87.4,44.2
2026-09-11 07:07:36,27.3,86.7,45.8
2026-09-11 07:08:06,27.3,86.3,44.2
2026-09-11 07:08:36,27.3,86.3,46.7
2026-09-11 07:09:06,27.3,86.0,51.7
2026-09-11 07:09:36,27.3,86.1,56.7
2026-09-11 07:10:06,27.3,86.2,59.2
2026-09-11 07:10:36,27.3,86.4,61.7
2026-09-11 07:11:06,27.3,86.7,64.2
2026-09-11 07:11:36,27.4,86.7,66.7
2026-09-11 07:12:06,27.4,85.8,66.7
2026-09-11 07:12:36,27.4,85.5,64.2
2026-09-11 07:13:06,27.4,85.8,60.0
2026-09-11 07:13:36,27.4,85.6,56.7
2026-09-11 07:14:06,27.5,85.7,50.8
2026-09-11 07:14:36,27.5,86.2,47.5
2026-09-11 07:15:06,27.5,86.3,45.0
2026-09-11 07:15:36,27.5,86.1,42.5
2026-09-11 07:16:06,27.5,85.9,40.8
2026-09-11 07:16:36,27.5,84.9,41.7
2026-09-11 07:17:06,27.5,85.1,44.2
2026-09-11 07:17:36,27.5,85.8,47.5
2026-09-11 07:18:06,27.5,84.9,50.8
2026-09-11 07:18:36,27.5,84.9,55.0
2026-09-11 07:19:06,27.5,85.2,55.8
2026-09-11 07:19:36,27.5,85.4,56.7
2026-09-11 07:20:06,27.5,85.1,56.7
2026-09-11 07:20:36,27.5,85.4,56.7
2026-09-11 07:21:06,27.5,85.1,57.5
2026-09-11 07:21:36,27.6,85.3,59.2
2026-09-11 07:22:06,27.6,85.6,65.0
2026-09-11 07:22:36,27.6,86.0,70.8
2026-09-11 07:23:06,27.6,86.0,76.7
2026-09-11 07:23:36,27.6,85.5,80.8
2026-09-11 07:24:06,27.7,85.3,82.5
2026-09-11 07:24:36,27.7,85.3,81.7
2026-09-11 07:25:06,27.7,85.6,77.5
2026-09-11 07:25:36,27.7,84.5,72.5
2026-09-11 07:26:06,27.7,84.6,68.3
2026-09-11 07:26:36,27.7,84.8,65.8
2026-09-11 07:27:06,27.7,84.3,65.0
2026-09-11 07:27:36,27.7,84.3,64.2
2026-09-11 07:28:06,27.7,84.0,64.2
2026-09-11 07:28:36,27.7,84.6,63.3
2026-09-11 07:29:06,27.7,84.0,62.5
2026-09-11 07:29:36,27.8,84.3,62.5
2026-09-11 07:30:06,27.8,84.2,63.3
2026-09-11 07:30:36,27.8,84.4,67.5
2026-09-11 07:31:06,27.8,84.4,70.0
2026-09-11 07:31:36,27.8,83.4,71.7
2026-09-11 07:32:06,27.8,83.7,70.8
2026-09-11 07:32:36,27.8,84.0,68.3
2026-09-11 07:33:06,27.8,84.3,66.7
2026-09-11 07:33:36,27.8,83.8,65.0
2026-09-11 07:34:06,27.8,84.0,65.0
2026-09-11 07:34:36,27.8,84.2,66.7
2026-09-11 07:35:06,27.8,85.1,70.0
2026-09-11 07:35:36,27.9,84.0,72.5
2026-09-11 07:36:06,27.9,85.6,74.2
2026-09-11 07:36:36,27.9,85.1,73.3
2026-09-11 07:37:06,27.9,84.2,72.5
2026-09-11 07:37:36,27.9,85.6,70.0
2026-09-11 07:38:06,28.0,85.0,68.3
2026-09-11 07:38:36,28.0,82.9,67.5
2026-09-11 07:39:06,28.0,82.2,67.5
2026-09-11 07:39:36,27.9,84.1,70.8
2026-09-11 07:40:06,27.9,84.6,76.7
2026-09-11 07:40:36,28.0,84.8,85.0
2026-09-11 07:41:06,28.0,84.3,90.8
2026-09-11 07:41:36,28.0,84.4,95.8
2026-09-11 07:42:06,28.0,84.2,97.5
2026-09-11 07:42:36,28.0,83.6,95.0
2026-09-11 07:43:06,28.1,83.2,92.5
2026-09-11 07:43:36,28.1,81.7,87.5
2026-09-11 07:44:06,28.1,81.4,86.7
2026-09-11 07:44:36,28.0,81.5,84.2
2026-09-11 07:45:06,28.0,81.2,79.2
2026-09-11 07:45:36,28.0,82.0,75.0
2026-09-11 07:46:06,28.0,82.2,72.5
2026-09-11 07:46:36,28.0,81.5,70.8
2026-09-11 07:47:06,28.0,81.8,72.5
2026-09-11 07:47:36,27.9,80.9,73.3
2026-09-11 07:48:06,27.9,81.3,74.2
2026-09-11 07:48:36,27.9,81.6,75.0
2026-09-11 07:49:06,27.9,81.5,75.0
2026-09-11 07:49:36,27.9,81.8,75.0
2026-09-11 07:50:06,27.8,81.8,77.5
2026-09-11 07:50:36,27.8,83.0,79.2
2026-09-11 07:51:06,27.8,83.7,81.7
2026-09-11 07:51:36,27.8,83.3,85.0
2026-09-11 07:52:06,27.8,82.8,89.2
2026-09-11 07:52:36,27.9,82.6,91.7
2026-09-11 07:53:06,27.9,82.4,95.0
2026-09-11 07:53:36,27.9,82.1,97.5
2026-09-11 07:54:06,27.9,83.0,98.3
2026-09-11 07:54:36,27.9,82.1,100.0
2026-09-11 07:55:06,27.9,82.3,102.5
2026-09-11 07:55:36,28.0,81.8,102.5
2026-09-11 07:56:06,28.0,82.2,101.7
2026-09-11 07:56:36,28.0,82.0,100.0
2026-09-11 07:57:06,28.0,82.8,96.7
2026-09-11 07:57:36,28.0,82.1,94.2
2026-09-11 07:58:06,28.0,81.3,92.5
2026-09-11 07:58:36,28.0,80.5,88.3
2026-09-11 07:59:06,28.0,82.2,88.3
2026-09-11 07:59:36,28.0,81.8,89.2
2026-09-11 08:00:06,28.0,82.1,90.8
2026-09-11 08:00:36,28.1,81.8,90.0
2026-09-11 08:01:06,28.0,82.1,87.5
2026-09-11 08:01:36,28.0,82.5,86.7
2026-09-11 08:02:06,28.0,81.6,84.2
2026-09-11 08:02:36,28.0,82.3,80.8
2026-09-11 08:03:06,28.0,83.9,79.2
2026-09-11 08:03:36,28.0,84.1,76.7
2026-09-11 08:04:06,28.0,83.9,75.0
2026-09-11 08:04:36,28.0,84.2,74.2
2026-09-11 08:05:06,28.1,82.5,71.7
2026-09-11 08:05:36,28.1,80.9,72.5
2026-09-11 08:06:06,28.1,79.0,73.3
2026-09-11 08:06:36,28.1,78.7,74.2
2026-09-11 08:07:06,28.1,80.0,76.7
2026-09-11 08:07:36,28.1,78.8,78.3
2026-09-11 08:08:06,28.1,79.9,81.7
2026-09-11 08:08:36,28.1,78.4,84.2
2026-09-11 08:09:06,28.1,79.3,88.3
2026-09-11 08:09:36,28.1,80.4,92.5
2026-09-11 08:10:06,28.0,81.0,98.3
2026-09-11 08:10:36,28.0,82.2,104.2
2026-09-11 08:11:06,28.1,82.2,110.0
2026-09-11 08:11:36,28.1,80.0,113.3
2026-09-11 08:12:06,28.1,81.5,114.2
2026-09-11 08:12:36,28.1,80.9,115.8
2026-09-11 08:13:06,28.1,80.6,123.3
2026-09-11 08:13:36,28.1,80.9,130.0
2026-09-11 08:14:06,28.1,79.7,133.3
2026-09-11 08:14:36,28.1,79.6,141.7
2026-09-11 08:15:06,28.1,79.3,146.7
2026-09-11 08:15:36,28.1,79.0,145.0
2026-09-11 08:16:06,28.1,78.8,140.8
2026-09-11 08:16:36,28.1,77.4,133.3
2026-09-11 08:17:06,28.1,77.9,125.0
2026-09-11 08:17:36,28.1,78.4,115.0
2026-09-11 08:18:06,28.1,78.5,112.5
2026-09-11 08:18:36,28.1,78.4,113.3
2026-09-11 08:19:06,28.1,78.7,115.0
2026-09-11 08:19:36,28.1,79.0,119.2
2026-09-11 08:20:06,28.1,79.3,126.7
2026-09-11 08:20:36,28.1,79.4,132.5
2026-09-11 08:21:06,28.1,79.2,135.0
2026-09-11 08:21:36,28.1,80.5,135.8
2026-09-11 08:22:06,28.1,81.2,135.8
2026-09-11 08:22:36,28.1,81.4,135.0
2026-09-11 08:23:06,28.1,81.2,135.0
2026-09-11 08:23:36,28.1,82.6,131.7
2026-09-11 08:24:06,28.1,81.5,125.8
2026-09-11 08:24:36,28.1,79.8,125.8
2026-09-11 08:25:06,28.1,80.0,121.7
2026-09-11 08:25:36,28.1,81.1,128.3
2026-09-11 08:26:06,28.1,82.1,133.3
2026-09-11 08:26:36,28.1,81.7,135.8
2026-09-11 08:27:06,28.2,81.3,126.7
2026-09-11 08:27:36,28.2,81.0,123.3
2026-09-11 08:28:06,28.2,81.2,117.5
2026-09-11 08:28:36,28.2,79.6,131.7
2026-09-11 08:29:06,28.2,79.5,120.0
2026-09-11 08:29:36,28.2,79.9,114.2
2026-09-11 08:30:06,28.2,80.7,110.0
2026-09-11 08:30:36,28.2,79.4,105.8
2026-09-11 08:31:06,28.2,78.8,110.8
2026-09-11 08:31:36,28.2,78.8,114.2
2026-09-11 08:32:06,28.2,79.8,115.8
2026-09-11 08:32:36,28.2,80.1,122.5
2026-09-11 08:33:06,28.2,79.5,119.2
2026-09-11 08:33:36,28.2,80.2,117.5
2026-09-11 08:34:06,28.3,80.9,117.5
2026-09-11 08:34:36,28.3,81.2,116.7
2026-09-11 08:35:06,28.3,80.5,119.2
2026-09-11 08:35:36,28.3,80.8,127.5
2026-09-11 08:36:06,28.3,81.0,139.2
2026-09-11 08:36:36,28.3,80.9,161.7
2026-09-11 08:37:06,28.3,80.2,270.8
2026-09-11 08:37:36,28.3,80.3,202.5
2026-09-11 08:38:06,28.3,80.8,195.8
2026-09-11 08:38:36,28.3,79.6,270.0
2026-09-11 08:39:06,28.3,80.0,309.2
2026-09-11 08:39:36,28.4,78.7,332.5
2026-09-11 08:40:06,28.3,78.9,280.0
2026-09-11 08:40:36,28.3,80.4,315.0
2026-09-11 08:41:06,28.3,80.4,193.3
2026-09-11 08:41:36,28.4,79.8,253.3
2026-09-11 08:42:06,28.4,78.5,285.8
2026-09-11 08:42:36,28.4,79.5,281.7
2026-09-11 08:43:06,28.4,80.6,310.0
2026-09-11 08:43:36,28.5,80.0,330.0
2026-09-11 08:44:06,28.5,80.5,270.0
2026-09-11 08:44:36,28.5,79.6,225.0
2026-09-11 08:45:06,28.5,78.2,294.2
2026-09-11 08:45:36,28.5,77.3,260.0
2026-09-11 08:46:06,28.5,77.5,324.2
2026-09-11 08:46:36,28.5,77.9,368.3
2026-09-11 08:47:06,28.5,77.3,383.3
2026-09-11 08:47:36,28.5,78.8,378.3
2026-09-11 08:48:06,28.5,78.2,391.7
2026-09-11 08:48:36,28.5,80.0,408.3
2026-09-11 08:49:06,28.5,79.4,391.7
2026-09-11 08:49:36,28.5,80.4,183.3
2026-09-11 08:50:06,28.6,79.4,202.5
2026-09-11 08:50:36,28.6,79.6,379.2
2026-09-11 08:51:06,28.6,78.1,406.7
2026-09-11 08:51:36,28.6,77.5,416.7
2026-09-11 08:52:06,28.6,77.9,398.3
2026-09-11 08:52:36,28.6,78.2,351.7
2026-09-11 08:53:06,28.6,78.4,365.0
2026-09-11 08:53:36,28.6,78.3,354.2
2026-09-11 08:54:06,28.6,78.7,345.8
2026-09-11 08:54:36,28.6,78.8,344.2
2026-09-11 08:55:06,28.6,79.7,334.2
2026-09-11 08:55:36,28.6,79.2,341.7
2026-09-11 08:56:06,28.7,77.6,295.8
2026-09-11 08:56:36,28.7,77.9,235.0
2026-09-11 08:57:06,28.7,77.8,216.7
2026-09-11 08:57:36,28.7,79.0,167.5
2026-09-11 08:58:06,28.7,77.4,149.2
2026-09-11 08:58:36,28.7,77.4,136.7
2026-09-11 08:59:06,28.7,80.0,133.3
2026-09-11 08:59:36,28.7,80.0,142.5
2026-09-11 09:00:06,28.7,78.7,163.3
2026-09-11 09:00:36,28.7,78.8,143.3
2026-09-11 09:01:06,28.7,78.1,178.3
2026-09-11 09:01:36,28.7,78.0,250.8
2026-09-11 09:02:06,28.7,76.8,156.7
2026-09-11 09:02:36,28.7,79.1,350.8
2026-09-11 09:03:06,28.7,77.8,354.2
2026-09-11 09:03:36,28.7,78.8,166.7
2026-09-11 09:04:06,28.6,78.7,315.0
2026-09-11 09:04:36,28.6,78.0,305.0
2026-09-11 09:05:06,28.6,79.2,155.0
2026-09-11 09:05:36,28.6,77.9,140.8
2026-09-11 09:06:06,28.6,77.5,250.8
2026-09-11 09:06:36,28.6,77.4,245.0
2026-09-11 09:07:06,28.6,77.5,280.8
2026-09-11 09:07:36,28.6,78.1,402.5
2026-09-11 09:08:06,28.6,79.2,355.0
2026-09-11 09:08:36,28.6,78.2,400.8
2026-09-11 09:09:06,28.7,78.8,371.7
2026-09-11 09:09:36,28.7,77.6,376.7
2026-09-11 09:10:06,28.7,78.0,349.2
2026-09-11 09:10:36,28.7,77.8,405.8
2026-09-11 09:11:06,28.6,77.0,380.0
2026-09-11 09:11:36,28.7,77.6,220.8
2026-09-11 09:12:06,28.6,78.3,170.0
2026-09-11 09:12:36,28.7,77.7,225.8
2026-09-11 09:13:06,28.7,79.0,380.0
2026-09-11 09:13:36,28.7,79.6,169.2
2026-09-11 09:14:06,28.7,77.3,157.5
2026-09-11 09:14:36,28.7,79.0,130.8
2026-09-11 09:15:06,28.8,79.1,127.5
2026-09-11 09:15:36,28.8,76.2,130.0
2026-09-11 09:16:06,28.8,77.9,178.3
2026-09-11 09:16:36,28.8,76.4,142.5
2026-09-11 09:17:06,28.8,76.5,309.2
2026-09-11 09:17:36,28.7,76.5,143.3
2026-09-11 09:18:06,28.7,75.4,335.0
2026-09-11 09:18:36,28.7,76.6,443.3
2026-09-11 09:19:06,28.8,77.9,372.5
2026-09-11 09:19:36,28.8,78.7,430.0
2026-09-11 09:20:06,28.8,79.0,288.3
2026-09-11 09:20:36,28.8,78.5,291.7
2026-09-11 09:21:06,28.8,78.3,362.5
2026-09-11 09:21:36,28.8,76.6,425.0
2026-09-11 09:22:06,28.8,78.2,440.0
2026-09-11 09:22:36,28.8,77.4,456.7
2026-09-11 09:23:06,28.9,78.5,465.0
2026-09-11 09:23:36,28.9,77.0,473.3
2026-09-11 09:24:06,28.9,76.7,470.8
2026-09-11 09:24:36,28.9,76.3,476.7
2026-09-11 09:25:06,28.9,77.6,183.3
2026-09-11 09:25:36,28.9,76.6,469.2
2026-09-11 09:26:06,28.9,78.9,500.0
2026-09-11 09:26:36,29.0,79.1,500.8
2026-09-11 09:27:06,29.0,78.7,491.7
2026-09-11 09:27:36,29.0,77.4,487.5
2026-09-11 09:28:06,29.0,77.7,440.0
2026-09-11 09:28:36,29.1,78.4,382.5
2026-09-11 09:29:06,29.1,78.1,175.0
2026-09-11 09:29:36,29.1,76.5,150.0
2026-09-11 09:30:06,29.1,75.2,306.7
2026-09-11 09:30:36,29.0,76.3,148.3
2026-09-11 09:31:06,29.1,74.5,152.5
2026-09-11 09:31:36,29.1,73.8,162.5
2026-09-11 09:32:06,29.1,75.4,216.7
2026-09-11 09:32:36,29.1,75.0,237.5
2026-09-11 09:33:06,29.1,76.9,192.5
2026-09-11 09:33:36,29.1,77.9,295.8
2026-09-11 09:34:06,29.1,78.0,143.3
2026-09-11 09:34:36,29.2,77.2,131.7
2026-09-11 09:35:06,29.1,77.3,130.8
2026-09-11 09:35:36,29.2,76.6,148.3
2026-09-11 09:36:06,29.1,77.6,328.3
2026-09-11 09:36:36,29.2,77.4,436.7
2026-09-11 09:37:06,29.2,76.5,493.3
2026-09-11 09:37:36,29.2,78.2,200.8
2026-09-11 09:38:06,29.2,77.6,195.0
2026-09-11 09:38:36,29.2,76.7,240.0
2026-09-11 09:39:06,29.2,76.1,163.3
2026-09-11 09:39:36,29.2,77.6,197.5
2026-09-11 09:40:06,29.2,76.6,440.0
2026-09-11 09:40:36,29.2,77.3,292.5
2026-09-11 09:41:06,29.2,76.0,545.0
2026-09-11 09:41:36,29.2,74.8,293.3
2026-09-11 09:42:06,29.2,76.3,209.2
2026-09-11 09:42:36,29.2,77.1,272.5
2026-09-11 09:43:06,29.2,75.1,164.2
2026-09-11 09:43:36,29.2,76.0,156.7
2026-09-11 09:44:06,29.2,74.8,215.8
2026-09-11 09:44:36,29.3,75.5,270.8
2026-09-11 09:45:06,29.2,74.6,243.3
2026-09-11 09:45:36,29.2,74.0,177.5
2026-09-11 09:46:06,29.2,73.8,161.7
2026-09-11 09:46:36,29.2,77.0,149.2
2026-09-11 09:47:06,29.2,77.0,162.5
2026-09-11 09:47:36,29.2,73.9,347.5
2026-09-11 09:48:06,29.2,74.8,219.2
2026-09-11 09:48:36,29.3,74.6,317.5
2026-09-11 09:49:06,29.3,73.0,536.7
2026-09-11 09:49:36,29.2,73.1,572.5
2026-09-11 09:50:06,29.3,74.3,572.5
2026-09-11 09:50:36,29.2,76.6,457.5
2026-09-11 09:51:06,29.3,76.4,252.5
2026-09-11 09:51:36,29.3,73.7,525.8
2026-09-11 09:52:06,29.3,75.8,416.7
2026-09-11 09:52:36,29.3,73.8,149.2
2026-09-11 09:53:06,29.3,75.5,151.7
2026-09-11 09:53:36,29.3,76.4,177.5
2026-09-11 09:54:06,29.3,75.3,219.2
2026-09-11 09:54:36,29.3,75.3,185.0
2026-09-11 09:55:06,29.3,73.8,158.3
2026-09-11 09:55:36,29.3,76.3,177.5
2026-09-11 09:56:06,29.3,76.4,195.8
2026-09-11 09:56:36,29.3,76.6,302.5
2026-09-11 09:57:06,29.3,76.3,215.0
2026-09-11 09:57:36,29.3,76.1,287.5
2026-09-11 09:58:06,29.3,74.4,143.3
2026-09-11 09:58:36,29.3,74.7,130.0
2026-09-11 09:59:06,29.3,72.2,136.7
2026-09-11 09:59:36,29.3,72.9,156.7
2026-09-11 10:00:06,29.3,72.8,150.0
2026-09-11 10:00:36,29.3,74.3,157.5
2026-09-11 10:01:06,29.3,73.3,196.7
2026-09-11 10:01:36,29.3,73.4,354.2
2026-09-11 10:02:06,29.2,73.9,159.2
2026-09-11 10:02:36,29.2,75.0,155.8
2026-09-11 10:03:06,29.2,74.6,152.5
2026-09-11 10:03:36,29.2,76.1,164.2
2026-09-11 10:04:06,29.2,74.9,178.3
2026-09-11 10:04:36,29.2,72.9,273.3
2026-09-11 10:05:06,29.2,74.0,148.3
2026-09-11 10:05:36,29.2,74.8,135.8
2026-09-11 10:06:06,29.2,74.7,135.8
2026-09-11 10:06:36,29.2,72.9,141.7
2026-09-11 10:07:06,29.1,75.5,143.3
2026-09-11 10:07:36,29.1,75.4,133.3
2026-09-11 10:08:06,29.2,75.6,128.3
2026-09-11 10:08:36,29.1,74.4,125.8
2026-09-11 10:09:06,29.1,73.7,140.0
2026-09-11 10:09:36,29.1,72.6,189.2
2026-09-11 10:10:06,29.1,73.5,376.7
2026-09-11 10:10:36,29.1,76.4,606.7
2026-09-11 10:11:06,29.2,74.9,645.8
2026-09-11 10:11:36,29.2,75.3,650.8
2026-09-11 10:12:06,29.2,75.7,185.0
2026-09-11 10:12:36,29.2,77.0,141.7
2026-09-11 10:13:06,29.2,75.2,125.0
2026-09-11 10:13:36,29.2,74.8,127.5
2026-09-11 10:14:06,29.2,75.8,142.5
2026-09-11 10:14:36,29.2,75.7,319.2
2026-09-11 10:15:06,29.2,72.6,696.7
2026-09-11 10:15:36,29.2,74.2,681.7
2026-09-11 10:16:06,29.3,75.3,674.2
2026-09-11 10:16:36,29.2,72.9,660.0
2026-09-11 10:17:06,29.3,75.3,561.7
2026-09-11 10:17:36,29.3,74.3,188.3
2026-09-11 10:18:06,29.3,75.6,196.7
2026-09-11 10:18:36,29.3,75.1,233.3
2026-09-11 10:19:06,29.2,75.9,677.5
2026-09-11 10:19:36,29.3,75.2,281.7
2026-09-11 10:20:06,29.3,75.6,615.8
2026-09-11 10:20:36,29.3,73.6,148.3
2026-09-11 10:21:06,29.3,74.1,133.3
2026-09-11 10:21:36,29.3,73.1,143.3
2026-09-11 10:22:06,29.3,75.4,254.2
2026-09-11 10:22:36,29.3,72.8,415.0
2026-09-11 10:23:06,29.3,75.7,522.5
2026-09-11 10:23:36,29.4,75.1,146.7
2026-09-11 10:24:06,29.3,76.0,126.7
2026-09-11 10:24:36,29.4,72.1,130.0
2026-09-11 10:25:06,29.4,71.6,142.5
2026-09-11 10:25:36,29.4,73.5,157.5
2026-09-11 10:26:06,29.4,74.5,655.8
2026-09-11 10:26:36,29.4,74.2,635.0
2026-09-11 10:27:06,29.4,75.2,681.7
2026-09-11 10:27:36,29.4,75.2,627.5
2026-09-11 10:28:06,29.4,72.9,650.8
2026-09-11 10:28:36,29.4,71.8,220.8
2026-09-11 10:29:06,29.4,74.4,195.0
2026-09-11 10:29:36,29.4,75.0,661.7
2026-09-11 10:30:06,29.4,73.5,505.0
2026-09-11 10:30:36,29.4,73.1,681.7
2026-09-11 10:31:06,29.4,74.3,425.0
2026-09-11 10:31:36,29.5,75.0,465.8
2026-09-11 10:32:06,29.4,75.6,672.5
2026-09-11 10:32:36,29.5,73.3,639.2
2026-09-11 10:33:06,29.5,74.4,675.0
2026-09-11 10:33:36,29.5,73.6,329.2
2026-09-11 10:34:06,29.5,74.4,680.0
2026-09-11 10:34:36,29.5,74.7,165.8
2026-09-11 10:35:06,29.5,71.7,135.0
2026-09-11 10:35:36,29.5,72.9,121.7
2026-09-11 10:36:06,29.5,72.9,113.3
2026-09-11 10:36:36,29.5,74.1,115.8
2026-09-11 10:37:06,29.5,72.2,124.2
2026-09-11 10:37:36,29.5,73.2,142.5
2026-09-11 10:38:06,29.5,71.5,335.8
2026-09-11 10:38:36,29.5,73.0,543.3
2026-09-11 10:39:06,29.5,74.6,525.8
2026-09-11 10:39:36,29.5,75.0,237.5
2026-09-11 10:40:06,29.5,72.6,238.3
2026-09-11 10:40:36,29.5,74.5,599.2
2026-09-11 10:41:06,29.5,75.0,650.8
2026-09-11 10:41:36,29.5,74.5,716.7
2026-09-11 10:42:06,29.5,74.3,704.2
2026-09-11 10:42:36,29.5,73.7,714.2
2026-09-11 10:43:06,29.5,73.4,699.2
2026-09-11 10:43:36,29.5,73.3,720.8
2026-09-11 10:44:06,29.5,72.1,707.5
2026-09-11 10:44:36,29.5,74.8,677.5
2026-09-11 10:45:06,29.6,73.5,611.7
2026-09-11 10:45:36,29.6,71.7,609.2
2026-09-11 10:46:06,29.6,73.7,206.7
2026-09-11 10:46:36,29.6,73.4,179.2
2026-09-11 10:47:06,29.6,74.7,176.7
2026-09-11 10:47:36,29.6,73.8,489.2
2026-09-11 10:48:06,29.6,70.8,225.8
2026-09-11 10:48:36,29.6,74.5,227.5
2026-09-11 10:49:06,29.7,74.3,276.7
2026-09-11 10:49:36,29.7,73.6,215.8
2026-09-11 10:50:06,29.7,69.8,292.5
2026-09-11 10:50:36,29.7,71.9,210.0
2026-09-11 10:51:06,29.7,72.9,510.8
2026-09-11 10:51:36,29.7,72.6,206.7
2026-09-11 10:52:06,29.6,74.3,212.5
2026-09-11 10:52:36,29.7,71.8,236.7
2026-09-11 10:53:06,29.6,73.7,280.0
2026-09-11 10:53:36,29.6,73.6,627.5
2026-09-11 10:54:06,29.6,72.3,300.0
2026-09-11 10:54:36,29.6,73.0,488.3
2026-09-11 10:55:06,29.6,73.5,562.5
2026-09-11 10:55:36,29.6,72.0,205.8
2026-09-11 10:56:06,29.6,72.3,181.7
2026-09-11 10:56:36,29.6,72.2,185.0
2026-09-11 10:57:06,29.6,74.3,269.2
2026-09-11 10:57:36,29.6,73.8,637.5
2026-09-11 10:58:06,29.6,73.4,191.7
2026-09-11 10:58:36,29.6,73.3,175.8
2026-09-11 10:59:06,29.6,72.2,200.8
2026-09-11 10:59:36,29.6,71.5,612.5
2026-09-11 11:00:06,29.6,69.7,265.0
2026-09-11 11:00:36,29.6,71.4,531.7
2026-09-11 11:01:06,29.6,71.4,205.8
2026-09-11 11:01:36,29.6,71.7,181.7
2026-09-11 11:02:06,29.6,73.2,166.7
2026-09-11 11:02:36,29.6,71.0,154.2
2026-09-11 11:03:06,29.5,72.2,145.8
2026-09-11 11:03:36,29.5,72.8,140.8
2026-09-11 11:04:06,29.5,73.8,145.8
2026-09-11 11:04:36,29.5,71.4,210.8
2026-09-11 11:05:06,29.5,73.6,155.8
2026-09-11 11:05:36,29.5,73.3,148.3
2026-09-11 11:06:06,29.5,74.1,132.5
2026-09-11 11:06:36,29.5,72.3,128.3
2026-09-11 11:07:06,29.5,71.6,123.3
2026-09-11 11:07:36,29.5,71.1,120.8
2026-09-11 11:08:06,29.5,71.9,125.8
2026-09-11 11:08:36,29.4,71.7,135.8
2026-09-11 11:09:06,29.4,70.9,169.2
2026-09-11 11:09:36,29.4,70.2,229.2
2026-09-11 11:10:06,29.4,70.7,277.5
2026-09-11 11:10:36,29.4,71.1,280.0
2026-09-11 11:11:06,29.4,72.1,617.5
2026-09-11 11:11:36,29.4,73.2,603.3
2026-09-11 11:12:06,29.4,72.7,666.7
2026-09-11 11:12:36,29.4,71.8,707.5
2026-09-11 11:13:06,29.5,72.4,725.8
2026-09-11 11:13:36,29.5,73.8,734.2
2026-09-11 11:14:06,29.5,73.9,707.5
2026-09-11 11:14:36,29.5,73.8,693.3
2026-09-11 11:15:06,29.6,73.8,300.8
2026-09-11 11:15:36,29.6,73.8,218.3
2026-09-11 11:16:06,29.6,71.1,200.8
2026-09-11 11:16:36,29.6,70.2,202.5
2026-09-11 11:17:06,29.6,70.4,235.8
2026-09-11 11:17:36,29.6,71.7,507.5
2026-09-11 11:18:06,29.6,73.3,750.8
2026-09-11 11:18:36,29.7,72.9,735.8
2026-09-11 11:19:06,29.7,72.8,752.5
2026-09-11 11:19:36,29.7,73.3,758.3
2026-09-11 11:20:06,29.7,72.4,757.5
2026-09-11 11:20:36,29.7,70.9,745.8
2026-09-11 11:21:06,29.8,70.8,723.3
2026-09-11 11:21:36,29.8,69.9,753.3
2026-09-11 11:22:06,29.8,69.6,749.2
2026-09-11 11:22:36,29.8,70.6,728.3
2026-09-11 11:23:06,29.8,73.1,723.3
2026-09-11 11:23:36,29.8,73.7,725.0
2026-09-11 11:24:06,29.9,71.0,730.0
2026-09-11 11:24:36,29.9,70.1,729.2
2026-09-11 11:25:06,29.9,72.4,750.8
2026-09-11 11:25:36,29.9,71.5,745.8
2026-09-11 11:26:06,29.9,69.6,745.0
2026-09-11 11:26:36,29.9,69.9,755.8
2026-09-11 11:27:06,30.0,70.1,750.8
2026-09-11 11:27:36,30.0,69.0,750.0
2026-09-11 11:28:06,30.0,68.5,763.3
2026-09-11 11:28:36,30.0,69.2,306.7
2026-09-11 11:29:06,30.0,68.7,776.7
2026-09-11 11:29:36,30.0,69.4,756.7
2026-09-11 11:30:06,30.1,69.3,750.8
2026-09-11 11:30:36,30.1,69.3,762.5
2026-09-11 11:31:06,30.1,69.4,760.0
2026-09-11 11:31:36,30.1,68.6,764.2
2026-09-11 11:32:06,30.1,70.8,416.7
2026-09-11 11:32:36,30.1,68.7,623.3
2026-09-11 11:33:06,30.1,69.0,259.2
2026-09-11 11:33:36,30.1,70.1,334.2
2026-09-11 11:34:06,30.1,69.3,372.5
2026-09-11 11:34:36,30.1,69.3,708.3
2026-09-11 11:35:06,30.1,71.1,174.2
2026-09-11 11:35:36,30.1,71.0,155.0
2026-09-11 11:36:06,30.1,71.2,170.0
2026-09-11 11:36:36,30.2,67.8,175.0
2026-09-11 11:37:06,30.1,68.8,293.3
2026-09-11 11:37:36,30.2,70.9,713.3
2026-09-11 11:38:06,30.2,69.0,726.7
2026-09-11 11:38:36,30.2,69.5,744.2
2026-09-11 11:39:06,30.2,71.0,760.8
2026-09-11 11:39:36,30.2,71.8,235.0
2026-09-11 11:40:06,30.2,69.0,200.0
2026-09-11 11:40:36,30.2,69.2,202.5
2026-09-11 11:41:06,30.2,70.7,195.0
2026-09-11 11:41:36,30.2,72.3,205.8
2026-09-11 11:42:06,30.2,69.0,215.8
2026-09-11 11:42:36,30.2,71.1,205.8
2026-09-11 11:43:06,30.2,69.8,225.0
2026-09-11 11:43:36,30.2,68.8,312.5
2026-09-11 11:44:06,30.1,67.9,720.0
2026-09-11 11:44:36,30.1,70.2,730.8
2026-09-11 11:45:06,30.1,69.8,615.8
2026-09-11 11:45:36,30.1,68.5,690.8
2026-09-11 11:46:06,30.1,69.3,212.5
2026-09-11 11:46:36,30.1,70.2,195.8
2026-09-11 11:47:06,30.1,71.8,466.7
2026-09-11 11:47:36,30.1,71.3,780.0
2026-09-11 11:48:06,30.1,72.0,611.7
2026-09-11 11:48:36,30.1,70.3,751.7
2026-09-11 11:49:06,30.1,68.5,750.0
2026-09-11 11:49:36,30.2,69.7,764.2
2026-09-11 11:50:06,30.2,70.1,749.2
2026-09-11 11:50:36,30.2,69.4,738.3
2026-09-11 11:51:06,30.2,70.4,702.5
2026-09-11 11:51:36,30.2,72.2,726.7
2026-09-11 11:52:06,30.2,71.1,734.2
2026-09-11 11:52:36,30.2,72.0,712.5
2026-09-11 11:53:06,30.3,72.3,717.5
2026-09-11 11:53:36,30.3,69.4,690.8
2026-09-11 11:54:06,30.3,68.0,565.0
2026-09-11 11:54:36,30.3,71.3,235.8
2026-09-11 11:55:06,30.3,71.0,220.0
2026-09-11 11:55:36,30.3,70.2,710.8
2026-09-11 11:56:06,30.3,69.7,225.8
2026-09-11 11:56:36,30.3,71.2,147.5
2026-09-11 11:57:06,30.2,69.6,127.5
2026-09-11 11:57:36,30.2,69.8,115.0
2026-09-11 11:58:06,30.2,72.1,114.2
2026-09-11 11:58:36,30.2,71.2,120.0
2026-09-11 11:59:06,30.2,72.1,135.0
2026-09-11 11:59:36,30.2,72.1,157.5
2026-09-11 12:00:06,30.2,71.5,190.0
2026-09-11 12:00:36,30.2,70.4,719.2
2026-09-11 12:01:06,30.2,70.1,719.2
2026-09-11 12:01:36,30.2,71.1,762.5
2026-09-11 12:02:06,30.2,72.2,767.5
2026-09-11 12:02:36,30.2,69.6,745.0
2026-09-11 12:03:06,30.2,71.0,762.5
2026-09-11 12:03:36,30.2,69.7,279.2
2026-09-11 12:04:06,30.2,68.0,205.0
2026-09-11 12:04:36,30.2,68.3,188.3
2026-09-11 12:05:06,30.2,69.2,207.5
2026-09-11 12:05:36,30.2,68.8,204.2
2026-09-11 12:06:06,30.2,68.7,240.0
2026-09-11 12:06:36,30.2,67.8,746.7
2026-09-11 12:07:06,30.2,69.1,730.8
2026-09-11 12:07:36,30.2,70.2,238.3
2026-09-11 12:08:06,30.2,68.8,196.7
2026-09-11 12:08:36,30.2,70.1,163.3
2026-09-11 12:09:06,30.1,68.8,153.3
2026-09-11 12:09:36,30.1,69.8,150.0
2026-09-11 12:10:06,30.2,71.7,138.3
2026-09-11 12:10:36,30.1,70.2,129.2
2026-09-11 12:11:06,30.1,69.5,119.2
2026-09-11 12:11:36,30.1,67.2,109.2
2026-09-11 12:12:06,30.1,68.0,99.2
2026-09-11 12:12:36,30.1,69.3,93.3
2026-09-11 12:13:06,30.1,71.0,90.8
2026-09-11 12:13:36,30.1,70.3,90.8
2026-09-11 12:14:06,30.1,69.7,95.8
2026-09-11 12:14:36,30.1,69.3,104.2
2026-09-11 12:15:06,30.0,70.2,114.2
2026-09-11 12:15:36,30.1,68.7,127.5
2026-09-11 12:16:06,30.0,69.4,191.7
2026-09-11 12:16:36,30.0,68.9,631.7
2026-09-11 12:17:06,30.0,70.5,758.3
2026-09-11 12:17:36,30.0,70.7,745.8
2026-09-11 12:18:06,30.0,69.7,742.5
2026-09-11 12:18:36,30.1,68.7,739.2
2026-09-11 12:19:06,30.1,71.7,745.8
2026-09-11 12:19:36,30.1,71.3,733.3
2026-09-11 12:20:06,30.1,71.3,730.8
2026-09-11 12:20:36,30.1,70.0,732.5
2026-09-11 12:21:06,30.1,69.1,715.8
2026-09-11 12:21:36,30.1,69.8,710.0
2026-09-11 12:22:06,30.1,69.9,680.0
2026-09-11 12:22:36,30.2,69.2,625.8
2026-09-11 12:23:06,30.2,70.0,593.3
2026-09-11 12:23:36,30.2,70.7,443.3
2026-09-11 12:24:06,30.2,70.9,179.2
2026-09-11 12:24:36,30.3,69.4,185.8
2026-09-11 12:25:06,30.3,69.3,472.5
2026-09-11 12:25:36,30.3,69.8,449.2
2026-09-11 12:26:06,30.3,71.3,392.5
2026-09-11 12:26:36,30.3,71.2,466.7
2026-09-11 12:27:06,30.3,71.6,647.5
2026-09-11 12:27:36,30.3,70.3,710.0
2026-09-11 12:28:06,30.3,70.5,737.5
2026-09-11 12:28:36,30.3,67.3,728.3
2026-09-11 12:29:06,30.3,69.7,722.5
2026-09-11 12:29:36,30.4,67.0,722.5
2026-09-11 12:30:06,30.4,69.5,728.3
2026-09-11 12:30:36,30.4,68.8,722.5
2026-09-11 12:31:06,30.4,69.8,709.2
2026-09-11 12:31:36,30.4,66.6,682.5
2026-09-11 12:32:06,30.4,71.0,686.7
2026-09-11 12:32:36,30.5,71.2,154.2
2026-09-11 12:33:06,30.5,69.3,110.0
2026-09-11 12:33:36,30.4,70.5,89.2
2026-09-11 12:34:06,30.5,68.2,83.3
2026-09-11 12:34:36,30.4,70.2,80.8
2026-09-11 12:35:06,30.4,70.7,81.7
2026-09-11 12:35:36,30.4,68.1,85.0
2026-09-11 12:36:06,30.4,69.1,87.5
2026-09-11 12:36:36,30.4,69.0,94.2
2026-09-11 12:37:06,30.4,68.3,103.3
2026-09-11 12:37:36,30.4,67.4,116.7
2026-09-11 12:38:06,30.4,68.7,127.5
2026-09-11 12:38:36,30.4,70.4,139.2
2026-09-11 12:39:06,30.4,70.5,185.8
2026-09-11 12:39:36,30.4,66.0,670.8
2026-09-11 12:40:06,30.4,66.2,670.8
2026-09-11 12:40:36,30.4,68.6,664.2
2026-09-11 12:41:06,30.4,66.8,665.8
2026-09-11 12:41:36,30.4,70.5,669.2
2026-09-11 12:42:06,30.4,70.6,677.5
2026-09-11 12:42:36,30.4,68.8,650.8
2026-09-11 12:43:06,30.4,66.8,595.8
2026-09-11 12:43:36,30.4,68.9,210.0
2026-09-11 12:44:06,30.4,69.1,500.0
2026-09-11 12:44:36,30.4,70.9,347.5
2026-09-11 12:45:06,30.4,68.9,109.2
2026-09-11 12:45:36,30.4,71.1,91.7
2026-09-11 12:46:06,30.4,68.0,89.2
2026-09-11 12:46:36,30.4,69.6,89.2
2026-09-11 12:47:06,30.4,69.2,94.2
2026-09-11 12:47:36,30.4,69.4,103.3
2026-09-11 12:48:06,30.4,71.1,120.0
2026-09-11 12:48:36,30.4,69.8,136.7
2026-09-11 12:49:06,30.4,67.1,155.0
2026-09-11 12:49:36,30.3,67.4,175.0
2026-09-11 12:50:06,30.3,67.3,228.3
2026-09-11 12:50:36,30.3,66.2,572.5
2026-09-11 12:51:06,30.3,70.6,551.7
2026-09-11 12:51:36,30.4,70.2,591.7
2026-09-11 12:52:06,30.4,68.8,569.2
2026-09-11 12:52:36,30.4,67.6,531.7
2026-09-11 12:53:06,30.4,69.2,240.0
2026-09-11 12:53:36,30.4,70.9,102.5
2026-09-11 12:54:06,30.4,70.8,94.2
2026-09-11 12:54:36,30.4,68.2,96.7
2026-09-11 12:55:06,30.3,66.7,102.5
2026-09-11 12:55:36,30.3,69.2,112.5
2026-09-11 12:56:06,30.3,70.5,122.5
2026-09-11 12:56:36,30.3,69.6,135.8
2026-09-11 12:57:06,30.3,67.2,148.3
2026-09-11 12:57:36,30.3,68.2,163.3
2026-09-11 12:58:06,30.3,68.5,174.2
2026-09-11 12:58:36,30.3,66.5,187.5
2026-09-11 12:59:06,30.3,68.2,192.5
2026-09-11 12:59:36,30.3,70.5,299.2
2026-09-11 13:00:06,30.3,71.1,203.3
2026-09-11 13:00:36,30.3,70.8,196.7
2026-09-11 13:01:06,30.3,71.5,186.7
2026-09-11 13:01:36,30.3,70.7,182.5
2026-09-11 13:02:06,30.3,68.9,405.0
2026-09-11 13:02:36,30.2,71.3,133.3
2026-09-11 13:03:06,30.3,70.4,96.7
2026-09-11 13:03:36,30.3,70.3,85.0
2026-09-11 13:04:06,30.2,69.8,76.7
2026-09-11 13:04:36,30.2,69.5,71.7
2026-09-11 13:05:06,30.2,68.1,68.3
2026-09-11 13:05:36,30.2,68.2,68.3
2026-09-11 13:06:06,30.2,67.6,67.5
2026-09-11 13:06:36,30.2,68.8,69.2
2026-09-11 13:07:06,30.2,69.2,70.8
2026-09-11 13:07:36,30.1,70.9,72.5
2026-09-11 13:08:06,30.1,68.6,76.7
2026-09-11 13:08:36,30.1,70.4,82.5
2026-09-11 13:09:06,30.1,69.8,89.2
2026-09-11 13:09:36,30.1,69.9,95.8
2026-09-11 13:10:06,30.1,69.7,103.3
2026-09-11 13:10:36,30.1,68.9,108.3
2026-09-11 13:11:06,30.1,68.7,114.2
2026-09-11 13:11:36,30.1,69.1,119.2
2026-09-11 13:12:06,30.1,71.0,130.0
2026-09-11 13:12:36,30.1,68.9,143.3
2026-09-11 13:13:06,30.1,71.8,159.2
2026-09-11 13:13:36,30.1,69.6,180.8
2026-09-11 13:14:06,30.1,70.1,285.0
2026-09-11 13:14:36,30.1,68.6,455.8
2026-09-11 13:15:06,30.0,71.0,447.5
2026-09-11 13:15:36,30.1,69.9,360.8
2026-09-11 13:16:06,30.1,69.3,275.8
2026-09-11 13:16:36,30.1,68.8,259.2
2026-09-11 13:17:06,30.1,69.6,196.7
2026-09-11 13:17:36,30.1,71.2,316.7
2026-09-11 13:18:06,30.1,69.6,150.0
2026-09-11 13:18:36,30.1,68.0,135.8
2026-09-11 13:19:06,30.1,68.8,129.2
2026-09-11 13:19:36,30.1,70.5,124.2
2026-09-11 13:20:06,30.1,69.7,120.8
2026-09-11 13:20:36,30.1,68.3,118.3
2026-09-11 13:21:06,30.1,68.5,115.8
2026-09-11 13:21:36,30.1,70.8,115.8
2026-09-11 13:22:06,30.1,71.7,118.3
2026-09-11 13:22:36,30.1,69.6,120.8
2026-09-11 13:23:06,30.1,71.2,139.2
2026-09-11 13:23:36,30.1,72.0,115.8
2026-09-11 13:24:06,30.1,69.8,121.7
2026-09-11 13:24:36,30.1,72.1,240.0
2026-09-11 13:25:06,30.1,70.7,105.0
2026-09-11 13:25:36,30.1,70.3,94.2
2026-09-11 13:26:06,30.1,70.5,92.5
2026-09-11 13:26:36,30.1,69.6,93.3
2026-09-11 13:27:06,30.1,71.2,92.5
2026-09-11 13:27:36,30.1,71.0,93.3
2026-09-11 13:28:06,30.1,70.3,93.3
2026-09-11 13:28:36,30.1,71.0,91.7
2026-09-11 13:29:06,30.1,69.8,91.7
2026-09-11 13:29:36,30.1,72.0,92.5
2026-09-11 13:30:06,30.1,72.6,95.8
2026-09-11 13:30:36,30.1,69.6,101.7
2026-09-11 13:31:06,30.1,71.2,109.2
2026-09-11 13:31:36,30.1,72.4,115.0
2026-09-11 13:32:06,30.1,69.2,123.3
2026-09-11 13:32:36,30.0,71.6,132.5
2026-09-11 13:33:06,30.0,72.6,145.0
2026-09-11 13:33:36,30.0,72.8,175.0
2026-09-11 13:34:06,30.0,69.9,190.0
2026-09-11 13:34:36,30.0,72.0,275.8
2026-09-11 13:35:06,30.0,71.9,273.3
2026-09-11 13:35:36,30.0,71.6,274.2
2026-09-11 13:36:06,30.0,71.8,275.0
2026-09-11 13:36:36,30.0,72.0,276.7
2026-09-11 13:37:06,30.0,72.4,275.8
2026-09-11 13:37:36,30.0,70.9,275.8
2026-09-11 13:38:06,30.0,69.7,274.2
2026-09-11 13:38:36,30.0,69.9,268.3
2026-09-11 13:39:06,30.0,70.5,263.3
2026-09-11 13:39:36,30.0,68.8,258.3
2026-09-11 13:40:06,30.1,70.5,254.2
2026-09-11 13:40:36,30.1,70.4,248.3
2026-09-11 13:41:06,30.1,68.4,240.0
2026-09-11 13:41:36,30.1,69.9,160.0
2026-09-11 13:42:06,30.1,68.3,143.3
2026-09-11 13:42:36,30.1,68.6,210.0
2026-09-11 13:43:06,30.1,70.2,206.7
2026-09-11 13:43:36,30.2,71.5,190.8
2026-09-11 13:44:06,30.2,70.3,163.3
2026-09-11 13:44:36,30.2,69.8,174.2
2026-09-11 13:45:06,30.2,70.5,149.2
2026-09-11 13:45:36,30.2,70.2,109.2
2026-09-11 13:46:06,30.2,68.6,94.2
2026-09-11 13:46:36,30.2,71.4,95.8
2026-09-11 13:47:06,30.2,70.0,96.7
2026-09-11 13:47:36,30.1,71.9,99.2
2026-09-11 13:48:06,30.2,70.6,102.5
2026-09-11 13:48:36,30.1,71.8,109.2
2026-09-11 13:49:06,30.2,72.4,116.7
2026-09-11 13:49:36,30.2,69.1,124.2
2026-09-11 13:50:06,30.1,68.0,131.7
2026-09-11 13:50:36,30.1,70.4,126.7
2026-09-11 13:51:06,30.1,68.0,119.2
2026-09-11 13:51:36,30.1,70.0,110.0
2026-09-11 13:52:06,30.1,71.9,99.2
2026-09-11 13:52:36,30.1,72.5,91.7
2026-09-11 13:53:06,30.2,70.6,85.8
2026-09-11 13:53:36,30.2,68.7,89.2
2026-09-11 13:54:06,30.1,69.9,94.2
2026-09-11 13:54:36,30.2,71.1,80.0
2026-09-11 13:55:06,30.1,71.7,69.2
2026-09-11 13:55:36,30.2,72.3,60.8
2026-09-11 13:56:06,30.1,70.4,56.7
2026-09-11 13:56:36,30.2,72.1,50.8
2026-09-11 13:57:06,30.2,72.6,48.3
2026-09-11 13:57:36,30.1,72.1,47.5
2026-09-11 13:58:06,30.1,70.6,47.5
2026-09-11 13:58:36,30.1,72.0,50.0
2026-09-11 13:59:06,30.1,70.5,55.8
2026-09-11 13:59:36,30.1,69.5,57.5
2026-09-11 14:00:06,30.1,72.2,61.7
2026-09-11 14:00:36,30.1,72.5,63.3
2026-09-11 14:01:06,30.1,71.8,65.8
2026-09-11 14:01:36,30.1,71.2,68.3
2026-09-11 14:02:06,30.1,71.0,69.2
2026-09-11 14:02:36,30.1,71.8,69.2
2026-09-11 14:03:06,30.2,70.7,70.0
2026-09-11 14:03:36,30.1,72.3,70.8
2026-09-11 14:04:06,30.1,72.1,70.8
2026-09-11 14:04:36,30.1,72.7,70.8
2026-09-11 14:05:06,30.1,70.1,70.0
2026-09-11 14:05:36,30.1,70.2,70.0
2026-09-11 14:06:06,30.1,70.6,70.0
2026-09-11 14:06:36,30.1,72.0,68.3
2026-09-11 14:07:06,30.1,71.8,67.5
2026-09-11 14:07:36,30.1,71.8,65.8
2026-09-11 14:08:06,30.1,71.5,65.0
2026-09-11 14:08:36,30.1,71.8,65.0
2026-09-11 14:09:06,30.1,72.2,65.0
2026-09-11 14:09:36,30.1,70.2,65.0
2026-09-11 14:10:06,30.1,68.9,65.8
2026-09-11 14:10:36,30.1,71.2,67.5
2026-09-11 14:11:06,30.1,70.9,69.2
2026-09-11 14:11:36,30.0,69.8,73.3
2026-09-11 14:12:06,30.0,72.0,75.8
2026-09-11 14:12:36,30.1,70.8,74.2
2026-09-11 14:13:06,30.0,69.6,70.8
2026-09-11 14:13:36,30.0,69.1,65.0
2026-09-11 14:14:06,30.0,70.0,58.3
2026-09-11 14:14:36,30.0,71.7,50.8
2026-09-11 14:15:06,30.0,71.4,47.5
2026-09-11 14:15:36,30.0,69.3,45.8
2026-09-11 14:16:06,30.0,69.8,45.8
2026-09-11 14:16:36,30.0,69.3,48.3
2026-09-11 14:17:06,30.0,69.1,50.8
2026-09-11 14:17:36,30.0,68.8,55.0
2026-09-11 14:18:06,30.0,68.2,57.5
2026-09-11 14:18:36,30.0,71.9,60.8
2026-09-11 14:19:06,30.0,70.4,63.3
2026-09-11 14:19:36,30.0,69.0,66.7
2026-09-11 14:20:06,29.9,69.5,71.7
2026-09-11 14:20:36,29.9,69.1,77.5
2026-09-11 14:21:06,29.9,69.5,82.5
2026-09-11 14:21:36,29.9,71.4,86.7
2026-09-11 14:22:06,29.9,69.4,91.7
2026-09-11 14:22:36,29.9,69.3,96.7
2026-09-11 14:23:06,29.9,70.3,100.0
2026-09-11 14:23:36,29.9,68.4,102.5
2026-09-11 14:24:06,29.9,71.8,105.8
2026-09-11 14:24:36,29.9,72.2,111.7
2026-09-11 14:25:06,29.9,70.7,115.8
2026-09-11 14:25:36,29.9,69.8,123.3
2026-09-11 14:26:06,29.9,69.5,140.8
2026-09-11 14:26:36,29.9,71.9,170.8
2026-09-11 14:27:06,30.0,69.4,180.0
2026-09-11 14:27:36,29.9,69.4,175.0
2026-09-11 14:28:06,29.9,70.4,179.2
2026-09-11 14:28:36,29.9,72.8,180.8
2026-09-11 14:29:06,30.0,72.8,184.2
2026-09-11 14:29:36,29.9,73.0,180.8
2026-09-11 14:30:06,30.0,73.1,177.5
2026-09-11 14:30:36,30.0,73.1,176.7
2026-09-11 14:31:06,29.9,73.1,181.7
2026-09-11 14:31:36,30.0,72.9,185.0
2026-09-11 14:32:06,30.0,69.5,185.8
2026-09-11 14:32:36,29.9,71.8,185.0
2026-09-11 14:33:06,30.0,71.7,180.8
2026-09-11 14:33:36,30.0,72.8,136.7
2026-09-11 14:34:06,30.0,73.0,167.5
2026-09-11 14:34:36,30.0,72.3,125.8
2026-09-11 14:35:06,30.0,71.4,115.0
2026-09-11 14:35:36,30.0,72.5,91.7
2026-09-11 14:36:06,30.0,72.9,121.7
2026-09-11 14:36:36,30.0,71.8,85.8
2026-09-11 14:37:06,30.0,73.2,87.5
2026-09-11 14:37:36,29.9,72.1,90.8
2026-09-11 14:38:06,30.0,72.4,94.2
2026-09-11 14:38:36,30.0,71.6,95.8
2026-09-11 14:39:06,30.0,71.2,100.0
2026-09-11 14:39:36,30.0,72.0,102.5
2026-09-11 14:40:06,30.0,70.7,108.3
2026-09-11 14:40:36,30.0,72.8,115.8
2026-09-11 14:41:06,30.0,73.4,128.3
2026-09-11 14:41:36,30.0,71.8,137.5
2026-09-11 14:42:06,30.0,73.1,145.8
2026-09-11 14:42:36,30.0,70.2,139.2
2026-09-11 14:43:06,30.0,71.5,138.3
2026-09-11 14:43:36,30.0,70.1,139.2
2026-09-11 14:44:06,30.0,70.0,104.2
2026-09-11 14:44:36,30.0,71.3,105.8
2026-09-11 14:45:06,30.0,69.9,108.3
2026-09-11 14:45:36,30.0,71.5,105.8
2026-09-11 14:46:06,30.0,71.1,99.2
2026-09-11 14:46:36,30.1,70.0,96.7
2026-09-11 14:47:06,30.1,71.3,108.3
2026-09-11 14:47:36,30.1,70.6,90.8
2026-09-11 14:48:06,30.1,71.1,82.5
2026-09-11 14:48:36,30.1,70.0,80.8
2026-09-11 14:49:06,30.1,69.4,83.3
2026-09-11 14:49:36,30.1,69.9,85.8
2026-09-11 14:50:06,30.1,69.9,85.0
2026-09-11 14:50:36,30.1,69.8,77.5
2026-09-11 14:51:06,30.1,70.4,70.0
2026-09-11 14:51:36,30.1,71.7,65.8
2026-09-11 14:52:06,30.2,69.7,61.7
2026-09-11 14:52:36,30.1,69.1,58.3
2026-09-11 14:53:06,30.2,70.1,56.7
2026-09-11 14:53:36,30.2,69.2,56.7
2026-09-11 14:54:06,30.2,67.9,55.8
2026-09-11 14:54:36,30.2,71.2,52.5
2026-09-11 14:55:06,30.2,71.9,50.0
2026-09-11 14:55:36,30.2,72.2,49.2
2026-09-11 14:56:06,30.2,69.8,49.2
2026-09-11 14:56:36,30.2,71.1,50.0
2026-09-11 14:57:06,30.2,72.4,50.8
2026-09-11 14:57:36,30.2,70.7,55.0
2026-09-11 14:58:06,30.2,72.5,58.3
2026-09-11 14:58:36,30.2,72.2,61.7
2026-09-11 14:59:06,30.2,68.8,66.7
2026-09-11 14:59:36,30.2,70.8,68.3
2026-09-11 15:00:06,30.2,70.9,70.8
2026-09-11 15:00:36,30.2,71.3,71.7
2026-09-11 15:01:06,30.2,70.6,70.0
2026-09-11 15:01:36,30.2,72.2,71.7
2026-09-11 15:02:06,30.2,72.3,81.7
2026-09-11 15:02:36,30.2,72.2,78.3
2026-09-11 15:03:06,30.2,71.2,67.5
2026-09-11 15:03:36,30.2,70.8,64.2
2026-09-11 15:04:06,30.2,70.6,68.3
2026-09-11 15:04:36,30.2,70.9,70.0
2026-09-11 15:05:06,30.2,70.3,75.8
2026-09-11 15:05:36,30.2,72.3,82.5
2026-09-11 15:06:06,30.2,71.0,88.3
2026-09-11 15:06:36,30.2,71.1,91.7
2026-09-11 15:07:06,30.2,71.3,95.0
2026-09-11 15:07:36,30.2,70.8,100.8
2026-09-11 15:08:06,30.2,72.4,115.8
2026-09-11 15:08:36,30.2,68.4,118.3
2026-09-11 15:09:06,30.2,71.9,120.8
2026-09-11 15:09:36,30.2,70.7,120.0
2026-09-11 15:10:06,30.2,71.8,118.3
2026-09-11 15:10:36,30.2,69.7,114.2
2026-09-11 15:11:06,30.1,72.1,115.0
2026-09-11 15:11:36,30.2,70.5,115.0
2026-09-11 15:12:06,30.1,71.5,110.8
2026-09-11 15:12:36,30.2,72.4,118.3
2026-09-11 15:13:06,30.2,71.6,120.8
2026-09-11 15:13:36,30.1,68.8,124.2
2026-09-11 15:14:06,30.1,70.4,126.7
2026-09-11 15:14:36,30.1,69.6,119.2
2026-09-11 15:15:06,30.1,72.1,115.0
2026-09-11 15:15:36,30.1,70.7,109.2
2026-09-11 15:16:06,30.1,70.1,97.5
2026-09-11 15:16:36,30.1,71.0,93.3
2026-09-11 15:17:06,30.1,71.1,91.7
2026-09-11 15:17:36,30.1,70.0,81.7
2026-09-11 15:18:06,30.1,71.5,77.5
2026-09-11 15:18:36,30.1,70.2,72.5
2026-09-11 15:19:06,30.1,71.9,70.8
2026-09-11 15:19:36,30.1,72.1,71.7
2026-09-11 15:20:06,30.1,71.6,72.5
2026-09-11 15:20:36,30.1,71.7,73.3
2026-09-11 15:21:06,30.1,70.3,76.7
2026-09-11 15:21:36,30.1,68.7,83.3
2026-09-11 15:22:06,30.1,69.5,88.3
2026-09-11 15:22:36,30.1,70.7,81.7
2026-09-11 15:23:06,30.1,72.0,83.3
2026-09-11 15:23:36,30.1,71.6,84.2
2026-09-11 15:24:06,30.1,70.6,84.2
2026-09-11 15:24:36,30.1,72.4,83.3
2026-09-11 15:25:06,30.1,72.2,84.2
2026-09-11 15:25:36,30.1,72.3,85.8
2026-09-11 15:26:06,30.1,71.7,87.5
2026-09-11 15:26:36,30.1,69.4,83.3
2026-09-11 15:27:06,30.1,70.1,80.8
2026-09-11 15:27:36,30.1,69.3,76.7
2026-09-11 15:28:06,30.1,69.5,74.2
2026-09-11 15:28:36,30.1,69.7,71.7
2026-09-11 15:29:06,30.1,72.1,70.8
2026-09-11 15:29:36,30.1,68.0,69.2
2026-09-11 15:30:06,30.1,69.5,70.0
2026-09-11 15:30:36,30.1,70.5,70.0
2026-09-11 15:31:06,30.1,71.1,76.7
2026-09-11 15:31:36,30.1,71.6,79.2
2026-09-11 15:32:06,30.1,68.9,78.3
2026-09-11 15:32:36,30.1,71.4,76.7
2026-09-11 15:33:06,30.1,69.3,77.5
2026-09-11 15:33:36,30.1,70.2,77.5
2026-09-11 15:34:06,30.1,71.1,72.5
2026-09-11 15:34:36,30.1,68.8,81.7
2026-09-11 15:35:06,30.1,70.9,77.5
2026-09-11 15:35:36,30.1,69.3,77.5
2026-09-11 15:36:06,30.1,69.1,78.3
2026-09-11 15:36:36,30.0,70.6,79.2
2026-09-11 15:37:06,30.1,70.1,80.0
2026-09-11 15:37:36,30.0,71.5,80.0
2026-09-11 15:38:06,30.1,71.2,85.0
2026-09-11 15:38:36,30.1,70.1,85.8
2026-09-11 15:39:06,30.0,71.9,85.8
2026-09-11 15:39:36,30.1,71.6,76.7
2026-09-11 15:40:06,30.1,66.7,71.7
2026-09-11 15:40:36,30.1,71.7,70.8
2026-09-11 15:41:06,30.1,70.6,70.0
2026-09-11 15:41:36,30.1,72.0,67.5
2026-09-11 15:42:06,30.1,68.2,64.2
2026-09-11 15:42:36,30.1,71.2,62.5
2026-09-11 15:43:06,30.1,71.1,60.0
2026-09-11 15:43:36,30.1,71.2,55.8
2026-09-11 15:44:06,30.1,70.7,58.3
2026-09-11 15:44:36,30.1,71.7,51.7
2026-09-11 15:45:06,30.1,69.4,56.7
2026-09-11 15:45:36,30.1,70.7,58.3
2026-09-11 15:46:06,30.1,70.6,60.8
2026-09-11 15:46:36,30.1,70.5,63.3
2026-09-11 15:47:06,30.1,71.9,66.7
2026-09-11 15:47:36,30.1,69.6,68.3
2026-09-11 15:48:06,30.1,70.6,69.2
2026-09-11 15:48:36,30.1,70.9,69.2
2026-09-11 15:49:06,30.0,70.2,69.2
2026-09-11 15:49:36,30.0,69.1,65.0
2026-09-11 15:50:06,30.1,68.9,62.5
2026-09-11 15:50:36,30.0,68.7,60.8
2026-09-11 15:51:06,30.0,72.6,55.8
2026-09-11 15:51:36,30.0,70.1,50.0
2026-09-11 15:52:06,30.0,71.9,47.5
2026-09-11 15:52:36,30.0,70.9,45.8
2026-09-11 15:53:06,30.0,71.0,45.0
2026-09-11 15:53:36,30.0,69.7,43.3
2026-09-11 15:54:06,30.1,70.6,43.3
2026-09-11 15:54:36,30.0,70.8,45.0
2026-09-11 15:55:06,30.0,71.4,46.7
2026-09-11 15:55:36,30.0,67.9,47.5
2026-09-11 15:56:06,30.0,68.2,48.3
2026-09-11 15:56:36,30.0,70.4,48.3
2026-09-11 15:57:06,30.0,69.6,47.5
2026-09-11 15:57:36,30.0,69.2,47.5
2026-09-11 15:58:06,30.0,69.2,46.7
2026-09-11 15:58:36,30.0,69.7,46.7
2026-09-11 15:59:06,30.0,70.4,47.5
2026-09-11 15:59:36,30.0,72.3,50.0
2026-09-11 16:00:06,30.0,70.0,51.7
2026-09-11 16:00:36,30.0,72.3,52.5
2026-09-11 16:01:06,30.0,71.6,51.7
2026-09-11 16:01:36,30.0,69.4,52.5
2026-09-11 16:02:06,30.0,70.7,55.8
2026-09-11 16:02:36,30.0,72.1,58.3
2026-09-11 16:03:06,30.0,70.0,60.0
2026-09-11 16:03:36,30.0,68.2,60.8
2026-09-11 16:04:06,30.0,69.4,61.7
2026-09-11 16:04:36,30.0,71.9,63.3
2026-09-11 16:05:06,30.0,69.6,62.5
2026-09-11 16:05:36,30.0,72.1,61.7
2026-09-11 16:06:06,30.1,72.2,60.8
2026-09-11 16:06:36,30.1,71.2,60.0
2026-09-11 16:07:06,30.1,67.6,60.0
2026-09-11 16:07:36,30.0,69.4,58.3
2026-09-11 16:08:06,30.0,72.3,56.7
2026-09-11 16:08:36,30.1,68.9,52.5
2026-09-11 16:09:06,30.0,70.7,49.2
2026-09-11 16:09:36,30.0,72.3,44.2
2026-09-11 16:10:06,30.0,68.2,39.2
2026-09-11 16:10:36,30.0,69.5,35.8
2026-09-11 16:11:06,30.0,69.2,33.3
2026-09-11 16:11:36,30.0,71.5,31.7
2026-09-11 16:12:06,30.0,72.6,30.0
2026-09-11 16:12:36,30.0,70.2,28.3
2026-09-11 16:13:06,30.0,68.5,27.5
2026-09-11 16:13:36,30.0,68.4,26.7
2026-09-11 16:14:06,30.0,69.6,25.8
2026-09-11 16:14:36,30.0,70.5,25.0
2026-09-11 16:15:06,30.0,69.1,24.2
2026-09-11 16:15:36,30.0,69.2,24.2
2026-09-11 16:16:06,30.0,71.1,23.3
2026-09-11 16:16:36,30.0,71.8,23.3
2026-09-11 16:17:06,30.0,67.7,23.3
2026-09-11 16:17:36,30.0,72.3,23.3
2026-09-11 16:18:06,30.0,69.4,22.5
2026-09-11 16:18:36,30.0,70.2,22.5
2026-09-11 16:19:06,30.0,70.4,22.5
2026-09-11 16:19:36,30.0,68.8,22.5
2026-09-11 16:20:06,30.0,67.1,22.5
2026-09-11 16:20:36,30.0,71.5,22.5
2026-09-11 16:21:06,30.0,69.6,23.3
2026-09-11 16:21:36,30.0,68.4,23.3
2026-09-11 16:22:06,30.0,69.4,24.2
2026-09-11 16:22:36,30.0,70.1,25.0
2026-09-11 16:23:06,30.0,69.7,25.0
2026-09-11 16:23:36,30.0,70.3,25.0
2026-09-11 16:24:06,30.0,68.6,25.8
2026-09-11 16:24:36,29.9,71.0,26.7
2026-09-11 16:25:06,30.0,71.9,27.5
2026-09-11 16:25:36,30.0,72.2,28.3
2026-09-11 16:26:06,30.0,71.5,29.2
2026-09-11 16:26:36,30.0,69.9,30.0
2026-09-11 16:27:06,30.0,67.5,29.2
2026-09-11 16:27:36,29.9,69.2,28.3
2026-09-11 16:28:06,30.0,70.1,28.3
2026-09-11 16:28:36,30.0,68.0,28.3
2026-09-11 16:29:06,30.0,70.5,28.3
2026-09-11 16:29:36,30.0,69.4,28.3
2026-09-11 16:30:06,30.0,69.2,30.0
2026-09-11 16:30:36,30.0,72.0,30.8
2026-09-11 16:31:06,30.0,69.6,30.8
2026-09-11 16:31:36,29.9,72.2,30.8
2026-09-11 16:32:06,30.0,72.4,30.0
2026-09-11 16:32:36,30.0,70.1,29.2
2026-09-11 16:33:06,29.9,70.0,30.8
2026-09-11 16:33:36,29.9,72.2,32.5
2026-09-11 16:34:06,29.9,72.0,33.3
2026-09-11 16:34:36,29.9,72.2,33.3
2026-09-11 16:35:06,29.9,68.9,34.2
2026-09-11 16:35:36,29.9,70.6,34.2
2026-09-11 16:36:06,29.9,70.7,35.0
2026-09-11 16:36:36,29.9,71.4,35.8
2026-09-11 16:37:06,29.9,71.9,36.7
2026-09-11 16:37:36,29.9,73.0,37.5
2026-09-11 16:38:06,29.9,70.6,39.2
2026-09-11 16:38:36,29.9,72.4,40.0
2026-09-11 16:39:06,29.9,69.7,40.8
2026-09-11 16:39:36,29.9,68.5,42.5
2026-09-11 16:40:06,29.9,69.9,43.3
2026-09-11 16:40:36,29.9,71.7,45.8
2026-09-11 16:41:06,29.9,68.1,46.7
2026-09-11 16:41:36,29.9,69.9,47.5
2026-09-11 16:42:06,29.9,67.7,49.2
2026-09-11 16:42:36,29.9,68.3,50.8
2026-09-11 16:43:06,29.9,68.5,51.7
2026-09-11 16:43:36,29.9,70.0,55.0
2026-09-11 16:44:06,29.9,68.8,55.8
2026-09-11 16:44:36,29.9,70.2,55.8
2026-09-11 16:45:06,29.9,72.1,57.5
2026-09-11 16:45:36,29.9,72.4,57.5
2026-09-11 16:46:06,29.9,71.4,58.3
2026-09-11 16:46:36,29.9,71.3,60.0
2026-09-11 16:47:06,29.9,71.3,60.8
2026-09-11 16:47:36,29.9,70.8,61.7
2026-09-11 16:48:06,29.9,70.0,62.5
2026-09-11 16:48:36,29.9,70.0,63.3
2026-09-11 16:49:06,29.9,71.3,63.3
2026-09-11 16:49:36,29.9,69.4,64.2
2026-09-11 16:50:06,29.9,69.7,64.2
2026-09-11 16:50:36,29.9,68.3,64.2
2026-09-11 16:51:06,29.9,67.0,63.3
2026-09-11 16:51:36,29.9,70.0,63.3
2026-09-11 16:52:06,29.9,71.3,61.7
2026-09-11 16:52:36,29.9,72.2,60.8
2026-09-11 16:53:06,29.9,71.3,59.2
2026-09-11 16:53:36,29.9,72.7,58.3
2026-09-11 16:54:06,29.9,70.0,56.7
2026-09-11 16:54:36,29.9,67.8,55.0
2026-09-11 16:55:06,29.9,72.2,51.7
2026-09-11 16:55:36,29.9,70.4,50.0
2026-09-11 16:56:06,29.9,69.9,48.3
2026-09-11 16:56:36,29.9,71.3,46.7
2026-09-11 16:57:06,29.9,71.7,45.0
2026-09-11 16:57:36,29.9,70.8,44.2
2026-09-11 16:58:06,29.9,69.8,43.3
2026-09-11 16:58:36,29.9,71.7,42.5
2026-09-11 16:59:06,29.9,71.8,41.7
2026-09-11 16:59:36,29.9,71.1,40.8
2026-09-11 17:00:06,29.9,72.2,40.8
2026-09-11 17:00:36,29.9,71.2,40.0
2026-09-11 17:01:06,29.9,69.8,39.2
2026-09-11 17:01:36,29.9,70.2,38.3
2026-09-11 17:02:06,29.9,71.2,37.5
2026-09-11 17:02:36,29.9,69.7,36.7
2026-09-11 17:03:06,29.9,69.9,35.8
2026-09-11 17:03:36,29.9,69.8,34.2
2026-09-11 17:04:06,29.9,69.3,33.3
2026-09-11 17:04:36,29.9,72.2,31.7
2026-09-11 17:05:06,29.9,67.7,30.8
2026-09-11 17:05:36,29.9,71.1,30.0
2026-09-11 17:06:06,29.9,70.1,29.2
2026-09-11 17:06:36,29.9,71.3,28.3
2026-09-11 17:07:06,29.9,66.3,27.5
2026-09-11 17:07:36,29.9,68.7,26.7
2026-09-11 17:08:06,29.9,69.2,25.8
2026-09-11 17:08:36,29.9,72.0,25.0
2026-09-11 17:09:06,29.9,68.1,24.2
2026-09-11 17:09:36,29.9,67.6,24.2
2026-09-11 17:10:06,29.9,68.7,23.3
2026-09-11 17:10:36,29.9,70.6,22.5
2026-09-11 17:11:06,29.9,70.0,21.7
2026-09-11 17:11:36,29.9,70.2,20.8
2026-09-11 17:12:06,29.9,70.4,20.8
2026-09-11 17:12:36,29.9,70.1,20.0
2026-09-11 17:13:06,29.9,70.1,20.0
2026-09-11 17:13:36,29.9,69.6,19.2
2026-09-11 17:14:06,29.9,70.9,19.2
2026-09-11 17:14:36,29.9,69.5,19.2
2026-09-11 17:15:06,29.9,68.3,18.3
2026-09-11 17:15:36,29.9,69.6,18.3
2026-09-11 17:16:06,29.9,71.5,17.5
2026-09-11 17:16:36,29.9,70.8,17.5
2026-09-11 17:17:06,29.9,70.3,17.5
2026-09-11 17:17:36,29.9,69.3,16.7
2026-09-11 17:18:06,29.9,68.3,16.7
2026-09-11 17:18:36,29.9,71.0,15.8
2026-09-11 17:19:06,29.9,69.3,27.5
2026-09-11 17:19:36,29.9,68.3,26.7
2026-09-11 17:20:06,29.9,67.3,26.7
2026-09-11 17:20:36,29.9,67.2,26.7
2026-09-11 17:21:06,30.0,68.6,25.8
2026-09-11 17:21:36,30.0,67.3,25.8
2026-09-11 17:22:06,30.0,66.7,25.0
2026-09-11 17:22:36,30.0,67.6,25.0
2026-09-11 17:23:06,30.1,65.7,24.2
2026-09-11 17:23:36,30.1,65.4,24.2
2026-09-11 17:24:06,30.2,67.4,24.2
2026-09-11 17:24:36,30.2,68.2,23.3
2026-09-11 17:25:06,30.2,67.2,23.3
2026-09-11 17:25:36,30.2,68.8,22.5
2026-09-11 17:26:06,30.2,68.9,22.5
2026-09-11 17:26:36,30.3,69.1,22.5
2026-09-11 17:27:06,30.3,67.6,21.7
2026-09-11 17:27:36,30.3,68.3,21.7
2026-09-11 17:28:06,30.4,67.6,21.7
2026-09-11 17:28:36,30.4,66.6,21.7
2026-09-11 17:29:06,30.4,66.7,21.7
2026-09-11 17:29:36,30.4,66.4,20.8
2026-09-11 17:30:06,30.3,65.8,20.8
2026-09-11 17:30:36,30.3,66.7,20.8
2026-09-11 17:31:06,30.3,66.3,20.0
2026-09-11 17:31:36,30.3,66.6,20.0
2026-09-11 17:32:06,30.3,66.7,20.0
2026-09-11 17:32:36,30.3,65.2,20.0
2026-09-11 17:33:06,30.3,65.1,19.2
2026-09-11 17:33:36,30.2,65.2,19.2
2026-09-11 17:34:06,30.2,66.1,18.3
2026-09-11 17:34:36,30.2,67.6,18.3
2026-09-11 17:35:06,30.2,67.4,18.3
2026-09-11 17:35:36,30.2,68.0,18.3
2026-09-11 17:36:06,30.2,67.5,17.5
2026-09-11 17:36:36,30.2,67.9,17.5
2026-09-11 17:37:06,30.2,68.6,20.0
2026-09-11 17:37:36,30.2,66.9,19.2
2026-09-11 17:38:06,30.2,68.7,17.5
2026-09-11 17:38:36,30.2,67.9,16.7
2026-09-11 17:39:06,30.2,67.3,16.7
2026-09-11 17:39:36,30.2,68.6,16.7
2026-09-11 17:40:06,30.2,67.3,16.7
2026-09-11 17:40:36,30.2,68.7,16.7
2026-09-11 17:41:06,30.2,67.7,15.8
2026-09-11 17:41:36,30.2,68.4,15.8
2026-09-11 17:42:06,30.2,66.2,15.8
2026-09-11 17:42:36,30.2,68.3,15.8
2026-09-11 17:43:06,30.2,68.0,15.8
2026-09-11 17:43:36,30.2,68.8,15.8
2026-09-11 17:44:06,30.2,68.8,15.8
2026-09-11 17:44:36,30.2,68.9,15.8
2026-09-11 17:45:06,30.2,67.7,15.8
2026-09-11 17:45:36,30.2,68.0,15.8
2026-09-11 17:46:06,30.2,67.3,15.0
2026-09-11 17:46:36,30.2,67.6,15.0
2026-09-11 17:47:06,30.2,68.5,15.0
2026-09-11 17:47:36,30.2,68.8,15.0
2026-09-11 17:48:06,30.1,68.6,15.0
2026-09-11 17:48:36,30.2,68.6,15.0
2026-09-11 17:49:06,30.2,68.6,15.0
2026-09-11 17:49:36,30.2,67.7,15.0
2026-09-11 17:50:06,30.1,67.6,14.2
2026-09-11 17:50:36,30.1,68.0,14.2
2026-09-11 17:51:06,30.1,68.3,14.2
2026-09-11 17:51:36,30.2,67.4,14.2
2026-09-11 17:52:06,30.1,67.0,14.2
2026-09-11 17:52:36,30.1,67.4,14.2
2026-09-11 17:53:06,30.1,65.8,14.2
2026-09-11 17:53:36,30.1,68.0,14.2
2026-09-11 17:54:06,30.1,67.7,14.2
2026-09-11 17:54:36,30.1,67.3,13.3
2026-09-11 17:55:06,30.1,67.6,13.3
2026-09-11 17:55:36,30.1,66.7,13.3
2026-09-11 17:56:06,30.1,68.4,13.3
2026-09-11 17:56:36,30.1,67.8,13.3
2026-09-11 17:57:06,30.1,68.3,13.3
2026-09-11 17:57:36,30.1,68.5,13.3
2026-09-11 17:58:06,30.1,68.6,13.3
2026-09-11 17:58:36,30.1,68.1,13.3
2026-09-11 17:59:06,30.1,68.0,12.5
2026-09-11 17:59:36,30.1,67.0,12.5
2026-09-11 18:00:06,30.1,67.2,12.5
2026-09-11 18:00:36,30.1,68.5,12.5
2026-09-11 18:01:06,30.1,68.2,12.5
2026-09-11 18:01:36,30.1,68.4,12.5
2026-09-11 18:02:06,30.1,67.3,12.5
2026-09-11 18:02:36,30.1,68.5,12.5
2026-09-11 18:03:06,30.1,67.1,12.5
2026-09-11 18:03:36,30.1,68.4,12.5
2026-09-11 18:04:06,30.1,68.5,11.7
2026-09-11 18:04:36,30.1,68.4,11.7
2026-09-11 18:05:06,30.1,67.9,11.7
2026-09-11 18:05:36,30.1,68.1,11.7
2026-09-11 18:06:06,30.1,68.7,11.7
2026-09-11 18:06:36,30.1,67.2,11.7
2026-09-11 18:07:06,30.1,68.4,11.7
2026-09-11 18:07:36,30.1,67.6,11.7
2026-09-11 18:08:06,30.1,67.6,11.7
2026-09-11 18:08:36,30.1,68.8,11.7
2026-09-11 18:09:06,30.1,68.3,11.7
2026-09-11 18:09:36,30.1,68.3,11.7
2026-09-11 18:10:06,30.1,67.3,11.7
2026-09-11 18:10:36,30.1,68.8,11.7
2026-09-11 18:11:06,30.1,68.4,11.7
2026-09-11 18:11:36,30.1,67.7,11.7
2026-09-11 18:12:06,30.1,67.9,11.7
2026-09-11 18:12:36,30.1,68.2,11.7
2026-09-11 18:13:06,30.1,69.0,11.7
2026-09-11 18:13:36,30.1,69.1,11.7
2026-09-11 18:14:06,30.1,67.7,11.7
2026-09-11 18:14:36,30.1,67.3,11.7
2026-09-11 18:15:06,30.1,68.6,10.8
2026-09-11 18:15:36,30.1,67.7,10.8
2026-09-11 18:16:06,30.1,68.7,10.8
2026-09-11 18:16:36,30.1,68.6,10.8
2026-09-11 18:17:06,30.1,68.9,10.8
2026-09-11 18:17:36,30.1,68.7,10.8
2026-09-11 18:18:06,30.1,68.1,10.8
2026-09-11 18:18:36,30.1,67.7,10.8
2026-09-11 18:19:06,30.1,68.9,10.8
2026-09-11 18:19:36,30.1,69.0,10.8
2026-09-11 18:20:06,30.1,69.0,10.8
2026-09-11 18:20:36,30.1,68.3,10.8
2026-09-11 18:21:06,30.1,69.0,10.8
2026-09-11 18:21:36,30.1,68.3,10.8
2026-09-11 18:22:06,30.1,68.3,10.8
2026-09-11 18:22:36,30.0,69.2,10.8
2026-09-11 18:23:06,30.1,68.6,10.8
2026-09-11 18:23:36,30.1,69.1,10.8
2026-09-11 18:24:06,30.0,69.3,10.8
2026-09-11 18:24:36,30.0,69.3,10.8
2026-09-11 18:25:06,30.0,69.2,10.8
2026-09-11 18:25:36,30.0,69.3,10.8
2026-09-11 18:26:06,30.0,69.3,10.8
2026-09-11 18:26:36,30.0,69.5,10.8
2026-09-11 18:27:06,30.1,69.5,10.8
2026-09-11 18:27:36,30.0,69.5,10.8
2026-09-11 18:28:06,30.1,69.2,10.8
2026-09-11 18:28:36,30.1,68.8,10.8
2026-09-11 18:29:06,30.1,68.9,10.8
2026-09-11 18:29:36,30.1,69.3,10.8
2026-09-11 18:30:06,30.1,69.3,10.8
2026-09-11 18:30:36,30.1,68.7,10.8
2026-09-11 18:31:06,30.1,69.3,10.8
2026-09-11 18:31:36,30.1,69.4,10.8
2026-09-11 18:32:06,30.1,68.8,10.8
2026-09-11 18:32:36,30.0,69.4,10.8
2026-09-11 18:33:06,30.1,69.3,10.8
2026-09-11 18:33:36,30.0,69.4,10.8
2026-09-11 18:34:06,30.0,69.4,10.8
2026-09-11 18:34:36,30.0,69.2,10.8
2026-09-11 18:35:06,30.0,69.1,10.8
2026-09-11 18:35:36,30.0,69.1,10.8
2026-09-11 18:36:06,30.0,68.2,10.8
2026-09-11 18:36:36,30.0,69.3,10.8
2026-09-11 18:37:06,30.0,69.5,10.8
2026-09-11 18:37:36,30.0,69.3,10.8
2026-09-11 18:38:06,30.0,69.4,10.8
2026-09-11 18:38:36,30.0,68.5,15.0
2026-09-11 18:39:06,30.0,68.7,15.8
2026-09-11 18:39:36,30.0,67.9,16.7
2026-09-11 18:40:06,30.0,67.4,15.8
2026-09-11 18:40:36,30.0,67.6,15.8
2026-09-11 18:41:06,30.0,68.0,15.8
2026-09-11 18:41:36,30.0,67.4,19.2
2026-09-11 18:42:06,30.0,66.5,15.8
2026-09-11 18:42:36,29.9,67.5,15.8
2026-09-11 18:43:06,29.9,67.7,16.7
2026-09-11 18:43:36,29.9,68.6,17.5
2026-09-11 18:44:06,29.9,67.5,17.5
2026-09-11 18:44:36,29.9,68.3,19.2
2026-09-11 18:45:06,29.9,68.0,18.3
2026-09-11 18:45:36,29.9,68.6,15.8
2026-09-11 18:46:06,29.9,67.9,17.5
2026-09-11 18:46:36,29.9,68.5,17.5
2026-09-11 18:47:06,29.9,67.4,17.5
2026-09-11 18:47:36,29.9,68.6,16.7
2026-09-11 18:48:06,29.9,68.2,17.5
2026-09-11 18:48:36,29.9,68.1,19.2
2026-09-11 18:49:06,29.9,68.0,18.3
2026-09-11 18:49:36,29.9,68.2,20.0
2026-09-11 18:50:06,29.9,68.1,20.0
2026-09-11 18:50:36,29.9,68.0,21.7
2026-09-11 18:51:06,29.9,68.2,19.2
2026-09-11 18:51:36,29.8,67.8,20.0
2026-09-11 18:52:06,29.9,68.4,19.2
2026-09-11 18:52:36,29.9,68.7,20.0
2026-09-11 18:53:06,29.9,68.1,20.0
2026-09-11 18:53:36,29.9,68.4,23.3
2026-09-11 18:54:06,29.9,68.8,21.7
2026-09-11 18:54:36,29.9,68.4,20.0
2026-09-11 18:55:06,29.9,68.4,18.3
2026-09-11 18:55:36,29.9,67.9,18.3
2026-09-11 18:56:06,29.8,67.2,18.3
2026-09-11 18:56:36,29.9,68.6,19.2
2026-09-11 18:57:06,29.9,68.1,16.7
2026-09-11 18:57:36,29.9,67.9,19.2
2026-09-11 18:58:06,29.9,68.6,19.2
2026-09-11 18:58:36,29.9,68.4,21.7
2026-09-11 18:59:06,29.9,68.8,19.2
2026-09-11 18:59:36,29.9,67.0,19.2
2026-09-11 19:00:06,29.9,67.2,19.2
2026-09-11 19:00:36,29.9,68.3,20.0
2026-09-11 19:01:06,29.9,68.1,18.3
2026-09-11 19:01:36,29.9,67.9,18.3
2026-09-11 19:02:06,29.8,68.4,20.8
2026-09-11 19:02:36,29.8,68.5,20.0
2026-09-11 19:03:06,29.8,69.6,21.7
2026-09-11 19:03:36,29.9,69.3,17.5
2026-09-11 19:04:06,29.9,69.8,22.5
2026-09-11 19:04:36,29.9,68.8,19.2
2026-09-11 19:05:06,29.9,69.8,19.2
2026-09-11 19:05:36,29.9,67.8,20.8
2026-09-11 19:06:06,29.9,67.5,18.3
2026-09-11 19:06:36,29.9,67.3,19.2
2026-09-11 19:07:06,29.9,69.5,17.5
2026-09-11 19:07:36,29.9,67.7,21.7
2026-09-11 19:08:06,29.9,67.9,20.0
2026-09-11 19:08:36,29.9,67.6,21.7
2026-09-11 19:09:06,29.9,67.8,20.0
2026-09-11 19:09:36,29.9,67.6,21.7
2026-09-11 19:10:06,29.8,67.6,21.7
2026-09-11 19:10:36,29.9,67.9,18.3
2026-09-11 19:11:06,29.8,68.4,15.8
2026-09-11 19:11:36,29.8,68.3,16.7
2026-09-11 19:12:06,29.8,67.7,15.8
2026-09-11 19:12:36,29.8,67.8,16.7
2026-09-11 19:13:06,29.8,67.1,15.8
2026-09-11 19:13:36,29.8,68.2,15.8
2026-09-11 19:14:06,29.8,68.5,15.8
2026-09-11 19:14:36,29.8,68.7,15.8
2026-09-11 19:15:06,29.8,67.9,15.8
2026-09-11 19:15:36,29.8,68.2,18.3
2026-09-11 19:16:06,29.8,67.7,15.8
2026-09-11 19:16:36,29.8,69.7,15.8
2026-09-11 19:17:06,29.8,67.9,19.2
2026-09-11 19:17:36,29.8,69.2,16.7
2026-09-11 19:18:06,29.8,69.7,16.7
2026-09-11 19:18:36,29.8,69.4,17.5
2026-09-11 19:19:06,29.8,68.3,17.5
2026-09-11 19:19:36,29.8,69.1,17.5
2026-09-11 19:20:06,29.9,68.4,17.5
2026-09-11 19:20:36,29.8,69.4,18.3
2026-09-11 19:21:06,29.9,69.7,18.3
2026-09-11 19:21:36,29.8,69.1,18.3
2026-09-11 19:22:06,29.9,68.6,18.3
2026-09-11 19:22:36,29.9,69.3,21.7
2026-09-11 19:23:06,29.9,69.6,17.5
2026-09-11 19:23:36,29.9,68.5,22.5
2026-09-11 19:24:06,29.9,68.2,18.3
2026-09-11 19:24:36,29.9,67.7,18.3
2026-09-11 19:25:06,29.9,67.2,20.0
2026-09-11 19:25:36,29.9,66.0,18.3
2026-09-11 19:26:06,29.9,68.2,17.5
2026-09-11 19:26:36,29.9,70.6,17.5
2026-09-11 19:27:06,29.9,69.0,17.5
2026-09-11 19:27:36,29.8,67.9,17.5
2026-09-11 19:28:06,29.8,67.7,17.5
2026-09-11 19:28:36,29.8,67.1,17.5
2026-09-11 19:29:06,29.8,69.7,17.5
2026-09-11 19:29:36,29.8,68.9,17.5
2026-09-11 19:30:06,29.8,69.5,17.5
2026-09-11 19:30:36,29.9,68.9,17.5
2026-09-11 19:31:06,29.9,68.5,17.5
2026-09-11 19:31:36,29.8,70.2,18.3
2026-09-11 19:32:06,29.9,69.6,17.5
2026-09-11 19:32:36,29.9,70.1,20.8
2026-09-11 19:33:06,29.9,70.9,18.3
2026-09-11 19:33:36,29.9,69.8,17.5
2026-09-11 19:34:06,29.9,69.9,17.5
2026-09-11 19:34:36,29.9,68.5,19.2
2026-09-11 19:35:06,29.9,70.0,20.8
2026-09-11 19:35:36,29.9,69.4,20.0
2026-09-11 19:36:06,29.9,70.7,20.0
2026-09-11 19:36:36,29.9,68.3,20.0
2026-09-11 19:37:06,29.9,68.8,22.5
2026-09-11 19:37:36,29.9,69.1,17.5
2026-09-11 19:38:06,29.9,70.1,16.7
2026-09-11 19:38:36,29.9,68.7,20.0
2026-09-11 19:39:06,29.9,67.5,18.3
2026-09-11 19:39:36,29.9,66.7,16.7
2026-09-11 19:40:06,29.9,66.1,15.8
2026-09-11 19:40:36,29.8,68.0,15.8
2026-09-11 19:41:06,29.9,67.5,15.8
2026-09-11 19:41:36,29.8,67.6,15.8
2026-09-11 19:42:06,29.8,67.8,15.8
2026-09-11 19:42:36,29.8,67.6,18.3
2026-09-11 19:43:06,29.8,69.3,18.3
2026-09-11 19:43:36,29.8,68.5,16.7
2026-09-11 19:44:06,29.8,68.9,16.7
2026-09-11 19:44:36,29.8,68.4,16.7
2026-09-11 19:45:06,29.8,69.1,16.7
2026-09-11 19:45:36,29.8,68.1,16.7
2026-09-11 19:46:06,29.8,67.6,18.3
2026-09-11 19:46:36,29.8,67.8,18.3
2026-09-11 19:47:06,29.8,68.5,19.2
2026-09-11 19:47:36,29.8,69.9,18.3
2026-09-11 19:48:06,29.8,69.2,19.2
2026-09-11 19:48:36,29.7,69.6,20.0
2026-09-11 19:49:06,29.8,69.9,19.2
2026-09-11 19:49:36,29.8,69.6,20.0
2026-09-11 19:50:06,29.8,68.5,21.7
2026-09-11 19:50:36,29.7,67.4,17.5
2026-09-11 19:51:06,29.7,67.9,17.5
2026-09-11 19:51:36,29.7,67.8,20.8
2026-09-11 19:52:06,29.7,67.8,17.5
2026-09-11 19:52:36,29.6,69.2,17.5
2026-09-11 19:53:06,29.6,69.0,17.5
2026-09-11 19:53:36,29.6,68.9,17.5
2026-09-11 19:54:06,29.6,68.3,17.5
2026-09-11 19:54:36,29.6,67.8,17.5
2026-09-11 19:55:06,29.6,68.8,17.5
2026-09-11 19:55:36,29.6,68.6,17.5
2026-09-11 19:56:06,29.6,69.4,18.3
2026-09-11 19:56:36,29.6,69.6,18.3
2026-09-11 19:57:06,29.6,69.7,19.2
2026-09-11 19:57:36,29.6,70.8,17.5
2026-09-11 19:58:06,29.6,69.8,18.3
2026-09-11 19:58:36,29.7,70.6,18.3
2026-09-11 19:59:06,29.7,68.8,18.3
2026-09-11 19:59:36,29.7,68.3,20.0
2026-09-11 20:00:06,29.7,67.4,18.3
2026-09-11 20:00:36,29.6,67.2,19.2
2026-09-11 20:01:06,29.6,67.1,20.0
2026-09-11 20:01:36,29.6,67.8,20.0
2026-09-11 20:02:06,29.6,67.9,22.5
2026-09-11 20:02:36,29.6,68.5,17.5
2026-09-11 20:03:06,29.6,68.5,17.5
2026-09-11 20:03:36,29.6,67.6,18.3
2026-09-11 20:04:06,29.6,68.0,20.0
2026-09-11 20:04:36,29.6,67.4,17.5
2026-09-11 20:05:06,29.6,67.6,17.5
2026-09-11 20:05:36,29.6,68.3,17.5
2026-09-11 20:06:06,29.6,67.7,17.5
2026-09-11 20:06:36,29.6,66.8,17.5
2026-09-11 20:07:06,29.7,69.5,18.3
2026-09-11 20:07:36,29.7,70.1,18.3
2026-09-11 20:08:06,29.7,71.5,18.3
2026-09-11 20:08:36,29.8,71.7,18.3
2026-09-11 20:09:06,29.8,70.8,19.2
2026-09-11 20:09:36,29.9,69.2,20.8
2026-09-11 20:10:06,29.9,71.6,19.2
2026-09-11 20:10:36,29.9,71.8,17.5
2026-09-11 20:11:06,30.0,71.0,17.5
2026-09-11 20:11:36,30.0,68.0,22.5
2026-09-11 20:12:06,30.0,68.0,18.3
2026-09-11 20:12:36,30.0,69.8,18.3
2026-09-11 20:13:06,30.0,70.2,17.5
2026-09-11 20:13:36,30.0,69.8,19.2
2026-09-11 20:14:06,30.0,69.0,21.7
2026-09-11 20:14:36,30.0,70.0,18.3
2026-09-11 20:15:06,30.0,67.8,18.3
2026-09-11 20:15:36,30.0,67.0,20.8
2026-09-11 20:16:06,30.0,68.2,20.8
2026-09-11 20:16:36,30.0,70.6,24.2
2026-09-11 20:17:06,29.9,67.4,18.3
2026-09-11 20:17:36,29.9,70.5,20.0
2026-09-11 20:18:06,29.9,71.6,20.8
2026-09-11 20:18:36,29.9,70.5,20.8
2026-09-11 20:19:06,29.8,71.5,20.8
2026-09-11 20:19:36,29.9,69.9,20.0
2026-09-11 20:20:06,29.8,70.9,20.0
2026-09-11 20:20:36,29.8,72.0,19.2
2026-09-11 20:21:06,29.8,71.1,19.2
2026-09-11 20:21:36,29.8,70.0,18.3
2026-09-11 20:22:06,29.8,69.5,19.2
2026-09-11 20:22:36,29.8,71.7,18.3
2026-09-11 20:23:06,29.8,71.7,18.3
2026-09-11 20:23:36,29.8,71.2,18.3
2026-09-11 20:24:06,29.8,73.1,18.3
2026-09-11 20:24:36,29.9,72.4,18.3
2026-09-11 20:25:06,29.8,72.0,18.3
2026-09-11 20:25:36,29.8,71.9,20.0
2026-09-11 20:26:06,29.9,68.7,19.2
2026-09-11 20:26:36,29.8,72.0,24.2
2026-09-11 20:27:06,29.8,71.6,20.8
2026-09-11 20:27:36,29.8,71.3,23.3
2026-09-11 20:28:06,29.9,69.5,20.0
2026-09-11 20:28:36,29.9,71.6,23.3
2026-09-11 20:29:06,29.9,72.4,20.0
2026-09-11 20:29:36,29.8,70.6,20.8
2026-09-11 20:30:06,29.8,71.8,19.2
2026-09-11 20:30:36,29.9,71.8,19.2
2026-09-11 20:31:06,29.8,72.6,24.2
2026-09-11 20:31:36,29.8,71.6,20.0
2026-09-11 20:32:06,29.8,71.7,20.0
2026-09-11 20:32:36,29.8,69.5,22.5
2026-09-11 20:33:06,29.8,70.9,18.3
2026-09-11 20:33:36,29.8,71.7,18.3
2026-09-11 20:34:06,29.8,72.8,18.3
2026-09-11 20:34:36,29.8,72.9,18.3
2026-09-11 20:35:06,29.8,73.0,18.3
2026-09-11 20:35:36,29.8,71.9,18.3
2026-09-11 20:36:06,29.8,73.5,18.3
2026-09-11 20:36:36,29.8,72.9,18.3
2026-09-11 20:37:06,29.8,69.8,18.3
2026-09-11 20:37:36,29.8,68.4,18.3
2026-09-11 20:38:06,29.8,73.0,18.3
2026-09-11 20:38:36,29.8,72.4,18.3
2026-09-11 20:39:06,29.8,73.4,18.3
2026-09-11 20:39:36,29.8,73.3,18.3
2026-09-11 20:40:06,29.8,73.6,18.3
2026-09-11 20:40:36,29.8,72.6,18.3
2026-09-11 20:41:06,29.8,72.7,18.3
2026-09-11 20:41:36,29.9,73.9,18.3
2026-09-11 20:42:06,29.9,73.3,19.2
2026-09-11 20:42:36,29.9,70.6,20.0
2026-09-11 20:43:06,29.9,70.7,20.0
2026-09-11 20:43:36,29.9,73.1,19.2
2026-09-11 20:44:06,29.9,70.6,19.2
2026-09-11 20:44:36,29.8,70.4,19.2
2026-09-11 20:45:06,29.8,72.4,21.7
2026-09-11 20:45:36,29.8,73.1,18.3
2026-09-11 20:46:06,29.8,71.4,18.3
2026-09-11 20:46:36,29.8,71.2,21.7
2026-09-11 20:47:06,29.7,72.8,18.3
2026-09-11 20:47:36,29.8,72.3,20.8
2026-09-11 20:48:06,29.7,72.4,21.7
2026-09-11 20:48:36,29.8,71.8,19.2
2026-09-11 20:49:06,29.7,71.6,20.0
2026-09-11 20:49:36,29.7,70.4,20.0
2026-09-11 20:50:06,29.7,69.7,17.5
2026-09-11 20:50:36,29.7,72.4,17.5
2026-09-11 20:51:06,29.7,72.7,17.5
2026-09-11 20:51:36,29.7,72.5,17.5
2026-09-11 20:52:06,29.7,70.4,17.5
2026-09-11 20:52:36,29.6,71.7,17.5
2026-09-11 20:53:06,29.6,70.9,15.8
2026-09-11 20:53:36,29.6,71.4,15.8
2026-09-11 20:54:06,29.6,70.6,17.5
2026-09-11 20:54:36,29.6,70.4,18.3
2026-09-11 20:55:06,29.6,68.8,17.5
2026-09-11 20:55:36,29.5,70.3,16.7
2026-09-11 20:56:06,29.5,69.2,18.3
2026-09-11 20:56:36,29.5,68.9,18.3
2026-09-11 20:57:06,29.5,70.2,16.7
2026-09-11 20:57:36,29.5,70.2,18.3
2026-09-11 20:58:06,29.4,69.2,17.5
2026-09-11 20:58:36,29.4,70.8,16.7
2026-09-11 20:59:06,29.4,71.4,16.7
2026-09-11 20:59:36,29.4,70.4,16.7
2026-09-11 21:00:06,29.4,72.2,16.7
2026-09-11 21:00:36,29.4,71.6,15.8
2026-09-11 21:01:06,29.3,69.8,15.8
2026-09-11 21:01:36,29.3,68.9,15.8
2026-09-11 21:02:06,29.3,70.5,15.8
2026-09-11 21:02:36,29.3,70.0,15.8
2026-09-11 21:03:06,29.3,69.9,15.8
2026-09-11 21:03:36,29.3,70.2,15.8
2026-09-11 21:04:06,29.2,69.6,16.7
2026-09-11 21:04:36,29.2,72.1,16.7
2026-09-11 21:05:06,29.2,71.2,17.5
2026-09-11 21:05:36,29.2,69.8,17.5
2026-09-11 21:06:06,29.2,70.7,15.8
2026-09-11 21:06:36,29.2,69.6,16.7
2026-09-11 21:07:06,29.2,69.2,16.7
2026-09-11 21:07:36,29.2,68.3,18.3
2026-09-11 21:08:06,29.2,70.1,16.7
2026-09-11 21:08:36,29.2,71.1,16.7
2026-09-11 21:09:06,29.2,69.5,17.5
2026-09-11 21:09:36,29.1,71.3,18.3
2026-09-11 21:10:06,29.1,69.4,18.3
2026-09-11 21:10:36,29.1,69.2,18.3
2026-09-11 21:11:06,29.1,69.6,20.0
2026-09-11 21:11:36,29.1,68.6,15.8
2026-09-11 21:12:06,29.1,70.7,17.5
2026-09-11 21:12:36,29.1,70.5,16.7
2026-09-11 21:13:06,29.1,70.1,20.0
2026-09-11 21:13:36,29.1,70.6,15.8
2026-09-11 21:14:06,29.1,71.1,20.0
2026-09-11 21:14:36,29.1,70.2,16.7
2026-09-11 21:15:06,29.1,72.9,17.5
2026-09-11 21:15:36,29.1,71.0,20.8
2026-09-11 21:16:06,29.1,69.5,16.7
2026-09-11 21:16:36,29.1,69.6,18.3
2026-09-11 21:17:06,29.1,71.1,18.3
2026-09-11 21:17:36,29.1,72.2,18.3
2026-09-11 21:18:06,29.1,73.0,18.3
2026-09-11 21:18:36,29.1,73.8,18.3
2026-09-11 21:19:06,29.1,70.6,17.5
2026-09-11 21:19:36,29.1,71.3,18.3
2026-09-11 21:20:06,29.1,69.6,18.3
2026-09-11 21:20:36,29.1,71.5,20.0
2026-09-11 21:21:06,29.1,71.9,19.2
2026-09-11 21:21:36,29.1,72.3,20.0
2026-09-11 21:22:06,29.1,73.9,18.3
2026-09-11 21:22:36,29.1,72.3,19.2
2026-09-11 21:23:06,29.1,72.9,19.2
2026-09-11 21:23:36,29.2,73.8,19.2
2026-09-11 21:24:06,29.2,73.2,19.2
2026-09-11 21:24:36,29.2,73.3,19.2
2026-09-11 21:25:06,29.2,72.9,19.2
2026-09-11 21:25:36,29.2,73.4,19.2
2026-09-11 21:26:06,29.2,73.7,19.2
2026-09-11 21:26:36,29.3,73.4,19.2
2026-09-11 21:27:06,29.3,71.7,19.2
2026-09-11 21:27:36,29.3,70.8,19.2
2026-09-11 21:28:06,29.2,72.0,19.2
2026-09-11 21:28:36,29.2,71.2,19.2
2026-09-11 21:29:06,29.2,71.9,19.2
2026-09-11 21:29:36,29.2,72.3,19.2
2026-09-11 21:30:06,29.2,72.5,19.2
2026-09-11 21:30:36,29.3,71.8,19.2
2026-09-11 21:31:06,29.2,70.6,19.2
2026-09-11 21:31:36,29.2,70.3,21.7
2026-09-11 21:32:06,29.2,71.3,20.0
2026-09-11 21:32:36,29.2,72.1,17.5
2026-09-11 21:33:06,29.2,73.8,18.3
2026-09-11 21:33:36,29.2,74.3,18.3
2026-09-11 21:34:06,29.3,74.2,18.3
2026-09-11 21:34:36,29.3,73.8,20.8
2026-09-11 21:35:06,29.3,73.1,22.5
2026-09-11 21:35:36,29.4,74.2,23.3
2026-09-11 21:36:06,29.4,73.4,21.7
2026-09-11 21:36:36,29.4,72.1,19.2
2026-09-11 21:37:06,29.4,72.5,23.3
2026-09-11 21:37:36,29.4,73.4,18.3
2026-09-11 21:38:06,29.4,72.3,20.8
2026-09-11 21:38:36,29.4,70.8,20.0
2026-09-11 21:39:06,29.5,71.8,19.2
2026-09-11 21:39:36,29.4,70.8,22.5
2026-09-11 21:40:06,29.4,70.9,18.3
2026-09-11 21:40:36,29.4,73.1,19.2
2026-09-11 21:41:06,29.4,72.9,19.2
2026-09-11 21:41:36,29.4,73.8,20.0
2026-09-11 21:42:06,29.4,72.3,18.3
2026-09-11 21:42:36,29.5,71.8,16.7
2026-09-11 21:43:06,29.4,72.1,16.7
2026-09-11 21:43:36,29.5,72.4,17.5
2026-09-11 21:44:06,29.5,72.1,19.2
2026-09-11 21:44:36,29.4,72.2,17.5
2026-09-11 21:45:06,29.4,72.8,19.2
2026-09-11 21:45:36,29.5,71.9,20.0
2026-09-11 21:46:06,29.4,72.2,21.7
2026-09-11 21:46:36,29.5,70.2,18.3
2026-09-11 21:47:06,29.4,72.0,17.5
2026-09-11 21:47:36,29.4,71.1,19.2
2026-09-11 21:48:06,29.4,70.0,18.3
2026-09-11 21:48:36,29.4,70.9,18.3
2026-09-11 21:49:06,29.4,71.5,18.3
2026-09-11 21:49:36,29.4,72.3,19.2
2026-09-11 21:50:06,29.4,70.8,16.7
2026-09-11 21:50:36,29.4,70.9,17.5
2026-09-11 21:51:06,29.4,72.3,19.2
2026-09-11 21:51:36,29.4,73.0,20.8
2026-09-11 21:52:06,29.4,70.9,17.5
2026-09-11 21:52:36,29.3,71.4,18.3
2026-09-11 21:53:06,29.3,71.7,20.8
2026-09-11 21:53:36,29.3,71.1,17.5
2026-09-11 21:54:06,29.3,72.1,17.5
2026-09-11 21:54:36,29.3,72.0,17.5
2026-09-11 21:55:06,29.3,72.4,17.5
2026-09-11 21:55:36,29.3,71.5,18.3
2026-09-11 21:56:06,29.3,71.4,18.3
2026-09-11 21:56:36,29.3,71.3,20.0
2026-09-11 21:57:06,29.3,71.8,17.5
2026-09-11 21:57:36,29.3,70.0,22.5
2026-09-11 21:58:06,29.3,70.6,18.3
2026-09-11 21:58:36,29.2,70.3,19.2
2026-09-11 21:59:06,29.2,71.5,15.8
2026-09-11 21:59:36,29.2,68.9,21.7
2026-09-11 22:00:06,29.2,69.1,20.0
2026-09-11 22:00:36,29.2,70.6,19.2
2026-09-11 22:01:06,29.2,69.2,18.3
2026-09-11 22:01:36,29.2,71.4,17.5
2026-09-11 22:02:06,29.2,70.5,18.3
2026-09-11 22:02:36,29.2,70.9,19.2
2026-09-11 22:03:06,29.1,70.4,21.7
2026-09-11 22:03:36,29.1,70.8,17.5
2026-09-11 22:04:06,29.1,70.9,19.2
2026-09-11 22:04:36,29.2,71.5,18.3
2026-09-11 22:05:06,29.2,71.1,18.3
2026-09-11 22:05:36,29.2,70.8,18.3
2026-09-11 22:06:06,29.1,69.6,20.0
2026-09-11 22:06:36,29.2,68.9,22.5
2026-09-11 22:07:06,29.1,70.7,19.2
2026-09-11 22:07:36,29.2,71.1,21.7
2026-09-11 22:08:06,29.1,71.6,19.2
2026-09-11 22:08:36,29.2,71.0,16.7
2026-09-11 22:09:06,29.2,69.6,18.3
2026-09-11 22:09:36,29.2,71.0,16.7
2026-09-11 22:10:06,29.2,71.3,20.0
2026-09-11 22:10:36,29.2,70.1,18.3
2026-09-11 22:11:06,29.2,70.8,19.2
2026-09-11 22:11:36,29.1,69.6,17.5
2026-09-11 22:12:06,29.1,69.6,17.5
2026-09-11 22:12:36,29.1,70.0,20.0
2026-09-11 22:13:06,29.1,69.9,20.8
2026-09-11 22:13:36,29.1,70.1,18.3
2026-09-11 22:14:06,29.0,69.9,17.5
2026-09-11 22:14:36,29.0,70.7,20.8
2026-09-11 22:15:06,29.0,71.1,17.5
2026-09-11 22:15:36,29.0,70.0,18.3
2026-09-11 22:16:06,29.0,70.1,19.2
2026-09-11 22:16:36,29.0,69.6,18.3
2026-09-11 22:17:06,29.0,69.7,18.3
2026-09-11 22:17:36,29.0,71.2,19.2
2026-09-11 22:18:06,29.0,70.7,20.0
2026-09-11 22:18:36,29.0,71.6,20.8
2026-09-11 22:19:06,29.0,71.7,20.8
2026-09-11 22:19:36,29.0,72.6,20.0
2026-09-11 22:20:06,29.1,70.8,16.7
2026-09-11 22:20:36,29.0,73.6,16.7
2026-09-11 22:21:06,29.1,72.2,16.7
2026-09-11 22:21:36,29.0,70.2,16.7
2026-09-11 22:22:06,29.0,72.0,17.5
2026-09-11 22:22:36,29.0,71.7,18.3
2026-09-11 22:23:06,29.1,70.6,19.2
2026-09-11 22:23:36,29.0,70.5,18.3
2026-09-11 22:24:06,29.0,70.7,18.3
2026-09-11 22:24:36,29.0,71.3,18.3
2026-09-11 22:25:06,29.0,72.0,18.3
2026-09-11 22:25:36,29.0,70.1,18.3
2026-09-11 22:26:06,29.0,70.7,18.3
2026-09-11 22:26:36,29.0,69.0,18.3
2026-09-11 22:27:06,29.0,71.5,17.5
2026-09-11 22:27:36,28.9,71.3,18.3
2026-09-11 22:28:06,28.9,71.0,18.3
2026-09-11 22:28:36,28.9,69.2,18.3
2026-09-11 22:29:06,28.9,68.4,20.0
2026-09-11 22:29:36,28.9,68.9,15.8
2026-09-11 22:30:06,28.9,70.2,18.3
2026-09-11 22:30:36,28.9,69.9,18.3
2026-09-11 22:31:06,28.9,68.6,20.0
2026-09-11 22:31:36,28.8,68.7,20.8
2026-09-11 22:32:06,28.8,71.7,18.3
2026-09-11 22:32:36,28.8,70.4,21.7
2026-09-11 22:33:06,28.8,70.1,20.0
2026-09-11 22:33:36,28.8,71.3,19.2
2026-09-11 22:34:06,28.8,71.2,18.3
2026-09-11 22:34:36,28.9,70.1,19.2
2026-09-11 22:35:06,28.9,70.1,21.7
2026-09-11 22:35:36,28.9,70.8,22.5
2026-09-11 22:36:06,28.9,71.9,20.8
2026-09-11 22:36:36,28.9,71.4,19.2
2026-09-11 22:37:06,28.9,69.4,21.7
2026-09-11 22:37:36,28.8,70.4,20.0
2026-09-11 22:38:06,28.9,71.6,20.8
2026-09-11 22:38:36,28.8,71.9,22.5
2026-09-11 22:39:06,28.8,72.1,18.3
2026-09-11 22:39:36,28.8,73.7,19.2
2026-09-11 22:40:06,28.9,72.7,11.7
2026-09-11 22:40:36,28.9,73.3,16.7
2026-09-11 22:41:06,28.9,72.4,15.8
2026-09-11 22:41:36,28.9,72.6,18.3
2026-09-11 22:42:06,28.9,73.2,16.7
2026-09-11 22:42:36,29.0,72.7,20.8
2026-09-11 22:43:06,29.0,71.0,16.7
2026-09-11 22:43:36,29.0,72.3,21.7
2026-09-11 22:44:06,29.0,72.5,20.0
2026-09-11 22:44:36,29.0,71.3,16.7
2026-09-11 22:45:06,29.0,72.3,19.2
2026-09-11 22:45:36,29.0,70.5,16.7
2026-09-11 22:46:06,29.0,68.7,15.8
2026-09-11 22:46:36,29.0,71.4,17.5
2026-09-11 22:47:06,29.0,71.9,17.5
2026-09-11 22:47:36,29.0,71.1,17.5
2026-09-11 22:48:06,29.0,68.4,17.5
2026-09-11 22:48:36,28.9,69.4,17.5
2026-09-11 22:49:06,28.9,71.0,19.2
2026-09-11 22:49:36,29.0,71.4,19.2
2026-09-11 22:50:06,29.0,71.8,18.3
2026-09-11 22:50:36,28.9,70.6,15.8
2026-09-11 22:51:06,29.0,70.6,17.5
2026-09-11 22:51:36,29.0,72.2,19.2
2026-09-11 22:52:06,29.0,72.2,19.2
2026-09-11 22:52:36,29.0,72.2,17.5
2026-09-11 22:53:06,29.0,72.0,18.3
2026-09-11 22:53:36,29.0,71.0,17.5
2026-09-11 22:54:06,29.0,70.8,17.5
2026-09-11 22:54:36,29.0,69.6,18.3
2026-09-11 22:55:06,28.9,71.6,17.5
2026-09-11 22:55:36,28.9,71.2,17.5
2026-09-11 22:56:06,28.9,72.2,18.3
2026-09-11 22:56:36,28.9,72.3,19.2
2026-09-11 22:57:06,28.9,70.8,19.2
2026-09-11 22:57:36,28.9,72.8,20.0
2026-09-11 22:58:06,28.9,71.6,20.8
2026-09-11 22:58:36,28.9,72.4,21.7
2026-09-11 22:59:06,28.9,73.8,20.8
2026-09-11 22:59:36,28.9,73.9,19.2
2026-09-11 23:00:06,29.0,72.1,19.2
2026-09-11 23:00:36,28.9,70.1,19.2
2026-09-11 23:01:06,28.9,69.8,22.5
2026-09-11 23:01:36,28.9,70.8,20.8
2026-09-11 23:02:06,28.9,72.6,21.7
2026-09-11 23:02:36,28.9,71.3,19.2
2026-09-11 23:03:06,28.9,73.2,17.5
2026-09-11 23:03:36,28.9,71.5,22.5
2026-09-11 23:04:06,28.9,71.8,20.0
2026-09-11 23:04:36,28.9,71.5,21.7
2026-09-11 23:05:06,28.9,71.4,20.0
2026-09-11 23:05:36,28.9,70.8,20.8
2026-09-11 23:06:06,28.9,70.6,20.0
2026-09-11 23:06:36,28.9,70.2,20.0
2026-09-11 23:07:06,28.8,71.3,20.0
2026-09-11 23:07:36,28.8,71.9,20.8
2026-09-11 23:08:06,28.8,71.7,20.0
2026-09-11 23:08:36,28.8,69.4,20.8
2026-09-11 23:09:06,28.8,70.6,19.2
2026-09-11 23:09:36,28.8,72.8,16.7
2026-09-11 23:10:06,28.8,71.8,18.3
2026-09-11 23:10:36,28.8,69.3,18.3
2026-09-11 23:11:06,28.9,69.7,19.2
2026-09-11 23:11:36,28.9,69.9,19.2
2026-09-11 23:12:06,28.9,71.3,18.3
2026-09-11 23:12:36,28.9,70.1,20.0
2026-09-11 23:13:06,28.8,70.4,20.0
2026-09-11 23:13:36,28.9,70.5,22.5
2026-09-11 23:14:06,28.9,69.8,20.8
2026-09-11 23:14:36,28.8,70.1,21.7
2026-09-11 23:15:06,28.8,70.1,20.8
2026-09-11 23:15:36,28.8,70.7,18.3
2026-09-11 23:16:06,28.8,70.1,20.0
2026-09-11 23:16:36,28.8,71.4,20.0
2026-09-11 23:17:06,28.8,72.9,20.8
2026-09-11 23:17:36,28.8,71.1,23.3
2026-09-11 23:18:06,28.8,72.3,24.2
2026-09-11 23:18:36,28.8,72.2,23.3
2026-09-11 23:19:06,28.8,70.9,18.3
2026-09-11 23:19:36,28.8,69.8,23.3
2026-09-11 23:20:06,28.8,69.5,20.0
2026-09-11 23:20:36,28.8,71.6,23.3
2026-09-11 23:21:06,28.8,69.2,22.5
2026-09-11 23:21:36,28.8,69.7,22.5
2026-09-11 23:22:06,28.8,69.2,20.0
2026-09-11 23:22:36,28.8,70.9,20.8
2026-09-11 23:23:06,28.8,72.4,20.0
2026-09-11 23:23:36,28.8,73.2,20.8
2026-09-11 23:24:06,28.8,72.8,22.5
2026-09-11 23:24:36,28.8,72.0,22.5
2026-09-11 23:25:06,28.8,72.8,21.7
2026-09-11 23:25:36,28.8,72.7,21.7
2026-09-11 23:26:06,28.8,72.6,22.5
2026-09-11 23:26:36,28.8,72.8,22.5
2026-09-11 23:27:06,28.8,72.8,22.5
2026-09-11 23:27:36,28.8,69.8,18.3
2026-09-11 23:28:06,28.7,69.7,19.2
2026-09-11 23:28:36,28.7,70.9,19.2
2026-09-11 23:29:06,28.7,70.3,20.8
2026-09-11 23:29:36,28.7,71.2,20.0
2026-09-11 23:30:06,28.7,69.8,20.8
2026-09-11 23:30:36,28.7,70.1,20.8
2026-09-11 23:31:06,28.7,70.1,20.8
2026-09-11 23:31:36,28.7,69.5,20.8
2026-09-11 23:32:06,28.7,69.0,21.7
2026-09-11 23:32:36,28.7,70.4,21.7
2026-09-11 23:33:06,28.7,69.1,21.7
2026-09-11 23:33:36,28.7,69.8,22.5
2026-09-11 23:34:06,28.6,71.1,22.5
2026-09-11 23:34:36,28.6,69.3,22.5
2026-09-11 23:35:06,28.6,71.8,22.5
2026-09-11 23:35:36,28.6,71.6,23.3
2026-09-11 23:36:06,28.6,73.0,17.5
2026-09-11 23:36:36,28.6,72.5,18.3
2026-09-11 23:37:06,28.6,73.7,11.7
2026-09-11 23:37:36,28.6,74.1,11.7
2026-09-11 23:38:06,28.5,73.7,11.7
2026-09-11 23:38:36,28.5,73.1,11.7
2026-09-11 23:39:06,28.5,73.1,11.7
2026-09-11 23:39:36,28.5,74.0,11.7
2026-09-11 23:40:06,28.5,74.0,11.7
2026-09-11 23:40:36,28.5,74.8,11.7
2026-09-11 23:41:06,28.4,74.8,11.7
2026-09-11 23:41:36,28.4,74.3,11.7
2026-09-11 23:42:06,28.4,73.6,11.7
2026-09-11 23:42:36,28.4,72.8,11.7
2026-09-11 23:43:06,28.4,71.6,11.7
2026-09-11 23:43:36,28.4,72.6,11.7
2026-09-11 23:44:06,28.4,71.5,10.8
2026-09-11 23:44:36,28.4,71.7,10.8
2026-09-11 23:45:06,28.3,73.7,10.8
2026-09-11 23:45:36,28.3,71.5,10.8
2026-09-11 23:46:06,28.3,71.0,10.8
2026-09-11 23:46:36,28.3,70.9,10.8
2026-09-11 23:47:06,28.3,70.4,10.8
2026-09-11 23:47:36,28.3,70.8,10.8
2026-09-11 23:48:06,28.3,70.2,10.8
2026-09-11 23:48:36,28.3,70.3,10.8
2026-09-11 23:49:06,28.3,71.6,10.8
2026-09-11 23:49:36,28.2,71.8,10.8
2026-09-11 23:50:06,28.2,72.7,10.8
2026-09-11 23:50:36,28.2,74.4,10.8
2026-09-11 23:51:06,28.2,74.9,10.8
2026-09-11 23:51:36,28.2,71.8,10.8
2026-09-11 23:52:06,28.2,71.3,10.8
2026-09-11 23:52:36,28.2,71.0,10.8
2026-09-11 23:53:06,28.2,70.7,10.8
2026-09-11 23:53:36,28.2,71.2,10.8
2026-09-11 23:54:06,28.2,70.8,10.8
2026-09-11 23:54:36,28.1,69.1,10.8
2026-09-11 23:55:06,28.1,70.7,10.8
2026-09-11 23:55:36,28.2,72.2,10.8
2026-09-11 23:56:06,28.2,73.1,10.8
2026-09-11 23:56:36,28.2,72.7,10.8
2026-09-11 23:57:06,28.2,74.6,10.8
2026-09-11 23:57:36,28.2,72.3,10.8
2026-09-11 23:58:06,28.1,72.2,10.8
2026-09-11 23:58:36,28.1,72.8,10.8
2026-09-11 23:59:06,28.1,72.4,10.8
2026-09-11 23:59:36,28.1,70.9,10.8
2026-09-12 00:00:06,28.1,72.3,10.8
2026-09-12 00:00:36,28.1,73.0,10.8
2026-09-12 00:01:06,28.1,71.2,10.8
2026-09-12 00:01:36,28.1,71.7,10.8
2026-09-12 00:02:06,28.1,71.1,10.8
2026-09-12 00:02:36,28.1,70.7,10.8
2026-09-12 00:03:06,28.1,71.3,10.8
2026-09-12 00:03:36,28.1,73.6,10.8
2026-09-12 00:04:06,28.1,73.4,10.8
2026-09-12 00:04:36,28.1,74.3,10.8
2026-09-12 00:05:06,28.1,74.6,10.8
2026-09-12 00:05:36,28.1,74.0,10.8
2026-09-12 00:06:06,28.1,73.7,10.8
2026-09-12 00:06:36,28.1,73.2,10.8
2026-09-12 00:07:06,28.1,72.9,10.8
2026-09-12 00:07:36,28.1,73.3,10.8
2026-09-12 00:08:06,28.1,73.5,10.8
2026-09-12 00:08:36,28.1,73.0,10.8
2026-09-12 00:09:06,28.1,74.7,10.8
2026-09-12 00:09:36,28.1,74.7,10.8
2026-09-12 00:10:06,28.1,75.0,10.8
2026-09-12 00:10:36,28.1,74.4,10.8
2026-09-12 00:11:06,28.1,70.8,10.8
2026-09-12 00:11:36,28.0,72.3,10.8
2026-09-12 00:12:06,28.1,72.2,10.8
2026-09-12 00:12:36,28.1,72.3,10.8
2026-09-12 00:13:06,28.1,71.8,10.8
2026-09-12 00:13:36,28.1,71.8,10.8
2026-09-12 00:14:06,28.1,71.1,10.8
2026-09-12 00:14:36,28.1,73.1,10.8
2026-09-12 00:15:06,28.1,72.7,10.8
2026-09-12 00:15:36,28.1,72.5,10.8
2026-09-12 00:16:06,28.1,73.3,10.8
2026-09-12 00:16:36,28.1,71.6,10.8
2026-09-12 00:17:06,28.1,71.8,10.8
2026-09-12 00:17:36,28.1,71.8,10.8
2026-09-12 00:18:06,28.1,71.4,10.8
2026-09-12 00:18:36,28.1,71.6,10.8
2026-09-12 00:19:06,28.0,70.8,10.8
2026-09-12 00:19:36,28.0,71.3,10.8
2026-09-12 00:20:06,28.0,73.3,10.8
2026-09-12 00:20:36,28.0,73.6,10.8
2026-09-12 00:21:06,28.0,73.8,10.8
2026-09-12 00:21:36,28.0,73.9,10.8
2026-09-12 00:22:06,28.0,75.2,10.8
2026-09-12 00:22:36,28.0,75.2,10.8
2026-09-12 00:23:06,28.0,75.5,10.8
2026-09-12 00:23:36,28.0,74.0,10.8
2026-09-12 00:24:06,28.0,74.0,10.8
2026-09-12 00:24:36,28.0,72.7,10.8
2026-09-12 00:25:06,28.0,73.1,10.8
2026-09-12 00:25:36,28.0,73.7,10.8
2026-09-12 00:26:06,28.0,74.3,10.8
2026-09-12 00:26:36,28.0,74.8,10.8
2026-09-12 00:27:06,28.0,72.7,10.8
2026-09-12 00:27:36,28.0,73.6,10.8
2026-09-12 00:28:06,28.0,73.2,10.8
2026-09-12 00:28:36,28.0,74.1,10.8
2026-09-12 00:29:06,28.0,74.4,10.8
2026-09-12 00:29:36,28.0,75.1,10.8
2026-09-12 00:30:06,28.0,75.7,10.8
2026-09-12 00:30:36,27.9,75.6,10.8
2026-09-12 00:31:06,27.9,72.7,10.8
2026-09-12 00:31:36,27.9,71.8,10.8
2026-09-12 00:32:06,27.9,72.3,10.8
2026-09-12 00:32:36,27.9,70.7,10.8
2026-09-12 00:33:06,27.9,70.1,10.8
2026-09-12 00:33:36,27.9,71.7,10.8
2026-09-12 00:34:06,27.9,72.8,10.8
2026-09-12 00:34:36,27.9,71.2,10.8
2026-09-12 00:35:06,27.9,70.3,10.8
2026-09-12 00:35:36,27.9,71.8,10.8
2026-09-12 00:36:06,27.9,73.5,10.8
2026-09-12 00:36:36,27.9,74.2,10.8
2026-09-12 00:37:06,27.9,72.8,10.8
2026-09-12 00:37:36,27.9,72.3,10.8
2026-09-12 00:38:06,27.9,70.9,10.8
2026-09-12 00:38:36,27.9,71.9,10.8
2026-09-12 00:39:06,27.9,73.0,10.8
2026-09-12 00:39:37,27.9,74.7,10.8
2026-09-12 00:40:07,27.9,74.7,10.8
2026-09-12 00:40:37,27.9,74.7,10.8
2026-09-12 00:41:07,27.9,74.2,10.8
2026-09-12 00:41:37,28.0,73.4,10.8
2026-09-12 00:42:07,28.0,73.6,10.8
2026-09-12 00:42:37,28.0,74.6,0.0
2026-09-12 00:43:07,28.0,75.0,0.0
2026-09-12 00:43:37,28.0,75.3,0.0
2026-09-12 00:44:07,28.0,74.6,0.0
2026-09-12 00:44:37,28.0,71.7,0.0
2026-09-12 00:45:07,28.0,70.4,0.0
2026-09-12 00:45:37,28.0,71.7,0.0
2026-09-12 00:46:07,28.0,70.9,0.0
2026-09-12 00:46:37,28.0,73.8,0.0
2026-09-12 00:47:07,28.0,72.6,0.0
2026-09-12 00:47:37,28.0,70.7,0.0
2026-09-12 00:48:07,28.0,71.6,0.0
2026-09-12 00:48:37,28.0,70.7,0.0
2026-09-12 00:49:07,28.0,70.3,0.0
2026-09-12 00:49:37,28.0,71.3,0.0
2026-09-12 00:50:07,28.0,72.6,0.0
2026-09-12 00:50:37,28.1,72.8,0.0
2026-09-12 00:51:07,28.1,71.3,0.0
2026-09-12 00:51:37,28.1,72.0,0.0
2026-09-12 00:52:07,28.1,72.8,0.0
2026-09-12 00:52:37,28.1,73.5,0.0
2026-09-12 00:53:07,28.1,74.0,0.0
2026-09-12 00:53:37,28.1,74.6,0.0
2026-09-12 00:54:07,28.1,74.7,0.0
2026-09-12 00:54:37,28.1,74.1,0.0
2026-09-12 00:55:07,28.1,74.4,0.0
2026-09-12 00:55:37,28.1,72.8,0.0
2026-09-12 00:56:07,28.1,71.4,0.0
2026-09-12 00:56:37,28.1,71.2,0.0
2026-09-12 00:57:07,28.1,71.5,0.0
2026-09-12 00:57:37,28.1,72.0,0.0
2026-09-12 00:58:07,28.1,70.5,0.0
2026-09-12 00:58:37,28.1,71.4,0.0
2026-09-12 00:59:07,28.1,72.3,0.0
2026-09-12 00:59:37,28.1,72.6,0.0
2026-09-12 01:00:07,28.1,72.9,0.0
2026-09-12 01:00:37,28.1,72.9,0.0
2026-09-12 01:01:07,28.1,73.3,0.0
2026-09-12 01:01:37,28.1,73.8,0.0
2026-09-12 01:02:07,28.1,73.1,0.0
2026-09-12 01:02:37,28.1,72.7,0.0
2026-09-12 01:03:07,28.1,70.3,0.0
2026-09-12 01:03:37,28.1,69.6,0.0
2026-09-12 01:04:07,28.1,70.9,0.0
2026-09-12 01:04:37,28.1,70.9,0.0
2026-09-12 01:05:07,28.1,71.6,0.0
2026-09-12 01:05:37,28.1,69.9,0.0
2026-09-12 01:06:07,28.0,68.7,0.0
2026-09-12 01:06:37,28.0,69.0,0.0
2026-09-12 01:07:07,28.0,69.0,0.0
2026-09-12 01:07:37,28.0,71.2,0.0
2026-09-12 01:08:07,28.0,68.9,0.0
2026-09-12 01:08:37,28.0,71.1,0.0
2026-09-12 01:09:07,28.0,69.5,0.0
2026-09-12 01:09:37,28.0,69.3,0.0
2026-09-12 01:10:07,28.0,69.4,0.0
2026-09-12 01:10:37,28.0,68.8,0.0
2026-09-12 01:11:07,28.0,69.2,0.0
2026-09-12 01:11:37,28.1,70.8,0.0
2026-09-12 01:12:07,28.0,69.6,0.0
2026-09-12 01:12:37,28.1,70.3,0.0
2026-09-12 01:13:07,28.1,70.8,0.0
2026-09-12 01:13:37,28.1,70.6,0.0
2026-09-12 01:14:07,28.0,72.1,0.0
2026-09-12 01:14:37,28.1,72.4,0.0
2026-09-12 01:15:07,28.1,70.1,0.0
2026-09-12 01:15:37,28.1,71.4,0.0
2026-09-12 01:16:07,28.1,70.7,0.0
2026-09-12 01:16:37,28.1,72.6,0.0
2026-09-12 01:17:07,28.1,71.9,0.0
2026-09-12 01:17:37,28.1,69.6,0.0
2026-09-12 01:18:07,28.1,70.9,0.0
2026-09-12 01:18:37,28.1,69.4,0.0
2026-09-12 01:19:07,28.1,69.0,0.0
2026-09-12 01:19:37,28.1,71.9,0.0
2026-09-12 01:20:07,28.1,70.0,0.0
2026-09-12 01:20:37,28.1,71.8,0.0
2026-09-12 01:21:07,28.2,71.3,0.0
2026-09-12 01:21:37,28.2,71.9,0.0
2026-09-12 01:22:07,28.2,70.9,0.0
2026-09-12 01:22:37,28.2,72.9,0.0
2026-09-12 01:23:07,28.1,71.8,0.0
2026-09-12 01:23:37,28.2,70.7,0.0
2026-09-12 01:24:07,28.2,70.3,0.0
2026-09-12 01:24:37,28.2,70.5,0.0
2026-09-12 01:25:07,28.2,73.0,0.0
2026-09-12 01:25:37,28.2,71.6,0.0
2026-09-12 01:26:07,28.2,70.8,0.0
2026-09-12 01:26:37,28.2,71.6,0.0
2026-09-12 01:27:07,28.2,71.7,0.0
2026-09-12 01:27:37,28.2,71.4,0.0
2026-09-12 01:28:07,28.2,72.3,0.0
2026-09-12 01:28:37,28.2,72.2,0.0
2026-09-12 01:29:07,28.2,72.0,0.0
2026-09-12 01:29:37,28.1,72.8,0.0
2026-09-12 01:30:07,28.1,72.3,0.0
2026-09-12 01:30:37,28.1,72.9,0.0
2026-09-12 01:31:07,28.2,70.1,0.0
2026-09-12 01:31:37,28.2,70.4,0.0
2026-09-12 01:32:07,28.2,70.1,0.0
2026-09-12 01:32:37,28.2,72.5,0.0
2026-09-12 01:33:07,28.2,69.8,0.0
2026-09-12 01:33:37,28.2,69.8,0.0
2026-09-12 01:34:07,28.2,70.6,0.0
2026-09-12 01:34:37,28.2,70.7,0.0
2026-09-12 01:35:07,28.2,69.0,0.0
2026-09-12 01:35:37,28.2,70.5,0.0
2026-09-12 01:36:07,28.2,69.9,0.0
2026-09-12 01:36:37,28.2,68.8,0.0
2026-09-12 01:37:07,28.2,70.9,0.0
2026-09-12 01:37:37,28.2,69.8,0.0
2026-09-12 01:38:07,28.2,69.6,0.0
2026-09-12 01:38:37,28.1,69.3,0.0
2026-09-12 01:39:07,28.1,70.7,0.0
2026-09-12 01:39:37,28.1,69.3,0.0
2026-09-12 01:40:07,28.1,69.8,0.0
2026-09-12 01:40:37,28.1,69.9,0.0
2026-09-12 01:41:07,28.1,70.4,0.0
2026-09-12 01:41:37,28.1,69.4,0.0
2026-09-12 01:42:07,28.0,69.4,0.0
2026-09-12 01:42:37,28.0,69.2,0.0
2026-09-12 01:43:07,28.0,70.9,0.0
2026-09-12 01:43:37,28.0,70.3,0.0
2026-09-12 01:44:07,28.0,70.7,0.0
2026-09-12 01:44:37,28.0,71.6,0.0
2026-09-12 01:45:07,28.0,70.8,0.0
2026-09-12 01:45:37,28.0,70.7,0.0
2026-09-12 01:46:07,28.0,72.3,0.0
2026-09-12 01:46:37,28.0,71.7,0.0
2026-09-12 01:47:07,28.1,71.4,0.0
2026-09-12 01:47:37,28.0,71.5,0.0
2026-09-12 01:48:07,28.1,71.6,0.0
2026-09-12 01:48:37,28.0,72.1,0.0
2026-09-12 01:49:07,28.0,72.1,0.0
2026-09-12 01:49:37,28.0,70.1,0.0
2026-09-12 01:50:07,28.0,69.9,0.0
2026-09-12 01:50:37,28.0,69.3,0.0
2026-09-12 01:51:07,28.0,68.9,0.0
2026-09-12 01:51:37,28.0,70.0,0.0
2026-09-12 01:52:07,28.0,69.4,0.0
2026-09-12 01:52:37,28.0,71.3,0.0
2026-09-12 01:53:07,28.0,70.6,0.0
2026-09-12 01:53:37,28.0,69.3,0.0
2026-09-12 01:54:07,28.0,72.2,0.0
2026-09-12 01:54:37,28.0,71.8,0.0
2026-09-12 01:55:07,28.0,72.0,0.0
2026-09-12 01:55:37,28.0,70.3,0.0
2026-09-12 01:56:07,28.1,69.1,0.0
2026-09-12 01:56:37,28.1,70.6,0.0
2026-09-12 01:57:07,28.1,67.8,0.0
2026-09-12 01:57:37,28.1,67.1,0.0
2026-09-12 01:58:07,28.1,68.8,0.0
2026-09-12 01:58:37,28.1,69.2,0.0
2026-09-12 01:59:07,28.1,70.3,0.0
2026-09-12 01:59:37,28.1,70.6,0.0
2026-09-12 02:00:07,28.1,69.8,0.0
2026-09-12 02:00:37,28.1,70.0,0.0
2026-09-12 02:01:07,28.1,69.8,0.0
2026-09-12 02:01:37,28.1,70.1,0.0
2026-09-12 02:02:07,28.1,69.6,0.0
2026-09-12 02:02:37,28.2,70.4,0.0
2026-09-12 02:03:07,28.1,70.8,0.0
2026-09-12 02:03:37,28.2,70.5,0.0
2026-09-12 02:04:07,28.1,68.8,0.0
2026-09-12 02:04:37,28.1,71.0,0.0
2026-09-12 02:05:07,28.1,70.8,0.0
2026-09-12 02:05:37,28.1,71.5,0.0
2026-09-12 02:06:07,28.2,70.2,0.0
2026-09-12 02:06:37,28.2,69.5,0.0
2026-09-12 02:07:07,28.2,69.1,0.0
2026-09-12 02:07:37,28.2,71.3,0.0
2026-09-12 02:08:07,28.2,70.6,0.0
2026-09-12 02:08:37,28.2,68.6,0.0
2026-09-12 02:09:07,28.1,68.1,0.0
2026-09-12 02:09:37,28.1,68.1,0.0
2026-09-12 02:10:07,28.1,68.6,0.0
2026-09-12 02:10:37,28.1,67.5,0.0
2026-09-12 02:11:07,28.1,69.1,0.0
2026-09-12 02:11:37,28.1,70.2,0.0
2026-09-12 02:12:07,28.1,69.9,0.0
2026-09-12 02:12:37,28.1,70.5,0.0
2026-09-12 02:13:07,28.1,69.4,0.0
2026-09-12 02:13:37,28.1,68.1,0.0
2026-09-12 02:14:07,28.1,71.5,0.0
2026-09-12 02:14:37,28.1,68.4,0.0
2026-09-12 02:15:07,28.1,68.3,0.0
2026-09-12 02:15:37,28.1,68.7,0.0
2026-09-12 02:16:07,28.1,69.5,0.0
2026-09-12 02:16:37,28.2,68.0,0.0
2026-09-12 02:17:07,28.2,67.9,0.0
2026-09-12 02:17:37,28.2,68.9,0.0
2026-09-12 02:18:07,28.2,68.4,0.0
2026-09-12 02:18:37,28.1,68.6,0.0
2026-09-12 02:19:07,28.1,69.2,0.0
2026-09-12 02:19:37,28.1,67.6,0.0
2026-09-12 02:20:07,28.1,70.7,0.0
2026-09-12 02:20:37,28.1,71.2,0.0
2026-09-12 02:21:07,28.2,69.9,0.0
2026-09-12 02:21:37,28.2,67.8,0.0
2026-09-12 02:22:07,28.2,68.1,0.0
2026-09-12 02:22:37,28.2,66.4,0.0
2026-09-12 02:23:07,28.1,68.7,0.0
2026-09-12 02:23:37,28.1,70.0,0.0
2026-09-12 02:24:07,28.2,67.7,0.0
2026-09-12 02:24:37,28.2,66.8,0.0
2026-09-12 02:25:07,28.2,69.7,0.0
2026-09-12 02:25:37,28.2,69.5,0.0
2026-09-12 02:26:07,28.2,67.6,0.0
2026-09-12 02:26:37,28.2,68.3,0.0
2026-09-12 02:27:07,28.2,67.7,0.0
2026-09-12 02:27:37,28.2,68.9,0.0
2026-09-12 02:28:07,28.2,65.8,0.0
2026-09-12 02:28:37,28.1,65.3,0.0
2026-09-12 02:29:07,28.1,69.8,0.0
2026-09-12 02:29:37,28.1,68.8,0.0
2026-09-12 02:30:07,28.1,68.4,0.0
2026-09-12 02:30:37,28.1,67.8,0.0
2026-09-12 02:31:07,28.1,68.4,0.0
2026-09-12 02:31:37,28.1,66.7,0.0
2026-09-12 02:32:07,28.1,69.6,0.0
2026-09-12 02:32:37,28.1,67.3,0.0
2026-09-12 02:33:07,28.1,67.7,0.0
2026-09-12 02:33:37,28.1,67.7,0.0
2026-09-12 02:34:07,28.1,67.6,0.0
2026-09-12 02:34:37,28.0,65.7,0.0
2026-09-12 02:35:07,28.0,67.7,0.0
2026-09-12 02:35:37,28.0,70.1,0.0
2026-09-12 02:36:07,28.1,71.7,0.0
2026-09-12 02:36:37,28.1,68.0,0.0
2026-09-12 02:37:07,28.1,70.7,0.0
2026-09-12 02:37:37,28.1,68.4,0.0
2026-09-12 02:38:07,28.1,68.0,0.0
2026-09-12 02:38:37,28.1,68.1,0.0
2026-09-12 02:39:07,28.1,70.6,0.0
2026-09-12 02:39:37,28.1,68.1,0.0
2026-09-12 02:40:07,28.2,69.3,0.0
2026-09-12 02:40:37,28.2,69.9,0.0
2026-09-12 02:41:07,28.2,69.1,0.0
2026-09-12 02:41:37,28.2,69.7,0.0
2026-09-12 02:42:07,28.2,68.9,0.0
2026-09-12 02:42:37,28.2,69.8,0.0
2026-09-12 02:43:07,28.2,69.1,0.0
2026-09-12 02:43:37,28.2,70.4,0.0
2026-09-12 02:44:07,28.1,68.8,0.0
2026-09-12 02:44:37,28.1,67.8,0.0
2026-09-12 02:45:07,28.1,67.1,0.0
2026-09-12 02:45:37,28.1,69.9,0.0
2026-09-12 02:46:07,28.1,70.2,0.0
2026-09-12 02:46:37,28.1,69.1,0.0
2026-09-12 02:47:07,28.1,66.7,0.0
2026-09-12 02:47:37,28.1,65.8,0.0
2026-09-12 02:48:07,28.1,66.7,0.0
2026-09-12 02:48:37,28.1,68.6,0.0
2026-09-12 02:49:07,28.1,69.3,0.0
2026-09-12 02:49:37,28.1,68.2,0.0
2026-09-12 02:50:07,28.1,68.7,0.0
2026-09-12 02:50:37,28.1,69.2,0.0
2026-09-12 02:51:07,28.1,67.6,0.0
2026-09-12 02:51:37,28.0,69.1,0.0
2026-09-12 02:52:07,28.0,68.3,0.0
2026-09-12 02:52:37,28.0,67.8,0.0
2026-09-12 02:53:07,28.0,67.8,0.0
2026-09-12 02:53:37,28.0,67.9,0.0
2026-09-12 02:54:07,28.0,67.8,0.0
2026-09-12 02:54:37,28.1,67.8,0.0
2026-09-12 02:55:07,28.1,70.0,0.0
2026-09-12 02:55:37,28.1,67.1,0.0
2026-09-12 02:56:07,28.1,68.2,0.0
2026-09-12 02:56:37,28.1,69.2,0.0
2026-09-12 02:57:07,28.1,66.7,0.0
2026-09-12 02:57:37,28.1,67.8,0.0
2026-09-12 02:58:07,28.1,67.9,0.0
2026-09-12 02:58:37,28.1,68.3,0.0
2026-09-12 02:59:07,28.1,66.7,0.0
2026-09-12 02:59:37,28.1,67.6,0.0
2026-09-12 03:00:07,28.1,68.0,0.0
2026-09-12 03:00:37,28.1,66.5,0.0
2026-09-12 03:01:07,28.1,67.8,0.0
2026-09-12 03:01:37,28.1,66.3,0.0
2026-09-12 03:02:07,28.1,66.3,0.0
2026-09-12 03:02:37,28.1,67.6,0.0
2026-09-12 03:03:07,28.1,66.2,0.0
2026-09-12 03:03:37,28.1,66.9,0.0
2026-09-12 03:04:07,28.1,66.5,0.0
2026-09-12 03:04:37,28.0,67.0,0.0
2026-09-12 03:05:07,28.0,66.9,0.0
2026-09-12 03:05:37,28.0,66.3,0.0
2026-09-12 03:06:07,28.0,67.5,0.0
2026-09-12 03:06:37,28.0,65.6,0.0
2026-09-12 03:07:07,28.0,65.2,0.0
2026-09-12 03:07:37,28.0,70.1,0.0
2026-09-12 03:08:07,28.0,67.2,0.0
2026-09-12 03:08:37,28.0,67.6,0.0
2026-09-12 03:09:07,28.0,68.3,0.0
2026-09-12 03:09:37,28.0,67.3,0.0
2026-09-12 03:10:07,28.0,66.4,0.0
2026-09-12 03:10:37,28.0,66.7,0.0
2026-09-12 03:11:07,28.0,67.0,0.0
2026-09-12 03:11:37,28.0,68.1,0.0
2026-09-12 03:12:07,28.0,66.6,0.0
2026-09-12 03:12:37,28.0,67.5,0.0
2026-09-12 03:13:07,28.0,68.0,0.0
2026-09-12 03:13:37,28.0,67.3,0.0
2026-09-12 03:14:07,28.0,68.5,0.0
2026-09-12 03:14:37,28.0,68.6,0.0
2026-09-12 03:15:07,28.1,67.8,0.0
2026-09-12 03:15:37,28.1,66.0,0.0
2026-09-12 03:16:07,28.0,66.1,0.0
2026-09-12 03:16:37,28.0,65.2,0.0
2026-09-12 03:17:07,28.0,65.1,0.0
2026-09-12 03:17:37,28.0,66.7,0.0
2026-09-12 03:18:07,28.0,64.8,0.0
2026-09-12 03:18:37,28.0,66.3,0.0
2026-09-12 03:19:07,28.0,68.9,0.0
2026-09-12 03:19:37,28.0,69.0,0.0
2026-09-12 03:20:07,28.0,67.5,0.0
2026-09-12 03:20:37,28.1,65.8,0.0
2026-09-12 03:21:07,28.0,65.3,0.0
2026-09-12 03:21:37,28.0,64.9,0.0
2026-09-12 03:22:07,28.0,65.4,0.0
2026-09-12 03:22:37,28.0,64.9,0.0
2026-09-12 03:23:07,28.0,64.3,0.0
2026-09-12 03:23:37,28.0,64.8,0.0
2026-09-12 03:24:07,28.0,65.4,0.0
2026-09-12 03:24:37,28.0,65.2,0.0
2026-09-12 03:25:07,27.9,65.3,0.0
2026-09-12 03:25:37,27.9,64.8,0.0
2026-09-12 03:26:07,27.9,65.2,0.0
2026-09-12 03:26:37,27.9,64.7,0.0
2026-09-12 03:27:07,27.9,64.9,0.0
2026-09-12 03:27:37,27.9,65.7,0.0
2026-09-12 03:28:07,27.9,66.8,0.0
2026-09-12 03:28:37,28.0,64.0,0.0
2026-09-12 03:29:07,27.9,64.2,0.0
2026-09-12 03:29:37,28.0,64.5,0.0
2026-09-12 03:30:07,28.0,64.6,0.0
2026-09-12 03:30:37,28.0,64.1,0.0
2026-09-12 03:31:07,27.9,64.6,0.0
2026-09-12 03:31:37,27.9,65.6,0.0
2026-09-12 03:32:07,27.9,64.9,0.0
2026-09-12 03:32:37,27.9,64.8,0.0
2026-09-12 03:33:07,27.9,64.5,0.0
2026-09-12 03:33:37,27.9,64.3,0.0
2026-09-12 03:34:07,27.9,68.5,0.0
2026-09-12 03:34:37,27.9,67.5,0.0
2026-09-12 03:35:07,28.0,64.8,0.0
2026-09-12 03:35:37,28.0,65.9,0.0
2026-09-12 03:36:07,28.0,65.6,0.0
2026-09-12 03:36:37,28.0,67.8,0.0
2026-09-12 03:37:07,28.0,67.4,0.0
2026-09-12 03:37:37,28.0,68.2,0.0
2026-09-12 03:38:07,28.0,66.9,0.0
2026-09-12 03:38:37,28.1,66.2,0.0
2026-09-12 03:39:07,28.0,64.6,0.0
2026-09-12 03:39:37,28.0,63.2,0.0
2026-09-12 03:40:07,28.0,63.5,0.0
2026-09-12 03:40:37,28.0,64.5,0.0
2026-09-12 03:41:07,28.0,66.1,0.0
2026-09-12 03:41:37,28.0,64.8,0.0
2026-09-12 03:42:07,28.0,64.8,0.0
2026-09-12 03:42:37,28.0,67.5,0.0
2026-09-12 03:43:07,28.0,64.7,0.0
2026-09-12 03:43:37,28.0,64.2,0.0
2026-09-12 03:44:07,28.0,64.1,0.0
2026-09-12 03:44:37,28.0,64.1,0.0
2026-09-12 03:45:07,28.0,64.1,0.0
2026-09-12 03:45:37,28.0,65.3,0.0
2026-09-12 03:46:07,28.0,65.1,0.0
2026-09-12 03:46:37,28.0,65.1,0.0
2026-09-12 03:47:07,28.0,65.6,0.0
2026-09-12 03:47:37,28.0,64.3,0.0
2026-09-12 03:48:07,28.0,64.9,0.0
2026-09-12 03:48:37,28.0,65.2,0.0
2026-09-12 03:49:07,28.0,65.5,0.0
2026-09-12 03:49:37,28.0,64.4,0.0
2026-09-12 03:50:07,28.0,65.6,0.0
2026-09-12 03:50:37,28.0,65.4,0.0
2026-09-12 03:51:07,28.0,67.4,0.0
2026-09-12 03:51:37,28.0,65.1,0.0
2026-09-12 03:52:07,28.0,65.9,0.0
2026-09-12 03:52:37,28.0,66.3,0.0
2026-09-12 03:53:07,28.0,65.4,0.0
2026-09-12 03:53:37,28.0,64.3,0.0
2026-09-12 03:54:07,28.0,65.1,0.0
2026-09-12 03:54:37,28.0,64.7,0.0
2026-09-12 03:55:07,28.0,64.4,0.0
2026-09-12 03:55:37,28.0,63.9,0.0
2026-09-12 03:56:07,28.0,66.5,0.0
2026-09-12 03:56:37,28.0,68.8,0.0
2026-09-12 03:57:07,28.0,68.3,0.0
2026-09-12 03:57:37,28.0,65.6,0.0
2026-09-12 03:58:07,28.0,65.4,0.0
2026-09-12 03:58:37,28.0,64.0,0.0
2026-09-12 03:59:07,28.1,63.5,0.0
2026-09-12 03:59:37,28.0,65.7,0.0
2026-09-12 04:00:07,28.1,64.3,0.0
2026-09-12 04:00:37,28.0,65.1,0.0
2026-09-12 04:01:07,28.0,66.0,0.0
2026-09-12 04:01:37,28.1,66.1,0.0
2026-09-12 04:02:07,28.1,65.3,0.0
2026-09-12 04:02:37,28.0,64.4,0.0
2026-09-12 04:03:07,28.0,64.4,0.0
2026-09-12 04:03:37,28.0,63.5,0.0
2026-09-12 04:04:07,28.0,63.3,0.0
2026-09-12 04:04:37,28.0,63.8,0.0
2026-09-12 04:05:07,28.0,64.5,0.0
2026-09-12 04:05:37,28.0,64.3,0.0
2026-09-12 04:06:07,28.0,66.4,0.0
2026-09-12 04:06:37,28.0,65.3,0.0
2026-09-12 04:07:07,28.0,67.1,0.0
2026-09-12 04:07:37,28.0,65.3,0.0
2026-09-12 04:08:07,28.0,64.4,0.0
2026-09-12 04:08:37,28.0,65.3,0.0
2026-09-12 04:09:07,28.0,64.8,0.0
2026-09-12 04:09:37,28.0,64.5,0.0
2026-09-12 04:10:07,28.0,64.5,0.0
2026-09-12 04:10:37,28.0,64.8,0.0
2026-09-12 04:11:07,28.0,65.6,0.0
2026-09-12 04:11:37,28.0,65.8,0.0
2026-09-12 04:12:07,28.0,65.9,0.0
2026-09-12 04:12:37,28.0,64.6,0.0
2026-09-12 04:13:07,28.0,65.0,0.0
2026-09-12 04:13:37,28.0,63.4,0.0
2026-09-12 04:14:07,28.0,65.6,0.0
2026-09-12 04:14:37,28.0,65.3,0.0
2026-09-12 04:15:07,28.0,66.0,0.0
2026-09-12 04:15:37,28.0,66.3,0.0
2026-09-12 04:16:07,28.1,65.6,0.0
2026-09-12 04:16:37,28.1,64.7,0.0
2026-09-12 04:17:07,28.1,65.6,0.0
2026-09-12 04:17:37,28.1,65.2,0.0
2026-09-12 04:18:07,28.1,65.9,0.0
2026-09-12 04:18:37,28.0,65.8,0.0
2026-09-12 04:19:07,28.1,66.1,0.0
2026-09-12 04:19:37,28.1,65.4,0.0
2026-09-12 04:20:07,28.0,64.8,0.0
2026-09-12 04:20:37,28.0,64.3,0.0
2026-09-12 04:21:07,28.0,64.4,0.0
2026-09-12 04:21:37,28.0,65.7,0.0
2026-09-12 04:22:07,28.0,65.8,0.0
2026-09-12 04:22:37,28.0,67.9,0.0
2026-09-12 04:23:07,28.0,67.1,0.0
2026-09-12 04:23:37,28.1,66.4,0.0
2026-09-12 04:24:07,28.1,64.3,0.0
2026-09-12 04:24:37,28.1,64.1,0.0
2026-09-12 04:25:07,28.1,64.5,0.0
2026-09-12 04:25:37,28.1,65.0,0.0
2026-09-12 04:26:07,28.1,65.4,0.0
2026-09-12 04:26:37,28.0,63.9,0.0
2026-09-12 04:27:07,28.0,64.9,0.0
2026-09-12 04:27:37,28.0,64.1,0.0
2026-09-12 04:28:07,28.0,63.6,0.0
2026-09-12 04:28:37,28.0,63.3,0.0
2026-09-12 04:29:07,28.0,63.1,0.0
2026-09-12 04:29:37,28.0,64.9,0.0
2026-09-12 04:30:07,28.0,63.5,0.0
2026-09-12 04:30:37,27.9,66.2,0.0
2026-09-12 04:31:07,28.0,65.6,0.0
2026-09-12 04:31:37,28.0,64.8,0.0
2026-09-12 04:32:07,27.9,65.5,0.0
2026-09-12 04:32:37,28.0,65.1,0.0
2026-09-12 04:33:07,28.0,64.6,0.0
2026-09-12 04:33:37,28.0,64.0,0.0
2026-09-12 04:34:07,28.0,66.6,0.0
2026-09-12 04:34:37,28.0,65.3,0.0
2026-09-12 04:35:07,28.0,65.3,0.0
2026-09-12 04:35:37,28.0,64.3,0.0
2026-09-12 04:36:07,28.0,65.4,0.0
2026-09-12 04:36:37,28.0,66.0,0.0
2026-09-12 04:37:07,28.0,64.0,0.0
2026-09-12 04:37:37,28.0,63.1,0.0
2026-09-12 04:38:07,28.0,63.3,0.0
2026-09-12 04:38:37,28.0,64.2,0.0
2026-09-12 04:39:07,28.0,63.2,0.0
2026-09-12 04:39:37,27.9,64.4,0.0
2026-09-12 04:40:07,27.9,65.0,0.0
2026-09-12 04:40:37,28.0,64.4,0.0
2026-09-12 04:41:07,28.0,64.1,0.0
2026-09-12 04:41:37,28.0,63.2,0.0
2026-09-12 04:42:07,27.9,63.4,0.0
2026-09-12 04:42:37,27.9,63.7,0.0
2026-09-12 04:43:07,27.9,63.8,0.0
2026-09-12 04:43:37,27.9,63.6,0.0
2026-09-12 04:44:07,27.9,63.8,0.0
2026-09-12 04:44:37,27.9,64.5,0.0
2026-09-12 04:45:07,27.9,64.9,0.0
2026-09-12 04:45:37,27.9,64.4,0.0
2026-09-12 04:46:07,27.9,64.0,0.0
2026-09-12 04:46:37,27.9,63.9,0.0
2026-09-12 04:47:07,27.9,63.5,0.0
2026-09-12 04:47:37,27.9,63.5,0.0
2026-09-12 04:48:07,27.9,64.1,0.0
2026-09-12 04:48:37,27.9,62.9,0.0
2026-09-12 04:49:07,27.9,64.8,0.0
2026-09-12 04:49:37,27.9,66.8,0.0
2026-09-12 04:50:07,27.9,67.0,0.0
2026-09-12 04:50:37,27.9,64.9,0.0
2026-09-12 04:51:07,27.9,64.7,0.0
2026-09-12 04:51:37,27.9,68.3,0.0
2026-09-12 04:52:07,27.9,66.8,0.0
2026-09-12 04:52:37,27.9,65.2,0.0
2026-09-12 04:53:07,28.0,64.5,0.0
2026-09-12 04:53:37,28.0,64.5,0.0
2026-09-12 04:54:07,27.9,64.4,0.0
2026-09-12 04:54:37,27.9,64.1,0.0
2026-09-12 04:55:07,27.9,65.5,0.0
2026-09-12 04:55:37,27.9,64.9,0.0
2026-09-12 04:56:07,27.9,65.1,0.0
2026-09-12 04:56:37,27.9,67.4,0.0
2026-09-12 04:57:07,27.9,67.6,0.0
2026-09-12 04:57:37,28.0,67.2,0.0
2026-09-12 04:58:07,28.0,65.0,0.0
2026-09-12 04:58:37,28.0,64.3,0.0
2026-09-12 04:59:07,28.0,66.4,0.0
2026-09-12 04:59:37,28.0,65.2,0.0
2026-09-12 05:00:07,28.0,65.9,0.0
2026-09-12 05:00:37,28.0,65.7,0.0
2026-09-12 05:01:07,28.0,65.7,0.0
2026-09-12 05:01:37,28.0,65.3,0.0
2026-09-12 05:02:07,28.0,64.6,0.0
2026-09-12 05:02:37,28.0,63.4,0.0
2026-09-12 05:03:07,28.0,63.2,0.0
2026-09-12 05:03:37,27.9,63.2,0.0
2026-09-12 05:04:07,27.9,64.0,0.0
2026-09-12 05:04:37,27.9,64.6,0.0
2026-09-12 05:05:07,27.9,64.5,0.0
2026-09-12 05:05:37,27.9,64.0,0.0
2026-09-12 05:06:07,27.9,64.1,0.0
2026-09-12 05:06:37,27.9,64.5,0.0
2026-09-12 05:07:07,27.9,64.6,0.0
2026-09-12 05:07:37,27.9,66.1,0.0
2026-09-12 05:08:07,27.9,65.2,0.0
2026-09-12 05:08:37,27.9,65.6,0.0
2026-09-12 05:09:07,27.9,64.9,0.0
2026-09-12 05:09:37,27.9,64.7,0.0
2026-09-12 05:10:07,27.9,64.6,0.0
2026-09-12 05:10:37,27.9,66.3,0.0
2026-09-12 05:11:07,27.9,66.6,0.0
2026-09-12 05:11:37,27.9,66.3,0.0
2026-09-12 05:12:07,27.9,67.7,0.0
2026-09-12 05:12:37,28.0,65.1,0.0
2026-09-12 05:13:07,28.0,66.4,0.0
2026-09-12 05:13:37,28.0,69.1,0.0
2026-09-12 05:14:07,28.0,66.8,0.0
2026-09-12 05:14:37,28.1,65.7,0.0
2026-09-12 05:15:07,28.1,65.2,0.0
2026-09-12 05:15:37,28.1,64.0,0.0
2026-09-12 05:16:07,28.1,64.6,0.0
2026-09-12 05:16:37,28.1,65.1,0.0
2026-09-12 05:17:07,28.1,63.8,0.0
2026-09-12 05:17:37,28.1,64.3,0.0
2026-09-12 05:18:07,28.1,64.6,0.0
2026-09-12 05:18:37,28.1,65.1,0.0
2026-09-12 05:19:07,28.1,64.6,0.0
2026-09-12 05:19:37,28.0,64.8,0.0
2026-09-12 05:20:07,28.0,64.7,0.0
2026-09-12 05:20:37,28.0,66.5,0.0
2026-09-12 05:21:07,28.0,65.7,0.0
2026-09-12 05:21:37,28.0,64.1,0.0
2026-09-12 05:22:07,28.0,63.8,0.0
2026-09-12 05:22:37,28.0,63.8,0.0
2026-09-12 05:23:07,28.0,64.6,0.0
2026-09-12 05:23:37,28.0,64.3,0.0
2026-09-12 05:24:07,28.0,64.9,0.0
2026-09-12 05:24:37,28.0,64.3,0.0
2026-09-12 05:25:07,28.0,65.0,0.0
2026-09-12 05:25:37,28.0,64.0,0.0
2026-09-12 05:26:07,28.0,64.2,0.0
2026-09-12 05:26:37,27.9,66.6,0.0
2026-09-12 05:27:07,28.0,64.2,0.0
2026-09-12 05:27:37,28.0,64.2,0.0
2026-09-12 05:28:07,28.0,64.4,0.0
2026-09-12 05:28:37,27.9,63.7,0.0
2026-09-12 05:29:07,27.9,64.1,0.0
2026-09-12 05:29:37,27.9,64.5,0.0
2026-09-12 05:30:07,27.9,65.0,0.0
2026-09-12 05:30:37,27.9,64.6,0.0
2026-09-12 05:31:07,27.9,64.3,8.3
2026-09-12 05:31:37,27.9,64.5,10.8
2026-09-12 05:32:07,27.9,64.4,10.8
2026-09-12 05:32:37,27.8,64.4,10.0
2026-09-12 05:33:07,27.8,64.8,10.0
2026-09-12 05:33:37,27.8,64.8,5.8
2026-09-12 05:34:07,27.8,64.9,10.8
2026-09-12 05:34:37,27.8,64.8,10.8
2026-09-12 05:35:07,27.8,66.5,10.8
2026-09-12 05:35:37,27.8,66.4,10.8
2026-09-12 05:36:07,27.8,64.9,10.8
2026-09-12 05:36:37,27.8,65.4,6.7
2026-09-12 05:37:07,27.8,66.2,6.7
2026-09-12 05:37:37,27.8,65.7,9.2
2026-09-12 05:38:07,27.8,67.0,10.0
2026-09-12 05:38:37,27.8,65.5,10.0
2026-09-12 05:39:07,27.8,66.7,9.2
2026-09-12 05:39:37,27.8,67.5,9.2
2026-09-12 05:40:07,27.9,67.2,10.0
2026-09-12 05:40:37,27.9,68.8,21.7
2026-09-12 05:41:07,27.9,67.4,21.7
2026-09-12 05:41:37,28.0,65.1,21.7
2026-09-12 05:42:07,28.0,64.2,21.7
2026-09-12 05:42:37,28.0,65.4,22.5
2026-09-12 05:43:07,28.0,64.5,23.3
2026-09-12 05:43:37,28.0,65.4,23.3
2026-09-12 05:44:07,28.0,65.7,23.3
2026-09-12 05:44:37,28.0,65.5,22.5
2026-09-12 05:45:07,28.0,65.8,23.3
2026-09-12 05:45:37,28.0,64.8,23.3
2026-09-12 05:46:07,28.0,65.1,21.7
2026-09-12 05:46:37,28.0,64.7,21.7
2026-09-12 05:47:07,28.0,65.9,20.0
2026-09-12 05:47:37,28.1,65.7,24.2
2026-09-12 05:48:07,28.1,64.4,23.3
2026-09-12 05:48:37,28.1,64.1,23.3
2026-09-12 05:49:07,28.1,66.1,22.5
2026-09-12 05:49:37,28.1,65.5,23.3
2026-09-12 05:50:07,28.1,65.1,22.5
2026-09-12 05:50:37,28.1,64.2,22.5
2026-09-12 05:51:07,28.1,64.1,22.5
2026-09-12 05:51:37,28.1,64.6,25.0
2026-09-12 05:52:07,28.0,64.6,23.3
2026-09-12 05:52:37,28.0,64.4,23.3
2026-09-12 05:53:07,28.0,64.7,24.2
2026-09-12 05:53:37,28.0,64.4,22.5
2026-09-12 05:54:07,28.0,63.8,23.3
2026-09-12 05:54:37,28.0,63.9,22.5
2026-09-12 05:55:07,28.0,64.4,25.0
2026-09-12 05:55:37,28.0,64.5,25.0
2026-09-12 05:56:07,28.0,64.3,24.2
2026-09-12 05:56:37,28.0,64.1,24.2
2026-09-12 05:57:07,28.0,64.3,24.2
2026-09-12 05:57:37,28.0,66.4,24.2
2026-09-12 05:58:07,28.0,64.9,24.2
2026-09-12 05:58:37,28.0,65.6,24.2
2026-09-12 05:59:07,28.0,64.2,24.2
2026-09-12 05:59:37,28.0,64.0,12.5
2026-09-12 06:00:07,28.0,64.3,12.5
2026-09-12 06:00:37,28.0,64.5,15.8
2026-09-12 06:01:07,28.0,63.9,16.7
2026-09-12 06:01:37,28.0,63.8,16.7
2026-09-12 06:02:07,28.0,64.2,17.5
2026-09-12 06:02:37,28.0,64.1,17.5
2026-09-12 06:03:07,28.0,63.7,15.0
2026-09-12 06:03:37,28.0,64.4,15.8
2026-09-12 06:04:07,28.0,64.6,15.8
2026-09-12 06:04:37,28.0,64.6,15.8
2026-09-12 06:05:07,28.0,64.6,15.8
2026-09-12 06:05:37,28.0,64.4,15.8
2026-09-12 06:06:07,28.0,64.3,18.3
2026-09-12 06:06:37,28.0,64.4,18.3
2026-09-12 06:07:07,27.9,64.8,18.3
2026-09-12 06:07:37,27.9,64.5,17.5
2026-09-12 06:08:07,27.9,64.4,15.0
2026-09-12 06:08:37,27.9,64.3,18.3
2026-09-12 06:09:07,27.9,64.3,18.3
2026-09-12 06:09:37,27.9,64.4,15.0
2026-09-12 06:10:07,27.9,64.2,15.0
2026-09-12 06:10:37,27.8,64.5,15.8
2026-09-12 06:11:07,27.8,64.8,18.3
2026-09-12 06:11:37,27.8,64.4,18.3
2026-09-12 06:12:07,27.8,64.7,15.8
2026-09-12 06:12:37,27.8,64.5,16.7
2026-09-12 06:13:07,27.8,64.4,14.2
2026-09-12 06:13:37,27.8,64.2,15.0
2026-09-12 06:14:07,27.8,65.3,17.5
2026-09-12 06:14:37,27.8,66.3,17.5
2026-09-12 06:15:07,27.8,65.1,18.3
2026-09-12 06:15:37,27.8,65.0,18.3
2026-09-12 06:16:07,27.8,66.2,18.3
2026-09-12 06:16:37,27.8,64.5,15.8
2026-09-12 06:17:07,27.8,64.1,15.8
2026-09-12 06:17:37,27.8,63.8,20.0
2026-09-12 06:18:07,27.8,64.1,16.7
2026-09-12 06:18:37,27.8,65.3,20.8
2026-09-12 06:19:07,27.8,64.6,20.8
2026-09-12 06:19:37,27.8,64.8,20.8
2026-09-12 06:20:07,27.8,64.7,20.8
2026-09-12 06:20:37,27.8,65.7,20.8
2026-09-12 06:21:07,27.8,65.9,20.8
2026-09-12 06:21:37,27.8,64.8,21.7
2026-09-12 06:22:07,27.8,65.5,20.0
2026-09-12 06:22:37,27.8,64.8,21.7
2026-09-12 06:23:07,27.8,65.6,20.8
2026-09-12 06:23:37,27.8,64.8,22.5
2026-09-12 06:24:07,27.8,64.8,22.5
2026-09-12 06:24:37,27.8,64.5,21.7
2026-09-12 06:25:07,27.8,65.4,22.5
2026-09-12 06:25:37,27.8,67.1,22.5
2026-09-12 06:26:07,27.8,65.4,20.8
2026-09-12 06:26:37,27.8,65.1,22.5
2026-09-12 06:27:07,27.8,65.4,22.5
2026-09-12 06:27:37,27.8,66.4,23.3
2026-09-12 06:28:07,27.9,65.6,23.3
2026-09-12 06:28:37,27.9,65.5,23.3
2026-09-12 06:29:07,27.9,65.4,24.2
2026-09-12 06:29:37,27.9,65.3,22.5
2026-09-12 06:30:07,27.9,65.3,23.3
2026-09-12 06:30:37,27.9,66.7,23.3
2026-09-12 06:31:07,27.9,68.3,24.2
2026-09-12 06:31:37,27.9,66.8,25.8
2026-09-12 06:32:07,27.9,66.6,25.8
2026-09-12 06:32:37,28.0,66.1,25.0
2026-09-12 06:33:07,28.0,65.6,23.3
2026-09-12 06:33:37,27.9,67.0,25.0
2026-09-12 06:34:07,27.9,66.4,24.2
2026-09-12 06:34:37,27.9,66.1,25.0
2026-09-12 06:35:07,27.9,67.1,27.5
2026-09-12 06:35:37,27.9,67.5,27.5
2026-09-12 06:36:07,28.0,67.1,27.5
2026-09-12 06:36:37,28.0,67.0,28.3
2026-09-12 06:37:07,28.0,66.9,26.7
2026-09-12 06:37:37,28.0,68.3,26.7
2026-09-12 06:38:07,28.0,67.7,26.7
2026-09-12 06:38:37,28.0,67.6,26.7
2026-09-12 06:39:07,28.0,67.0,27.5
2026-09-12 06:39:37,28.0,67.1,27.5
2026-09-12 06:40:07,28.0,67.3,27.5
2026-09-12 06:40:37,28.0,67.2,27.5
2026-09-12 06:41:07,28.0,67.6,25.8
2026-09-12 06:41:37,28.0,67.8,26.7
2026-09-12 06:42:07,28.0,68.1,27.5
2026-09-12 06:42:37,28.0,68.0,25.0
2026-09-12 06:43:07,28.0,68.4,28.3
2026-09-12 06:43:37,28.0,69.6,30.0
2026-09-12 06:44:07,28.0,68.9,30.0
2026-09-12 06:44:37,28.0,68.7,30.0
2026-09-12 06:45:07,28.1,68.4,24.2
2026-09-12 06:45:37,28.1,68.3,30.0
2026-09-12 06:46:07,28.1,69.0,30.0
2026-09-12 06:46:37,28.1,69.3,30.0
2026-09-12 06:47:07,28.1,69.1,30.8
2026-09-12 06:47:37,28.1,69.4,30.8
2026-09-12 06:48:07,28.1,68.8,25.8
2026-09-12 06:48:37,28.1,69.2,27.5
2026-09-12 06:49:07,28.0,69.4,28.3
2026-09-12 06:49:37,28.0,69.8,30.8
2026-09-12 06:50:07,28.1,69.3,25.0
2026-09-12 06:50:37,28.0,69.1,30.8
2026-09-12 06:51:07,28.1,69.0,32.5
2026-09-12 06:51:37,28.1,68.5,32.5
2026-09-12 06:52:07,28.0,68.6,33.3
2026-09-12 06:52:37,28.0,68.8,33.3
2026-09-12 06:53:07,27.9,69.2,30.8
2026-09-12 06:53:37,27.9,70.3,33.3
2026-09-12 06:54:07,27.9,69.5,34.2
2026-09-12 06:54:37,27.9,69.4,33.3
2026-09-12 06:55:07,27.9,70.3,34.2
2026-09-12 06:55:37,28.0,70.3,34.2
2026-09-12 06:56:07,28.0,70.2,34.2
2026-09-12 06:56:37,28.0,70.1,34.2
2026-09-12 06:57:07,28.0,70.5,35.0
2026-09-12 06:57:37,28.0,70.1,35.0
2026-09-12 06:58:07,28.0,69.6,30.8
2026-09-12 06:58:37,28.0,69.4,35.0
2026-09-12 06:59:07,28.0,69.8,31.7
2026-09-12 06:59:37,28.0,69.8,35.0
2026-09-12 07:00:07,28.0,70.1,35.0
2026-09-12 07:00:37,28.0,70.1,31.7
2026-09-12 07:01:07,28.0,70.2,33.3
2026-09-12 07:01:37,28.1,69.6,34.2
2026-09-12 07:02:07,28.1,69.4,36.7
2026-09-12 07:02:37,28.0,69.7,32.5
2026-09-12 07:03:07,28.0,69.6,32.5
2026-09-12 07:03:37,28.0,69.7,36.7
2026-09-12 07:04:07,28.0,69.6,38.3
2026-09-12 07:04:37,28.0,70.1,39.2
2026-09-12 07:05:07,28.0,70.8,39.2
2026-09-12 07:05:37,28.0,71.2,39.2
2026-09-12 07:06:07,28.0,71.3,39.2
2026-09-12 07:06:37,28.1,70.9,39.2
2026-09-12 07:07:07,28.1,70.7,38.3
2026-09-12 07:07:37,28.1,70.3,39.2
2026-09-12 07:08:07,28.1,70.1,37.5
2026-09-12 07:08:37,28.1,70.3,40.0
2026-09-12 07:09:07,28.1,70.0,40.0
2026-09-12 07:09:37,28.1,70.3,38.3
2026-09-12 07:10:07,28.1,71.6,40.8
2026-09-12 07:10:37,28.1,71.6,38.3
2026-09-12 07:11:07,28.2,70.5,38.3
2026-09-12 07:11:37,28.2,70.2,37.5
2026-09-12 07:12:07,28.2,70.7,40.0
2026-09-12 07:12:37,28.2,70.1,38.3
2026-09-12 07:13:07,28.2,69.8,38.3
2026-09-12 07:13:37,28.2,69.7,40.0
2026-09-12 07:14:07,28.2,69.6,42.5
2026-09-12 07:14:37,28.1,71.2,42.5
2026-09-12 07:15:07,28.1,70.4,43.3
2026-09-12 07:15:37,28.2,70.0,44.2
2026-09-12 07:16:07,28.2,69.8,44.2
2026-09-12 07:16:37,28.2,69.8,44.2
2026-09-12 07:17:07,28.1,70.1,41.7
2026-09-12 07:17:37,28.1,70.4,43.3
2026-09-12 07:18:07,28.1,70.3,42.5
2026-09-12 07:18:37,28.1,70.2,45.8
2026-09-12 07:19:07,28.1,70.7,45.8
2026-09-12 07:19:37,28.1,70.6,44.2
2026-09-12 07:20:07,28.1,70.4,42.5
2026-09-12 07:20:37,28.1,71.1,35.8
2026-09-12 07:21:07,28.1,70.6,35.8
2026-09-12 07:21:37,28.1,72.2,35.8
2026-09-12 07:22:07,28.1,71.4,35.8
2026-09-12 07:22:37,28.2,71.0,35.8
2026-09-12 07:23:07,28.2,70.6,36.7
2026-09-12 07:23:37,28.2,70.5,35.8
2026-09-12 07:24:07,28.2,70.8,35.8
2026-09-12 07:24:37,28.2,70.0,35.8
2026-09-12 07:25:07,28.1,70.2,35.8
2026-09-12 07:25:37,28.1,70.2,35.8
2026-09-12 07:26:07,28.1,71.2,35.8
2026-09-12 07:26:37,28.1,72.2,35.8
2026-09-12 07:27:07,28.2,70.9,35.8
2026-09-12 07:27:37,28.2,71.1,35.8
2026-09-12 07:28:07,28.2,70.6,36.7
2026-09-12 07:28:37,28.2,70.1,37.5
2026-09-12 07:29:07,28.2,71.2,37.5
2026-09-12 07:29:37,28.2,71.4,37.5
2026-09-12 07:30:07,28.2,70.9,38.3
2026-09-12 07:30:37,28.2,70.6,38.3
2026-09-12 07:31:07,28.2,70.0,38.3
2026-09-12 07:31:37,28.2,69.3,38.3
2026-09-12 07:32:07,28.2,68.9,38.3
2026-09-12 07:32:37,28.2,69.5,38.3
2026-09-12 07:33:07,28.1,69.7,39.2
2026-09-12 07:33:37,28.2,71.4,38.3
2026-09-12 07:34:07,28.1,71.8,39.2
2026-09-12 07:34:37,28.2,70.9,39.2
2026-09-12 07:35:07,28.2,69.9,39.2
2026-09-12 07:35:37,28.2,69.5,40.0
2026-09-12 07:36:07,28.2,70.0,40.0
2026-09-12 07:36:37,28.2,70.5,40.0
2026-09-12 07:37:07,28.2,71.9,40.0
2026-09-12 07:37:37,28.3,71.6,40.0
2026-09-12 07:38:07,28.3,70.5,40.8
2026-09-12 07:38:37,28.3,70.2,40.8
2026-09-12 07:39:07,28.3,70.7,40.8
2026-09-12 07:39:37,28.4,69.1,41.7
2026-09-12 07:40:07,28.4,68.7,41.7
2026-09-12 07:40:37,28.4,69.2,41.7
2026-09-12 07:41:07,28.4,69.2,41.7
2026-09-12 07:41:37,28.4,69.9,42.5
2026-09-12 07:42:07,28.4,69.5,42.5
2026-09-12 07:42:37,28.4,67.6,42.5
2026-09-12 07:43:07,28.4,67.2,43.3
2026-09-12 07:43:37,28.4,68.0,44.2
2026-09-12 07:44:07,28.4,66.3,43.3
2026-09-12 07:44:37,28.4,66.1,43.3
2026-09-12 07:45:07,28.4,66.1,43.3
2026-09-12 07:45:37,28.4,65.5,44.2
2026-09-12 07:46:07,28.3,65.2,45.0
2026-09-12 07:46:37,28.3,65.2,45.0
2026-09-12 07:47:07,28.3,66.6,45.0
2026-09-12 07:47:37,28.3,65.5,45.0
2026-09-12 07:48:07,28.3,66.0,45.8
2026-09-12 07:48:37,28.3,68.9,45.8
2026-09-12 07:49:07,28.3,65.0,46.7
2026-09-12 07:49:37,28.3,68.2,46.7
2026-09-12 07:50:07,28.3,69.2,46.7
2026-09-12 07:50:37,28.3,66.9,47.5
2026-09-12 07:51:07,28.3,65.7,47.5
2026-09-12 07:51:37,28.3,65.0,48.3
2026-09-12 07:52:07,28.3,63.6,49.2
2026-09-12 07:52:37,28.3,65.7,49.2
2026-09-12 07:53:07,28.3,63.8,49.2
2026-09-12 07:53:37,28.3,64.6,49.2
2026-09-12 07:54:07,28.3,66.4,49.2
2026-09-12 07:54:37,28.3,65.5,50.0
2026-09-12 07:55:07,28.3,67.7,50.0
2026-09-12 07:55:37,28.4,65.2,50.0
2026-09-12 07:56:07,28.4,66.4,50.8
2026-09-12 07:56:37,28.4,67.6,50.8
2026-09-12 07:57:07,28.4,65.5,50.8
2026-09-12 07:57:37,28.4,64.0,50.8
2026-09-12 07:58:07,28.4,66.5,51.7
2026-09-12 07:58:37,28.5,66.0,51.7
2026-09-12 07:59:07,28.5,65.7,52.5
2026-09-12 07:59:37,28.5,64.1,51.7
2026-09-12 08:00:07,28.5,68.0,52.5
2026-09-12 08:00:37,28.5,63.1,55.0
2026-09-12 08:01:07,28.5,66.1,55.8
2026-09-12 08:01:37,28.5,64.7,55.0
2026-09-12 08:02:07,28.5,66.7,55.8
2026-09-12 08:02:37,28.5,65.9,56.7
2026-09-12 08:03:07,28.6,65.5,56.7
2026-09-12 08:03:37,28.6,66.5,56.7
2026-09-12 08:04:07,28.6,63.5,57.5
2026-09-12 08:04:37,28.6,64.4,57.5
2026-09-12 08:05:07,28.6,65.6,57.5
2026-09-12 08:05:37,28.6,63.6,58.3
2026-09-12 08:06:07,28.6,66.0,58.3
2026-09-12 08:06:37,28.6,63.6,59.2
2026-09-12 08:07:07,28.6,63.0,57.5
2026-09-12 08:07:37,28.6,62.4,60.0
2026-09-12 08:08:07,28.6,64.6,60.8
2026-09-12 08:08:37,28.6,62.3,60.8
2026-09-12 08:09:07,28.6,65.5,61.7
2026-09-12 08:09:37,28.6,64.5,63.3
2026-09-12 08:10:07,28.6,64.9,64.2
2026-09-12 08:10:37,28.7,64.6,65.0
2026-09-12 08:11:07,28.7,63.0,65.0
2026-09-12 08:11:37,28.7,65.2,65.8
2026-09-12 08:12:07,28.7,62.9,67.5
2026-09-12 08:12:37,28.7,67.3,68.3
2026-09-12 08:13:07,28.7,64.9,68.3
2026-09-12 08:13:37,28.7,65.3,70.0
2026-09-12 08:14:07,28.8,64.6,71.7
2026-09-12 08:14:37,28.8,62.8,72.5
2026-09-12 08:15:07,28.8,62.5,74.2
2026-09-12 08:15:37,28.8,62.8,74.2
2026-09-12 08:16:07,28.8,61.5,76.7
2026-09-12 08:16:37,28.8,62.9,71.7
2026-09-12 08:17:07,28.8,63.8,77.5
2026-09-12 08:17:37,28.7,67.1,77.5
2026-09-12 08:18:07,28.8,67.4,79.2
2026-09-12 08:18:37,28.8,65.2,78.3
2026-09-12 08:19:07,28.8,66.8,73.3
2026-09-12 08:19:37,28.8,66.4,71.7
2026-09-12 08:20:07,28.9,62.7,70.0
2026-09-12 08:20:37,28.9,62.8,70.8
2026-09-12 08:21:07,28.9,64.3,74.2
2026-09-12 08:21:37,28.9,63.7,75.8
2026-09-12 08:22:07,28.9,67.2,79.2
2026-09-12 08:22:37,28.9,63.7,83.3
2026-09-12 08:23:07,28.9,60.8,85.8
2026-09-12 08:23:37,28.9,60.5,86.7
2026-09-12 08:24:07,28.9,61.5,89.2
2026-09-12 08:24:37,28.9,62.0,92.5
2026-09-12 08:25:07,28.8,60.6,90.8
2026-09-12 08:25:37,28.8,60.5,85.8
2026-09-12 08:26:07,28.8,66.2,86.7
2026-09-12 08:26:37,28.8,63.9,110.0
2026-09-12 08:27:07,28.8,64.7,125.0
2026-09-12 08:27:37,28.8,65.2,132.5
2026-09-12 08:28:07,28.9,64.6,150.0
2026-09-12 08:28:37,28.9,62.8,125.0
2026-09-12 08:29:07,28.9,63.7,130.8
2026-09-12 08:29:37,28.9,65.2,133.3
2026-09-12 08:30:07,29.0,64.3,156.7
2026-09-12 08:30:37,29.0,65.0,183.3
2026-09-12 08:31:07,29.0,64.6,191.7
2026-09-12 08:31:37,29.0,62.3,202.5
2026-09-12 08:32:07,29.0,63.5,185.8
2026-09-12 08:32:37,29.0,62.4,174.2
2026-09-12 08:33:07,29.0,63.2,172.5
2026-09-12 08:33:37,29.1,62.1,189.2
2026-09-12 08:34:07,29.1,60.6,174.2
2026-09-12 08:34:37,29.1,61.0,171.7
2026-09-12 08:35:07,29.1,62.4,177.5
2026-09-12 08:35:37,29.1,62.6,164.2
2026-09-12 08:36:07,29.1,62.2,191.7
2026-09-12 08:36:37,29.1,61.6,199.2
2026-09-12 08:37:07,29.1,59.9,201.7
2026-09-12 08:37:37,29.1,61.4,230.8
2026-09-12 08:38:07,29.1,59.8,242.5
2026-09-12 08:38:37,29.0,61.5,270.8
2026-09-12 08:39:07,29.0,61.2,288.3
2026-09-12 08:39:37,29.0,62.5,285.0
2026-09-12 08:40:07,29.0,61.3,301.7
2026-09-12 08:40:37,29.0,60.4,309.2
2026-09-12 08:41:07,29.0,61.4,326.7
2026-09-12 08:41:37,29.0,61.6,355.8
2026-09-12 08:42:07,29.0,61.8,393.3
2026-09-12 08:42:37,29.1,60.5,411.7
2026-09-12 08:43:07,29.1,60.4,432.5
2026-09-12 08:43:37,29.1,60.5,440.0
2026-09-12 08:44:07,29.1,62.4,438.3
2026-09-12 08:44:37,29.1,60.7,403.3
2026-09-12 08:45:07,29.1,59.9,375.0
2026-09-12 08:45:37,29.1,62.2,312.5
2026-09-12 08:46:07,29.2,61.0,316.7
2026-09-12 08:46:37,29.2,61.3,306.7
2026-09-12 08:47:07,29.2,61.1,343.3
2026-09-12 08:47:37,29.2,60.1,324.2
2026-09-12 08:48:07,29.2,60.3,344.2
2026-09-12 08:48:37,29.2,61.3,354.2
2026-09-12 08:49:07,29.2,60.5,396.7
2026-09-12 08:49:37,29.2,60.7,448.3
2026-09-12 08:50:07,29.2,60.8,455.0
2026-09-12 08:50:37,29.2,60.5,368.3
2026-09-12 08:51:07,29.2,61.3,393.3
2026-09-12 08:51:37,29.2,62.0,263.3
2026-09-12 08:52:07,29.2,61.8,228.3
2026-09-12 08:52:37,29.3,62.2,200.8
2026-09-12 08:53:07,29.3,60.9,231.7
2026-09-12 08:53:37,29.3,61.0,231.7
2026-09-12 08:54:07,29.3,62.9,325.8
2026-09-12 08:54:37,29.3,63.0,346.7
2026-09-12 08:55:07,29.3,60.9,352.5
2026-09-12 08:55:37,29.3,60.8,357.5
2026-09-12 08:56:07,29.3,61.0,364.2
2026-09-12 08:56:37,29.4,60.2,347.5
2026-09-12 08:57:07,29.3,61.4,408.3
2026-09-12 08:57:37,29.3,60.9,352.5
2026-09-12 08:58:07,29.3,61.5,358.3
2026-09-12 08:58:37,29.3,60.2,379.2
2026-09-12 08:59:07,29.3,59.4,333.3
2026-09-12 08:59:37,29.3,61.0,316.7
2026-09-12 09:00:07,29.3,61.4,292.5
2026-09-12 09:00:37,29.3,60.2,305.0
2026-09-12 09:01:07,29.3,61.0,325.8
2026-09-12 09:01:37,29.3,61.5,302.5
2026-09-12 09:02:07,29.4,60.4,258.3
2026-09-12 09:02:37,29.4,61.5,236.7
2026-09-12 09:03:07,29.4,60.7,209.2
2026-09-12 09:03:37,29.4,60.3,173.3
2026-09-12 09:04:07,29.4,60.9,186.7
2026-09-12 09:04:37,29.4,60.8,222.5
2026-09-12 09:05:07,29.4,59.5,269.2
2026-09-12 09:05:37,29.4,60.6,242.5
2026-09-12 09:06:07,29.3,60.9,211.7
2026-09-12 09:06:37,29.3,59.4,188.3
2026-09-12 09:07:07,29.3,59.1,225.0
2026-09-12 09:07:37,29.3,59.7,272.5
2026-09-12 09:08:07,29.3,62.1,298.3
2026-09-12 09:08:37,29.3,62.1,324.2
2026-09-12 09:09:07,29.3,61.4,344.2
2026-09-12 09:09:37,29.3,62.1,351.7
2026-09-12 09:10:07,29.3,60.9,345.8
2026-09-12 09:10:37,29.3,60.8,338.3
2026-09-12 09:11:07,29.3,61.8,305.8
2026-09-12 09:11:37,29.3,61.4,312.5
2026-09-12 09:12:07,29.3,62.0,324.2
2026-09-12 09:12:37,29.3,62.1,338.3
2026-09-12 09:13:07,29.3,61.5,350.8
2026-09-12 09:13:37,29.3,61.0,380.8
2026-09-12 09:14:07,29.3,60.7,372.5
2026-09-12 09:14:37,29.3,62.3,355.8
2026-09-12 09:15:07,29.4,61.7,371.7
2026-09-12 09:15:37,29.4,63.1,364.2
2026-09-12 09:16:07,29.4,62.3,342.5
2026-09-12 09:16:37,29.4,61.2,330.0
2026-09-12 09:17:07,29.4,62.7,353.3
2026-09-12 09:17:37,29.4,62.0,399.2
2026-09-12 09:18:07,29.5,62.5,371.7
2026-09-12 09:18:37,29.5,60.5,298.3
2026-09-12 09:19:07,29.5,61.2,305.8
2026-09-12 09:19:37,29.5,62.8,342.5
2026-09-12 09:20:07,29.5,62.3,313.3
2026-09-12 09:20:37,29.5,62.4,300.0
2026-09-12 09:21:07,29.5,61.4,315.0
2026-09-12 09:21:37,29.5,60.1,277.5
2026-09-12 09:22:07,29.5,61.3,224.2
2026-09-12 09:22:37,29.5,62.6,196.7
2026-09-12 09:23:07,29.5,62.8,200.8
2026-09-12 09:23:37,29.5,62.3,239.2
2026-09-12 09:24:07,29.5,61.6,212.5
2026-09-12 09:24:37,29.5,62.5,201.7
2026-09-12 09:25:07,29.5,62.0,199.2
2026-09-12 09:25:37,29.6,62.1,235.0
2026-09-12 09:26:07,29.5,62.1,244.2
2026-09-12 09:26:37,29.6,61.5,226.7
2026-09-12 09:27:07,29.6,62.2,290.0
2026-09-12 09:27:37,29.6,61.2,362.5
2026-09-12 09:28:07,29.6,62.3,334.2
2026-09-12 09:28:37,29.6,63.1,306.7
2026-09-12 09:29:07,29.6,61.9,301.7
2026-09-12 09:29:37,29.6,62.1,225.8
2026-09-12 09:30:07,29.6,61.9,222.5
2026-09-12 09:30:37,29.6,60.0,230.8
2026-09-12 09:31:07,29.6,61.9,193.3
2026-09-12 09:31:37,29.7,60.8,193.3
2026-09-12 09:32:07,29.6,61.1,180.0
2026-09-12 09:32:37,29.7,60.8,177.5
2026-09-12 09:33:07,29.6,60.7,205.8
2026-09-12 09:33:37,29.7,60.5,250.0
2026-09-12 09:34:07,29.6,60.9,217.5
2026-09-12 09:34:37,29.7,61.5,196.7
2026-09-12 09:35:07,29.6,60.9,167.5
2026-09-12 09:35:37,29.7,61.6,149.2
2026-09-12 09:36:07,29.6,61.7,144.2
2026-09-12 09:36:37,29.7,60.2,142.5
2026-09-12 09:37:07,29.6,61.6,143.3
2026-09-12 09:37:37,29.7,61.7,145.8
2026-09-12 09:38:07,29.7,60.8,147.5
2026-09-12 09:38:37,29.6,60.8,169.2
2026-09-12 09:39:07,29.6,60.8,175.0
2026-09-12 09:39:37,29.7,60.2,201.7
2026-09-12 09:40:07,29.6,60.0,204.2
2026-09-12 09:40:37,29.6,60.0,205.0
2026-09-12 09:41:07,29.6,59.5,205.8
2026-09-12 09:41:37,29.6,58.5,207.5
2026-09-12 09:42:07,29.5,58.8,215.0
2026-09-12 09:42:37,29.5,59.0,234.2
2026-09-12 09:43:07,29.5,58.9,239.2
2026-09-12 09:43:37,29.5,60.7,230.0
2026-09-12 09:44:07,29.4,61.6,244.2
2026-09-12 09:44:37,29.4,61.5,247.5
2026-09-12 09:45:07,29.4,61.1,246.7
2026-09-12 09:45:37,29.4,61.2,393.3
2026-09-12 09:46:07,29.5,61.2,349.2
2026-09-12 09:46:37,29.4,61.6,285.0
2026-09-12 09:47:07,29.5,62.3,268.3
2026-09-12 09:47:37,29.5,60.3,252.5
2026-09-12 09:48:07,29.5,61.6,253.3
2026-09-12 09:48:37,29.5,62.4,284.2
2026-09-12 09:49:07,29.5,61.6,288.3
2026-09-12 09:49:37,29.5,61.2,284.2
2026-09-12 09:50:07,29.5,62.3,336.7
2026-09-12 09:50:37,29.6,61.2,453.3
2026-09-12 09:51:07,29.6,61.8,345.0
2026-09-12 09:51:37,29.6,62.7,309.2
2026-09-12 09:52:07,29.6,64.0,296.7
2026-09-12 09:52:37,29.6,62.9,308.3
2026-09-12 09:53:07,29.6,62.9,303.3
2026-09-12 09:53:37,29.6,63.0,285.0
2026-09-12 09:54:07,29.6,62.4,325.8
2026-09-12 09:54:37,29.7,61.3,306.7
2026-09-12 09:55:07,29.7,61.0,391.7
2026-09-12 09:55:37,29.7,61.8,380.0
2026-09-12 09:56:07,29.7,61.0,295.8
2026-09-12 09:56:37,29.7,62.4,285.8
2026-09-12 09:57:07,29.7,60.4,290.0
2026-09-12 09:57:37,29.7,62.7,270.8
2026-09-12 09:58:07,29.7,60.2,238.3
2026-09-12 09:58:37,29.7,61.5,257.5
2026-09-12 09:59:07,29.7,60.5,275.0
2026-09-12 09:59:37,29.7,61.0,271.7
2026-09-12 10:00:07,29.7,62.3,264.2
2026-09-12 10:00:37,29.7,63.1,250.8
2026-09-12 10:01:07,29.7,62.6,262.5
2026-09-12 10:01:37,29.7,62.9,268.3
2026-09-12 10:02:07,29.7,63.5,252.5
2026-09-12 10:02:37,29.8,62.1,245.0
2026-09-12 10:03:07,29.8,62.9,251.7
2026-09-12 10:03:37,29.8,61.4,255.0
2026-09-12 10:04:07,29.8,61.2,251.7
2026-09-12 10:04:37,29.8,62.6,275.8
2026-09-12 10:05:07,29.8,60.4,345.8
2026-09-12 10:05:37,29.8,60.5,316.7
2026-09-12 10:06:07,29.9,62.8,326.7
2026-09-12 10:06:37,29.9,62.1,370.8
2026-09-12 10:07:07,29.9,60.8,450.8
2026-09-12 10:07:37,29.9,63.1,545.0
2026-09-12 10:08:07,29.9,61.7,501.7
2026-09-12 10:08:37,29.9,62.5,395.8
2026-09-12 10:09:07,30.0,63.0,490.8
2026-09-12 10:09:37,30.0,62.6,393.3
2026-09-12 10:10:07,30.0,62.8,307.5
2026-09-12 10:10:37,30.0,62.2,275.0
2026-09-12 10:11:07,30.0,62.7,248.3
2026-09-12 10:11:37,30.0,62.6,240.0
2026-09-12 10:12:07,30.1,61.5,236.7
2026-09-12 10:12:37,30.1,61.2,230.0
2026-09-12 10:13:07,30.1,61.1,225.8
2026-09-12 10:13:37,30.1,62.5,226.7
2026-09-12 10:14:07,30.1,60.9,231.7
2026-09-12 10:14:37,30.1,60.2,237.5
2026-09-12 10:15:07,30.1,61.6,243.3
2026-09-12 10:15:37,30.1,62.4,253.3
2026-09-12 10:16:07,30.1,62.4,264.2
2026-09-12 10:16:37,30.1,62.2,289.2
2026-09-12 10:17:07,30.1,63.0,341.7
2026-09-12 10:17:37,30.1,62.9,360.8
2026-09-12 10:18:07,30.1,61.7,345.0
2026-09-12 10:18:37,30.1,62.1,337.5
2026-09-12 10:19:07,30.1,62.9,344.2
2026-09-12 10:19:37,30.1,61.2,344.2
2026-09-12 10:20:07,30.1,61.9,338.3
2026-09-12 10:20:37,30.1,61.5,314.2
2026-09-12 10:21:07,30.1,61.6,301.7
2026-09-12 10:21:37,30.1,61.3,289.2
2026-09-12 10:22:07,30.1,60.6,255.0
2026-09-12 10:22:37,30.1,60.7,239.2
2026-09-12 10:23:07,30.1,61.7,216.7
2026-09-12 10:23:37,30.1,61.7,233.3
2026-09-12 10:24:07,30.1,61.3,242.5
2026-09-12 10:24:37,30.1,60.9,289.2
2026-09-12 10:25:07,30.1,61.9,327.5
2026-09-12 10:25:37,30.0,62.0,295.0
2026-09-12 10:26:07,30.0,60.5,309.2
2026-09-12 10:26:37,30.0,62.5,334.2
2026-09-12 10:27:07,30.0,61.7,407.5
2026-09-12 10:27:37,30.0,61.6,557.5
2026-09-12 10:28:07,30.0,61.7,365.8
2026-09-12 10:28:37,30.0,60.7,280.8
2026-09-12 10:29:07,30.0,60.6,263.3
2026-09-12 10:29:37,30.0,62.1,240.0
2026-09-12 10:30:07,30.0,61.3,245.8
2026-09-12 10:30:37,30.0,60.8,229.2
2026-09-12 10:31:07,30.0,61.3,243.3
2026-09-12 10:31:37,30.0,60.7,288.3
2026-09-12 10:32:07,30.0,61.8,351.7
2026-09-12 10:32:37,30.0,61.9,403.3
2026-09-12 10:33:07,30.0,61.3,506.7
2026-09-12 10:33:37,30.0,61.2,416.7
2026-09-12 10:34:07,30.0,60.3,471.7
2026-09-12 10:34:37,30.0,61.9,345.0
2026-09-12 10:35:07,30.0,62.0,330.8
2026-09-12 10:35:37,30.0,61.5,420.8
2026-09-12 10:36:07,30.0,61.9,429.2
2026-09-12 10:36:37,30.0,61.5,470.0
2026-09-12 10:37:07,30.0,60.7,272.5
2026-09-12 10:37:37,30.0,61.0,255.8
2026-09-12 10:38:07,30.0,61.6,246.7
2026-09-12 10:38:37,30.0,61.5,230.0
2026-09-12 10:39:07,30.0,61.9,229.2
2026-09-12 10:39:37,30.1,62.4,238.3
2026-09-12 10:40:07,30.0,62.0,271.7
2026-09-12 10:40:37,30.1,61.3,307.5
2026-09-12 10:41:07,30.1,61.7,275.8
2026-09-12 10:41:37,30.1,61.2,235.0
2026-09-12 10:42:07,30.1,61.4,218.3
2026-09-12 10:42:37,30.1,62.8,203.3
2026-09-12 10:43:07,30.1,62.0,197.5
2026-09-12 10:43:37,30.1,62.1,199.2
2026-09-12 10:44:07,30.1,62.1,196.7
2026-09-12 10:44:37,30.1,62.0,195.0
2026-09-12 10:45:07,30.1,60.8,194.2
2026-09-12 10:45:37,30.1,62.1,195.0
2026-09-12 10:46:07,30.1,61.3,193.3
2026-09-12 10:46:37,30.1,62.0,199.2
2026-09-12 10:47:07,30.1,61.5,187.5
2026-09-12 10:47:37,30.1,61.9,192.5
2026-09-12 10:48:07,30.1,62.3,181.7
2026-09-12 10:48:37,30.1,62.2,181.7
2026-09-12 10:49:07,30.1,62.5,177.5
2026-09-12 10:49:37,30.1,61.7,175.8
2026-09-12 10:50:07,30.1,62.2,175.0
2026-09-12 10:50:37,30.1,61.4,172.5
2026-09-12 10:51:07,30.1,62.1,173.3
2026-09-12 10:51:37,30.1,60.6,175.8
2026-09-12 10:52:07,30.1,63.2,180.8
2026-09-12 10:52:37,30.1,62.9,191.7
2026-09-12 10:53:07,30.1,62.5,205.0
2026-09-12 10:53:37,30.1,61.5,227.5
2026-09-12 10:54:07,30.1,60.8,257.5
2026-09-12 10:54:37,30.1,61.5,345.0
2026-09-12 10:55:07,30.1,61.4,322.5
2026-09-12 10:55:37,30.1,61.9,397.5
2026-09-12 10:56:07,30.1,60.8,395.0
2026-09-12 10:56:37,30.1,60.6,446.7
2026-09-12 10:57:07,30.1,60.9,599.2
2026-09-12 10:57:37,30.1,61.4,583.3
2026-09-12 10:58:07,30.1,61.5,498.3
2026-09-12 10:58:37,30.1,61.3,426.7
2026-09-12 10:59:07,30.1,61.1,424.2
2026-09-12 10:59:37,30.1,60.8,453.3
2026-09-12 11:00:07,30.1,61.0,437.5
2026-09-12 11:00:37,30.1,62.4,446.7
2026-09-12 11:01:07,30.1,62.7,424.2
2026-09-12 11:01:37,30.1,62.6,478.3
2026-09-12 11:02:07,30.1,62.0,753.3
2026-09-12 11:02:37,30.2,61.8,439.2
2026-09-12 11:03:07,30.2,62.0,400.8
2026-09-12 11:03:37,30.2,62.8,375.8
2026-09-12 11:04:07,30.2,60.9,360.0
2026-09-12 11:04:37,30.2,62.0,370.0
2026-09-12 11:05:07,30.2,61.9,375.8
2026-09-12 11:05:37,30.2,62.7,390.0
2026-09-12 11:06:07,30.2,61.0,421.7
2026-09-12 11:06:37,30.2,59.3,425.0
2026-09-12 11:07:07,30.2,61.7,495.0
2026-09-12 11:07:37,30.2,62.1,622.5
2026-09-12 11:08:07,30.3,60.8,510.8
2026-09-12 11:08:37,30.2,61.6,451.7
2026-09-12 11:09:07,30.3,60.6,505.8
2026-09-12 11:09:37,30.3,61.4,444.2
2026-09-12 11:10:07,30.3,61.6,505.0
2026-09-12 11:10:37,30.3,60.9,539.2
2026-09-12 11:11:07,30.3,61.4,397.5
2026-09-12 11:11:37,30.3,61.7,341.7
2026-09-12 11:12:07,30.3,62.6,348.3
2026-09-12 11:12:37,30.3,62.1,351.7
2026-09-12 11:13:07,30.3,62.6,385.0
2026-09-12 11:13:37,30.3,61.4,356.7
2026-09-12 11:14:07,30.3,61.8,354.2
2026-09-12 11:14:37,30.4,61.7,383.3
2026-09-12 11:15:07,30.4,63.2,390.0
2026-09-12 11:15:37,30.4,62.7,380.8
2026-09-12 11:16:07,30.4,62.5,459.2
2026-09-12 11:16:37,30.4,63.1,650.8
2026-09-12 11:17:07,30.4,61.3,455.8
2026-09-12 11:17:37,30.4,61.5,421.7
2026-09-12 11:18:07,30.5,61.0,397.5
2026-09-12 11:18:37,30.4,60.8,400.8
2026-09-12 11:19:07,30.5,63.1,473.3
2026-09-12 11:19:37,30.5,61.7,405.0
2026-09-12 11:20:07,30.5,62.5,425.0
2026-09-12 11:20:37,30.5,62.3,429.2
2026-09-12 11:21:07,30.5,62.6,494.2
2026-09-12 11:21:37,30.5,62.9,400.0
2026-09-12 11:22:07,30.5,62.7,449.2
2026-09-12 11:22:37,30.5,62.8,383.3
2026-09-12 11:23:07,30.5,60.6,384.2
2026-09-12 11:23:37,30.5,60.3,397.5
2026-09-12 11:24:07,30.5,61.6,409.2
2026-09-12 11:24:37,30.5,62.3,384.2
2026-09-12 11:25:07,30.5,62.8,383.3
2026-09-12 11:25:37,30.5,63.2,413.3
2026-09-12 11:26:07,30.5,62.5,481.7
2026-09-12 11:26:37,30.5,62.7,450.8
2026-09-12 11:27:07,30.5,62.4,375.8
2026-09-12 11:27:37,30.5,62.5,365.0
2026-09-12 11:28:07,30.6,62.5,355.0
2026-09-12 11:28:37,30.6,60.3,381.7
2026-09-12 11:29:07,30.5,61.4,388.3
2026-09-12 11:29:37,30.6,62.3,368.3
2026-09-12 11:30:07,30.5,63.1,359.2
2026-09-12 11:30:37,30.5,60.5,387.5
2026-09-12 11:31:07,30.5,61.0,403.3
2026-09-12 11:31:37,30.5,62.3,442.5
2026-09-12 11:32:07,30.5,62.0,440.0
2026-09-12 11:32:37,30.5,61.1,650.8
2026-09-12 11:33:07,30.5,61.1,741.7
2026-09-12 11:33:37,30.5,61.3,415.8
2026-09-12 11:34:07,30.5,61.9,405.0
2026-09-12 11:34:37,30.5,60.9,350.8
2026-09-12 11:35:07,30.5,61.0,345.8
2026-09-12 11:35:37,30.5,61.8,339.2
2026-09-12 11:36:07,30.5,62.0,332.5
2026-09-12 11:36:37,30.5,61.1,346.7
2026-09-12 11:37:07,30.5,61.5,336.7
2026-09-12 11:37:37,30.5,60.6,337.5
2026-09-12 11:38:07,30.5,62.3,347.5
2026-09-12 11:38:37,30.5,61.4,353.3
2026-09-12 11:39:07,30.5,62.2,386.7
2026-09-12 11:39:37,30.5,61.6,385.0
2026-09-12 11:40:07,30.5,62.5,396.7
2026-09-12 11:40:37,30.5,62.5,401.7
2026-09-12 11:41:07,30.5,61.3,429.2
2026-09-12 11:41:37,30.5,62.5,450.8
2026-09-12 11:42:07,30.5,61.8,454.2
2026-09-12 11:42:37,30.5,62.7,487.5
2026-09-12 11:43:07,30.5,62.5,554.2
2026-09-12 11:43:37,30.5,61.9,466.7
2026-09-12 11:44:07,30.5,62.2,444.2
2026-09-12 11:44:37,30.5,62.2,651.7
2026-09-12 11:45:07,30.5,62.9,439.2
2026-09-12 11:45:37,30.5,61.9,450.8
2026-09-12 11:46:07,30.5,62.2,470.0
2026-09-12 11:46:37,30.5,62.2,476.7
2026-09-12 11:47:07,30.5,61.9,456.7
2026-09-12 11:47:37,30.6,62.5,440.0
2026-09-12 11:48:07,30.6,62.1,433.3
2026-09-12 11:48:37,30.6,62.0,420.0
2026-09-12 11:49:07,30.6,61.7,388.3
2026-09-12 11:49:37,30.6,61.5,393.3
2026-09-12 11:50:07,30.6,61.8,415.8
2026-09-12 11:50:37,30.6,62.1,435.0
2026-09-12 11:51:07,30.6,62.5,430.0
2026-09-12 11:51:37,30.6,62.2,445.0
2026-09-12 11:52:07,30.6,62.7,413.3
2026-09-12 11:52:37,30.6,62.5,443.3
2026-09-12 11:53:07,30.6,61.1,416.7
2026-09-12 11:53:37,30.6,62.5,416.7
2026-09-12 11:54:07,30.6,61.2,404.2
2026-09-12 11:54:37,30.6,62.8,391.7
2026-09-12 11:55:07,30.6,62.1,387.5
2026-09-12 11:55:37,30.6,61.2,380.8
2026-09-12 11:56:07,30.6,61.5,383.3
2026-09-12 11:56:37,30.6,61.5,368.3
2026-09-12 11:57:07,30.6,62.3,379.2
2026-09-12 11:57:37,30.6,63.5,391.7
2026-09-12 11:58:07,30.7,62.0,405.0
2026-09-12 11:58:37,30.7,62.3,465.8
2026-09-12 11:59:07,30.7,60.5,445.0
2026-09-12 11:59:37,30.6,59.4,451.7
2026-09-12 12:00:07,30.7,62.4,470.8
2026-09-12 12:00:37,30.7,64.7,449.2
2026-09-12 12:01:07,30.7,64.9,405.8
2026-09-12 12:01:37,30.7,65.0,412.5
2026-09-12 12:02:07,30.7,61.8,454.2
2026-09-12 12:02:37,30.7,62.1,481.7
2026-09-12 12:03:07,30.8,63.8,429.2
2026-09-12 12:03:37,30.8,63.7,423.3
2026-09-12 12:04:07,30.7,64.6,405.8
2026-09-12 12:04:37,30.8,64.0,407.5
2026-09-12 12:05:07,30.8,61.1,458.3
2026-09-12 12:05:37,30.8,62.3,410.8
2026-09-12 12:06:07,30.7,60.7,425.0
2026-09-12 12:06:37,30.7,61.7,401.7
2026-09-12 12:07:07,30.7,64.0,397.5
2026-09-12 12:07:37,30.7,61.1,411.7
2026-09-12 12:08:07,30.7,61.1,536.7
2026-09-12 12:08:37,30.7,61.5,430.0
2026-09-12 12:09:07,30.7,61.3,421.7
2026-09-12 12:09:37,30.7,60.2,430.0
2026-09-12 12:10:07,30.7,60.8,426.7
2026-09-12 12:10:37,30.7,61.5,471.7
2026-09-12 12:11:07,30.7,61.5,475.0
2026-09-12 12:11:37,30.7,61.3,510.8
2026-09-12 12:12:07,30.7,60.5,668.3
2026-09-12 12:12:37,30.7,62.5,538.3
2026-09-12 12:13:07,30.8,62.3,493.3
2026-09-12 12:13:37,30.8,61.6,447.5
2026-09-12 12:14:07,30.8,62.7,545.8
2026-09-12 12:14:37,30.8,63.1,527.5
2026-09-12 12:15:07,30.8,63.5,515.8
2026-09-12 12:15:37,30.8,63.4,585.0
2026-09-12 12:16:07,30.8,63.1,630.8
2026-09-12 12:16:37,30.8,62.5,518.3
2026-09-12 12:17:07,30.8,60.8,515.8
2026-09-12 12:17:37,30.8,60.3,521.7
2026-09-12 12:18:07,30.8,61.9,551.7
2026-09-12 12:18:37,30.8,62.9,513.3
2026-09-12 12:19:07,30.9,61.2,472.5
2026-09-12 12:19:37,30.8,62.5,495.0
2026-09-12 12:20:07,30.9,60.2,430.0
2026-09-12 12:20:37,30.9,60.7,468.3
2026-09-12 12:21:07,30.8,60.1,410.0
2026-09-12 12:21:37,30.8,59.8,414.2
2026-09-12 12:22:07,30.8,60.7,367.5
2026-09-12 12:22:37,30.8,60.7,382.5
2026-09-12 12:23:07,30.8,60.8,384.2
2026-09-12 12:23:37,30.8,61.6,406.7
2026-09-12 12:24:07,30.8,61.7,413.3
2026-09-12 12:24:37,30.8,61.5,460.0
2026-09-12 12:25:07,30.8,61.3,504.2
2026-09-12 12:25:37,30.8,61.4,446.7
2026-09-12 12:26:07,30.8,61.5,408.3
2026-09-12 12:26:37,30.8,60.9,395.8
2026-09-12 12:27:07,30.8,58.7,471.7
2026-09-12 12:27:37,30.8,60.1,438.3
2026-09-12 12:28:07,30.8,61.2,480.0
2026-09-12 12:28:37,30.9,60.1,395.0
2026-09-12 12:29:07,30.9,59.4,409.2
2026-09-12 12:29:37,30.9,59.0,416.7
2026-09-12 12:30:07,30.9,60.1,390.8
2026-09-12 12:30:37,30.9,59.9,412.5
2026-09-12 12:31:07,30.9,60.2,429.2
2026-09-12 12:31:37,30.9,60.2,463.3
2026-09-12 12:32:07,30.9,59.7,450.0
2026-09-12 12:32:37,30.9,59.7,401.7
2026-09-12 12:33:07,30.9,60.2,450.8
2026-09-12 12:33:37,30.9,59.7,415.0
2026-09-12 12:34:07,30.9,59.1,397.5
2026-09-12 12:34:37,30.9,58.8,550.0
2026-09-12 12:35:07,30.9,58.9,411.7
2026-09-12 12:35:37,30.9,58.0,488.3
2026-09-12 12:36:07,30.9,59.1,457.5
2026-09-12 12:36:37,30.9,59.8,452.5
2026-09-12 12:37:07,30.9,58.8,391.7
2026-09-12 12:37:37,30.9,59.3,455.0
2026-09-12 12:38:07,30.9,60.0,356.7
2026-09-12 12:38:37,30.9,59.6,376.7
2026-09-12 12:39:07,30.9,59.5,378.3
2026-09-12 12:39:37,30.9,60.0,355.0
2026-09-12 12:40:07,30.9,60.8,382.5
2026-09-12 12:40:37,30.9,60.3,368.3
2026-09-12 12:41:07,30.9,59.6,444.2
2026-09-12 12:41:37,30.9,60.6,400.0
2026-09-12 12:42:07,30.9,59.6,510.8
2026-09-12 12:42:37,30.9,58.4,415.0
2026-09-12 12:43:07,30.9,60.5,379.2
2026-09-12 12:43:37,30.9,60.6,424.2
2026-09-12 12:44:07,30.9,60.1,420.8
2026-09-12 12:44:37,30.9,60.1,429.2
2026-09-12 12:45:07,30.9,60.2,475.0
2026-09-12 12:45:37,30.9,60.0,380.0
2026-09-12 12:46:07,30.9,59.4,390.8
2026-09-12 12:46:37,30.9,59.7,430.8
2026-09-12 12:47:07,30.9,60.3,385.0
2026-09-12 12:47:37,30.9,60.0,376.7
2026-09-12 12:48:07,30.9,59.5,404.2
2026-09-12 12:48:37,30.8,60.8,479.2
2026-09-12 12:49:07,30.9,60.3,400.8
2026-09-12 12:49:37,30.8,60.7,410.0
2026-09-12 12:50:07,30.8,60.4,372.5
2026-09-12 12:50:37,30.8,60.5,375.0
2026-09-12 12:51:07,30.8,60.5,403.3
2026-09-12 12:51:37,30.9,61.3,380.8
2026-09-12 12:52:07,30.9,61.4,417.5
2026-09-12 12:52:37,30.9,59.3,359.2
2026-09-12 12:53:07,30.8,61.3,450.8
2026-09-12 12:53:37,30.9,59.7,376.7
2026-09-12 12:54:07,30.9,59.4,424.2
2026-09-12 12:54:37,30.9,59.7,366.7
2026-09-12 12:55:07,30.9,60.6,371.7
2026-09-12 12:55:37,30.9,59.9,376.7
2026-09-12 12:56:07,30.9,60.5,413.3
2026-09-12 12:56:37,30.9,59.7,347.5
2026-09-12 12:57:07,30.9,61.0,461.7
2026-09-12 12:57:37,30.9,60.1,584.2
2026-09-12 12:58:07,30.9,60.4,403.3
2026-09-12 12:58:37,30.9,59.5,370.0
2026-09-12 12:59:07,30.9,61.0,397.5
2026-09-12 12:59:37,30.9,61.0,402.5
2026-09-12 13:00:07,30.9,62.1,387.5
2026-09-12 13:00:37,30.9,60.8,376.7
2026-09-12 13:01:07,31.0,60.0,455.8
2026-09-12 13:01:37,31.0,57.0,398.3
2026-09-12 13:02:07,31.0,57.1,476.7
2026-09-12 13:02:37,31.0,57.3,360.0
2026-09-12 13:03:07,31.0,58.0,439.2
2026-09-12 13:03:37,31.0,59.7,384.2
2026-09-12 13:04:07,31.0,61.0,406.7
2026-09-12 13:04:37,31.1,59.5,385.8
2026-09-12 13:05:07,31.0,57.9,386.7
2026-09-12 13:05:37,31.0,59.0,535.8
2026-09-12 13:06:07,31.0,60.2,499.2
2026-09-12 13:06:37,31.0,59.3,475.0
2026-09-12 13:07:07,31.0,59.4,519.2
2026-09-12 13:07:37,31.0,59.4,524.2
2026-09-12 13:08:07,31.0,59.1,506.7
2026-09-12 13:08:37,31.0,59.0,538.3
2026-09-12 13:09:07,31.0,58.6,512.5
2026-09-12 13:09:37,31.1,58.8,510.0
2026-09-12 13:10:07,31.1,58.6,460.0
2026-09-12 13:10:37,31.1,59.2,510.8
2026-09-12 13:11:07,31.1,58.8,505.0
2026-09-12 13:11:37,31.1,59.4,501.7
2026-09-12 13:12:07,31.1,59.7,498.3
2026-09-12 13:12:37,31.1,59.9,490.8
2026-09-12 13:13:07,31.2,60.2,490.8
2026-09-12 13:13:37,31.2,60.4,484.2
2026-09-12 13:14:07,31.2,60.3,466.7
2026-09-12 13:14:37,31.2,59.8,465.8
2026-09-12 13:15:07,31.2,59.5,431.7
2026-09-12 13:15:37,31.2,59.0,388.3
2026-09-12 13:16:07,31.2,60.5,388.3
2026-09-12 13:16:37,31.3,59.2,337.5
2026-09-12 13:17:07,31.3,59.1,380.0
2026-09-12 13:17:37,31.3,59.6,362.5
2026-09-12 13:18:07,31.4,59.0,352.5
2026-09-12 13:18:37,31.4,60.2,345.8
2026-09-12 13:19:07,31.4,59.3,308.3
2026-09-12 13:19:37,31.4,60.4,345.0
2026-09-12 13:20:07,31.4,59.3,344.2
2026-09-12 13:20:37,31.4,60.0,344.2
2026-09-12 13:21:07,31.4,61.5,292.5
2026-09-12 13:21:37,31.4,61.9,275.8
2026-09-12 13:22:07,31.4,62.2,263.3
2026-09-12 13:22:37,31.4,59.4,234.2
2026-09-12 13:23:07,31.4,59.3,210.8
2026-09-12 13:23:37,31.3,59.5,226.7
2026-09-12 13:24:07,31.3,60.0,243.3
2026-09-12 13:24:37,31.3,60.0,265.0
2026-09-12 13:25:07,31.3,60.0,240.8
2026-09-12 13:25:37,31.3,61.5,271.7
2026-09-12 13:26:07,31.3,60.5,310.8
2026-09-12 13:26:37,31.3,60.7,326.7
2026-09-12 13:27:06,31.2,61.2,289.2
2026-09-12 13:27:36,31.2,62.1,332.5
2026-09-12 13:28:06,31.2,60.1,335.0
2026-09-12 13:28:36,31.2,60.2,295.8
2026-09-12 13:29:06,31.2,60.2,295.0
2026-09-12 13:29:36,31.2,61.3,319.2
2026-09-12 13:30:06,31.2,60.6,309.2
2026-09-12 13:30:36,31.2,59.9,271.7
2026-09-12 13:31:06,31.2,58.5,275.8
2026-09-12 13:31:36,31.2,60.3,235.0
2026-09-12 13:32:06,31.2,60.1,263.3
2026-09-12 13:32:36,31.2,60.2,219.2
2026-09-12 13:33:06,31.2,60.4,195.8
2026-09-12 13:33:36,31.2,59.7,199.2
2026-09-12 13:34:06,31.2,59.5,223.3
2026-09-12 13:34:36,31.2,58.9,239.2
2026-09-12 13:35:06,31.2,60.0,248.3
2026-09-12 13:35:36,31.2,59.0,249.2
2026-09-12 13:36:06,31.2,59.9,245.8
2026-09-12 13:36:36,31.2,58.7,248.3
2026-09-12 13:37:06,31.2,59.5,245.0
2026-09-12 13:37:36,31.2,59.2,241.7
2026-09-12 13:38:06,31.2,59.4,235.8
2026-09-12 13:38:36,31.2,59.0,235.8
2026-09-12 13:39:06,31.2,59.5,238.3
2026-09-12 13:39:36,31.2,59.2,242.5
2026-09-12 13:40:06,31.2,59.2,252.5
2026-09-12 13:40:36,31.2,60.0,252.5
2026-09-12 13:41:06,31.2,59.6,248.3
2026-09-12 13:41:36,31.2,59.8,245.8
2026-09-12 13:42:06,31.2,59.7,246.7
2026-09-12 13:42:36,31.2,59.4,251.7
2026-09-12 13:43:06,31.2,59.9,232.5
2026-09-12 13:43:36,31.2,59.7,132.5
2026-09-12 13:44:06,31.2,59.8,131.7
2026-09-12 13:44:36,31.2,59.4,133.3
2026-09-12 13:45:06,31.2,58.8,241.7
2026-09-12 13:45:36,31.2,59.5,236.7
2026-09-12 13:46:06,31.2,59.7,235.8
2026-09-12 13:46:36,31.2,58.6,233.3
2026-09-12 13:47:06,31.2,60.7,227.5
2026-09-12 13:47:36,31.2,58.0,231.7
2026-09-12 13:48:06,31.2,57.2,228.3
2026-09-12 13:48:36,31.3,59.3,209.2
2026-09-12 13:49:06,31.3,57.8,200.8
2026-09-12 13:49:36,31.2,58.2,189.2
2026-09-12 13:50:06,31.2,59.3,171.7
2026-09-12 13:50:36,31.2,59.1,185.8
2026-09-12 13:51:06,31.2,58.1,189.2
2026-09-12 13:51:36,31.2,57.3,207.5
2026-09-12 13:52:06,31.2,57.7,190.0
2026-09-12 13:52:36,31.2,59.7,207.5
2026-09-12 13:53:06,31.2,59.2,171.7
2026-09-12 13:53:36,31.2,59.1,188.3
2026-09-12 13:54:06,31.2,59.3,195.0
2026-09-12 13:54:36,31.2,59.4,131.7
2026-09-12 13:55:06,31.2,59.6,195.8
2026-09-12 13:55:36,31.2,56.8,234.2
2026-09-12 13:56:06,31.3,57.4,222.5
2026-09-12 13:56:36,31.2,58.7,207.5
2026-09-12 13:57:06,31.2,59.6,220.8
2026-09-12 13:57:36,31.3,60.3,227.5
2026-09-12 13:58:06,31.2,60.6,225.8
2026-09-12 13:58:36,31.2,59.6,212.5
2026-09-12 13:59:06,31.2,60.0,215.8
2026-09-12 13:59:36,31.2,59.0,204.2
2026-09-12 14:00:06,31.2,60.5,198.3
2026-09-12 14:00:36,31.2,60.2,212.5
2026-09-12 14:01:06,31.2,59.8,220.0
2026-09-12 14:01:36,31.2,60.3,205.8
2026-09-12 14:02:06,31.2,60.5,240.0
2026-09-12 14:02:36,31.2,60.2,240.0
2026-09-12 14:03:06,31.2,59.5,231.7
2026-09-12 14:03:36,31.2,60.5,221.7
2026-09-12 14:04:06,31.2,60.6,194.2
2026-09-12 14:04:36,31.2,60.9,205.0
2026-09-12 14:05:06,31.2,60.4,207.5
2026-09-12 14:05:36,31.2,60.5,201.7
2026-09-12 14:06:06,31.2,60.2,208.3
2026-09-12 14:06:36,31.2,59.8,215.0
2026-09-12 14:07:06,31.2,60.3,220.0
2026-09-12 14:07:36,31.2,60.7,223.3
2026-09-12 14:08:08,31.2,59.8,230.0
2026-09-12 14:08:38,31.2,60.2,228.3
2026-09-12 14:09:08,31.1,60.4,220.0
2026-09-12 14:09:38,31.0,60.4,205.8
2026-09-12 14:10:08,31.1,59.3,196.7
2026-09-12 14:10:38,31.1,60.4,216.7
2026-09-12 14:11:08,31.1,59.5,199.2
2026-09-12 14:11:38,31.1,58.7,194.2
2026-09-12 14:12:08,31.1,59.0,195.8
2026-09-12 14:12:38,31.1,58.8,185.0
2026-09-12 14:13:08,31.2,59.2,164.2
2026-09-12 14:13:38,31.2,57.8,161.7
2026-09-12 14:14:08,31.2,57.8,188.3
2026-09-12 14:14:38,31.2,59.2,199.2
2026-09-12 14:15:08,31.2,57.4,202.5
2026-09-12 14:15:38,31.2,59.7,190.8
2026-09-12 14:16:08,31.3,58.4,193.3
2026-09-12 14:16:38,31.3,58.2,188.3
2026-09-12 14:17:08,31.3,59.6,187.5
2026-09-12 14:17:38,31.3,59.0,188.3
2026-09-12 14:18:08,31.3,58.8,188.3
2026-09-12 14:18:38,31.3,58.5,176.7
2026-09-12 14:19:08,31.3,59.1,173.3
2026-09-12 14:19:38,31.2,59.8,189.2
2026-09-12 14:20:08,31.2,60.4,153.3
2026-09-12 14:20:38,31.2,60.0,164.2
2026-09-12 14:21:08,31.2,59.9,175.8
2026-09-12 14:21:38,31.2,59.0,149.2
2026-09-12 14:22:08,31.2,59.0,143.3
2026-09-12 14:22:38,31.2,59.8,140.8
2026-09-12 14:23:08,31.2,59.1,142.5
2026-09-12 14:23:38,31.2,59.1,141.7
2026-09-12 14:24:08,31.2,59.5,144.2
2026-09-12 14:24:38,31.2,58.7,145.8
2026-09-12 14:25:08,31.2,59.5,148.3
2026-09-12 14:25:38,31.2,59.8,150.8
2026-09-12 14:26:08,31.2,59.1,162.5
2026-09-12 14:26:38,31.2,58.9,210.8
2026-09-12 14:27:08,31.2,58.4,205.8
2026-09-12 14:27:38,31.2,58.6,208.3
2026-09-12 14:28:08,31.2,59.1,195.0
2026-09-12 14:28:38,31.2,58.8,215.0
2026-09-12 14:29:08,31.2,58.7,225.0
2026-09-12 14:29:38,31.2,59.5,197.5
2026-09-12 14:30:08,31.2,58.9,189.2
2026-09-12 14:30:38,31.2,58.9,180.8
2026-09-12 14:31:08,31.1,58.2,177.5
2026-09-12 14:31:38,31.1,59.7,180.0
2026-09-12 14:32:08,31.2,59.4,193.3
2026-09-12 14:32:38,31.1,60.4,170.0
2026-09-12 14:33:08,31.2,58.2,172.5
2026-09-12 14:33:38,31.2,59.8,170.0
2026-09-12 14:34:08,31.2,59.8,167.5
2026-09-12 14:34:38,31.2,57.9,164.2
2026-09-12 14:35:08,31.2,58.0,162.5
2026-09-12 14:35:38,31.2,60.2,166.7
2026-09-12 14:36:08,31.2,59.9,167.5
2026-09-12 14:36:38,31.2,58.7,177.5
2026-09-12 14:37:08,31.2,60.1,172.5
2026-09-12 14:37:38,31.1,59.8,171.7
2026-09-12 14:38:08,31.1,59.2,172.5
2026-09-12 14:38:38,31.1,59.8,175.0
2026-09-12 14:39:08,31.1,59.3,178.3
2026-09-12 14:39:38,31.1,60.0,174.2
2026-09-12 14:40:08,31.1,58.7,175.8
2026-09-12 14:40:38,31.1,58.9,177.5
2026-09-12 14:41:08,31.1,60.3,168.3
2026-09-12 14:41:38,31.1,59.5,162.5
2026-09-12 14:42:08,31.1,59.5,158.3
2026-09-12 14:42:38,31.1,58.7,155.8
2026-09-12 14:43:08,31.1,59.0,154.2
2026-09-12 14:43:38,31.1,59.9,149.2
2026-09-12 14:44:08,31.1,59.5,141.7
2026-09-12 14:44:38,31.0,58.9,136.7
2026-09-12 14:45:08,31.0,59.7,130.0
2026-09-12 14:45:38,31.0,57.8,127.5
2026-09-12 14:46:08,31.0,59.3,123.3
2026-09-12 14:46:38,31.0,59.5,121.7
2026-09-12 14:47:08,31.0,59.8,120.8
2026-09-12 14:47:38,31.0,60.1,123.3
2026-09-12 14:48:08,31.1,59.6,125.8
2026-09-12 14:48:38,31.1,59.3,125.8
2026-09-12 14:49:08,31.0,60.2,127.5
2026-09-12 14:49:38,31.0,59.8,130.0
2026-09-12 14:50:08,31.0,59.9,130.8
2026-09-12 14:50:38,31.0,58.5,132.5
2026-09-12 14:51:08,31.0,59.1,132.5
2026-09-12 14:51:38,31.0,58.5,132.5
2026-09-12 14:52:08,31.0,57.8,133.3
2026-09-12 14:52:38,30.9,58.4,135.0
2026-09-12 14:53:08,30.9,59.4,138.3
2026-09-12 14:53:38,30.9,59.5,132.5
2026-09-12 14:54:08,30.9,60.3,131.7
2026-09-12 14:54:38,30.9,60.5,127.5
2026-09-12 14:55:08,30.9,60.2,124.2
2026-09-12 14:55:38,30.9,60.0,120.0
2026-09-12 14:56:08,30.9,59.2,118.3
2026-09-12 14:56:38,30.9,59.1,111.7
2026-09-12 14:57:08,30.9,59.5,101.7
2026-09-12 14:57:38,30.9,59.2,94.2
2026-09-12 14:58:08,30.9,59.3,90.0
2026-09-12 14:58:38,30.9,60.3,85.8
2026-09-12 14:59:08,30.9,60.8,83.3
2026-09-12 14:59:38,30.9,59.6,81.7
2026-09-12 15:00:08,30.9,60.5,81.7
2026-09-12 15:00:38,30.9,59.1,77.5
2026-09-12 15:01:08,30.9,60.6,75.0
2026-09-12 15:01:38,30.9,60.7,77.5
2026-09-12 15:02:08,30.9,60.7,79.2
2026-09-12 15:02:38,30.9,60.3,80.0
2026-09-12 15:03:08,30.9,59.7,85.8
2026-09-12 15:03:38,30.9,60.3,86.7
2026-09-12 15:04:08,30.9,59.8,93.3
2026-09-12 15:04:38,30.9,59.8,94.2
2026-09-12 15:05:08,30.9,60.6,90.8
2026-09-12 15:05:38,30.9,60.0,111.7
2026-09-12 15:06:08,30.9,60.8,101.7
2026-09-12 15:06:38,30.9,59.5,87.5
2026-09-12 15:07:08,30.9,60.3,84.2
2026-09-12 15:07:38,30.9,60.0,75.0
2026-09-12 15:08:08,30.9,60.8,70.8
2026-09-12 15:08:38,30.9,59.7,70.0
2026-09-12 15:09:08,30.8,60.5,68.3
2026-09-12 15:09:38,30.8,60.6,70.0
2026-09-12 15:10:08,30.8,59.9,70.0
2026-09-12 15:10:38,30.8,60.8,65.8
2026-09-12 15:11:08,30.8,60.8,62.5
2026-09-12 15:11:38,30.8,60.3,57.5
2026-09-12 15:12:08,30.8,60.0,59.2
2026-09-12 15:12:38,30.8,59.8,55.8
2026-09-12 15:13:08,30.8,59.6,50.8
2026-09-12 15:13:38,30.8,61.2,49.2
2026-09-12 15:14:08,30.8,60.5,50.8
2026-09-12 15:14:38,30.9,60.5,50.8
2026-09-12 15:15:08,30.8,60.5,51.7
2026-09-12 15:15:38,30.9,60.6,55.0
2026-09-12 15:16:08,30.8,59.4,58.3
2026-09-12 15:16:38,30.8,59.9,75.8
2026-09-12 15:17:08,30.8,61.1,75.0
2026-09-12 15:17:38,30.8,61.3,72.5
2026-09-12 15:18:08,30.8,61.4,76.7
2026-09-12 15:18:38,30.8,60.2,77.5
2026-09-12 15:19:08,30.8,59.1,78.3
2026-09-12 15:19:38,30.8,58.8,76.7
2026-09-12 15:20:08,30.8,59.7,76.7
2026-09-12 15:20:38,30.8,59.1,76.7
2026-09-12 15:21:08,30.8,60.2,75.8
2026-09-12 15:21:38,30.8,59.8,70.8
2026-09-12 15:22:08,30.8,60.6,72.5
2026-09-12 15:22:38,30.8,60.9,74.2
2026-09-12 15:23:08,30.8,60.4,72.5
2026-09-12 15:23:38,30.8,60.5,70.0
2026-09-12 15:24:08,30.8,61.2,70.8
2026-09-12 15:24:38,30.8,60.9,71.7
2026-09-12 15:25:08,30.7,60.4,71.7
2026-09-12 15:25:38,30.7,61.3,70.0
2026-09-12 15:26:08,30.7,60.3,69.2
2026-09-12 15:26:38,30.7,60.3,69.2
2026-09-12 15:27:08,30.7,60.2,69.2
2026-09-12 15:27:38,30.7,60.7,69.2
2026-09-12 15:28:08,30.7,60.4,70.0
2026-09-12 15:28:38,30.7,61.2,70.8
2026-09-12 15:29:08,30.7,60.3,70.8
2026-09-12 15:29:38,30.7,60.8,68.3
2026-09-12 15:30:08,30.8,61.2,67.5
2026-09-12 15:30:38,30.8,61.0,66.7
2026-09-12 15:31:08,30.8,62.1,65.0
2026-09-12 15:31:38,30.8,61.8,65.0
2026-09-12 15:32:08,30.7,60.3,65.8
2026-09-12 15:32:38,30.7,60.9,65.0
2026-09-12 15:33:08,30.7,60.4,60.8
2026-09-12 15:33:38,30.8,61.0,56.7
2026-09-12 15:34:08,30.8,61.3,58.3
2026-09-12 15:34:38,30.7,61.3,61.7
2026-09-12 15:35:08,30.7,61.5,63.3
2026-09-12 15:35:38,30.7,61.4,63.3
2026-09-12 15:36:08,30.7,61.4,61.7
2026-09-12 15:36:38,30.7,61.3,62.5
2026-09-12 15:37:08,30.7,61.8,55.0
2026-09-12 15:37:38,30.7,61.6,45.0
2026-09-12 15:38:08,30.7,61.4,44.2
2026-09-12 15:38:38,30.7,62.3,44.2
2026-09-12 15:39:08,30.7,61.3,44.2
2026-09-12 15:39:38,30.7,61.8,47.5
2026-09-12 15:40:08,30.7,61.9,57.5
2026-09-12 15:40:38,30.7,61.9,50.8
2026-09-12 15:41:08,30.7,62.1,45.8
2026-09-12 15:41:38,30.7,61.0,56.7
2026-09-12 15:42:08,30.7,61.6,56.7
2026-09-12 15:42:38,30.7,60.9,55.8
2026-09-12 15:43:08,30.7,61.3,55.0
2026-09-12 15:43:38,30.7,61.7,55.0
2026-09-12 15:44:08,30.7,61.5,55.0
2026-09-12 15:44:38,30.7,61.8,55.0
2026-09-12 15:45:08,30.7,61.7,53.3
2026-09-12 15:45:38,30.7,61.6,52.5
2026-09-12 15:46:08,30.7,60.2,55.0
2026-09-12 15:46:38,30.7,60.4,55.8
2026-09-12 15:47:08,30.7,61.5,58.3
2026-09-12 15:47:38,30.7,60.4,57.5
2026-09-12 15:48:08,30.7,60.7,57.5
2026-09-12 15:48:38,30.7,60.8,57.5
2026-09-12 15:49:08,30.7,60.4,55.8
2026-09-12 15:49:38,30.7,61.2,55.0
2026-09-12 15:50:08,30.7,60.9,55.0
2026-09-12 15:50:38,30.7,60.2,55.8
2026-09-12 15:51:08,30.7,59.8,55.8
2026-09-12 15:51:38,30.7,59.8,55.0
2026-09-12 15:52:08,30.7,60.3,55.0
2026-09-12 15:52:38,30.7,60.3,50.8
2026-09-12 15:53:08,30.7,59.5,50.8
2026-09-12 15:53:38,30.7,60.5,50.0
2026-09-12 15:54:08,30.7,60.9,49.2
2026-09-12 15:54:38,30.7,61.2,48.3
2026-09-12 15:55:08,30.7,61.4,48.3
2026-09-12 15:55:38,30.7,61.7,47.5
2026-09-12 15:56:08,30.7,60.8,47.5
2026-09-12 15:56:38,30.6,61.6,50.0
2026-09-12 15:57:08,30.6,60.0,50.0
2026-09-12 15:57:38,30.6,61.8,50.8
2026-09-12 15:58:08,30.7,62.6,51.7
2026-09-12 15:58:38,30.6,62.9,52.5
2026-09-12 15:59:08,30.7,63.0,55.0
2026-09-12 15:59:38,30.7,62.9,55.8
2026-09-12 16:00:08,30.7,60.9,55.8
2026-09-12 16:00:38,30.7,61.7,56.7
2026-09-12 16:01:08,30.7,61.5,56.7
2026-09-12 16:01:38,30.7,60.0,56.7
2026-09-12 16:02:08,30.7,60.6,58.3
2026-09-12 16:02:38,30.7,60.5,60.0
2026-09-12 16:03:08,30.7,61.7,61.7
2026-09-12 16:03:38,30.7,63.8,63.3
2026-09-12 16:04:08,30.7,62.0,65.0
2026-09-12 16:04:38,30.7,61.2,65.8
2026-09-12 16:05:08,30.7,61.2,66.7
2026-09-12 16:05:38,30.7,64.3,65.8
2026-09-12 16:06:08,30.8,63.3,65.8
2026-09-12 16:06:38,30.8,63.7,65.0
2026-09-12 16:07:08,30.8,63.5,65.0
2026-09-12 16:07:38,30.8,61.7,64.2
2026-09-12 16:08:08,30.8,62.9,62.5
2026-09-12 16:08:38,30.8,62.8,59.2
2026-09-12 16:09:08,30.8,62.7,57.5
2026-09-12 16:09:38,30.8,61.9,64.2
2026-09-12 16:10:08,30.8,62.3,64.2
2026-09-12 16:10:38,30.8,62.6,64.2
2026-09-12 16:11:08,30.8,61.7,63.3
2026-09-12 16:11:38,30.8,62.2,65.0
2026-09-12 16:12:08,30.8,62.0,65.8
2026-09-12 16:12:38,30.8,62.2,67.5
2026-09-12 16:13:08,30.8,62.3,67.5
2026-09-12 16:13:38,30.8,61.8,68.3
2026-09-12 16:14:08,30.8,62.0,67.5
2026-09-12 16:14:38,30.8,62.2,66.7
2026-09-12 16:15:08,30.8,62.2,68.3
2026-09-12 16:15:38,30.8,61.8,69.2
2026-09-12 16:16:08,30.8,61.8,71.7
2026-09-12 16:16:38,30.8,62.6,71.7
2026-09-12 16:17:08,30.8,61.5,73.3
2026-09-12 16:17:38,30.8,61.7,74.2
2026-09-12 16:18:08,30.8,62.5,73.3
2026-09-12 16:18:38,30.9,62.1,72.5
2026-09-12 16:19:08,30.8,61.9,71.7
2026-09-12 16:19:38,30.9,62.3,70.0
2026-09-12 16:20:08,30.9,63.0,69.2
2026-09-12 16:20:38,30.9,63.0,68.3
2026-09-12 16:21:08,30.8,63.0,67.5
2026-09-12 16:21:38,30.8,62.9,65.8
2026-09-12 16:22:08,30.8,62.5,64.2
2026-09-12 16:22:45,30.8,62.7,62.5
2026-09-12 16:23:15,30.8,62.3,61.7
2026-09-12 16:23:45,30.8,62.3,60.0
2026-09-12 16:24:15,30.8,62.8,60.0
2026-09-12 16:24:45,30.8,63.0,59.2
2026-09-12 16:25:15,30.8,63.1,58.3
2026-09-12 16:25:45,30.8,63.3,59.2
2026-09-12 16:26:15,30.8,63.0,59.2
2026-09-12 16:26:45,30.8,62.9,60.0
2026-09-12 16:27:15,30.8,63.3,60.8
2026-09-12 16:27:45,30.8,63.3,60.0
2026-09-12 16:28:15,30.8,63.5,60.0
2026-09-12 16:28:45,30.8,62.8,57.5
2026-09-12 16:29:15,30.8,62.5,56.7
2026-09-12 16:29:45,30.8,63.3,51.7
2026-09-12 16:30:15,30.8,63.1,49.2
2026-09-12 16:30:45,30.9,63.3,46.7
2026-09-12 16:31:15,30.8,62.5,44.2
2026-09-12 16:31:45,30.8,63.0,41.7
2026-09-12 16:32:15,30.8,63.3,40.8
2026-09-12 16:32:45,30.8,62.9,40.0
2026-09-12 16:33:15,30.8,63.1,39.2
2026-09-12 16:33:45,30.9,63.4,39.2
2026-09-12 16:34:15,30.8,63.4,39.2
2026-09-12 16:34:45,30.8,62.6,39.2
2026-09-12 16:35:15,30.8,62.3,38.3
2026-09-12 16:35:45,30.8,62.8,38.3
2026-09-12 16:36:15,30.8,63.9,38.3
2026-09-12 16:36:45,30.8,63.3,36.7
2026-09-12 16:37:15,30.8,64.0,35.8
2026-09-12 16:37:45,30.8,63.6,35.0
2026-09-12 16:38:15,30.8,62.5,36.7
2026-09-12 16:38:45,30.8,63.5,37.5
2026-09-12 16:39:15,30.8,63.5,39.2
2026-09-12 16:39:45,30.8,63.3,39.2
2026-09-12 16:40:15,30.8,63.3,39.2
2026-09-12 16:40:45,30.7,62.7,38.3
2026-09-12 16:41:15,30.8,62.5,38.3
2026-09-12 16:41:45,30.8,62.1,38.3
2026-09-12 16:42:15,30.8,61.9,38.3
2026-09-12 16:42:45,30.8,63.1,37.5
2026-09-12 16:43:16,30.8,63.3,36.7
2026-09-12 16:43:48,30.8,63.1,35.8
2026-09-12 16:44:18,30.8,63.1,35.8
2026-09-12 16:44:48,30.8,63.2,35.0
2026-09-12 16:45:19,30.8,63.3,34.2
2026-09-12 16:45:49,30.8,63.4,34.2
2026-09-12 16:46:19,30.8,63.0,35.0
2026-09-12 16:46:49,30.8,63.5,35.0
2026-09-12 16:47:19,30.7,63.5,35.0
2026-09-12 16:47:51,30.7,63.6,35.8
2026-09-12 16:48:21,30.7,63.7,36.7
2026-09-12 16:48:51,30.7,63.3,37.5
2026-09-12 16:49:21,30.7,63.3,38.3
2026-09-12 16:49:51,30.7,63.4,38.3
2026-09-12 16:50:21,30.7,63.5,39.2
2026-09-12 16:50:51,30.7,63.3,38.3
2026-09-12 16:51:21,30.7,63.3,37.5
2026-09-12 16:51:54,30.6,62.8,36.7
2026-09-12 16:52:24,30.6,63.5,35.8
2026-09-12 16:52:54,30.7,63.3,35.0
2026-09-12 16:53:24,30.6,63.5,35.0
2026-09-12 16:53:54,30.6,63.4,34.2
2026-09-12 16:54:24,30.6,63.7,33.3
2026-09-12 16:54:54,30.6,63.9,32.5
2026-09-12 16:55:24,30.6,63.8,32.5
2026-09-12 16:55:54,30.6,64.1,32.5
2026-09-12 16:56:24,30.6,64.0,32.5
2026-09-12 16:56:54,30.6,64.0,32.5
2026-09-12 16:57:24,30.6,63.9,32.5
2026-09-12 16:57:54,30.6,64.2,32.5
2026-09-12 16:58:24,30.6,64.3,31.7
2026-09-12 16:58:54,30.6,63.8,31.7
2026-09-12 16:59:24,30.6,63.8,31.7
2026-09-12 16:59:54,30.6,63.7,31.7
2026-09-12 17:00:24,30.6,63.6,31.7
2026-09-12 17:00:54,30.6,64.1,30.8
2026-09-12 17:01:24,30.6,63.6,30.8
2026-09-12 17:01:54,30.6,64.1,30.8
2026-09-12 17:02:24,30.6,63.9,30.8
2026-09-12 17:02:54,30.6,64.2,30.0
2026-09-12 17:03:24,30.6,63.0,30.0
2026-09-12 17:03:54,30.6,63.3,30.0
2026-09-12 17:04:24,30.6,63.9,30.0
2026-09-12 17:04:54,30.6,62.8,30.0
2026-09-12 17:05:24,30.6,63.2,29.2
2026-09-12 17:05:54,30.6,63.2,29.2
2026-09-12 17:06:24,30.6,63.4,29.2
2026-09-12 17:06:54,30.6,63.3,29.2
2026-09-12 17:07:24,30.6,62.9,28.3
2026-09-12 17:07:54,30.6,62.7,28.3
2026-09-12 17:08:24,30.5,63.0,28.3
2026-09-12 17:08:54,30.6,63.2,28.3
2026-09-12 17:09:24,30.5,62.3,28.3
2026-09-12 17:09:54,30.5,62.8,28.3
2026-09-12 17:10:24,30.5,63.0,28.3
2026-09-12 17:10:54,30.5,62.9,27.5
2026-09-12 17:11:24,30.5,63.0,27.5
2026-09-12 17:11:54,30.6,62.3,27.5
2026-09-12 17:12:24,30.5,63.7,27.5
2026-09-12 17:12:54,30.6,64.0,27.5
2026-09-12 17:13:24,30.5,63.7,26.7
2026-09-12 17:13:54,30.5,62.7,26.7
2026-09-12 17:14:24,30.5,63.5,26.7
2026-09-12 17:14:54,30.5,63.7,26.7
2026-09-12 17:15:41,30.5,64.4,25.8
2026-09-12 17:16:08,30.5,64.3,26.7
2026-09-12 17:16:38,30.5,63.6,25.8
2026-09-12 17:17:08,30.5,63.4,25.8
2026-09-12 17:17:44,30.5,64.3,25.8
2026-09-12 17:18:27,30.5,65.0,25.8
2026-09-12 17:18:57,30.5,64.6,25.8
2026-09-12 17:19:27,30.5,64.3,25.8
2026-09-12 17:19:54,30.5,64.4,25.8
2026-09-12 17:20:35,30.4,64.2,25.0
2026-09-12 17:21:03,30.4,64.6,25.0
2026-09-12 17:21:33,30.4,63.8,25.0
2026-09-12 17:22:03,30.4,64.3,25.0
2026-09-12 17:22:33,30.4,64.1,25.0
2026-09-12 17:23:03,30.4,64.1,24.2
2026-09-12 17:23:34,30.4,63.8,24.2
2026-09-12 17:24:04,30.4,65.0,23.3
2026-09-12 17:24:34,30.4,64.1,23.3
2026-09-12 17:25:22,30.4,64.1,22.5
2026-09-12 17:25:52,30.4,64.0,21.7
2026-09-12 17:26:43,30.4,64.3,20.8
2026-09-12 17:26:55,30.4,64.5,20.8
2026-09-12 17:27:43,30.4,63.9,20.0
2026-09-12 17:28:10,30.4,64.3,20.0
2026-09-12 17:28:40,30.4,64.9,19.2
2026-09-12 17:29:10,30.4,65.0,19.2
2026-09-12 17:29:40,30.4,64.9,19.2
2026-09-12 17:30:10,30.3,64.9,19.2
2026-09-12 17:30:40,30.3,64.1,19.2
2026-09-12 17:31:10,30.3,63.5,19.2
2026-09-12 17:31:40,30.3,64.7,19.2
2026-09-12 17:32:10,30.3,64.2,19.2
2026-09-12 17:32:40,30.4,64.7,19.2
2026-09-12 17:33:10,30.3,64.5,19.2
2026-09-12 17:33:40,30.4,64.7,19.2
2026-09-12 17:34:10,30.4,64.9,19.2
2026-09-12 17:34:40,30.4,64.5,19.2
2026-09-12 17:35:10,30.4,64.9,19.2
2026-09-12 17:35:40,30.4,65.4,19.2
2026-09-12 17:36:10,30.3,65.3,19.2
2026-09-12 17:36:40,30.3,65.3,19.2
2026-09-12 17:37:10,30.3,65.2,19.2
2026-09-12 17:37:40,30.3,65.7,19.2
2026-09-12 17:38:10,30.3,65.3,19.2
2026-09-12 17:38:40,30.3,64.7,18.3
2026-09-12 17:39:10,30.3,65.4,18.3
2026-09-12 17:39:40,30.3,65.1,18.3
2026-09-12 17:40:10,30.3,65.4,18.3
2026-09-12 17:40:40,30.3,64.9,18.3
2026-09-12 17:41:10,30.3,65.0,18.3
2026-09-12 17:41:40,30.3,64.8,17.5
2026-09-12 17:42:12,30.3,65.4,17.5
2026-09-12 17:42:45,30.3,66.0,17.5
2026-09-12 17:43:26,30.3,65.9,17.5
2026-09-12 17:43:56,30.2,66.1,16.7
2026-09-12 17:44:39,30.2,65.4,16.7
2026-09-12 17:45:06,30.2,65.9,16.7
2026-09-12 17:45:36,30.2,65.6,16.7
2026-09-12 17:46:06,30.2,66.2,16.7
2026-09-12 17:46:36,30.2,66.2,16.7
2026-09-12 17:47:06,30.2,66.5,16.7
2026-09-12 17:47:36,30.2,65.8,16.7
2026-09-12 17:48:07,30.2,66.2,15.8
2026-09-12 17:48:37,30.2,65.8,15.8
2026-09-12 17:49:07,30.2,65.0,15.8
2026-09-12 17:49:37,30.3,64.7,15.8
2026-09-12 17:50:07,30.3,65.8,15.8
2026-09-12 17:50:37,30.3,64.4,15.8
2026-09-12 17:51:07,30.3,65.0,15.8
2026-09-12 17:51:37,30.3,65.4,15.0
2026-09-12 17:52:07,30.3,64.4,15.0
2026-09-12 17:52:37,30.4,64.5,15.0
2026-09-12 17:53:07,30.4,64.7,15.0
2026-09-12 17:53:37,30.4,63.7,15.0
2026-09-12 17:54:07,30.4,63.5,15.0
2026-09-12 17:54:37,30.4,63.7,15.0
2026-09-12 17:55:07,30.4,64.6,15.0
2026-09-12 17:55:37,30.4,65.5,14.2
2026-09-12 17:56:07,30.4,65.9,14.2
2026-09-12 17:56:37,30.4,65.8,14.2
2026-09-12 17:57:07,30.4,64.4,14.2
2026-09-12 17:57:37,30.4,64.9,14.2
2026-09-12 17:58:07,30.5,64.4,14.2
2026-09-12 17:58:37,30.5,64.6,13.3
2026-09-12 17:59:07,30.5,65.0,13.3
2026-09-12 17:59:37,30.5,64.2,13.3
2026-09-12 18:00:07,30.5,64.9,13.3
2026-09-12 18:00:37,30.5,65.6,13.3
2026-09-12 18:01:07,30.5,65.0,13.3
2026-09-12 18:01:37,30.5,65.4,13.3
2026-09-12 18:02:07,30.5,65.7,13.3
2026-09-12 18:02:37,30.5,65.1,13.3
2026-09-12 18:03:07,30.5,64.6,12.5
2026-09-12 18:03:37,30.5,65.7,12.5
2026-09-12 18:04:07,30.5,64.2,12.5
2026-09-12 18:04:37,30.5,65.0,12.5
2026-09-12 18:05:07,30.5,65.4,12.5
2026-09-12 18:05:37,30.5,64.9,12.5
2026-09-12 18:06:07,30.5,65.4,12.5
2026-09-12 18:06:37,30.5,66.1,12.5
2026-09-12 18:07:07,30.5,65.9,12.5
2026-09-12 18:07:37,30.5,64.8,12.5
2026-09-12 18:08:07,30.5,65.9,12.5
2026-09-12 18:08:37,30.5,66.0,12.5
2026-09-12 18:09:07,30.5,64.3,12.5
2026-09-12 18:09:37,30.5,64.2,12.5
2026-09-12 18:10:07,30.5,65.3,12.5
2026-09-12 18:10:37,30.5,65.3,12.5
2026-09-12 18:11:07,30.5,65.1,12.5
2026-09-12 18:11:37,30.5,64.9,12.5
2026-09-12 18:12:07,30.5,64.1,12.5
2026-09-12 18:12:37,30.5,64.2,12.5
2026-09-12 18:13:07,30.5,63.8,12.5
2026-09-12 18:13:37,30.5,64.0,12.5
2026-09-12 18:14:07,30.5,64.0,12.5
2026-09-12 18:14:37,30.5,63.9,12.5
2026-09-12 18:15:07,30.5,64.8,11.7
2026-09-12 18:15:37,30.4,64.7,12.5
2026-09-12 18:16:23,30.5,65.3,12.5
2026-09-12 18:16:53,30.5,63.7,11.7
2026-09-12 18:17:23,30.5,63.9,11.7
2026-09-12 18:17:53,30.5,64.1,11.7
2026-09-12 18:18:23,30.5,64.6,11.7
2026-09-12 18:18:50,30.5,64.5,11.7
2026-09-12 18:19:20,30.4,64.6,12.5
2026-09-12 18:19:50,30.4,65.2,20.8
2026-09-12 18:20:20,30.4,65.4,20.8
2026-09-12 18:20:50,30.4,64.3,20.8
2026-09-12 18:21:20,30.4,65.0,15.0
2026-09-12 18:21:50,30.4,65.1,15.0
2026-09-12 18:22:20,30.4,65.0,14.2
2026-09-12 18:22:50,30.4,64.9,14.2
2026-09-12 18:23:20,30.4,64.9,14.2
2026-09-12 18:23:50,30.4,65.6,14.2
2026-09-12 18:24:20,30.4,64.8,15.0
2026-09-12 18:24:50,30.3,65.4,15.0
2026-09-12 18:25:20,30.3,65.8,15.0
2026-09-12 18:25:50,30.4,64.8,15.0
2026-09-12 18:26:20,30.4,65.2,15.0
2026-09-12 18:26:50,30.4,65.0,15.0
2026-09-12 18:27:20,30.4,65.0,15.0
2026-09-12 18:27:50,30.4,65.5,15.0
2026-09-12 18:28:20,30.4,64.9,15.0
2026-09-12 18:28:50,30.4,65.0,15.0
2026-09-12 18:29:20,30.4,66.1,15.0
2026-09-12 18:29:50,30.4,64.9,15.0
2026-09-12 18:30:20,30.4,65.0,15.0
2026-09-12 18:30:50,30.3,65.8,15.0
2026-09-12 18:31:20,30.4,65.3,12.5
2026-09-12 18:31:50,30.3,65.9,13.3
2026-09-12 18:32:20,30.4,65.1,15.0
2026-09-12 18:32:50,30.4,64.6,15.0
2026-09-12 18:33:20,30.4,66.1,15.0
2026-09-12 18:33:50,30.4,65.6,15.0
2026-09-12 18:34:20,30.4,65.4,15.0
2026-09-12 18:34:50,30.4,66.0,15.0
2026-09-12 18:35:20,30.4,66.0,15.0
2026-09-12 18:35:50,30.4,65.5,15.0
2026-09-12 18:36:20,30.4,66.0,15.0
2026-09-12 18:36:50,30.4,65.8,15.0
2026-09-12 18:37:20,30.4,66.1,15.0
2026-09-12 18:37:50,30.4,65.8,15.0
2026-09-12 18:38:20,30.3,65.6,15.0
2026-09-12 18:38:50,30.3,65.4,15.0
2026-09-12 18:39:20,30.3,64.6,15.0
2026-09-12 18:39:50,30.3,65.6,15.0
2026-09-12 18:40:20,30.3,65.5,15.0
2026-09-12 18:40:50,30.3,64.9,15.0
2026-09-12 18:41:20,30.3,65.9,20.0
2026-09-12 18:41:50,30.3,65.6,20.8
2026-09-12 18:42:20,30.3,65.3,20.8
2026-09-12 18:42:50,30.3,65.7,20.8
2026-09-12 18:43:20,30.3,65.7,20.8
2026-09-12 18:43:50,30.3,65.7,20.8
2026-09-12 18:44:20,30.3,66.2,20.8
2026-09-12 18:44:50,30.3,66.0,20.8
2026-09-12 18:45:20,30.3,66.2,20.8
2026-09-12 18:45:50,30.2,66.3,20.8
2026-09-12 18:46:20,30.2,66.5,20.8
2026-09-12 18:46:50,30.2,66.3,20.8
2026-09-12 18:47:20,30.2,66.6,20.8
2026-09-12 18:47:50,30.2,66.8,20.8
2026-09-12 18:48:20,30.2,66.9,20.8
2026-09-12 18:48:50,30.2,67.0,20.8
2026-09-12 18:49:20,30.2,67.1,20.8
2026-09-12 18:49:50,30.2,66.4,20.8
2026-09-12 18:50:20,30.2,66.7,20.8
2026-09-12 18:50:50,30.2,66.9,17.5
2026-09-12 18:51:20,30.2,64.9,20.8
2026-09-12 18:51:50,30.2,64.6,20.8
2026-09-12 18:52:20,30.2,64.7,20.0
2026-09-12 18:52:50,30.2,65.2,20.0
2026-09-12 18:53:20,30.2,65.2,20.0
2026-09-12 18:53:50,30.2,64.7,20.0
2026-09-12 18:54:20,30.2,65.2,20.0
2026-09-12 18:54:50,30.2,65.0,20.0
2026-09-12 18:55:20,30.2,65.5,20.0
2026-09-12 18:55:50,30.2,65.8,20.0
2026-09-12 18:56:20,30.2,65.8,20.0
2026-09-12 18:56:50,30.2,66.3,20.0
2026-09-12 18:57:20,30.2,66.3,20.0
2026-09-12 18:57:50,30.2,66.3,20.0
2026-09-12 18:58:20,30.2,66.4,20.0
2026-09-12 18:58:50,30.2,65.9,18.3
2026-09-12 18:59:20,30.2,65.9,18.3
2026-09-12 18:59:50,30.2,65.0,18.3
2026-09-12 19:00:20,30.2,64.9,18.3
2026-09-12 19:00:50,30.2,66.1,18.3
2026-09-12 19:01:20,30.2,65.3,18.3
2026-09-12 19:01:50,30.2,66.1,18.3
2026-09-12 19:02:20,30.2,66.2,18.3
2026-09-12 19:02:50,30.2,66.4,18.3
2026-09-12 19:03:20,30.2,66.1,19.2
2026-09-12 19:03:50,30.2,66.8,18.3
2026-09-12 19:04:20,30.2,66.8,18.3
2026-09-12 19:04:50,30.2,66.9,18.3
2026-09-12 19:05:20,30.2,67.1,19.2
2026-09-12 19:05:50,30.2,66.3,19.2
2026-09-12 19:06:20,30.2,65.7,19.2
2026-09-12 19:06:50,30.2,65.0,19.2
2026-09-12 19:07:20,30.2,65.0,19.2
2026-09-12 19:07:50,30.2,64.9,19.2
2026-09-12 19:08:20,30.2,66.0,19.2
2026-09-12 19:08:50,30.2,66.6,19.2
2026-09-12 19:09:20,30.2,66.7,19.2
2026-09-12 19:09:50,30.2,66.7,19.2
2026-09-12 19:10:20,30.2,67.2,20.0
2026-09-12 19:10:50,30.2,66.2,19.2
2026-09-12 19:11:20,30.2,66.5,19.2
2026-09-12 19:11:50,30.2,65.2,19.2
2026-09-12 19:12:20,30.2,66.6,19.2
2026-09-12 19:12:50,30.2,64.4,18.3
2026-09-12 19:13:20,30.2,65.7,19.2
2026-09-12 19:13:50,30.2,64.8,21.7
2026-09-12 19:14:20,30.2,65.0,20.8
2026-09-12 19:14:50,30.2,65.6,20.8
2026-09-12 19:15:20,30.2,66.2,20.8
2026-09-12 19:15:50,30.2,65.1,23.3
2026-09-12 19:16:20,30.2,65.0,24.2
2026-09-12 19:16:50,30.2,65.8,23.3
2026-09-12 19:17:20,30.2,66.4,24.2
2026-09-12 19:17:50,30.2,65.3,22.5
2026-09-12 19:18:20,30.2,64.4,22.5
2026-09-12 19:18:50,30.2,64.7,22.5
2026-09-12 19:19:20,30.2,65.7,22.5
2026-09-12 19:19:50,30.2,65.6,23.3
2026-09-12 19:20:20,30.2,63.9,24.2
2026-09-12 19:20:50,30.2,64.7,24.2
2026-09-12 19:21:20,30.2,65.0,21.7
2026-09-12 19:21:50,30.2,65.5,21.7
2026-09-12 19:22:20,30.2,66.6,23.3
2026-09-12 19:22:50,30.1,67.3,23.3
2026-09-12 19:23:20,30.2,65.8,23.3
2026-09-12 19:23:50,30.1,66.1,23.3
2026-09-12 19:24:20,30.2,65.6,23.3
2026-09-12 19:24:50,30.1,64.9,23.3
2026-09-12 19:25:20,30.1,64.9,23.3
2026-09-12 19:25:50,30.1,65.3,23.3
2026-09-12 19:26:20,30.1,66.6,23.3
2026-09-12 19:26:50,30.1,66.4,23.3
2026-09-12 19:27:20,30.1,67.2,23.3
2026-09-12 19:27:50,30.1,67.6,23.3
2026-09-12 19:28:20,30.1,67.2,23.3
2026-09-12 19:28:50,30.1,68.2,23.3
2026-09-12 19:29:20,30.1,68.6,23.3
2026-09-12 19:29:50,30.1,68.6,23.3
2026-09-12 19:30:20,30.1,67.4,23.3
2026-09-12 19:30:50,30.1,66.3,23.3
2026-09-12 19:31:20,30.1,66.9,24.2
2026-09-12 19:31:50,30.1,68.2,24.2
2026-09-12 19:32:20,30.1,68.6,24.2
2026-09-12 19:32:50,30.1,68.6,24.2
2026-09-12 19:33:20,30.2,67.5,24.2
2026-09-12 19:33:50,30.2,67.7,24.2
2026-09-12 19:34:20,30.2,66.6,24.2
2026-09-12 19:34:50,30.2,68.1,24.2
2026-09-12 19:35:20,30.2,68.5,24.2
2026-09-12 19:35:50,30.2,68.1,23.3
2026-09-12 19:36:20,30.2,67.7,24.2
2026-09-12 19:36:50,30.2,67.4,23.3
2026-09-12 19:37:20,30.2,68.4,23.3
2026-09-12 19:37:50,30.2,67.4,24.2
2026-09-12 19:38:20,30.2,67.9,23.3
2026-09-12 19:38:50,30.2,68.2,24.2
2026-09-12 19:39:20,30.2,68.8,23.3
2026-09-12 19:39:50,30.2,67.5,22.5
2026-09-12 19:40:20,30.2,67.4,22.5
2026-09-12 19:40:50,30.2,66.9,23.3
2026-09-12 19:41:20,30.2,67.3,23.3
2026-09-12 19:41:50,30.2,67.1,23.3
2026-09-12 19:42:20,30.2,67.1,23.3
2026-09-12 19:42:50,30.2,66.8,23.3
2026-09-12 19:43:20,30.2,66.9,23.3
2026-09-12 19:43:50,30.2,65.9,23.3
2026-09-12 19:44:20,30.2,66.7,23.3
2026-09-12 19:44:50,30.2,67.4,23.3
2026-09-12 19:45:20,30.2,67.7,23.3
2026-09-12 19:45:50,30.2,67.3,24.2
2026-09-12 19:46:20,30.2,67.3,24.2
2026-09-12 19:46:50,30.2,67.4,23.3
2026-09-12 19:47:20,30.1,67.9,22.5
2026-09-12 19:47:50,30.2,68.9,24.2
2026-09-12 19:48:20,30.2,69.6,24.2
2026-09-12 19:48:50,30.2,66.7,24.2
2026-09-12 19:49:20,30.2,65.9,24.2
2026-09-12 19:49:50,30.2,67.2,24.2
2026-09-12 19:50:34,30.2,65.8,24.2
2026-09-12 19:51:01,30.2,66.9,23.3
2026-09-12 19:51:31,30.2,65.6,24.2
2026-09-12 19:52:01,30.2,65.9,24.2
2026-09-12 19:52:31,30.2,66.3,24.2
2026-09-12 19:53:01,30.2,67.8,22.5
2026-09-12 19:53:31,30.2,68.7,22.5
2026-09-12 19:54:01,30.2,67.2,22.5
2026-09-12 19:54:31,30.2,67.4,22.5
2026-09-12 19:55:01,30.2,67.6,22.5
2026-09-12 19:55:31,30.2,67.3,22.5
2026-09-12 19:56:01,30.2,66.7,22.5
2026-09-12 19:56:31,30.2,65.8,20.0
2026-09-12 19:57:01,30.2,65.6,22.5
2026-09-12 19:57:31,30.2,67.9,22.5
2026-09-12 19:58:01,30.2,67.5,22.5
2026-09-12 19:58:31,30.2,68.3,22.5
2026-09-12 19:59:01,30.2,67.6,22.5
2026-09-12 19:59:31,30.2,68.0,22.5
2026-09-12 20:00:01,30.2,68.8,22.5
2026-09-12 20:00:31,30.2,67.9,22.5
2026-09-12 20:01:01,30.2,66.6,22.5
2026-09-12 20:01:31,30.2,67.1,22.5
2026-09-12 20:02:01,30.2,67.5,22.5
2026-09-12 20:02:31,30.2,67.4,22.5
2026-09-12 20:03:01,30.2,67.1,22.5
2026-09-12 20:03:31,30.2,66.7,22.5
2026-09-12 20:04:01,30.2,67.1,22.5
2026-09-12 20:04:32,30.2,67.9,22.5
2026-09-12 20:05:02,30.2,67.1,22.5
2026-09-12 20:05:32,30.2,66.9,23.3
2026-09-12 20:06:06,30.2,67.3,23.3
2026-09-12 20:06:33,30.2,67.4,23.3
2026-09-12 20:07:03,30.2,67.5,23.3
2026-09-12 20:07:33,30.2,67.1,23.3
2026-09-12 20:08:03,30.2,68.1,22.5
2026-09-12 20:08:33,30.2,65.4,22.5
2026-09-12 20:09:03,30.2,65.1,24.2
2026-09-12 20:09:33,30.2,65.9,24.2
2026-09-12 20:10:03,30.2,66.6,24.2
2026-09-12 20:10:33,30.2,66.1,23.3
2026-09-12 20:11:03,30.2,67.1,23.3
2026-09-12 20:11:33,30.2,67.9,23.3
2026-09-12 20:12:03,30.2,68.9,23.3
2026-09-12 20:12:33,30.2,69.6,23.3
2026-09-12 20:13:03,30.2,69.0,24.2
2026-09-12 20:13:33,30.1,67.2,24.2
2026-09-12 20:14:03,30.1,68.2,24.2
2026-09-12 20:14:33,30.1,69.7,25.0
2026-09-12 20:15:03,30.1,70.1,22.5
2026-09-12 20:15:33,30.1,69.6,22.5
2026-09-12 20:16:03,30.1,67.4,23.3
2026-09-12 20:16:33,30.1,69.4,23.3
2026-09-12 20:17:03,30.1,70.1,23.3
2026-09-12 20:17:33,30.1,69.1,22.5
2026-09-12 20:18:03,30.1,67.9,22.5
2026-09-12 20:18:33,30.1,69.4,22.5
2026-09-12 20:19:03,30.1,69.4,22.5
2026-09-12 20:19:33,30.1,66.4,23.3
2026-09-12 20:20:03,30.1,66.1,23.3
2026-09-12 20:20:33,30.1,66.7,24.2
2026-09-12 20:21:03,30.0,68.2,24.2
2026-09-12 20:21:33,30.1,68.6,25.0
2026-09-12 20:22:03,30.0,66.5,21.7
2026-09-12 20:22:33,30.1,66.7,22.5
2026-09-12 20:23:03,30.0,66.8,22.5
2026-09-12 20:23:33,30.1,69.6,23.3
2026-09-12 20:24:03,30.0,66.9,22.5
2026-09-12 20:24:33,30.0,68.0,22.5
2026-09-12 20:25:16,30.0,67.0,22.5
2026-09-12 20:25:45,30.0,66.4,22.5
2026-09-12 20:26:15,30.0,68.3,22.5
2026-09-12 20:26:45,30.0,67.4,22.5
2026-09-12 20:27:15,30.0,67.3,22.5
2026-09-12 20:27:45,30.0,67.6,22.5
2026-09-12 20:28:15,30.0,67.6,22.5
2026-09-12 20:28:45,30.0,68.2,22.5
2026-09-12 20:29:15,30.0,67.7,22.5
2026-09-12 20:29:45,30.0,67.7,22.5
2026-09-12 20:30:15,30.0,68.7,22.5
2026-09-12 20:30:45,30.0,67.2,22.5
2026-09-12 20:31:15,30.0,67.0,20.8
2026-09-12 20:31:45,30.0,67.2,21.7
2026-09-12 20:32:15,30.0,66.6,21.7
2026-09-12 20:32:45,30.0,68.2,21.7
2026-09-12 20:33:15,30.0,69.9,22.5
2026-09-12 20:33:45,30.0,70.1,22.5
2026-09-12 20:34:15,30.0,69.5,22.5
2026-09-12 20:34:45,30.0,68.3,24.2
2026-09-12 20:35:15,30.0,67.0,21.7
2026-09-12 20:35:45,30.0,68.3,21.7
2026-09-12 20:36:15,30.0,69.7,22.5
2026-09-12 20:36:45,30.0,67.4,22.5
2026-09-12 20:37:15,30.0,67.0,22.5
2026-09-12 20:37:45,30.0,66.4,22.5
2026-09-12 20:38:15,30.0,66.6,22.5
2026-09-12 20:38:45,30.0,68.8,22.5
2026-09-12 20:39:15,30.0,70.1,22.5
2026-09-12 20:39:45,30.0,68.5,22.5
2026-09-12 20:40:15,30.0,68.6,22.5
2026-09-12 20:40:45,30.0,69.2,22.5
2026-09-12 20:41:15,30.0,68.3,22.5
2026-09-12 20:41:45,30.1,69.6,22.5
2026-09-12 20:42:15,30.1,68.3,22.5
2026-09-12 20:42:45,30.1,69.6,22.5
2026-09-12 20:43:15,30.1,69.2,22.5
2026-09-12 20:43:45,30.0,68.1,22.5
2026-09-12 20:44:15,30.0,67.2,22.5
2026-09-12 20:44:45,30.0,67.2,22.5
2026-09-12 20:45:15,30.0,69.9,22.5
2026-09-12 20:45:45,30.0,68.3,22.5
2026-09-12 20:46:15,30.0,68.0,22.5
2026-09-12 20:46:45,30.0,67.5,21.7
2026-09-12 20:47:15,30.0,67.8,21.7
2026-09-12 20:47:45,30.0,68.6,22.5
2026-09-12 20:48:15,30.0,67.3,22.5
2026-09-12 20:48:45,30.0,67.4,21.7
2026-09-12 20:49:15,30.0,67.3,22.5
2026-09-12 20:49:45,30.0,68.2,22.5
2026-09-12 20:50:15,30.0,70.0,22.5
2026-09-12 20:50:45,30.0,70.3,22.5
2026-09-12 20:51:15,30.0,70.8,22.5
2026-09-12 20:51:45,30.0,70.5,22.5
2026-09-12 20:52:15,30.0,66.6,23.3
2026-09-12 20:52:45,30.0,66.7,22.5
2026-09-12 20:53:15,30.0,68.3,22.5
2026-09-12 20:53:45,30.0,67.6,21.7
2026-09-12 20:54:15,30.0,68.8,21.7
2026-09-12 20:54:45,30.0,67.7,22.5
2026-09-12 20:55:15,29.9,69.1,21.7
2026-09-12 20:55:45,30.0,70.3,22.5
2026-09-12 20:56:15,30.0,69.5,22.5
2026-09-12 20:56:45,30.0,69.1,22.5
2026-09-12 20:57:15,30.0,68.6,21.7
2026-09-12 20:57:45,29.9,68.5,22.5
2026-09-12 20:58:15,29.9,68.8,22.5
2026-09-12 20:58:45,29.9,68.0,22.5
2026-09-12 20:59:15,29.9,67.3,21.7
2026-09-12 20:59:45,29.9,67.3,21.7
2026-09-12 21:00:15,29.9,69.4,22.5
2026-09-12 21:00:45,29.9,69.7,22.5
2026-09-12 21:01:15,29.9,70.3,23.3
2026-09-12 21:01:45,29.9,69.4,22.5
2026-09-12 21:02:15,29.9,68.0,22.5
2026-09-12 21:02:45,29.9,68.8,22.5
2026-09-12 21:03:15,29.9,68.7,22.5
2026-09-12 21:03:45,29.9,70.3,22.5
2026-09-12 21:04:15,30.0,67.8,22.5
2026-09-12 21:04:45,29.9,67.2,22.5
2026-09-12 21:05:15,29.9,66.4,24.2
2026-09-12 21:05:45,30.0,66.8,20.8
2026-09-12 21:06:15,29.9,66.6,20.8
2026-09-12 21:06:45,30.0,66.1,22.5
2026-09-12 21:07:15,30.0,68.8,23.3
2026-09-12 21:07:45,30.0,68.9,22.5
2026-09-12 21:08:15,30.0,69.3,22.5
2026-09-12 21:08:45,30.0,67.4,22.5
2026-09-12 21:09:15,30.0,68.9,24.2
2026-09-12 21:09:45,30.0,69.4,24.2
2026-09-12 21:10:15,30.0,67.3,23.3
2026-09-12 21:10:45,30.0,66.4,22.5
2026-09-12 21:11:15,30.0,65.8,23.3
2026-09-12 21:11:45,30.0,66.5,22.5
2026-09-12 21:12:15,30.0,66.6,22.5
2026-09-12 21:12:45,30.0,66.1,22.5
2026-09-12 21:13:15,30.0,65.7,22.5
2026-09-12 21:13:45,30.1,67.1,22.5
2026-09-12 21:14:15,30.0,67.7,22.5
2026-09-12 21:14:45,30.1,68.7,22.5
2026-09-12 21:15:15,30.1,66.0,23.3
2026-09-12 21:15:45,30.1,66.1,20.0
2026-09-12 21:16:15,30.1,66.3,20.0
2026-09-12 21:16:45,30.1,68.2,23.3
2026-09-12 21:17:15,30.1,68.6,23.3
2026-09-12 21:17:45,30.1,67.5,24.2
2026-09-12 21:18:15,30.1,67.8,22.5
2026-09-12 21:18:45,30.1,67.4,23.3
2026-09-12 21:19:15,30.1,66.3,23.3
2026-09-12 21:19:45,30.1,66.8,25.0
2026-09-12 21:20:15,30.1,66.0,22.5
2026-09-12 21:20:45,30.1,65.8,22.5
2026-09-12 21:21:15,30.1,66.4,22.5
2026-09-12 21:21:45,30.1,67.6,20.8
2026-09-12 21:22:15,30.1,68.9,20.8
2026-09-12 21:22:45,30.1,67.0,20.8
2026-09-12 21:23:15,30.0,67.2,20.0
2026-09-12 21:23:45,30.0,68.6,20.0
2026-09-12 21:24:15,30.1,69.4,20.0
2026-09-12 21:24:45,30.1,68.4,20.0
2026-09-12 21:25:15,30.0,69.2,22.5
2026-09-12 21:25:45,30.1,69.0,22.5
2026-09-12 21:26:15,30.1,68.9,22.5
2026-09-12 21:26:45,30.1,67.4,20.0
2026-09-12 21:27:15,30.1,66.6,20.0
2026-09-12 21:27:45,30.1,67.0,20.0
2026-09-12 21:28:15,30.1,67.5,20.0
2026-09-12 21:28:45,30.1,66.4,20.0
2026-09-12 21:29:15,30.0,66.6,20.0
2026-09-12 21:29:45,30.0,67.7,20.0
2026-09-12 21:30:15,30.0,68.7,20.0
2026-09-12 21:30:45,30.0,67.6,20.0
2026-09-12 21:31:15,30.0,67.1,20.0
2026-09-12 21:31:45,30.0,67.1,20.0
2026-09-12 21:32:15,30.0,66.9,20.0
2026-09-12 21:32:45,30.0,67.6,20.0
2026-09-12 21:33:15,30.0,66.3,20.0
2026-09-12 21:33:45,30.0,66.4,20.0
2026-09-12 21:34:15,30.0,66.7,20.0
2026-09-12 21:34:45,30.0,67.1,20.0
2026-09-12 21:35:15,30.0,67.2,20.0
2026-09-12 21:35:45,30.0,67.6,20.0
2026-09-12 21:36:15,30.0,67.3,20.0
2026-09-12 21:36:45,30.0,67.5,20.0
2026-09-12 21:37:15,30.0,68.1,20.0
2026-09-12 21:37:45,30.0,69.7,20.0
2026-09-12 21:38:15,30.1,69.6,20.0
2026-09-12 21:38:45,30.0,67.7,20.0
2026-09-12 21:39:15,30.0,67.3,22.5
2026-09-12 21:39:45,30.1,68.3,20.0
2026-09-12 21:40:15,30.1,68.3,20.0
2026-09-12 21:40:45,30.1,67.7,20.0
2026-09-12 21:41:15,30.1,67.4,20.0
2026-09-12 21:41:45,30.1,69.3,20.0
2026-09-12 21:42:15,30.1,69.5,20.0
2026-09-12 21:42:45,30.1,69.5,20.0
2026-09-12 21:43:15,30.1,69.7,20.0
2026-09-12 21:43:45,30.1,67.6,20.0
2026-09-12 21:44:15,30.1,68.0,20.0
2026-09-12 21:44:45,30.1,69.3,20.0
2026-09-12 21:45:15,30.1,67.3,20.0
2026-09-12 21:45:45,30.1,66.5,20.0
2026-09-12 21:46:15,30.1,66.7,20.0
2026-09-12 21:46:45,30.1,67.3,20.0
2026-09-12 21:47:15,30.1,67.4,20.0
2026-09-12 21:47:45,30.1,67.1,20.0
2026-09-12 21:48:15,30.1,67.4,20.0
2026-09-12 21:48:45,30.1,69.1,20.0
2026-09-12 21:49:15,30.1,67.6,20.0
2026-09-12 21:49:45,30.1,69.5,21.7
2026-09-12 21:50:15,30.1,69.9,23.3
2026-09-12 21:50:45,30.1,70.0,21.7
2026-09-12 21:51:15,30.1,70.2,20.0
2026-09-12 21:51:45,30.1,70.3,20.0
2026-09-12 21:52:15,30.1,70.0,20.0
2026-09-12 21:52:45,30.1,70.1,20.0
2026-09-12 21:53:15,30.1,68.9,20.0
2026-09-12 21:53:45,30.1,68.9,20.8
2026-09-12 21:54:15,30.1,69.6,20.0
2026-09-12 21:54:45,30.1,68.4,20.0
2026-09-12 21:55:15,30.1,69.9,20.0
2026-09-12 21:55:45,30.1,68.8,20.0
2026-09-12 21:56:15,30.1,68.1,20.0
2026-09-12 21:56:45,30.1,68.0,20.0
2026-09-12 21:57:15,30.1,68.9,20.0
2026-09-12 21:57:45,30.1,67.8,20.0
2026-09-12 21:58:15,30.1,67.6,20.0
2026-09-12 21:58:45,30.1,67.8,20.0
2026-09-12 21:59:15,30.1,69.1,20.8
2026-09-12 21:59:45,30.1,69.7,20.0
2026-09-12 22:00:15,30.1,68.8,20.0
2026-09-12 22:00:45,30.1,68.2,21.7
2026-09-12 22:01:15,30.1,68.0,22.5
2026-09-12 22:01:45,30.1,69.5,20.0
2026-09-12 22:02:15,30.1,68.9,20.0
2026-09-12 22:02:45,30.1,69.2,20.0
2026-09-12 22:03:15,30.2,70.5,20.0
2026-09-12 22:03:45,30.1,69.3,20.0
2026-09-12 22:04:15,30.2,68.6,20.0
2026-09-12 22:04:45,30.2,67.9,20.8
2026-09-12 22:05:15,30.2,67.6,20.8
2026-09-12 22:05:45,30.2,67.4,19.2
2026-09-12 22:06:15,30.2,67.1,19.2
2026-09-12 22:06:45,30.2,66.8,19.2
2026-09-12 22:07:15,30.2,67.6,20.0
2026-09-12 22:07:45,30.1,68.3,20.0
2026-09-12 22:08:15,30.1,67.9,20.0
2026-09-12 22:08:45,30.2,67.5,20.0
2026-09-12 22:09:15,30.2,67.8,21.7
2026-09-12 22:09:45,30.2,68.3,22.5
2026-09-12 22:10:15,30.2,68.7,22.5
2026-09-12 22:10:45,30.2,68.3,20.0
2026-09-12 22:11:15,30.2,69.6,18.3
2026-09-12 22:11:45,30.2,70.0,19.2
2026-09-12 22:12:15,30.2,68.6,16.7
2026-09-12 22:12:45,30.2,68.3,18.3
2026-09-12 22:13:15,30.2,69.3,17.5
2026-09-12 22:13:45,30.2,68.0,17.5
2026-09-12 22:14:15,30.2,68.9,17.5
2026-09-12 22:14:45,30.2,68.0,17.5
2026-09-12 22:15:15,30.2,68.0,17.5
2026-09-12 22:15:45,30.2,68.0,20.0
2026-09-12 22:16:15,30.2,68.8,17.5
2026-09-12 22:16:45,30.2,69.6,17.5
2026-09-12 22:17:15,30.2,69.7,17.5
2026-09-12 22:17:45,30.2,69.1,17.5
2026-09-12 22:18:15,30.2,68.9,20.8
2026-09-12 22:18:45,30.2,68.8,20.0
2026-09-12 22:19:15,30.2,68.5,19.2
2026-09-12 22:19:45,30.2,68.6,19.2
2026-09-12 22:20:15,30.2,68.8,19.2
2026-09-12 22:20:45,30.2,68.2,16.7
2026-09-12 22:21:15,30.2,68.9,17.5
2026-09-12 22:21:45,30.2,69.2,17.5
2026-09-12 22:22:15,30.2,68.8,17.5
2026-09-12 22:22:45,30.2,68.2,20.0
2026-09-12 22:23:15,30.2,68.2,20.0
2026-09-12 22:23:45,30.2,68.4,19.2
2026-09-12 22:24:15,30.2,68.6,19.2
2026-09-12 22:24:45,30.1,68.8,19.2
2026-09-12 22:25:15,30.1,67.7,20.0
2026-09-12 22:25:45,30.1,67.5,19.2
2026-09-12 22:26:15,30.1,68.4,19.2
2026-09-12 22:26:45,30.1,68.7,20.8
2026-09-12 22:27:15,30.1,67.6,20.0
2026-09-12 22:27:45,30.1,68.0,20.0
2026-09-12 22:28:15,30.1,67.7,19.2
2026-09-12 22:28:45,30.1,68.9,19.2
2026-09-12 22:29:15,30.1,68.5,19.2
2026-09-12 22:29:45,30.1,69.2,16.7
2026-09-12 22:30:15,30.1,69.0,17.5
2026-09-12 22:30:45,30.0,69.2,17.5
2026-09-12 22:31:15,30.1,68.7,17.5
2026-09-12 22:31:45,30.1,69.0,17.5
2026-09-12 22:32:15,30.0,68.7,16.7
2026-09-12 22:32:45,30.0,68.5,16.7
2026-09-12 22:33:15,30.0,68.2,16.7
2026-09-12 22:33:45,30.0,68.1,16.7
2026-09-12 22:34:15,30.0,67.9,16.7
2026-09-12 22:34:45,30.0,68.6,16.7
2026-09-12 22:35:15,30.0,68.8,16.7
2026-09-12 22:35:45,30.0,68.9,16.7
2026-09-12 22:36:15,30.0,69.2,19.2
2026-09-12 22:36:45,30.0,69.7,19.2
2026-09-12 22:37:15,30.0,69.4,20.8
2026-09-12 22:37:45,30.0,68.9,20.0
2026-09-12 22:38:15,30.0,69.3,17.5
2026-09-12 22:38:45,30.0,68.7,19.2
2026-09-12 22:39:15,30.0,69.3,16.7
2026-09-12 22:39:45,30.0,68.8,16.7
2026-09-12 22:40:15,30.0,68.8,16.7
2026-09-12 22:40:45,30.0,68.9,16.7
2026-09-12 22:41:15,30.0,69.1,16.7
2026-09-12 22:41:45,30.0,69.4,16.7
2026-09-12 22:42:15,30.0,68.9,16.7
2026-09-12 22:42:45,30.0,69.1,17.5
2026-09-12 22:43:15,30.0,69.2,16.7
2026-09-12 22:43:45,30.0,69.2,16.7
2026-09-12 22:44:15,30.0,68.7,16.7
2026-09-12 22:44:45,30.0,68.9,16.7
2026-09-12 22:45:15,30.0,68.8,16.7
2026-09-12 22:45:45,30.0,68.4,16.7
2026-09-12 22:46:15,30.0,68.3,16.7
2026-09-12 22:46:45,30.0,68.3,17.5
2026-09-12 22:47:15,30.0,68.5,19.2
2026-09-12 22:47:45,30.0,68.7,19.2
2026-09-12 22:48:15,29.9,69.4,19.2
2026-09-12 22:48:45,29.9,69.7,17.5
2026-09-12 22:49:15,29.9,69.8,17.5
2026-09-12 22:49:45,29.9,69.6,18.3
2026-09-12 22:50:15,29.9,69.5,16.7
2026-09-12 22:50:45,29.9,69.3,17.5
2026-09-12 22:51:15,29.9,69.8,18.3
2026-09-12 22:51:45,29.9,69.7,18.3
2026-09-12 22:52:15,29.9,70.3,20.0
2026-09-12 22:52:45,29.9,70.1,20.0
2026-09-12 22:53:15,29.9,69.2,16.7
2026-09-12 22:53:45,29.9,69.4,17.5
2026-09-12 22:54:15,29.9,69.7,18.3
2026-09-12 22:54:45,29.9,69.3,20.0
2026-09-12 22:55:15,29.9,69.7,17.5
2026-09-12 22:55:45,29.8,69.5,16.7
2026-09-12 22:56:15,29.8,69.4,19.2
2026-09-12 22:56:45,29.8,69.8,19.2
2026-09-12 22:57:15,29.8,69.8,20.0
2026-09-12 22:57:45,29.8,69.8,16.7
2026-09-12 22:58:15,29.7,70.3,16.7
2026-09-12 22:58:45,29.7,70.3,16.7
2026-09-12 22:59:15,29.7,69.8,17.5
2026-09-12 22:59:45,29.7,70.0,18.3
2026-09-12 23:00:15,29.7,70.3,19.2
2026-09-12 23:00:45,29.7,70.2,20.0
2026-09-12 23:01:15,29.7,70.3,16.7
2026-09-12 23:01:45,29.7,70.6,16.7
2026-09-12 23:02:15,29.7,70.2,19.2
2026-09-12 23:02:45,29.7,70.4,20.0
2026-09-12 23:03:15,29.7,70.4,17.5
2026-09-12 23:03:45,29.7,70.0,17.5
2026-09-12 23:04:15,29.7,70.7,17.5
2026-09-12 23:04:45,29.7,70.6,17.5
2026-09-12 23:05:15,29.7,70.7,20.0
2026-09-12 23:05:45,29.7,70.5,20.0
2026-09-12 23:06:15,29.7,70.3,20.0
2026-09-12 23:06:45,29.7,70.3,17.5
2026-09-12 23:07:15,29.7,70.1,17.5
2026-09-12 23:07:45,29.7,70.3,19.2
2026-09-12 23:08:15,29.7,70.7,19.2
2026-09-12 23:08:45,29.7,71.1,20.0
2026-09-12 23:09:15,29.7,70.8,19.2
2026-09-12 23:09:45,29.7,71.3,18.3
2026-09-12 23:10:15,29.7,70.6,17.5
2026-09-12 23:10:45,29.7,70.5,17.5
2026-09-12 23:11:15,29.7,70.5,17.5
2026-09-12 23:11:45,29.7,70.6,17.5
2026-09-12 23:12:15,29.7,71.4,17.5
2026-09-12 23:12:45,29.7,70.9,17.5
2026-09-12 23:13:15,29.7,71.2,17.5
2026-09-12 23:13:45,29.7,71.0,16.7
2026-09-12 23:14:15,29.7,70.8,16.7
2026-09-12 23:14:45,29.7,70.9,17.5
2026-09-12 23:15:15,29.7,71.5,17.5
2026-09-12 23:15:45,29.7,71.3,17.5
2026-09-12 23:16:15,29.7,71.0,17.5
2026-09-12 23:16:45,29.7,70.8,16.7
2026-09-12 23:17:15,29.7,70.5,16.7
2026-09-12 23:17:45,29.7,70.7,16.7
2026-09-12 23:18:15,29.7,70.9,16.7
2026-09-12 23:18:45,29.7,70.8,16.7
2026-09-12 23:19:15,29.6,70.8,16.7
2026-09-12 23:19:45,29.6,70.9,16.7
2026-09-12 23:20:15,29.6,71.3,17.5
2026-09-12 23:20:45,29.7,71.3,19.2
2026-09-12 23:21:15,29.7,71.4,20.0
2026-09-12 23:21:45,29.7,71.3,20.0
2026-09-12 23:22:15,29.7,70.9,20.0
2026-09-12 23:22:45,29.7,71.0,19.2
2026-09-12 23:23:15,29.6,70.9,17.5
2026-09-12 23:23:45,29.6,71.5,17.5
2026-09-12 23:24:15,29.6,71.5,20.0
2026-09-12 23:24:45,29.6,70.8,18.3
2026-09-12 23:25:15,29.6,70.0,16.7
2026-09-12 23:25:45,29.6,70.6,16.7
2026-09-12 23:26:16,29.6,70.8,16.7
2026-09-12 23:26:46,29.6,70.7,16.7
2026-09-12 23:27:16,29.6,70.5,16.7
2026-09-12 23:27:46,29.6,71.3,16.7
2026-09-12 23:28:16,29.6,71.1,16.7
2026-09-12 23:28:46,29.6,71.9,16.7
2026-09-12 23:29:16,29.6,71.1,20.0
2026-09-12 23:29:46,29.6,71.4,20.0
2026-09-12 23:30:16,29.6,71.8,19.2
2026-09-12 23:30:46,29.5,72.0,16.7
2026-09-12 23:31:16,29.6,71.7,16.7
2026-09-12 23:31:46,29.6,71.8,16.7
2026-09-12 23:32:16,29.6,71.8,16.7
2026-09-12 23:32:46,29.6,71.7,16.7
2026-09-12 23:33:16,29.5,71.8,16.7
2026-09-12 23:33:46,29.6,71.9,16.7
2026-09-12 23:34:16,29.6,71.5,16.7
2026-09-12 23:34:46,29.6,71.2,16.7
2026-09-12 23:35:16,29.6,71.0,16.7
2026-09-12 23:35:46,29.6,71.2,16.7
2026-09-12 23:36:16,29.5,71.6,16.7
2026-09-12 23:36:46,29.5,71.5,16.7
2026-09-12 23:37:16,29.5,71.3,16.7
2026-09-12 23:37:46,29.5,72.0,16.7
2026-09-12 23:38:16,29.6,71.9,16.7
2026-09-12 23:38:46,29.5,71.3,16.7
2026-09-12 23:39:16,29.6,71.3,16.7
2026-09-12 23:39:46,29.5,72.0,17.5
2026-09-12 23:40:16,29.6,71.6,16.7
2026-09-12 23:40:46,29.5,72.0,16.7
2026-09-12 23:41:16,29.6,71.5,16.7
2026-09-12 23:41:46,29.6,71.3,16.7
2026-09-12 23:42:16,29.6,71.6,16.7
2026-09-12 23:42:46,29.6,71.8,16.7
2026-09-12 23:43:16,29.6,72.3,15.8
2026-09-12 23:43:46,29.6,72.4,16.7
2026-09-12 23:44:16,29.6,71.4,16.7
2026-09-12 23:44:46,29.6,71.6,16.7
2026-09-12 23:45:16,29.6,71.8,16.7
2026-09-12 23:45:46,29.6,71.5,18.3
2026-09-12 23:46:16,29.6,71.7,18.3
2026-09-12 23:46:47,29.6,71.7,16.7
2026-09-12 23:47:17,29.6,71.9,17.5
2026-09-12 23:47:47,29.6,72.1,20.0
2026-09-12 23:48:17,29.6,72.1,17.5
2026-09-12 23:48:58,29.6,71.7,17.5
2026-09-12 23:49:26,29.6,71.8,17.5
2026-09-12 23:49:56,29.6,71.6,17.5
2026-09-12 23:50:26,29.6,71.2,17.5
2026-09-12 23:50:56,29.6,71.1,17.5
2026-09-12 23:51:26,29.6,71.3,17.5
2026-09-12 23:51:56,29.6,71.2,17.5
2026-09-12 23:52:26,29.6,70.8,17.5
2026-09-12 23:52:56,29.6,71.1,17.5
2026-09-12 23:53:26,29.6,71.2,17.5
2026-09-12 23:53:56,29.6,70.9,17.5
2026-09-12 23:54:26,29.6,71.3,17.5
2026-09-12 23:54:56,29.6,71.4,17.5
2026-09-12 23:55:26,29.6,71.4,17.5
2026-09-12 23:55:56,29.6,71.7,17.5
2026-09-12 23:56:26,29.7,71.2,17.5
2026-09-12 23:56:56,29.7,70.6,17.5
2026-09-12 23:57:26,29.7,70.1,17.5
2026-09-12 23:57:56,29.6,70.4,17.5
2026-09-12 23:58:26,29.6,70.7,17.5
2026-09-12 23:58:56,29.6,70.8,17.5
2026-09-12 23:59:26,29.6,70.6,17.5
2026-09-12 23:59:56,29.6,70.5,17.5
2026-09-13 00:00:26,29.6,70.7,17.5
2026-09-13 00:00:56,29.6,71.1,17.5
2026-09-13 00:01:26,29.6,70.8,17.5
2026-09-13 00:01:56,29.6,71.4,18.3
2026-09-13 00:02:26,29.6,70.8,17.5
2026-09-13 00:02:56,29.6,70.2,18.3
2026-09-13 00:03:26,29.6,70.3,18.3
2026-09-13 00:03:56,29.6,70.0,19.2
2026-09-13 00:04:26,29.6,70.2,19.2
2026-09-13 00:04:56,29.6,70.1,17.5
2026-09-13 00:05:26,29.6,69.6,16.7
2026-09-13 00:05:56,29.6,70.5,16.7
2026-09-13 00:06:26,29.6,70.2,16.7
2026-09-13 00:06:56,29.6,69.8,16.7
2026-09-13 00:07:26,29.6,69.6,18.3
2026-09-13 00:07:56,29.6,69.5,17.5
2026-09-13 00:08:26,29.6,69.7,18.3
2026-09-13 00:08:56,29.6,70.3,17.5
2026-09-13 00:09:26,29.6,70.5,18.3
2026-09-13 00:09:56,29.6,70.3,18.3
2026-09-13 00:10:26,29.6,70.0,17.5
2026-09-13 00:10:56,29.6,70.3,16.7
2026-09-13 00:11:26,29.6,71.2,16.7
2026-09-13 00:11:56,29.6,70.5,16.7
2026-09-13 00:12:26,29.6,70.4,17.5
2026-09-13 00:12:56,29.5,70.0,17.5
2026-09-13 00:13:26,29.5,70.3,17.5
2026-09-13 00:13:56,29.5,70.1,17.5
2026-09-13 00:14:26,29.5,69.8,17.5
2026-09-13 00:14:56,29.5,70.0,17.5
2026-09-13 00:15:26,29.5,69.7,17.5
2026-09-13 00:15:56,29.5,69.8,6.7
2026-09-13 00:16:26,29.5,69.8,6.7
2026-09-13 00:16:56,29.5,70.1,6.7
2026-09-13 00:17:26,29.6,70.6,6.7
2026-09-13 00:17:56,29.6,70.5,6.7
2026-09-13 00:18:26,29.6,70.4,6.7
2026-09-13 00:18:56,29.6,70.2,6.7
2026-09-13 00:19:26,29.7,69.9,6.7
2026-09-13 00:19:56,29.7,69.8,6.7
2026-09-13 00:20:26,29.7,69.7,6.7
2026-09-13 00:20:56,29.7,70.3,6.7
2026-09-13 00:21:26,29.7,70.6,6.7
2026-09-13 00:21:56,29.7,70.4,9.2
2026-09-13 00:22:26,29.7,70.6,9.2
2026-09-13 00:22:56,29.7,69.9,10.0
2026-09-13 00:23:26,29.8,70.9,9.2
2026-09-13 00:23:56,29.8,71.2,10.0
2026-09-13 00:24:26,29.8,70.9,10.0
2026-09-13 00:24:56,29.8,70.9,9.2
2026-09-13 00:25:26,29.8,70.5,8.3
2026-09-13 00:25:56,29.8,70.0,6.7
2026-09-13 00:26:26,29.8,69.2,7.5
2026-09-13 00:26:56,29.8,69.6,7.5
2026-09-13 00:27:26,29.8,69.0,8.3
2026-09-13 00:27:56,29.8,68.7,7.5
2026-09-13 00:28:26,29.7,69.5,7.5
2026-09-13 00:28:56,29.7,68.7,7.5
2026-09-13 00:29:26,29.7,68.7,7.5
2026-09-13 00:29:56,29.7,68.7,7.5
2026-09-13 00:30:26,29.7,68.4,7.5
2026-09-13 00:30:56,29.7,69.1,7.5
2026-09-13 00:31:26,29.7,69.1,7.5
2026-09-13 00:31:56,29.7,69.6,7.5
2026-09-13 00:32:26,29.7,68.5,7.5
2026-09-13 00:32:56,29.7,70.4,7.5
2026-09-13 00:33:26,29.7,70.0,7.5
2026-09-13 00:33:56,29.7,69.4,7.5
2026-09-13 00:34:26,29.7,68.9,7.5
2026-09-13 00:34:56,29.7,69.4,7.5
2026-09-13 00:35:26,29.8,70.1,7.5
2026-09-13 00:35:56,29.8,70.0,7.5
2026-09-13 00:36:26,29.8,68.2,7.5
2026-09-13 00:36:56,29.8,67.8,7.5
2026-09-13 00:37:26,29.7,68.2,7.5
2026-09-13 00:37:56,29.7,69.1,7.5
2026-09-13 00:38:26,29.7,68.6,7.5
2026-09-13 00:38:56,29.7,68.7,7.5
2026-09-13 00:39:26,29.7,68.5,7.5
2026-09-13 00:39:56,29.7,68.1,7.5
2026-09-13 00:40:26,29.7,68.3,7.5
2026-09-13 00:40:56,29.7,69.0,7.5
2026-09-13 00:41:26,29.7,68.5,7.5
2026-09-13 00:41:56,29.7,68.9,10.0
2026-09-13 00:42:26,29.7,69.6,7.5
2026-09-13 00:42:56,29.7,69.9,8.3
2026-09-13 00:43:26,29.7,69.9,8.3
2026-09-13 00:43:56,29.7,68.8,8.3
2026-09-13 00:44:26,29.7,69.3,8.3
2026-09-13 00:44:56,29.7,69.3,8.3
2026-09-13 00:45:26,29.7,70.3,8.3
2026-09-13 00:45:56,29.8,68.5,8.3
2026-09-13 00:46:26,29.8,69.7,9.2
2026-09-13 00:46:56,29.8,69.7,9.2
2026-09-13 00:47:26,29.8,69.7,9.2
2026-09-13 00:47:56,29.8,69.1,10.8
2026-09-13 00:48:26,29.8,69.2,8.3
2026-09-13 00:48:56,29.8,68.3,7.5
2026-09-13 00:49:26,29.8,68.7,7.5
2026-09-13 00:49:56,29.8,69.7,9.2
2026-09-13 00:50:26,29.8,67.9,9.2
2026-09-13 00:50:56,29.8,68.6,9.2
2026-09-13 00:51:26,29.8,69.6,9.2
2026-09-13 00:51:56,29.8,68.0,9.2
2026-09-13 00:52:26,29.8,67.9,10.0
2026-09-13 00:52:56,29.8,68.4,11.7
2026-09-13 00:53:26,29.8,69.1,11.7
2026-09-13 00:53:56,29.8,68.5,9.2
2026-09-13 00:54:26,29.8,68.1,10.0
2026-09-13 00:54:56,29.8,67.9,9.2
2026-09-13 00:55:26,29.8,68.3,10.8
2026-09-13 00:55:56,29.7,69.3,9.2
2026-09-13 00:56:26,29.8,68.1,9.2
2026-09-13 00:56:56,29.8,68.6,10.8
2026-09-13 00:57:26,29.8,69.3,6.7
2026-09-13 00:57:56,29.8,69.0,8.3
2026-09-13 00:58:26,29.8,68.0,9.2
2026-09-13 00:58:56,29.8,68.1,9.2
2026-09-13 00:59:26,29.8,69.3,9.2
2026-09-13 00:59:56,29.8,68.5,10.0
2026-09-13 01:00:26,29.8,70.1,10.0
2026-09-13 01:00:56,29.9,67.5,8.3
2026-09-13 01:01:26,29.9,68.6,9.2
2026-09-13 01:01:56,29.9,68.1,11.7
2026-09-13 01:02:26,29.9,69.7,9.2
2026-09-13 01:02:56,29.9,69.4,9.2
2026-09-13 01:03:26,29.9,68.6,9.2
2026-09-13 01:03:56,29.9,69.8,8.3
2026-09-13 01:04:26,29.9,68.6,10.8
2026-09-13 01:04:56,29.9,70.1,9.2
2026-09-13 01:05:26,29.9,69.7,9.2
2026-09-13 01:05:56,29.9,70.3,8.3
2026-09-13 01:06:26,29.9,68.8,11.7
2026-09-13 01:06:56,29.9,69.6,8.3
2026-09-13 01:07:26,29.9,70.2,6.7
2026-09-13 01:07:56,29.9,68.9,10.8
2026-09-13 01:08:26,29.9,68.2,7.5
2026-09-13 01:08:56,29.9,68.2,9.2
2026-09-13 01:09:26,29.9,69.5,9.2
2026-09-13 01:09:56,29.9,69.1,9.2
2026-09-13 01:10:26,29.9,69.5,9.2
2026-09-13 01:10:56,30.0,69.4,7.5
2026-09-13 01:11:26,29.9,70.0,10.0
2026-09-13 01:11:56,30.0,68.6,8.3
2026-09-13 01:12:26,30.0,69.8,9.2
2026-09-13 01:12:56,30.0,70.8,9.2
2026-09-13 01:13:26,30.0,69.7,10.0
2026-09-13 01:13:56,30.0,69.1,10.8
2026-09-13 01:14:26,30.0,67.4,9.2
2026-09-13 01:14:56,30.0,68.3,11.7
2026-09-13 01:15:26,29.9,67.6,8.3
2026-09-13 01:15:56,29.9,66.6,8.3
2026-09-13 01:16:26,29.9,67.3,9.2
2026-09-13 01:16:56,29.9,67.5,10.0
2026-09-13 01:17:26,29.9,67.6,5.8
2026-09-13 01:17:56,29.8,69.8,5.8
2026-09-13 01:18:26,29.8,67.4,6.7
2026-09-13 01:18:56,29.8,66.5,8.3
2026-09-13 01:19:26,29.8,67.3,8.3
2026-09-13 01:19:56,29.8,66.9,7.5
2026-09-13 01:20:26,29.8,66.6,7.5
2026-09-13 01:20:56,29.8,67.0,7.5
2026-09-13 01:21:26,29.8,67.0,7.5
2026-09-13 01:21:56,29.8,68.6,7.5
2026-09-13 01:22:26,29.8,69.7,7.5
2026-09-13 01:22:56,29.8,68.4,7.5
2026-09-13 01:23:26,29.8,69.0,10.0
2026-09-13 01:23:56,29.8,69.2,7.5
2026-09-13 01:24:26,29.8,67.6,7.5
2026-09-13 01:24:56,29.8,67.6,10.8
2026-09-13 01:25:26,29.8,67.3,10.0
2026-09-13 01:25:56,29.8,67.4,10.0
2026-09-13 01:26:26,29.8,67.3,8.3
2026-09-13 01:26:56,29.8,67.1,10.0
2026-09-13 01:27:26,29.8,68.2,6.7
2026-09-13 01:27:56,29.8,67.9,6.7
2026-09-13 01:28:26,29.8,67.3,8.3
2026-09-13 01:28:56,29.8,68.1,10.0
2026-09-13 01:29:26,29.8,66.9,9.2
2026-09-13 01:29:56,29.8,66.9,9.2
2026-09-13 01:30:26,29.8,66.6,9.2
2026-09-13 01:30:56,29.8,67.4,9.2
2026-09-13 01:31:26,29.8,68.0,9.2
2026-09-13 01:31:56,29.8,67.3,9.2
2026-09-13 01:32:26,29.8,68.2,9.2
2026-09-13 01:32:56,29.8,67.7,6.7
2026-09-13 01:33:26,29.8,67.1,6.7
2026-09-13 01:33:56,29.8,68.4,10.0
2026-09-13 01:34:26,29.8,69.4,7.5
2026-09-13 01:34:56,29.8,69.2,6.7
2026-09-13 01:35:26,29.8,68.8,9.2
2026-09-13 01:35:56,29.8,69.8,9.2
2026-09-13 01:36:26,29.9,68.4,9.2
2026-09-13 01:36:56,29.9,68.3,10.0
2026-09-13 01:37:26,29.9,68.6,9.2
2026-09-13 01:37:56,29.9,69.4,9.2
2026-09-13 01:38:26,29.9,70.0,5.8
2026-09-13 01:38:56,29.9,67.9,5.8
2026-09-13 01:39:26,29.9,66.0,5.8
2026-09-13 01:39:56,29.9,66.3,7.5
2026-09-13 01:40:26,29.9,66.8,6.7
2026-09-13 01:40:56,29.9,67.8,7.5
2026-09-13 01:41:26,29.9,66.3,7.5
2026-09-13 01:41:56,29.8,69.8,7.5
2026-09-13 01:42:26,29.9,67.9,6.7
2026-09-13 01:42:56,29.9,67.6,6.7
2026-09-13 01:43:26,29.9,68.0,6.7
2026-09-13 01:43:56,29.9,66.4,7.5
2026-09-13 01:44:26,29.9,68.2,7.5
2026-09-13 01:44:56,29.9,67.8,7.5
2026-09-13 01:45:26,29.9,67.6,7.5
2026-09-13 01:45:56,29.9,68.1,7.5
2026-09-13 01:46:26,29.9,67.3,7.5
2026-09-13 01:46:56,29.9,68.7,7.5
2026-09-13 01:47:26,29.9,66.5,8.3
2026-09-13 01:47:56,29.9,66.8,9.2
2026-09-13 01:48:26,29.8,66.6,8.3
2026-09-13 01:48:56,29.8,65.9,9.2
2026-09-13 01:49:26,29.8,65.9,10.0
2026-09-13 01:49:56,29.8,69.3,6.7
2026-09-13 01:50:26,29.8,68.2,8.3
2026-09-13 01:50:56,29.8,66.6,8.3
2026-09-13 01:51:26,29.8,65.9,6.7
2026-09-13 01:51:56,29.8,65.6,8.3
2026-09-13 01:52:26,29.8,67.0,8.3
2026-09-13 01:52:56,29.8,69.2,8.3
2026-09-13 01:53:26,29.8,69.4,8.3
2026-09-13 01:53:56,29.8,67.8,10.8
2026-09-13 01:54:26,29.9,68.3,7.5
2026-09-13 01:54:56,29.9,67.9,8.3
2026-09-13 01:55:26,29.9,67.0,9.2
2026-09-13 01:55:56,29.9,67.2,9.2
2026-09-13 01:56:26,29.9,67.7,8.3
2026-09-13 01:56:56,29.9,67.9,6.7
2026-09-13 01:57:26,29.9,68.2,7.5
2026-09-13 01:57:56,29.9,69.2,9.2
2026-09-13 01:58:26,29.9,69.2,8.3
2026-09-13 01:58:56,29.9,68.3,9.2
2026-09-13 01:59:26,29.9,68.4,8.3
2026-09-13 01:59:56,30.0,66.0,8.3
2026-09-13 02:00:26,30.0,67.3,7.5
2026-09-13 02:00:56,30.0,65.2,5.8
2026-09-13 02:01:26,29.9,68.0,6.7
2026-09-13 02:01:56,30.0,69.1,10.8
2026-09-13 02:02:26,30.0,65.9,7.5
2026-09-13 02:02:56,29.9,64.6,10.0
2026-09-13 02:03:26,29.9,65.8,6.7
2026-09-13 02:03:56,29.9,65.8,8.3
2026-09-13 02:04:26,29.9,68.6,10.0
2026-09-13 02:04:56,29.9,68.6,8.3
2026-09-13 02:05:26,29.9,66.6,8.3
2026-09-13 02:05:56,29.9,68.5,6.7
2026-09-13 02:06:26,29.9,65.5,8.3
2026-09-13 02:06:56,29.9,68.3,8.3
2026-09-13 02:07:26,29.9,65.6,8.3
2026-09-13 02:07:56,29.9,67.0,6.7
2026-09-13 02:08:26,29.9,67.1,10.0
2026-09-13 02:08:56,29.9,67.5,10.0
2026-09-13 02:09:26,29.9,68.4,8.3
2026-09-13 02:09:56,29.9,66.5,8.3
2026-09-13 02:10:26,29.9,67.7,9.2
2026-09-13 02:10:56,29.9,66.3,9.2
2026-09-13 02:11:26,29.9,66.5,8.3
2026-09-13 02:11:56,29.9,68.4,9.2
2026-09-13 02:12:26,29.9,66.3,9.2
2026-09-13 02:12:56,29.9,67.2,9.2
2026-09-13 02:13:26,29.9,69.3,9.2
2026-09-13 02:13:56,29.9,67.2,8.3
2026-09-13 02:14:26,29.9,65.2,9.2
2026-09-13 02:14:56,29.9,65.9,8.3
2026-09-13 02:15:26,29.9,65.4,10.0
2026-09-13 02:15:56,29.9,67.1,6.7
2026-09-13 02:16:26,29.9,65.8,8.3
2026-09-13 02:16:56,29.9,68.3,6.7
2026-09-13 02:17:26,29.9,69.0,5.0
2026-09-13 02:17:56,29.9,65.5,5.8
2026-09-13 02:18:26,29.9,66.9,7.5
2026-09-13 02:18:56,29.9,67.5,6.7
2026-09-13 02:19:26,29.9,67.9,7.5
2026-09-13 02:19:56,29.9,67.3,6.7
2026-09-13 02:20:26,29.9,67.9,6.7
2026-09-13 02:20:56,29.9,68.6,5.8
2026-09-13 02:21:26,29.9,68.2,7.5
2026-09-13 02:21:56,30.0,69.4,7.5
2026-09-13 02:22:26,30.0,64.7,5.0
2026-09-13 02:22:56,30.0,67.0,5.8
2026-09-13 02:23:26,30.0,66.8,7.5
2026-09-13 02:23:56,30.0,66.6,7.5
2026-09-13 02:24:26,29.9,64.2,9.2
2026-09-13 02:24:56,29.9,64.8,7.5
2026-09-13 02:25:26,29.9,64.6,5.8
2026-09-13 02:25:56,29.9,65.9,5.8
2026-09-13 02:26:26,29.9,69.1,8.3
2026-09-13 02:26:56,29.9,67.0,8.3
2026-09-13 02:27:26,29.9,67.4,8.3
2026-09-13 02:27:56,29.9,65.7,8.3
2026-09-13 02:28:26,29.9,68.3,8.3
2026-09-13 02:28:56,29.9,66.6,8.3
2026-09-13 02:29:26,29.9,65.3,8.3
2026-09-13 02:29:56,29.9,66.4,8.3
2026-09-13 02:30:26,29.9,66.0,8.3
2026-09-13 02:30:56,29.9,65.8,8.3
2026-09-13 02:31:26,29.9,67.6,8.3
2026-09-13 02:31:56,29.9,66.6,9.2
2026-09-13 02:32:26,29.9,68.0,9.2
2026-09-13 02:32:56,30.0,67.1,8.3
2026-09-13 02:33:26,30.0,67.4,8.3
2026-09-13 02:33:56,30.0,66.2,9.2
2026-09-13 02:34:26,30.0,66.1,7.5
2026-09-13 02:34:56,30.0,67.3,9.2
2026-09-13 02:35:26,30.0,66.3,8.3
2026-09-13 02:35:56,30.0,66.4,10.0
2026-09-13 02:36:26,30.0,65.4,8.3
2026-09-13 02:36:56,30.0,64.9,5.8
2026-09-13 02:37:26,30.0,64.8,7.5
2026-09-13 02:37:56,30.0,66.4,10.0
2026-09-13 02:38:26,29.9,64.0,8.3
2026-09-13 02:38:56,29.9,65.7,7.5
2026-09-13 02:39:26,29.9,64.4,10.0
2026-09-13 02:39:56,29.9,64.5,8.3
2026-09-13 02:40:26,29.9,65.7,9.2
2026-09-13 02:40:56,29.8,65.4,10.0
2026-09-13 02:41:26,29.8,66.0,8.3
2026-09-13 02:41:56,29.8,64.5,9.2
2026-09-13 02:42:26,29.8,66.3,8.3
2026-09-13 02:42:56,29.8,64.5,6.7
2026-09-13 02:43:26,29.8,66.0,9.2
2026-09-13 02:43:56,29.8,66.1,7.5
2026-09-13 02:44:26,29.8,66.0,8.3
2026-09-13 02:44:56,29.8,65.8,10.8
2026-09-13 02:45:26,29.8,64.3,7.5
2026-09-13 02:45:56,29.7,65.0,8.3
2026-09-13 02:46:26,29.7,66.9,8.3
2026-09-13 02:46:56,29.7,65.8,8.3
2026-09-13 02:47:26,29.7,66.9,10.8
2026-09-13 02:47:56,29.7,67.6,9.2
2026-09-13 02:48:26,29.7,67.1,8.3
2026-09-13 02:48:56,29.7,65.9,8.3
2026-09-13 02:49:26,29.7,65.9,10.0
2026-09-13 02:49:56,29.7,65.3,10.0
2026-09-13 02:50:26,29.7,66.2,9.2
2026-09-13 02:50:56,29.7,67.1,6.7
2026-09-13 02:51:26,29.7,65.6,7.5
2026-09-13 02:51:56,29.7,64.9,8.3
2026-09-13 02:52:26,29.7,64.9,8.3
2026-09-13 02:52:56,29.7,66.0,8.3
2026-09-13 02:53:26,29.7,65.7,9.2
2026-09-13 02:53:56,29.7,65.2,7.5
2026-09-13 02:54:26,29.7,66.5,10.0
2026-09-13 02:54:56,29.7,65.1,10.0
2026-09-13 02:55:26,29.7,65.8,8.3
2026-09-13 02:55:56,29.7,65.4,8.3
2026-09-13 02:56:26,29.7,65.9,8.3
2026-09-13 02:56:56,29.7,66.5,9.2
2026-09-13 02:57:26,29.7,66.7,6.7
2026-09-13 02:57:56,29.7,67.3,9.2
2026-09-13 02:58:26,29.7,66.7,6.7
2026-09-13 02:58:56,29.7,66.6,7.5
2026-09-13 02:59:26,29.8,64.6,9.2
2026-09-13 02:59:56,29.8,66.6,8.3
2026-09-13 03:00:26,29.8,66.4,8.3
2026-09-13 03:00:56,29.8,66.3,8.3
2026-09-13 03:01:26,29.8,66.3,7.5
2026-09-13 03:01:56,29.8,65.6,9.2
2026-09-13 03:02:26,29.8,65.1,7.5
2026-09-13 03:02:56,29.8,65.6,9.2
2026-09-13 03:03:26,29.8,66.3,7.5
2026-09-13 03:03:56,29.8,65.2,7.5
2026-09-13 03:04:26,29.8,64.6,7.5
2026-09-13 03:04:56,29.7,65.1,7.5
2026-09-13 03:05:26,29.7,67.0,10.0
2026-09-13 03:05:56,29.7,65.1,6.7
2026-09-13 03:06:26,29.7,64.7,6.7
2026-09-13 03:06:56,29.7,65.3,6.7
2026-09-13 03:07:26,29.7,65.4,5.8
2026-09-13 03:07:56,29.6,67.4,8.3
2026-09-13 03:08:26,29.6,66.6,9.2
2026-09-13 03:08:56,29.6,65.3,10.0
2026-09-13 03:09:26,29.7,65.5,8.3
2026-09-13 03:09:56,29.7,66.5,10.0
2026-09-13 03:10:26,29.7,66.1,7.5
2026-09-13 03:10:56,29.6,64.8,9.2
2026-09-13 03:11:26,29.6,65.3,8.3
2026-09-13 03:11:56,29.6,65.6,8.3
2026-09-13 03:12:26,29.6,66.2,8.3
2026-09-13 03:12:56,29.6,65.8,8.3
2026-09-13 03:13:26,29.6,65.6,8.3
2026-09-13 03:13:56,29.6,65.9,8.3
2026-09-13 03:14:26,29.5,65.8,8.3
2026-09-13 03:14:56,29.5,65.8,8.3
2026-09-13 03:15:26,29.5,66.2,8.3
2026-09-13 03:15:56,29.5,66.6,8.3
2026-09-13 03:16:26,29.5,67.2,7.5
2026-09-13 03:16:56,29.5,66.4,10.0
2026-09-13 03:17:26,29.5,67.8,7.5
2026-09-13 03:17:56,29.5,67.6,8.3
2026-09-13 03:18:26,29.5,66.2,8.3
2026-09-13 03:18:56,29.5,67.1,8.3
2026-09-13 03:19:26,29.5,68.2,9.2
2026-09-13 03:19:56,29.5,66.5,8.3
2026-09-13 03:20:26,29.6,67.4,7.5
2026-09-13 03:20:56,29.6,67.3,6.7
2026-09-13 03:21:26,29.5,67.4,7.5
2026-09-13 03:21:56,29.6,66.8,8.3
2026-09-13 03:22:26,29.5,66.6,8.3
2026-09-13 03:22:56,29.5,67.0,8.3
2026-09-13 03:23:26,29.5,67.3,8.3
2026-09-13 03:23:56,29.5,68.4,8.3
2026-09-13 03:24:26,29.5,67.7,10.0
2026-09-13 03:24:56,29.5,67.3,10.0
2026-09-13 03:25:26,29.5,66.7,5.8
2026-09-13 03:25:56,29.5,67.5,6.7
2026-09-13 03:26:26,29.5,66.7,7.5
2026-09-13 03:26:56,29.5,66.3,7.5
2026-09-13 03:27:26,29.6,67.8,7.5
2026-09-13 03:27:56,29.5,66.9,7.5
2026-09-13 03:28:26,29.5,67.3,6.7
2026-09-13 03:28:56,29.5,67.6,9.2
2026-09-13 03:29:26,29.5,66.9,8.3
2026-09-13 03:29:56,29.5,67.3,6.7
2026-09-13 03:30:26,29.5,68.3,6.7
2026-09-13 03:30:56,29.5,67.6,6.7
2026-09-13 03:31:26,29.5,68.3,9.2
2026-09-13 03:31:56,29.5,67.3,5.8
2026-09-13 03:32:26,29.6,67.1,7.5
2026-09-13 03:32:56,29.6,67.2,7.5
2026-09-13 03:33:26,29.5,67.1,6.7
2026-09-13 03:33:56,29.5,67.7,6.7
2026-09-13 03:34:26,29.5,67.6,9.2
2026-09-13 03:34:56,29.5,67.4,8.3
2026-09-13 03:35:26,29.5,68.3,6.7
2026-09-13 03:35:56,29.5,68.4,7.5
2026-09-13 03:36:26,29.5,67.7,8.3
2026-09-13 03:36:56,29.5,67.8,7.5
2026-09-13 03:37:26,29.5,67.8,8.3
2026-09-13 03:37:56,29.5,68.6,8.3
2026-09-13 03:38:26,29.5,68.5,6.7
2026-09-13 03:38:56,29.5,68.2,9.2
2026-09-13 03:39:26,29.5,68.4,10.0
2026-09-13 03:39:56,29.6,68.0,10.0
2026-09-13 03:40:26,29.5,68.0,10.0
2026-09-13 03:40:56,29.5,67.4,9.2
2026-09-13 03:41:26,29.5,67.5,9.2
2026-09-13 03:41:56,29.5,67.8,9.2
2026-09-13 03:42:26,29.5,67.9,9.2
2026-09-13 03:42:56,29.5,68.2,10.0
2026-09-13 03:43:26,29.5,67.7,10.0
2026-09-13 03:43:56,29.5,68.0,8.3
2026-09-13 03:44:26,29.5,67.6,8.3
2026-09-13 03:44:56,29.5,67.9,8.3
2026-09-13 03:45:26,29.5,68.7,10.0
2026-09-13 03:45:56,29.5,68.3,9.2
2026-09-13 03:46:26,29.5,67.5,9.2
2026-09-13 03:46:56,29.5,68.1,9.2
2026-09-13 03:47:26,29.5,68.1,9.2
2026-09-13 03:47:56,29.5,67.9,8.3
2026-09-13 03:48:26,29.5,67.8,8.3
2026-09-13 03:48:56,29.5,69.2,8.3
2026-09-13 03:49:26,29.5,69.0,7.5
2026-09-13 03:49:56,29.5,69.1,9.2
2026-09-13 03:50:26,29.5,68.7,8.3
2026-09-13 03:50:56,29.5,67.8,10.0
2026-09-13 03:51:26,29.5,68.4,8.3
2026-09-13 03:51:56,29.5,67.6,8.3
2026-09-13 03:52:26,29.5,68.2,10.0
2026-09-13 03:52:56,29.5,68.2,7.5
2026-09-13 03:53:26,29.5,68.3,7.5
2026-09-13 03:53:56,29.5,68.8,7.5
2026-09-13 03:54:26,29.5,69.0,9.2
2026-09-13 03:54:56,29.5,68.8,6.7
2026-09-13 03:55:26,29.5,68.0,8.3
2026-09-13 03:55:56,29.5,68.7,5.8
2026-09-13 03:56:26,29.5,68.0,10.8
2026-09-13 03:56:56,29.5,67.7,10.0
2026-09-13 03:57:26,29.5,68.0,10.0
2026-09-13 03:57:56,29.5,68.6,8.3
2026-09-13 03:58:26,29.5,68.3,8.3
2026-09-13 03:58:56,29.5,68.4,8.3
2026-09-13 03:59:26,29.5,68.4,10.0
2026-09-13 03:59:56,29.5,69.2,9.2
2026-09-13 04:00:26,29.5,69.0,8.3
2026-09-13 04:00:56,29.5,69.1,8.3
2026-09-13 04:01:26,29.5,69.0,8.3
2026-09-13 04:01:56,29.5,68.6,8.3
2026-09-13 04:02:26,29.5,68.4,5.8
2026-09-13 04:02:56,29.5,68.2,7.5
2026-09-13 04:03:26,29.5,68.5,6.7
2026-09-13 04:03:56,29.5,68.7,10.0
2026-09-13 04:04:26,29.5,68.8,10.0
2026-09-13 04:04:56,29.4,68.8,10.8
2026-09-13 04:05:26,29.4,69.5,10.0
2026-09-13 04:05:56,29.4,69.2,9.2
2026-09-13 04:06:26,29.4,69.4,10.0
2026-09-13 04:06:56,29.4,69.4,8.3
2026-09-13 04:07:26,29.4,69.0,9.2
2026-09-13 04:07:56,29.4,68.2,8.3
2026-09-13 04:08:26,29.4,68.3,6.7
2026-09-13 04:08:56,29.4,68.6,7.5
2026-09-13 04:09:26,29.3,69.6,6.7
2026-09-13 04:09:56,29.3,69.6,6.7
2026-09-13 04:10:26,29.3,69.9,8.3
2026-09-13 04:10:56,29.3,69.9,8.3
2026-09-13 04:11:26,29.3,70.1,8.3
2026-09-13 04:11:56,29.3,70.0,5.8
2026-09-13 04:12:26,29.2,70.0,7.5
2026-09-13 04:12:56,29.3,69.9,8.3
2026-09-13 04:13:26,29.3,70.0,5.8
2026-09-13 04:13:56,29.3,69.8,5.8
2026-09-13 04:14:26,29.3,70.0,5.8
2026-09-13 04:14:56,29.3,70.2,5.8
2026-09-13 04:15:26,29.3,70.1,6.7
2026-09-13 04:15:56,29.3,70.2,7.5
2026-09-13 04:16:26,29.2,70.1,5.8
2026-09-13 04:16:56,29.3,70.3,5.8
2026-09-13 04:17:26,29.3,70.0,7.5
2026-09-13 04:17:56,29.3,70.1,5.8
2026-09-13 04:18:26,29.3,69.9,5.8
2026-09-13 04:18:56,29.3,70.0,5.8
2026-09-13 04:19:26,29.3,70.2,6.7
2026-09-13 04:19:56,29.3,70.0,6.7
2026-09-13 04:20:26,29.3,70.1,6.7
2026-09-13 04:20:56,29.3,69.9,6.7
2026-09-13 04:21:26,29.2,70.0,6.7
2026-09-13 04:21:56,29.2,70.6,6.7
2026-09-13 04:22:26,29.2,70.3,6.7
2026-09-13 04:22:56,29.2,70.0,6.7
2026-09-13 04:23:26,29.2,70.3,6.7
2026-09-13 04:23:56,29.2,70.2,6.7
2026-09-13 04:24:26,29.2,70.0,6.7
2026-09-13 04:24:56,29.2,70.5,6.7
2026-09-13 04:25:26,29.2,70.4,6.7
2026-09-13 04:25:56,29.2,70.2,6.7
2026-09-13 04:26:26,29.2,70.6,6.7
2026-09-13 04:26:56,29.2,70.4,6.7
2026-09-13 04:27:26,29.2,70.3,6.7
2026-09-13 04:27:56,29.2,70.4,6.7
2026-09-13 04:28:26,29.2,70.3,6.7
2026-09-13 04:28:56,29.2,70.6,6.7
2026-09-13 04:29:26,29.2,70.8,6.7
2026-09-13 04:29:56,29.2,70.3,6.7
2026-09-13 04:30:26,29.3,70.7,6.7
2026-09-13 04:30:56,29.3,70.2,6.7
2026-09-13 04:31:26,29.3,70.4,6.7
2026-09-13 04:31:56,29.3,70.4,6.7
2026-09-13 04:32:26,29.2,70.3,6.7
2026-09-13 04:32:56,29.2,70.2,5.8
2026-09-13 04:33:26,29.2,70.3,5.8
2026-09-13 04:33:56,29.2,70.5,5.8
2026-09-13 04:34:26,29.2,70.7,5.8
2026-09-13 04:34:56,29.2,70.8,7.5
2026-09-13 04:35:26,29.2,70.7,5.8
2026-09-13 04:35:56,29.2,70.6,5.8
2026-09-13 04:36:26,29.2,70.6,6.7
2026-09-13 04:36:56,29.2,71.1,6.7
2026-09-13 04:37:26,29.2,71.2,7.5
2026-09-13 04:37:56,29.2,70.9,5.8
2026-09-13 04:38:26,29.2,70.8,5.8
2026-09-13 04:38:56,29.3,70.6,5.8
2026-09-13 04:39:26,29.3,70.4,8.3
2026-09-13 04:39:56,29.2,70.4,7.5
2026-09-13 04:40:26,29.2,70.8,7.5
2026-09-13 04:40:56,29.2,71.1,8.3
2026-09-13 04:41:26,29.2,70.7,7.5
2026-09-13 04:41:56,29.1,70.4,5.8
2026-09-13 04:42:26,29.1,70.8,5.0
2026-09-13 04:42:56,29.1,70.4,6.7
2026-09-13 04:43:26,29.1,71.1,5.0
2026-09-13 04:43:56,29.1,71.7,5.8
2026-09-13 04:44:26,29.1,70.7,5.8
2026-09-13 04:44:56,29.1,70.4,5.8
2026-09-13 04:45:26,29.2,69.9,9.2
2026-09-13 04:45:56,29.1,69.9,10.0
2026-09-13 04:46:26,29.1,70.1,8.3
2026-09-13 04:46:56,29.1,70.6,8.3
2026-09-13 04:47:26,29.1,70.6,8.3
2026-09-13 04:47:56,29.1,70.9,9.2
2026-09-13 04:48:26,29.1,71.3,10.0
2026-09-13 04:48:56,29.1,71.0,10.8
2026-09-13 04:49:26,29.1,70.8,6.7
2026-09-13 04:49:56,29.2,71.0,6.7
2026-09-13 04:50:26,29.2,70.7,9.2
2026-09-13 04:50:56,29.2,70.4,8.3
2026-09-13 04:51:26,29.2,70.8,8.3
2026-09-13 04:51:56,29.2,71.3,8.3
2026-09-13 04:52:26,29.2,70.4,8.3
2026-09-13 04:52:56,29.2,70.5,8.3
2026-09-13 04:53:26,29.2,71.0,8.3
2026-09-13 04:53:56,29.2,70.1,8.3
2026-09-13 04:54:26,29.3,70.1,8.3
2026-09-13 04:54:56,29.3,70.3,9.2
2026-09-13 04:55:26,29.3,70.1,7.5
2026-09-13 04:55:56,29.3,69.8,7.5
2026-09-13 04:56:26,29.2,70.4,10.8
2026-09-13 04:56:56,29.2,70.0,8.3
2026-09-13 04:57:26,29.3,69.4,8.3
2026-09-13 04:57:56,29.2,69.5,8.3
2026-09-13 04:58:26,29.2,70.5,9.2
2026-09-13 04:58:56,29.2,70.7,9.2
2026-09-13 04:59:26,29.2,70.8,9.2
2026-09-13 04:59:56,29.2,69.8,7.5
2026-09-13 05:00:26,29.2,70.0,8.3
2026-09-13 05:00:56,29.2,70.5,10.0
2026-09-13 05:01:26,29.2,70.0,6.7
2026-09-13 05:01:56,29.2,69.9,9.2
2026-09-13 05:02:26,29.2,69.6,8.3
2026-09-13 05:02:56,29.2,69.9,8.3
2026-09-13 05:03:26,29.2,69.6,8.3
2026-09-13 05:03:56,29.2,69.8,8.3
2026-09-13 05:04:26,29.2,69.9,8.3
2026-09-13 05:04:56,29.1,69.4,8.3
2026-09-13 05:05:26,29.1,69.5,10.0
2026-09-13 05:05:56,29.1,69.2,10.0
2026-09-13 05:06:26,29.1,69.6,8.3
2026-09-13 05:06:56,29.1,69.4,8.3
2026-09-13 05:07:26,29.1,70.0,8.3
2026-09-13 05:07:56,29.1,70.1,8.3
2026-09-13 05:08:26,29.1,70.8,8.3
2026-09-13 05:08:56,29.1,70.3,5.8
2026-09-13 05:09:26,29.1,69.6,8.3
2026-09-13 05:09:56,29.1,70.0,8.3
2026-09-13 05:10:26,29.1,69.9,10.8
2026-09-13 05:10:56,29.1,70.0,10.8
2026-09-13 05:11:26,29.1,70.1,9.2
2026-09-13 05:11:56,29.1,70.3,7.5
2026-09-13 05:12:26,29.1,70.6,8.3
2026-09-13 05:12:56,29.1,70.4,9.2
2026-09-13 05:13:26,29.1,70.8,10.8
2026-09-13 05:13:56,29.1,70.6,8.3
2026-09-13 05:14:26,29.1,70.5,9.2
2026-09-13 05:14:56,29.1,70.2,7.5
2026-09-13 05:15:26,29.1,69.3,10.8
2026-09-13 05:15:56,29.1,68.6,9.2
2026-09-13 05:16:26,29.1,68.8,9.2
2026-09-13 05:16:56,29.1,69.0,6.7
2026-09-13 05:17:26,29.1,69.1,6.7
2026-09-13 05:17:56,29.1,68.8,5.8
2026-09-13 05:18:26,29.1,68.9,9.2
2026-09-13 05:18:56,29.0,68.9,9.2
2026-09-13 05:19:26,29.0,69.9,9.2
2026-09-13 05:19:56,29.0,70.3,9.2
2026-09-13 05:20:26,29.0,69.5,9.2
2026-09-13 05:20:56,29.1,69.4,9.2
2026-09-13 05:21:26,29.0,69.9,9.2
2026-09-13 05:21:56,29.1,69.6,11.7
2026-09-13 05:22:26,29.1,69.5,11.7
2026-09-13 05:22:56,29.1,69.0,10.0
2026-09-13 05:23:26,29.1,68.9,8.3
2026-09-13 05:23:56,29.1,68.8,6.7
2026-09-13 05:24:26,29.1,68.7,9.2
2026-09-13 05:24:56,29.0,69.0,8.3
2026-09-13 05:25:26,29.0,69.3,10.8
2026-09-13 05:25:56,29.0,69.6,9.2
2026-09-13 05:26:26,29.0,69.2,9.2
2026-09-13 05:26:56,29.0,68.9,9.2
2026-09-13 05:27:26,29.0,69.6,9.2
2026-09-13 05:27:56,29.0,69.7,7.5
2026-09-13 05:28:26,29.0,69.9,9.2
2026-09-13 05:28:56,29.0,70.0,6.7
2026-09-13 05:29:26,29.0,69.4,9.2
2026-09-13 05:29:56,29.0,69.3,11.7
2026-09-13 05:30:26,29.0,69.3,5.8
2026-09-13 05:30:56,29.0,69.2,8.3
2026-09-13 05:31:26,29.0,69.7,8.3
2026-09-13 05:31:56,29.0,69.7,9.2
2026-09-13 05:32:26,29.0,69.5,9.2
2026-09-13 05:32:56,29.0,69.6,8.3
2026-09-13 05:33:26,29.0,69.8,8.3
2026-09-13 05:33:56,29.1,69.9,9.2
2026-09-13 05:34:26,29.1,69.7,9.2
2026-09-13 05:34:56,29.1,70.0,9.2
2026-09-13 05:35:26,29.1,69.8,9.2
2026-09-13 05:35:56,29.1,69.9,10.8
2026-09-13 05:36:26,29.1,69.9,10.8
2026-09-13 05:36:56,29.1,69.9,9.2
2026-09-13 05:37:26,29.1,70.0,10.8
2026-09-13 05:37:56,29.1,70.1,10.0
2026-09-13 05:38:26,29.1,69.8,9.2
2026-09-13 05:38:56,29.1,69.8,10.0
2026-09-13 05:39:26,29.1,69.8,10.0
2026-09-13 05:39:56,29.1,70.7,9.2
2026-09-13 05:40:26,29.1,70.6,9.2
2026-09-13 05:40:56,29.1,70.2,9.2
2026-09-13 05:41:26,29.1,69.8,9.2
2026-09-13 05:41:56,29.1,70.0,10.8
2026-09-13 05:42:26,29.1,70.2,9.2
2026-09-13 05:42:56,29.0,70.6,9.2
2026-09-13 05:43:26,29.0,70.4,9.2
2026-09-13 05:43:56,29.0,71.2,10.0
2026-09-13 05:44:26,28.9,70.5,8.3
2026-09-13 05:44:56,28.9,70.5,9.2
2026-09-13 05:45:26,28.9,70.8,9.2
2026-09-13 05:45:56,28.9,70.8,9.2
2026-09-13 05:46:26,28.9,71.1,9.2
2026-09-13 05:46:56,28.9,70.9,10.0
2026-09-13 05:47:26,28.9,70.9,10.0
2026-09-13 05:47:56,28.9,71.1,10.0
2026-09-13 05:48:26,28.9,71.4,10.0
2026-09-13 05:48:56,28.8,71.1,10.0
2026-09-13 05:49:26,28.9,71.0,10.0
2026-09-13 05:49:56,28.9,70.8,10.0
2026-09-13 05:50:26,28.9,70.8,10.0
2026-09-13 05:50:56,28.8,71.0,10.0
2026-09-13 05:51:26,28.8,70.8,10.0
2026-09-13 05:51:56,28.8,71.2,10.0
2026-09-13 05:52:26,28.8,70.9,7.5
2026-09-13 05:52:56,28.8,71.0,8.3
2026-09-13 05:53:26,28.8,70.8,12.5
2026-09-13 05:53:56,28.8,70.7,10.0
2026-09-13 05:54:26,28.8,71.1,10.8
2026-09-13 05:54:56,28.8,70.8,10.8
2026-09-13 05:55:26,28.8,70.7,10.8
2026-09-13 05:55:56,28.8,71.2,10.0
2026-09-13 05:56:26,28.8,71.3,8.3
2026-09-13 05:56:56,28.8,71.1,10.0
2026-09-13 05:57:26,28.8,70.7,10.8
2026-09-13 05:57:56,28.8,70.7,10.8
2026-09-13 05:58:26,28.8,70.6,11.7
2026-09-13 05:58:56,28.8,71.3,12.5
2026-09-13 05:59:26,28.8,71.1,7.5
2026-09-13 05:59:56,28.9,70.5,9.2
2026-09-13 06:00:26,28.9,71.0,10.0
2026-09-13 06:00:56,28.9,70.7,10.0
2026-09-13 06:01:26,28.9,70.9,10.0
2026-09-13 06:01:56,28.9,70.6,10.0
2026-09-13 06:02:26,28.9,70.9,10.8
2026-09-13 06:02:56,28.9,70.5,10.8
2026-09-13 06:03:26,28.9,71.0,10.8
2026-09-13 06:03:56,29.0,71.3,10.0
2026-09-13 06:04:26,29.0,71.5,10.0
2026-09-13 06:04:56,29.0,70.9,10.0
2026-09-13 06:05:26,29.0,69.8,10.8
2026-09-13 06:05:56,29.1,70.4,10.8
2026-09-13 06:06:26,29.1,69.6,11.7
2026-09-13 06:06:56,29.1,69.8,10.8
2026-09-13 06:07:26,29.1,69.9,12.5
2026-09-13 06:07:56,29.1,70.1,15.0
2026-09-13 06:08:26,29.1,70.9,10.8
2026-09-13 06:08:56,29.1,69.5,10.8
2026-09-13 06:09:26,29.1,69.7,13.3
2026-09-13 06:09:56,29.1,69.5,14.2
2026-09-13 06:10:26,29.1,69.9,14.2
2026-09-13 06:10:56,29.1,69.9,12.5
2026-09-13 06:11:26,29.2,70.3,15.0
2026-09-13 06:11:56,29.2,69.5,13.3
2026-09-13 06:12:26,29.2,69.6,13.3
2026-09-13 06:12:56,29.1,70.6,14.2
2026-09-13 06:13:26,29.1,70.7,10.8
2026-09-13 06:13:56,29.1,70.0,14.2
2026-09-13 06:14:26,29.1,70.2,11.7
2026-09-13 06:14:56,29.1,70.5,11.7
2026-09-13 06:15:26,29.1,70.6,12.5
2026-09-13 06:15:56,29.2,69.7,15.8
2026-09-13 06:16:26,29.2,70.3,11.7
2026-09-13 06:16:56,29.1,69.9,17.5
2026-09-13 06:17:26,29.2,69.7,15.8
2026-09-13 06:17:56,29.2,70.5,13.3
2026-09-13 06:18:26,29.2,69.9,16.7
2026-09-13 06:18:56,29.2,69.7,16.7
2026-09-13 06:19:26,29.2,69.4,16.7
2026-09-13 06:19:56,29.2,70.5,16.7
2026-09-13 06:20:26,29.1,70.2,15.8
2026-09-13 06:20:56,29.2,69.4,19.2
2026-09-13 06:21:26,29.2,69.4,17.5
2026-09-13 06:21:56,29.2,69.4,18.3
2026-09-13 06:22:26,29.2,69.7,18.3
2026-09-13 06:22:56,29.1,70.1,19.2
2026-09-13 06:23:26,29.2,69.9,17.5
2026-09-13 06:23:56,29.2,70.7,20.8
2026-09-13 06:24:26,29.2,70.5,19.2
2026-09-13 06:24:56,29.2,70.6,19.2
2026-09-13 06:25:26,29.2,70.2,19.2
2026-09-13 06:25:56,29.2,70.6,20.8
2026-09-13 06:26:26,29.2,69.4,19.2
2026-09-13 06:26:56,29.3,69.1,20.0
2026-09-13 06:27:26,29.2,69.8,19.2
2026-09-13 06:27:56,29.2,69.7,19.2
2026-09-13 06:28:26,29.2,69.5,19.2
2026-09-13 06:28:56,29.2,69.8,20.0
2026-09-13 06:29:26,29.2,70.7,20.0
2026-09-13 06:29:56,29.2,70.1,20.0
2026-09-13 06:30:26,29.2,70.2,20.0
2026-09-13 06:30:56,29.2,70.1,20.8
2026-09-13 06:31:26,29.2,70.2,20.0
2026-09-13 06:31:56,29.2,69.1,20.0
2026-09-13 06:32:26,29.2,69.3,20.0
2026-09-13 06:32:56,29.2,69.4,20.0
2026-09-13 06:33:26,29.2,69.6,20.0
2026-09-13 06:33:56,29.1,70.1,16.7
2026-09-13 06:34:26,29.1,69.8,18.3
2026-09-13 06:34:56,29.1,70.5,17.5
2026-09-13 06:35:26,29.1,70.1,17.5
2026-09-13 06:35:56,29.2,69.6,18.3
2026-09-13 06:36:26,29.2,70.1,18.3
2026-09-13 06:36:56,29.2,69.4,18.3
2026-09-13 06:37:26,29.2,69.2,18.3
2026-09-13 06:37:56,29.2,69.5,19.2
2026-09-13 06:38:26,29.2,69.4,19.2
2026-09-13 06:38:56,29.2,70.2,20.0
2026-09-13 06:39:26,29.2,69.2,20.8
2026-09-13 06:39:56,29.1,69.2,20.8
2026-09-13 06:40:26,29.1,69.0,21.7
2026-09-13 06:40:56,29.1,70.1,21.7
2026-09-13 06:41:26,29.1,69.8,25.8
2026-09-13 06:41:56,29.1,70.0,24.2
2026-09-13 06:42:26,29.1,70.1,23.3
2026-09-13 06:42:56,29.1,69.4,28.3
2026-09-13 06:43:26,29.1,69.6,25.0
2026-09-13 06:43:56,29.1,69.5,27.5
2026-09-13 06:44:26,29.1,69.7,27.5
2026-09-13 06:44:56,29.1,69.4,27.5
2026-09-13 06:45:26,29.1,69.2,27.5
2026-09-13 06:45:56,29.1,69.1,28.3
2026-09-13 06:46:26,29.1,69.3,30.8
2026-09-13 06:46:56,29.1,69.4,30.8
2026-09-13 06:47:26,29.1,69.3,30.8
2026-09-13 06:47:56,29.1,69.4,30.8
2026-09-13 06:48:26,29.1,69.5,31.7
2026-09-13 06:48:56,29.1,69.7,32.5
2026-09-13 06:49:26,29.1,69.3,34.2
2026-09-13 06:49:56,29.1,69.9,36.7
2026-09-13 06:50:26,29.1,69.7,38.3
2026-09-13 06:50:56,29.1,69.4,40.0
2026-09-13 06:51:26,29.1,70.1,41.7
2026-09-13 06:51:56,29.1,70.2,39.2
2026-09-13 06:52:26,29.1,70.2,40.8
2026-09-13 06:52:56,29.2,70.2,40.8
2026-09-13 06:53:26,29.2,69.5,40.8
2026-09-13 06:53:56,29.1,69.4,40.8
2026-09-13 06:54:26,29.2,69.0,41.7
2026-09-13 06:54:56,29.1,68.5,44.2
2026-09-13 06:55:26,29.1,70.2,47.5
2026-09-13 06:55:56,29.1,69.0,50.0
2026-09-13 06:56:26,29.1,69.2,52.5
2026-09-13 06:56:56,29.1,69.3,57.5
2026-09-13 06:57:26,29.1,69.8,60.0
2026-09-13 06:57:56,29.1,69.7,63.3
2026-09-13 06:58:26,29.1,69.7,66.7
2026-09-13 06:58:56,29.1,68.9,62.5
2026-09-13 06:59:26,29.1,69.6,65.0
2026-09-13 06:59:56,29.1,69.1,61.7
2026-09-13 07:00:26,29.1,69.3,64.2
2026-09-13 07:00:56,29.1,69.1,64.2
2026-09-13 07:01:26,29.1,70.3,63.3
2026-09-13 07:01:56,29.1,69.1,60.8
2026-09-13 07:02:26,29.1,68.9,59.2
2026-09-13 07:02:56,29.1,70.1,59.2
2026-09-13 07:03:26,29.2,68.8,56.7
2026-09-13 07:03:56,29.2,68.9,55.0
2026-09-13 07:04:26,29.2,69.0,53.3
2026-09-13 07:04:56,29.2,68.2,52.5
2026-09-13 07:05:26,29.2,68.8,55.0
2026-09-13 07:05:56,29.2,68.8,55.8
2026-09-13 07:06:26,29.2,68.8,55.8
2026-09-13 07:06:56,29.2,69.2,56.7
2026-09-13 07:07:26,29.2,69.3,56.7
2026-09-13 07:07:56,29.2,69.6,55.8
2026-09-13 07:08:26,29.2,69.6,55.8
2026-09-13 07:08:56,29.2,70.0,56.7
2026-09-13 07:09:26,29.2,70.1,55.0
2026-09-13 07:09:56,29.3,69.3,52.5
2026-09-13 07:10:26,29.3,69.3,49.2
2026-09-13 07:10:56,29.3,69.9,47.5
2026-09-13 07:11:26,29.3,69.5,45.8
2026-09-13 07:11:56,29.3,69.0,44.2
2026-09-13 07:12:26,29.4,68.8,43.3
2026-09-13 07:12:56,29.4,68.9,42.5
2026-09-13 07:13:26,29.4,69.2,41.7
2026-09-13 07:13:56,29.4,69.7,39.2
2026-09-13 07:14:26,29.4,68.5,32.5
2026-09-13 07:14:56,29.4,68.8,33.3
2026-09-13 07:15:26,29.4,69.4,35.0
2026-09-13 07:15:56,29.4,69.7,36.7
2026-09-13 07:16:26,29.4,68.7,40.0
2026-09-13 07:16:56,29.4,68.3,43.3
2026-09-13 07:17:26,29.4,68.9,47.5
2026-09-13 07:17:56,29.4,68.3,50.8
2026-09-13 07:18:26,29.3,70.1,55.8
2026-09-13 07:18:56,29.3,69.8,59.2
2026-09-13 07:19:26,29.4,69.5,61.7
2026-09-13 07:19:56,29.3,69.4,63.3
2026-09-13 07:20:26,29.3,69.5,64.2
2026-09-13 07:20:56,29.3,69.0,66.7
2026-09-13 07:21:26,29.3,69.6,65.8
2026-09-13 07:21:56,29.3,69.0,65.0
2026-09-13 07:22:26,29.3,69.9,63.3
2026-09-13 07:22:56,29.3,68.6,61.7
2026-09-13 07:23:26,29.2,68.6,59.2
2026-09-13 07:23:56,29.2,69.1,57.5
2026-09-13 07:24:26,29.2,68.7,51.7
2026-09-13 07:24:56,29.2,69.3,50.0
2026-09-13 07:25:26,29.1,70.2,50.8
2026-09-13 07:25:56,29.2,69.9,50.0
2026-09-13 07:26:26,29.2,71.0,48.3
2026-09-13 07:26:56,29.2,70.1,48.3
2026-09-13 07:27:26,29.2,69.5,48.3
2026-09-13 07:27:56,29.1,68.6,47.5
2026-09-13 07:28:26,29.1,68.8,47.5
2026-09-13 07:28:56,29.1,69.2,46.7
2026-09-13 07:29:26,29.1,68.9,45.8
2026-09-13 07:29:56,29.1,69.2,45.8
2026-09-13 07:30:26,29.1,69.3,45.0
2026-09-13 07:30:56,29.1,68.6,45.0
2026-09-13 07:31:26,29.1,69.1,45.8
2026-09-13 07:31:56,29.1,69.3,47.5
2026-09-13 07:32:26,29.1,69.8,49.2
2026-09-13 07:32:56,29.1,69.4,50.8
2026-09-13 07:33:26,29.1,68.8,52.5
2026-09-13 07:33:56,29.2,69.0,55.8
2026-09-13 07:34:26,29.1,68.4,56.7
2026-09-13 07:34:56,29.1,69.3,55.0
2026-09-13 07:35:26,29.2,68.5,56.7
2026-09-13 07:35:56,29.1,69.2,58.3
2026-09-13 07:36:26,29.2,68.8,59.2
2026-09-13 07:36:56,29.2,69.0,62.5
2026-09-13 07:37:26,29.2,69.4,63.3
2026-09-13 07:37:56,29.2,70.3,65.0
2026-09-13 07:38:26,29.2,69.9,67.5
2026-09-13 07:38:56,29.3,69.4,69.2
2026-09-13 07:39:26,29.3,69.1,71.7
2026-09-13 07:39:56,29.3,69.6,74.2
2026-09-13 07:40:26,29.3,69.6,75.8
2026-09-13 07:40:56,29.4,70.1,76.7
2026-09-13 07:41:26,29.4,69.7,77.5
2026-09-13 07:41:56,29.3,70.5,76.7
2026-09-13 07:42:26,29.4,70.0,75.8
2026-09-13 07:42:56,29.4,68.8,76.7
2026-09-13 07:43:26,29.4,68.2,76.7
2026-09-13 07:43:56,29.4,69.1,77.5
2026-09-13 07:44:26,29.4,68.6,79.2
2026-09-13 07:44:56,29.4,69.5,80.8
2026-09-13 07:45:26,29.4,69.4,82.5
2026-09-13 07:45:56,29.4,69.3,85.0
2026-09-13 07:46:26,29.4,69.0,87.5
2026-09-13 07:46:56,29.4,68.7,90.0
2026-09-13 07:47:26,29.4,69.2,92.5
2026-09-13 07:47:56,29.4,68.5,95.0
2026-09-13 07:48:26,29.4,69.4,96.7
2026-09-13 07:48:56,29.4,68.6,97.5
2026-09-13 07:49:26,29.4,69.1,98.3
2026-09-13 07:49:56,29.4,69.1,97.5
2026-09-13 07:50:26,29.4,69.5,95.0
2026-09-13 07:50:56,29.4,69.0,94.2
2026-09-13 07:51:26,29.4,68.7,92.5
2026-09-13 07:51:56,29.4,69.8,90.8
2026-09-13 07:52:26,29.4,69.1,90.0
2026-09-13 07:52:56,29.4,69.5,90.0
2026-09-13 07:53:26,29.4,69.2,90.0
2026-09-13 07:53:56,29.4,69.7,90.0
2026-09-13 07:54:26,29.4,68.8,92.5
2026-09-13 07:54:56,29.4,69.0,95.0
2026-09-13 07:55:26,29.4,68.7,98.3
2026-09-13 07:55:56,29.4,69.8,98.3
2026-09-13 07:56:26,29.4,69.3,97.5
2026-09-13 07:56:56,29.4,70.5,94.2
2026-09-13 07:57:26,29.4,70.7,90.8
2026-09-13 07:57:56,29.5,70.5,88.3
2026-09-13 07:58:26,29.5,70.3,84.2
2026-09-13 07:58:56,29.5,70.6,80.0
2026-09-13 07:59:26,29.5,71.2,76.7
2026-09-13 07:59:56,29.5,71.5,75.0
2026-09-13 08:00:26,29.5,70.3,75.0
2026-09-13 08:00:56,29.5,69.9,76.7
2026-09-13 08:01:26,29.5,71.3,78.3
2026-09-13 08:01:56,29.5,71.3,80.8
2026-09-13 08:02:26,29.5,71.3,83.3
2026-09-13 08:02:56,29.5,70.5,85.8
2026-09-13 08:03:26,29.5,70.4,86.7
2026-09-13 08:03:56,29.5,70.8,90.0
2026-09-13 08:04:26,29.5,69.9,92.5
2026-09-13 08:04:56,29.5,69.8,97.5
2026-09-13 08:05:26,29.5,69.9,100.8
2026-09-13 08:05:56,29.5,70.3,104.2
2026-09-13 08:06:26,29.5,69.7,105.0
2026-09-13 08:06:56,29.5,69.9,105.0
2026-09-13 08:07:26,29.5,70.2,98.3
2026-09-13 08:07:56,29.5,70.0,93.3
2026-09-13 08:08:26,29.5,70.3,88.3
2026-09-13 08:08:56,29.5,69.8,85.8
2026-09-13 08:09:26,29.5,69.8,83.3
2026-09-13 08:09:56,29.5,69.5,82.5
2026-09-13 08:10:26,29.5,69.2,80.8
2026-09-13 08:10:56,29.5,69.4,81.7
2026-09-13 08:11:26,29.5,69.2,82.5
2026-09-13 08:11:56,29.5,69.7,84.2
2026-09-13 08:12:26,29.5,69.4,85.8
2026-09-13 08:12:56,29.5,69.1,86.7
2026-09-13 08:13:26,29.5,69.2,85.8
2026-09-13 08:13:56,29.5,69.0,85.0
2026-09-13 08:14:26,29.5,69.5,83.3
2026-09-13 08:14:56,29.5,70.5,81.7
2026-09-13 08:15:26,29.5,70.5,80.0
2026-09-13 08:15:56,29.5,69.7,77.5
2026-09-13 08:16:26,29.4,69.3,75.8
2026-09-13 08:16:56,29.4,70.8,74.2
2026-09-13 08:17:26,29.4,70.5,74.2
2026-09-13 08:17:56,29.4,70.4,74.2
2026-09-13 08:18:26,29.4,70.4,75.8
2026-09-13 08:18:56,29.4,69.9,80.0
2026-09-13 08:19:26,29.4,69.5,86.7
2026-09-13 08:19:56,29.4,69.8,93.3
2026-09-13 08:20:26,29.4,69.4,100.8
2026-09-13 08:20:56,29.4,69.4,103.3
2026-09-13 08:21:26,29.3,70.1,102.5
2026-09-13 08:21:56,29.4,69.3,98.3
2026-09-13 08:22:26,29.3,69.1,93.3
2026-09-13 08:22:56,29.3,68.9,90.0
2026-09-13 08:23:26,29.4,69.0,85.0
2026-09-13 08:23:56,29.4,69.2,79.2
2026-09-13 08:24:26,29.3,69.1,74.2
2026-09-13 08:24:56,29.4,68.8,70.0
2026-09-13 08:25:26,29.3,69.0,69.2
2026-09-13 08:25:56,29.3,68.5,69.2
2026-09-13 08:26:26,29.4,69.9,70.0
2026-09-13 08:26:56,29.4,70.4,70.0
2026-09-13 08:27:26,29.4,70.7,69.2
2026-09-13 08:27:56,29.4,69.8,68.3
2026-09-13 08:28:26,29.4,70.2,65.8
2026-09-13 08:28:56,29.4,69.8,65.0
2026-09-13 08:29:26,29.4,69.0,63.3
2026-09-13 08:29:56,29.4,68.8,63.3
2026-09-13 08:30:26,29.4,68.7,63.3
2026-09-13 08:30:56,29.4,69.4,61.7
2026-09-13 08:31:26,29.3,69.5,62.5
2026-09-13 08:31:56,29.4,68.9,61.7
2026-09-13 08:32:26,29.3,69.6,60.8
2026-09-13 08:32:56,29.4,68.8,59.2
2026-09-13 08:33:26,29.4,68.4,58.3
2026-09-13 08:33:56,29.4,68.5,57.5
2026-09-13 08:34:26,29.4,68.4,56.7
2026-09-13 08:34:56,29.4,68.8,55.8
2026-09-13 08:35:26,29.4,68.7,55.8
2026-09-13 08:35:56,29.4,68.6,55.8
2026-09-13 08:36:26,29.4,68.7,56.7
2026-09-13 08:36:56,29.4,68.9,57.5
2026-09-13 08:37:26,29.4,68.6,59.2
2026-09-13 08:37:56,29.4,68.5,62.5
2026-09-13 08:38:26,29.4,68.6,64.2
2026-09-13 08:38:56,29.4,68.7,62.5
2026-09-13 08:39:26,29.4,68.1,63.3
2026-09-13 08:39:56,29.4,69.1,63.3
2026-09-13 08:40:26,29.4,68.5,65.0
2026-09-13 08:40:56,29.4,67.8,65.8
2026-09-13 08:41:26,29.4,67.5,68.3
2026-09-13 08:41:56,29.4,67.4,70.8
2026-09-13 08:42:26,29.4,67.6,75.0
2026-09-13 08:42:56,29.4,69.5,80.0
2026-09-13 08:43:26,29.4,70.0,85.0
2026-09-13 08:43:56,29.4,69.2,88.3
2026-09-13 08:44:26,29.5,69.7,90.0
2026-09-13 08:44:56,29.5,69.4,91.7
2026-09-13 08:45:26,29.4,69.4,91.7
2026-09-13 08:45:56,29.5,68.7,90.8
2026-09-13 08:46:26,29.5,67.7,89.2
2026-09-13 08:46:56,29.5,69.2,87.5
2026-09-13 08:47:26,29.5,69.4,86.7
2026-09-13 08:47:56,29.5,69.4,85.8
2026-09-13 08:48:26,29.5,68.5,85.8
2026-09-13 08:48:56,29.5,67.7,87.5
2026-09-13 08:49:26,29.5,67.6,88.3
2026-09-13 08:49:56,29.5,67.6,90.0
2026-09-13 08:50:26,29.5,68.3,90.8
2026-09-13 08:50:56,29.5,66.7,91.7
2026-09-13 08:51:26,29.4,68.9,92.5
2026-09-13 08:51:56,29.5,70.2,94.2
2026-09-13 08:52:26,29.5,68.7,97.5
2026-09-13 08:52:56,29.5,69.1,104.2
2026-09-13 08:53:26,29.5,69.7,121.7
2026-09-13 08:53:56,29.5,68.8,140.8
2026-09-13 08:54:26,29.5,68.7,177.5
2026-09-13 08:54:56,29.5,68.8,216.7
2026-09-13 08:55:26,29.6,69.3,176.7
2026-09-13 08:55:56,29.5,68.2,164.2
2026-09-13 08:56:26,29.6,69.0,165.8
2026-09-13 08:56:56,29.6,68.6,175.0
2026-09-13 08:57:26,29.6,67.9,185.0
2026-09-13 08:57:56,29.6,68.4,169.2
2026-09-13 08:58:26,29.6,68.2,162.5
2026-09-13 08:58:56,29.7,67.7,155.0
2026-09-13 08:59:26,29.6,68.4,149.2
2026-09-13 08:59:56,29.6,69.3,141.7
2026-09-13 09:00:26,29.7,68.4,135.0
2026-09-13 09:00:56,29.7,67.6,129.2
2026-09-13 09:01:26,29.7,68.1,124.2
2026-09-13 09:01:56,29.7,68.9,120.0
2026-09-13 09:02:26,29.7,68.4,116.7
2026-09-13 09:02:56,29.7,67.4,113.3
2026-09-13 09:03:26,29.7,66.6,111.7
2026-09-13 09:03:56,29.7,66.6,110.8
2026-09-13 09:04:26,29.7,67.5,110.0
2026-09-13 09:04:56,29.7,68.0,110.0
2026-09-13 09:05:26,29.7,67.4,108.3
2026-09-13 09:05:56,29.8,68.7,105.0
2026-09-13 09:06:26,29.8,66.6,101.7
2026-09-13 09:06:56,29.8,67.2,99.2
2026-09-13 09:07:26,29.8,66.6,96.7
2026-09-13 09:07:56,29.8,68.1,95.8
2026-09-13 09:08:26,29.8,67.2,95.8
2026-09-13 09:08:56,29.8,67.4,97.5
2026-09-13 09:09:26,29.8,67.4,100.0
2026-09-13 09:09:56,29.8,67.0,102.5
2026-09-13 09:10:26,29.8,68.3,103.3
2026-09-13 09:10:56,29.8,68.3,103.3
2026-09-13 09:11:26,29.8,68.5,103.3
2026-09-13 09:11:56,29.8,68.5,100.8
2026-09-13 09:12:26,29.8,66.8,101.7
2026-09-13 09:12:56,29.8,66.2,101.7
2026-09-13 09:13:26,29.8,66.8,101.7
2026-09-13 09:13:56,29.8,67.5,101.7
2026-09-13 09:14:26,29.8,66.8,100.8
2026-09-13 09:14:56,29.8,67.1,100.0
2026-09-13 09:15:26,29.8,67.8,98.3
2026-09-13 09:15:56,29.8,66.9,97.5
2026-09-13 09:16:26,29.8,66.8,95.8
2026-09-13 09:16:56,29.8,66.8,94.2
2026-09-13 09:17:26,29.8,66.6,90.8
2026-09-13 09:17:56,29.8,66.7,88.3
2026-09-13 09:18:26,29.8,66.8,87.5
2026-09-13 09:18:56,29.8,67.7,86.7
2026-09-13 09:19:26,29.8,68.5,85.0
2026-09-13 09:19:56,29.8,68.9,85.8
2026-09-13 09:20:26,29.9,69.2,85.0
2026-09-13 09:20:56,29.9,66.7,85.8
2026-09-13 09:21:26,29.9,65.9,88.3
2026-09-13 09:21:56,29.9,66.4,90.0
2026-09-13 09:22:26,29.9,68.2,94.2
2026-09-13 09:22:56,29.9,66.4,97.5
2026-09-13 09:23:26,29.9,65.6,101.7
2026-09-13 09:23:56,29.9,64.7,105.0
2026-09-13 09:24:26,29.9,67.6,108.3
2026-09-13 09:24:56,29.9,63.8,110.0
2026-09-13 09:25:26,29.9,63.9,110.8
2026-09-13 09:25:56,29.9,64.0,111.7
2026-09-13 09:26:26,29.9,64.6,112.5
2026-09-13 09:26:56,29.9,63.7,112.5
2026-09-13 09:27:26,29.9,65.6,113.3
2026-09-13 09:27:56,29.9,66.0,113.3
2026-09-13 09:28:26,29.9,64.5,114.2
2026-09-13 09:28:56,29.9,64.7,116.7
2026-09-13 09:29:26,29.9,63.5,117.5
2026-09-13 09:29:56,29.9,64.8,116.7
2026-09-13 09:30:26,29.9,62.4,122.5
2026-09-13 09:30:56,29.9,63.0,123.3
2026-09-13 09:31:26,29.9,60.2,125.0
2026-09-13 09:31:56,29.9,64.2,129.2
2026-09-13 09:32:26,29.9,63.5,135.0
2026-09-13 09:32:56,29.9,62.7,140.8
2026-09-13 09:33:26,29.9,61.5,145.8
2026-09-13 09:33:56,29.9,60.4,148.3
2026-09-13 09:34:26,29.9,63.9,149.2
2026-09-13 09:34:56,29.9,64.0,153.3
2026-09-13 09:35:26,29.9,64.3,154.2
2026-09-13 09:35:56,29.9,63.8,150.8
2026-09-13 09:36:26,29.9,63.5,154.2
2026-09-13 09:36:56,29.9,62.8,155.0
2026-09-13 09:37:26,29.9,59.6,162.5
2026-09-13 09:37:56,29.9,61.3,167.5
2026-09-13 09:38:26,29.9,62.0,180.8
2026-09-13 09:38:56,29.9,63.4,202.5
2026-09-13 09:39:26,29.9,64.9,226.7
2026-09-13 09:39:56,30.0,64.3,228.3
2026-09-13 09:40:26,30.0,65.4,235.8
2026-09-13 09:40:56,30.0,65.7,234.2
2026-09-13 09:41:26,30.0,62.8,244.2
2026-09-13 09:41:56,30.0,61.5,242.5
2026-09-13 09:42:26,30.0,62.4,211.7
2026-09-13 09:42:56,30.0,63.9,220.0
2026-09-13 09:43:26,30.1,62.2,191.7
2026-09-13 09:43:56,30.1,60.4,177.5
2026-09-13 09:44:26,30.0,63.0,168.3
2026-09-13 09:44:56,30.0,62.0,161.7
2026-09-13 09:45:26,30.0,59.8,159.2
2026-09-13 09:45:56,30.0,63.3,166.7
2026-09-13 09:46:26,30.1,64.3,180.0
2026-09-13 09:46:56,30.1,64.3,234.2
2026-09-13 09:47:26,30.1,61.7,479.2
2026-09-13 09:47:56,30.1,60.5,277.5
2026-09-13 09:48:26,30.1,63.2,350.8
2026-09-13 09:48:56,30.1,61.6,435.8
2026-09-13 09:49:26,30.1,61.5,388.3
2026-09-13 09:49:56,30.1,63.1,305.0
2026-09-13 09:50:26,30.1,62.9,366.7
2026-09-13 09:50:56,30.2,61.2,622.5
2026-09-13 09:51:26,30.2,64.4,637.5
2026-09-13 09:51:56,30.2,62.1,730.0
2026-09-13 09:52:26,30.2,63.5,448.3
2026-09-13 09:52:56,30.2,61.2,303.3
2026-09-13 09:53:26,30.2,62.3,345.8
2026-09-13 09:53:56,30.2,62.2,342.5
2026-09-13 09:54:26,30.3,62.0,329.2
2026-09-13 09:54:56,30.3,59.7,360.0
2026-09-13 09:55:26,30.3,58.3,303.3
2026-09-13 09:55:56,30.3,61.3,316.7
2026-09-13 09:56:26,30.3,58.9,499.2
2026-09-13 09:56:56,30.3,59.2,338.3
2026-09-13 09:57:26,30.3,59.3,272.5
2026-09-13 09:57:56,30.3,59.1,219.2
2026-09-13 09:58:26,30.3,60.8,205.0
2026-09-13 09:58:56,30.3,60.8,195.8
2026-09-13 09:59:26,30.3,59.8,184.2
2026-09-13 09:59:56,30.2,58.9,178.3
2026-09-13 10:00:26,30.2,59.2,175.0
2026-09-13 10:00:56,30.2,59.7,174.2
2026-09-13 10:01:26,30.2,59.3,173.3
2026-09-13 10:01:56,30.2,58.8,178.3
2026-09-13 10:02:26,30.2,59.1,184.2
2026-09-13 10:02:56,30.2,59.2,195.8
2026-09-13 10:03:26,30.2,59.7,197.5
2026-09-13 10:03:56,30.2,58.7,196.7
2026-09-13 10:04:26,30.2,61.2,200.8
2026-09-13 10:04:56,30.2,60.7,201.7
2026-09-13 10:05:26,30.2,62.0,199.2
2026-09-13 10:05:56,30.2,61.2,208.3
2026-09-13 10:06:26,30.2,61.2,210.0
2026-09-13 10:06:56,30.2,62.1,315.0
2026-09-13 10:07:26,30.2,60.0,195.0
2026-09-13 10:07:56,30.2,60.0,189.2
2026-09-13 10:08:26,30.1,59.9,190.0
2026-09-13 10:08:56,30.2,59.7,183.3
2026-09-13 10:09:26,30.2,59.3,182.5
2026-09-13 10:09:56,30.2,59.1,180.8
2026-09-13 10:10:26,30.2,60.6,184.2
2026-09-13 10:10:56,30.2,61.0,185.8
2026-09-13 10:11:26,30.2,60.3,192.5
2026-09-13 10:11:56,30.2,60.2,196.7
2026-09-13 10:12:26,30.2,59.4,194.2
2026-09-13 10:12:56,30.2,60.1,194.2
2026-09-13 10:13:26,30.2,60.2,185.8
2026-09-13 10:13:56,30.2,60.5,180.0
2026-09-13 10:14:26,30.2,60.4,170.8
2026-09-13 10:14:56,30.2,60.2,165.0
2026-09-13 10:15:26,30.2,60.5,157.5
2026-09-13 10:15:56,30.2,60.3,154.2
2026-09-13 10:16:26,30.2,60.0,153.3
2026-09-13 10:16:56,30.2,59.9,154.2
2026-09-13 10:17:26,30.2,59.5,155.8
2026-09-13 10:17:56,30.2,58.7,159.2
2026-09-13 10:18:26,30.2,58.3,161.7
2026-09-13 10:18:56,30.2,60.1,158.3
2026-09-13 10:19:26,30.2,60.3,158.3
2026-09-13 10:19:56,30.2,59.1,157.5
2026-09-13 10:20:26,30.2,59.9,159.2
2026-09-13 10:20:56,30.2,60.4,162.5
2026-09-13 10:21:26,30.2,61.2,158.3
2026-09-13 10:21:56,30.2,60.3,157.5
2026-09-13 10:22:26,30.2,61.5,156.7
2026-09-13 10:22:58,30.2,58.9,153.3
2026-09-13 10:23:28,30.2,59.2,150.0
2026-09-13 10:23:58,30.2,58.5,145.8
2026-09-13 10:24:28,30.2,60.3,149.2
2026-09-13 10:24:58,30.2,59.5,149.2
2026-09-13 10:25:28,30.2,58.6,150.8
2026-09-13 10:25:58,30.2,59.4,149.2
2026-09-13 10:26:28,30.2,60.0,148.3
2026-09-13 10:26:58,30.2,60.2,145.8
2026-09-13 10:27:28,30.2,61.0,141.7
2026-09-13 10:27:58,30.2,58.1,137.5
2026-09-13 10:28:28,30.2,60.0,134.2
2026-09-13 10:28:58,30.2,61.0,133.3
2026-09-13 10:29:28,30.2,60.4,134.2
2026-09-13 10:29:58,30.2,61.6,138.3
2026-09-13 10:30:28,30.2,59.7,140.8
2026-09-13 10:30:58,30.2,59.5,142.5
2026-09-13 10:31:28,30.2,59.3,141.7
2026-09-13 10:31:58,30.2,60.7,142.5
2026-09-13 10:32:28,30.2,60.4,146.7
2026-09-13 10:32:58,30.2,59.7,146.7
2026-09-13 10:33:28,30.2,58.8,146.7
2026-09-13 10:33:58,30.1,58.3,144.2
2026-09-13 10:34:28,30.1,58.3,143.3
2026-09-13 10:34:58,30.1,58.3,136.7
2026-09-13 10:35:28,30.1,58.2,125.0
2026-09-13 10:35:58,30.1,58.3,122.5
2026-09-13 10:36:28,30.1,58.3,119.2
2026-09-13 10:36:58,30.1,59.1,115.8
2026-09-13 10:37:28,30.1,59.1,115.0
2026-09-13 10:37:58,30.1,60.0,110.8
2026-09-13 10:38:28,30.1,59.8,109.2
2026-09-13 10:38:58,30.1,61.6,103.3
2026-09-13 10:39:28,30.1,60.3,97.5
2026-09-13 10:39:58,30.1,59.5,93.3
2026-09-13 10:40:28,30.1,59.2,90.0
2026-09-13 10:40:58,30.2,60.6,88.3
2026-09-13 10:41:28,30.2,60.6,85.0
2026-09-13 10:41:58,30.2,60.7,83.3
2026-09-13 10:42:28,30.2,60.6,82.5
2026-09-13 10:42:58,30.2,60.0,84.2
2026-09-13 10:43:28,30.2,59.1,83.3
2026-09-13 10:43:58,30.2,58.1,83.3
2026-09-13 10:44:28,30.2,57.6,84.2
2026-09-13 10:44:58,30.2,58.1,84.2
2026-09-13 10:45:28,30.2,57.6,80.8
2026-09-13 10:45:58,30.2,58.4,80.0
2026-09-13 10:46:28,30.1,60.5,77.5
2026-09-13 10:46:58,30.2,61.2,76.7
2026-09-13 10:47:28,30.2,60.5,75.8
2026-09-13 10:47:58,30.2,58.4,77.5
2026-09-13 10:48:28,30.2,60.8,78.3
2026-09-13 10:48:58,30.2,61.7,79.2
2026-09-13 10:49:28,30.2,60.2,80.8
2026-09-13 10:49:58,30.2,60.4,83.3
2026-09-13 10:50:28,30.2,62.4,87.5
2026-09-13 10:50:58,30.2,60.2,92.5
2026-09-13 10:51:28,30.2,59.7,98.3
2026-09-13 10:51:58,30.2,60.4,103.3
2026-09-13 10:52:28,30.2,61.0,108.3
2026-09-13 10:52:58,30.2,61.3,110.8
2026-09-13 10:53:28,30.2,60.9,112.5
2026-09-13 10:53:58,30.2,61.0,111.7
2026-09-13 10:54:28,30.2,60.8,110.0
2026-09-13 10:54:58,30.2,60.8,104.2
2026-09-13 10:55:28,30.2,61.1,102.5
2026-09-13 10:55:58,30.2,62.0,101.7
2026-09-13 10:56:28,30.2,61.2,102.5
2026-09-13 10:56:58,30.2,59.9,104.2
2026-09-13 10:57:28,30.2,59.8,109.2
2026-09-13 10:57:58,30.2,60.3,115.0
2026-09-13 10:58:28,30.2,60.8,121.7
2026-09-13 10:58:58,30.2,60.3,125.0
2026-09-13 10:59:28,30.2,60.0,130.8
2026-09-13 10:59:58,30.2,59.7,131.7
2026-09-13 11:00:28,30.2,59.6,130.0
2026-09-13 11:00:58,30.2,60.7,130.8
2026-09-13 11:01:28,30.2,60.8,125.0
2026-09-13 11:01:58,30.2,60.7,116.7
2026-09-13 11:02:28,30.2,61.6,108.3
2026-09-13 11:02:58,30.2,59.6,97.5
2026-09-13 11:03:28,30.2,59.8,90.0
2026-09-13 11:03:58,30.2,60.3,83.3
2026-09-13 11:04:28,30.2,60.3,78.3
2026-09-13 11:04:58,30.2,58.9,75.8
2026-09-13 11:05:28,30.2,59.1,75.8
2026-09-13 11:05:58,30.2,59.6,75.8
2026-09-13 11:06:28,30.2,60.1,77.5
2026-09-13 11:06:58,30.2,60.6,75.8
2026-09-13 11:07:28,30.2,58.6,75.8
2026-09-13 11:07:58,30.2,58.7,74.2
2026-09-13 11:08:28,30.2,59.6,74.2
2026-09-13 11:08:58,30.2,58.6,74.2
2026-09-13 11:09:28,30.2,58.8,74.2
2026-09-13 11:09:58,30.1,58.8,73.3
2026-09-13 11:10:28,30.2,59.5,73.3
2026-09-13 11:10:58,30.1,60.2,73.3
2026-09-13 11:11:28,30.1,59.1,74.2
2026-09-13 11:11:58,30.1,59.6,74.2
2026-09-13 11:12:28,30.1,60.3,74.2
2026-09-13 11:12:58,30.1,60.8,73.3
2026-09-13 11:13:28,30.1,60.1,71.7
2026-09-13 11:13:58,30.1,60.2,70.8
2026-09-13 11:14:28,30.1,59.3,69.2
2026-09-13 11:14:58,30.1,61.0,66.7
2026-09-13 11:15:28,30.1,59.5,65.0
2026-09-13 11:15:58,30.1,60.8,63.3
2026-09-13 11:16:28,30.1,61.1,60.8
2026-09-13 11:16:58,30.1,60.9,59.2
2026-09-13 11:17:28,30.1,61.7,58.3
2026-09-13 11:17:58,30.1,62.6,59.2
2026-09-13 11:18:28,30.1,61.5,60.8
2026-09-13 11:18:58,30.1,62.0,63.3
2026-09-13 11:19:28,30.1,59.3,66.7
2026-09-13 11:19:58,30.1,60.5,68.3
2026-09-13 11:20:28,30.1,61.3,70.0
2026-09-13 11:20:58,30.1,61.5,72.5
2026-09-13 11:21:28,30.1,61.3,76.7
2026-09-13 11:21:58,30.1,61.3,80.0
2026-09-13 11:22:28,30.1,61.4,83.3
2026-09-13 11:22:58,30.1,61.3,85.8
2026-09-13 11:23:28,30.1,61.1,87.5
2026-09-13 11:23:58,30.1,61.4,88.3
2026-09-13 11:24:28,30.1,59.6,85.8
2026-09-13 11:24:58,30.2,59.2,83.3
2026-09-13 11:25:28,30.1,60.2,80.8
2026-09-13 11:25:58,30.1,60.0,76.7
2026-09-13 11:26:28,30.1,61.2,75.0
2026-09-13 11:26:58,30.1,61.1,75.8
2026-09-13 11:27:28,30.1,60.5,78.3
2026-09-13 11:27:58,30.1,61.9,80.8
2026-09-13 11:28:28,30.1,61.7,85.0
2026-09-13 11:28:58,30.0,61.8,89.2
2026-09-13 11:29:28,30.0,62.4,90.8
2026-09-13 11:29:58,30.0,61.6,91.7
2026-09-13 11:30:28,30.0,62.1,91.7
2026-09-13 11:30:58,30.0,62.4,91.7
2026-09-13 11:31:28,30.0,62.1,90.0
2026-09-13 11:31:58,30.0,62.3,88.3
2026-09-13 11:32:28,30.0,62.2,86.7
2026-09-13 11:32:58,30.0,61.9,85.0
2026-09-13 11:33:28,30.0,61.4,82.5
2026-09-13 11:33:58,30.0,60.8,79.2
2026-09-13 11:34:28,30.0,60.7,75.0
2026-09-13 11:34:58,30.0,61.4,70.8
2026-09-13 11:35:28,30.0,62.2,69.2
2026-09-13 11:35:58,30.0,62.6,68.3
2026-09-13 11:36:28,30.0,62.4,70.0
2026-09-13 11:36:58,30.0,62.5,71.7
2026-09-13 11:37:28,30.0,62.1,73.3
2026-09-13 11:37:58,30.0,62.2,75.0
2026-09-13 11:38:28,30.0,61.2,75.8
2026-09-13 11:38:58,30.0,62.0,75.8
2026-09-13 11:39:28,30.0,60.5,75.0
2026-09-13 11:39:58,30.0,61.8,75.0
2026-09-13 11:40:28,30.0,61.8,75.0
2026-09-13 11:40:58,30.0,61.8,75.0
2026-09-13 11:41:28,29.9,62.2,75.8
2026-09-13 11:41:58,29.9,62.1,76.7
2026-09-13 11:42:28,29.9,62.6,76.7
2026-09-13 11:42:58,29.9,62.7,75.8
2026-09-13 11:43:28,29.9,63.0,75.0
2026-09-13 11:43:58,29.9,62.9,74.2
2026-09-13 11:44:28,29.9,61.6,74.2
2026-09-13 11:44:58,29.9,62.5,73.3
2026-09-13 11:45:28,30.0,61.9,74.2
2026-09-13 11:45:58,30.0,62.3,75.0
2026-09-13 11:46:28,30.0,62.3,75.0
2026-09-13 11:46:58,30.1,64.1,76.7
2026-09-13 11:47:28,30.2,62.9,79.2
2026-09-13 11:47:58,30.3,66.6,82.5
2026-09-13 11:48:28,30.4,64.6,87.5
2026-09-13 11:48:58,30.4,62.1,90.0
2026-09-13 11:49:28,30.5,61.5,91.7
2026-09-13 11:49:58,30.5,73.8,91.7
2026-09-13 11:50:28,30.6,63.1,89.2
2026-09-13 11:50:58,30.6,63.5,86.7
2026-09-13 11:51:28,30.7,62.3,84.2
2026-09-13 11:51:58,30.7,65.1,80.0
2026-09-13 11:52:28,30.7,62.0,75.8
2026-09-13 11:52:58,30.8,62.8,71.7
2026-09-13 11:53:28,30.8,62.2,68.3
2026-09-13 11:53:58,30.8,61.8,67.5
2026-09-13 11:54:28,30.8,59.9,67.5
2026-09-13 11:54:58,30.8,59.4,68.3
2026-09-13 11:55:28,30.8,59.7,69.2
2026-09-13 11:55:58,30.7,61.7,68.3
2026-09-13 11:56:28,30.7,61.8,68.3
2026-09-13 11:56:58,30.7,70.5,68.3
2026-09-13 11:57:28,30.8,64.1,70.0
2026-09-13 11:57:58,30.8,60.9,73.3
2026-09-13 11:58:28,30.8,60.2,76.7
2026-09-13 11:58:58,30.8,60.4,79.2
2026-09-13 11:59:28,30.8,60.3,79.2
2026-09-13 11:59:58,30.7,61.3,76.7
2026-09-13 12:00:28,30.7,61.2,68.3
2026-09-13 12:00:58,30.7,60.2,69.2
2026-09-13 12:01:28,30.7,59.7,67.5
2026-09-13 12:01:58,30.7,60.2,66.7
2026-09-13 12:02:28,30.6,61.0,68.3
2026-09-13 12:02:58,30.6,61.4,70.8
2026-09-13 12:03:28,30.6,61.6,73.3
2026-09-13 12:03:58,30.7,60.7,75.8
2026-09-13 12:04:28,30.6,66.5,79.2
2026-09-13 12:04:58,30.7,64.3,80.8
2026-09-13 12:05:28,30.8,60.9,83.3
2026-09-13 12:05:58,30.8,60.4,85.0
2026-09-13 12:06:28,30.9,60.4,85.0
2026-09-13 12:06:58,30.8,60.8,83.3
2026-09-13 12:07:28,30.8,63.9,81.7
2026-09-13 12:07:58,30.8,61.7,80.0
2026-09-13 12:08:28,30.8,61.2,77.5
2026-09-13 12:08:58,30.8,60.8,75.8
2026-09-13 12:09:28,30.7,62.8,71.7
2026-09-13 12:09:58,30.7,61.4,68.3
2026-09-13 12:10:28,30.7,60.6,65.8
2026-09-13 12:10:58,30.7,59.5,64.2
2026-09-13 12:11:28,30.7,62.3,63.3
2026-09-13 12:11:58,30.6,61.3,65.0
2026-09-13 12:12:28,30.6,60.3,66.7
2026-09-13 12:12:58,30.6,60.1,67.5
2026-09-13 12:13:28,30.6,62.2,67.5
2026-09-13 12:13:58,30.6,62.9,68.3
2026-09-13 12:14:28,30.5,61.3,66.7
2026-09-13 12:14:58,30.5,62.5,67.5
2026-09-13 12:15:28,30.5,61.3,69.2
2026-09-13 12:15:58,30.5,61.2,74.2
2026-09-13 12:16:28,30.4,60.9,80.8
2026-09-13 12:16:58,30.4,61.4,90.0
2026-09-13 12:17:28,30.4,61.8,99.2
2026-09-13 12:17:58,30.4,60.6,109.2
2026-09-13 12:18:28,30.3,61.0,115.0
2026-09-13 12:18:58,30.3,61.7,120.8
2026-09-13 12:19:28,30.3,62.5,124.2
2026-09-13 12:19:58,30.3,61.9,132.5
2026-09-13 12:20:28,30.3,61.2,143.3
2026-09-13 12:20:58,30.3,60.8,150.8
2026-09-13 12:21:28,30.3,61.6,159.2
2026-09-13 12:21:58,30.3,61.7,169.2
2026-09-13 12:22:28,30.3,61.8,175.0
2026-09-13 12:22:58,30.3,61.2,176.7
2026-09-13 12:23:28,30.2,61.5,170.8
2026-09-13 12:23:58,30.2,61.4,157.5
2026-09-13 12:24:28,30.2,62.8,144.2
2026-09-13 12:24:58,30.2,61.0,132.5
2026-09-13 12:25:28,30.2,63.1,120.0
2026-09-13 12:25:58,30.2,60.3,113.3
2026-09-13 12:26:28,30.3,61.5,110.8
2026-09-13 12:26:58,30.3,61.8,110.0
2026-09-13 12:27:28,30.2,62.0,110.0
2026-09-13 12:27:58,30.3,62.2,108.3
2026-09-13 12:28:28,30.2,61.6,104.2
2026-09-13 12:28:58,30.3,61.1,100.0
2026-09-13 12:29:28,30.3,61.6,97.5
2026-09-13 12:29:58,30.3,61.5,95.8
2026-09-13 12:30:28,30.2,61.6,93.3
2026-09-13 12:30:58,30.2,62.6,87.5
2026-09-13 12:31:28,30.2,62.7,84.2
2026-09-13 12:31:58,30.2,62.3,84.2
2026-09-13 12:32:28,30.3,62.0,85.8
2026-09-13 12:32:58,30.2,62.2,86.7
2026-09-13 12:33:28,30.2,63.2,93.3
2026-09-13 12:33:58,30.2,63.3,95.0
2026-09-13 12:34:28,30.2,63.8,97.5
2026-09-13 12:34:58,30.2,65.0,100.8
2026-09-13 12:35:28,30.1,64.1,101.7
2026-09-13 12:35:58,30.1,64.3,101.7
2026-09-13 12:36:28,30.1,64.4,100.8
2026-09-13 12:36:58,30.1,64.8,102.5
2026-09-13 12:37:28,30.0,64.5,108.3
2026-09-13 12:37:58,30.0,64.2,115.0
2026-09-13 12:38:28,30.0,65.6,118.3
2026-09-13 12:38:58,30.0,66.1,113.3
2026-09-13 12:39:28,30.0,66.3,112.5
2026-09-13 12:39:58,29.9,66.5,115.8
2026-09-13 12:40:28,29.9,67.0,120.8
2026-09-13 12:40:58,29.9,66.7,121.7
2026-09-13 12:41:28,29.9,67.0,118.3
2026-09-13 12:41:58,29.9,66.9,113.3
2026-09-13 12:42:28,29.8,66.3,105.8
2026-09-13 12:42:58,29.8,66.7,99.2
2026-09-13 12:43:28,29.8,68.2,90.0
2026-09-13 12:43:58,29.7,68.3,84.2
2026-09-13 12:44:28,29.7,68.6,80.8
2026-09-13 12:44:58,29.7,68.2,79.2
2026-09-13 12:45:28,29.7,68.3,80.0
2026-09-13 12:45:58,29.7,68.8,84.2
2026-09-13 12:46:28,29.6,69.3,88.3
2026-09-13 12:46:58,29.6,68.0,88.3
2026-09-13 12:47:28,29.5,68.6,86.7
2026-09-13 12:47:58,29.5,69.3,85.8
2026-09-13 12:48:28,29.5,68.3,86.7
2026-09-13 12:48:58,29.5,68.3,90.0
2026-09-13 12:49:28,29.5,67.7,85.8
2026-09-13 12:49:58,29.4,67.9,77.5
2026-09-13 12:50:28,29.4,68.4,69.2
2026-09-13 12:50:58,29.4,69.0,67.5
2026-09-13 12:51:28,29.4,68.8,70.8
2026-09-13 12:51:58,29.4,68.8,79.2
2026-09-13 12:52:28,29.4,67.9,90.0
2026-09-13 12:52:58,29.4,68.2,99.2
2026-09-13 12:53:28,29.4,70.5,105.8
2026-09-13 12:53:58,29.4,68.9,110.0
2026-09-13 12:54:28,29.5,69.4,108.3
2026-09-13 12:54:58,29.4,69.3,104.2
2026-09-13 12:55:28,29.4,69.7,100.8
2026-09-13 12:55:58,29.5,68.8,98.3
2026-09-13 12:56:28,29.5,69.1,97.5
2026-09-13 12:56:58,29.5,69.5,99.2
2026-09-13 12:57:28,29.5,68.0,100.8
2026-09-13 12:57:58,29.5,68.2,100.8
2026-09-13 12:58:28,29.5,68.4,99.2
2026-09-13 12:58:58,29.4,69.3,97.5
2026-09-13 12:59:28,29.4,69.4,97.5
2026-09-13 12:59:58,29.3,69.5,95.8
2026-09-13 13:00:28,29.3,69.7,94.2
2026-09-13 13:00:58,29.2,70.8,90.8
2026-09-13 13:01:28,29.2,72.1,88.3
2026-09-13 13:01:58,29.2,72.4,86.7
2026-09-13 13:02:28,29.1,71.9,84.2
2026-09-13 13:02:58,29.1,72.1,84.2
2026-09-13 13:03:28,29.1,71.4,84.2
2026-09-13 13:03:58,29.1,71.5,85.0
2026-09-13 13:04:28,29.1,72.7,85.0
2026-09-13 13:04:58,29.0,73.8,84.2
2026-09-13 13:05:28,29.0,74.1,82.5
2026-09-13 13:05:58,28.9,75.1,80.8
2026-09-13 13:06:28,28.9,74.3,78.3
2026-09-13 13:06:58,28.8,75.3,76.7
2026-09-13 13:07:28,28.8,74.5,74.2
2026-09-13 13:07:58,28.7,73.1,71.7
2026-09-13 13:08:28,28.7,73.6,70.0
2026-09-13 13:08:58,28.6,74.3,70.8
2026-09-13 13:09:28,28.6,74.9,68.3
2026-09-13 13:09:58,28.5,75.0,66.7
2026-09-13 13:10:28,28.5,75.2,64.2
2026-09-13 13:10:58,28.4,75.5,62.5
2026-09-13 13:11:28,28.3,77.3,61.7
2026-09-13 13:11:58,28.3,78.0,60.8
2026-09-13 13:12:28,28.2,78.6,61.7
2026-09-13 13:12:58,28.2,79.3,60.8
2026-09-13 13:13:28,28.1,79.7,65.8
2026-09-13 13:13:58,28.0,80.2,69.2
2026-09-13 13:14:28,28.0,80.7,73.3
2026-09-13 13:14:58,28.0,81.0,79.2
2026-09-13 13:15:28,27.9,80.2,87.5
2026-09-13 13:15:58,27.9,79.9,96.7
2026-09-13 13:16:28,27.9,78.8,109.2
2026-09-13 13:16:58,27.9,77.3,122.5
2026-09-13 13:17:28,27.8,77.8,137.5
2026-09-13 13:17:58,27.9,77.9,153.3
2026-09-13 13:18:28,27.9,77.5,167.5
2026-09-13 13:18:58,27.9,78.1,177.5
2026-09-13 13:19:28,27.9,79.8,180.8
2026-09-13 13:19:58,27.9,80.6,182.5
2026-09-13 13:20:28,27.9,80.8,181.7
2026-09-13 13:20:58,27.9,80.9,177.5
2026-09-13 13:21:28,27.9,81.1,170.8
2026-09-13 13:21:58,27.9,81.8,164.2
2026-09-13 13:22:28,27.9,81.6,158.3
2026-09-13 13:22:58,27.9,81.3,156.7
2026-09-13 13:23:28,27.9,81.0,156.7
2026-09-13 13:23:58,27.9,81.1,157.5
2026-09-13 13:24:28,27.8,80.9,159.2
2026-09-13 13:24:58,27.8,81.2,162.5
2026-09-13 13:25:28,27.8,82.0,162.5
2026-09-13 13:25:58,27.9,81.5,159.2
2026-09-13 13:26:28,27.9,81.4,157.5
2026-09-13 13:26:58,27.9,81.0,155.8
2026-09-13 13:27:28,27.9,81.2,150.8
2026-09-13 13:27:58,27.9,81.3,143.3
2026-09-13 13:28:28,27.9,80.8,137.5
2026-09-13 13:28:58,27.9,80.4,131.7
2026-09-13 13:29:28,27.9,80.7,125.8
2026-09-13 13:29:58,27.9,80.6,121.7
2026-09-13 13:30:28,27.9,80.2,118.3
2026-09-13 13:30:58,27.9,80.7,113.3
2026-09-13 13:31:28,27.9,81.1,110.8
2026-09-13 13:31:58,27.9,80.4,110.8
2026-09-13 13:32:28,28.0,79.7,112.5
2026-09-13 13:32:58,28.0,80.2,111.7
2026-09-13 13:33:28,28.0,79.8,110.0
2026-09-13 13:33:58,28.0,79.2,108.3
2026-09-13 13:34:28,28.0,79.2,105.8
2026-09-13 13:34:58,28.0,79.3,105.0
2026-09-13 13:35:28,28.0,79.3,104.2
2026-09-13 13:35:58,28.0,78.9,101.7
2026-09-13 13:36:46,28.0,79.6,94.2
2026-09-13 13:37:13,28.1,79.4,90.0
2026-09-13 13:37:44,28.1,78.8,86.7
2026-09-13 13:38:14,28.2,78.8,86.7
2026-09-13 13:39:15,28.2,78.8,88.3
2026-09-13 13:39:28,28.2,79.0,89.2
2026-09-13 13:39:58,28.3,79.0,90.0
2026-09-13 13:40:28,28.3,78.5,92.5
2026-09-13 13:40:58,28.3,78.2,93.3
2026-09-13 13:41:28,28.3,77.9,90.8
2026-09-13 13:41:58,28.3,78.2,86.7
2026-09-13 13:42:28,28.2,78.6,83.3
2026-09-13 13:42:58,28.2,78.8,83.3
2026-09-13 13:43:29,28.2,78.8,88.3
2026-09-13 13:44:17,28.2,79.2,91.7
2026-09-13 13:44:44,28.1,79.4,90.0
2026-09-13 13:45:14,28.1,80.0,86.7
2026-09-13 13:45:44,28.1,79.6,85.0
2026-09-13 13:46:14,28.1,77.5,89.2
2026-09-13 13:46:44,28.2,77.9,95.8
2026-09-13 13:47:14,28.2,77.5,99.2
2026-09-13 13:47:44,28.2,77.6,95.8
2026-09-13 13:48:14,28.3,78.0,88.3
2026-09-13 13:48:44,28.3,78.2,85.0
2026-09-13 13:49:15,28.3,78.6,85.0
2026-09-13 13:49:48,28.3,78.7,82.5
2026-09-13 13:50:21,28.3,78.1,80.8
2026-09-13 13:50:51,28.3,77.5,70.8
2026-09-13 13:51:21,28.4,77.2,73.3
2026-09-13 13:51:51,28.5,76.6,78.3
2026-09-13 13:52:21,28.5,76.1,85.0
2026-09-13 13:52:51,28.5,75.6,93.3
2026-09-13 13:53:21,28.4,75.1,101.7
2026-09-13 13:53:51,28.4,75.3,111.7
2026-09-13 13:54:21,28.4,76.2,116.7
2026-09-13 13:54:51,28.4,76.0,120.0
2026-09-13 13:55:21,28.5,76.4,125.0
2026-09-13 13:55:51,28.5,76.6,130.0
2026-09-13 13:56:21,28.5,76.7,128.3
2026-09-13 13:56:51,28.5,77.1,119.2
2026-09-13 13:57:22,28.5,77.1,109.2
2026-09-13 13:57:52,28.5,77.3,105.0
2026-09-13 13:58:22,28.6,77.1,105.0
2026-09-13 13:58:52,28.6,77.1,100.0
2026-09-13 13:59:36,28.6,77.4,85.0
2026-09-13 14:00:19,28.6,77.2,76.7
2026-09-13 14:00:49,28.6,77.4,77.5
2026-09-13 14:01:19,28.6,77.6,82.5
2026-09-13 14:01:49,28.6,77.7,85.8
2026-09-13 14:02:34,28.6,76.5,100.0
2026-09-13 14:02:47,28.6,76.5,108.3
2026-09-13 14:03:18,28.7,76.2,124.2
2026-09-13 14:03:48,28.7,76.5,130.8
2026-09-13 14:04:23,28.8,76.3,129.2
2026-09-13 14:04:53,28.8,74.8,122.5
2026-09-13 14:05:23,28.8,75.5,114.2
2026-09-13 14:05:53,28.9,75.9,110.0
2026-09-13 14:06:20,28.9,76.0,113.3
2026-09-13 14:06:51,28.9,76.0,119.2
2026-09-13 14:07:21,28.8,75.6,121.7
2026-09-13 14:07:51,28.8,75.8,121.7
2026-09-13 14:08:21,28.8,76.0,120.8
2026-09-13 14:08:51,28.7,76.2,119.2
2026-09-13 14:09:21,28.7,76.7,119.2
2026-09-13 14:09:51,28.6,76.3,122.5
2026-09-13 14:10:21,28.6,76.3,131.7
2026-09-13 14:10:51,28.6,76.6,141.7
2026-09-13 14:11:21,28.6,77.1,148.3
2026-09-13 14:11:51,28.6,76.9,147.5
2026-09-13 14:12:21,28.6,76.0,141.7
2026-09-13 14:12:51,28.6,76.7,132.5
2026-09-13 14:13:21,28.6,76.6,117.5
2026-09-13 14:13:51,28.6,76.8,100.0
2026-09-13 14:14:21,28.6,77.3,90.8
2026-09-13 14:14:51,28.6,77.6,84.2
2026-09-13 14:15:21,28.6,77.6,80.0
2026-09-13 14:15:51,28.6,77.5,77.5
2026-09-13 14:16:21,28.6,77.7,77.5
2026-09-13 14:16:51,28.5,78.2,76.7
2026-09-13 14:17:25,28.5,78.5,75.0
2026-09-13 14:17:55,28.5,78.4,74.2
2026-09-13 14:18:25,28.5,77.7,72.5
2026-09-13 14:18:52,28.5,77.0,70.8
2026-09-13 14:19:22,28.5,77.2,70.0
2026-09-13 14:19:52,28.5,77.0,70.0
2026-09-13 14:20:22,28.5,77.6,70.8
2026-09-13 14:20:52,28.5,77.8,70.8
2026-09-13 14:21:22,28.5,78.0,69.2
2026-09-13 14:21:52,28.5,78.5,66.7
2026-09-13 14:22:22,28.5,78.1,64.2
2026-09-13 14:22:52,28.5,78.6,63.3
2026-09-13 14:23:22,28.5,78.6,63.3
2026-09-13 14:23:52,28.5,78.3,64.2
2026-09-13 14:24:22,28.5,78.6,64.2
2026-09-13 14:24:52,28.5,78.8,63.3
2026-09-13 14:25:24,28.5,78.6,60.8
2026-09-13 14:25:54,28.5,78.5,58.3
2026-09-13 14:26:24,28.5,78.9,56.7
2026-09-13 14:26:54,28.6,79.4,52.5
2026-09-13 14:27:24,28.6,79.7,49.2
2026-09-13 14:27:54,28.6,79.9,46.7
2026-09-13 14:28:24,28.6,79.6,43.3
2026-09-13 14:28:54,28.5,79.5,41.7
2026-09-13 14:29:24,28.5,79.5,40.8
2026-09-13 14:29:54,28.5,79.3,40.0
2026-09-13 14:30:24,28.5,79.3,39.2
2026-09-13 14:30:54,28.5,79.4,37.5
2026-09-13 14:31:24,28.5,79.7,34.2
2026-09-13 14:31:54,28.5,80.0,30.0
2026-09-13 14:32:24,28.5,79.6,26.7
2026-09-13 14:32:54,28.5,79.6,24.2
2026-09-13 14:33:24,28.4,79.8,23.3
2026-09-13 14:33:54,28.4,80.2,24.2
2026-09-13 14:34:24,28.4,80.2,26.7
2026-09-13 14:34:54,28.4,80.1,30.0
2026-09-13 14:35:24,28.3,80.6,33.3
2026-09-13 14:35:54,28.3,80.8,36.7
2026-09-13 14:36:24,28.3,81.1,38.3
2026-09-13 14:36:54,28.3,81.7,39.2
2026-09-13 14:37:24,28.3,81.8,39.2
2026-09-13 14:37:54,28.2,81.7,38.3
2026-09-13 14:38:24,28.2,81.5,35.8
2026-09-13 14:38:54,28.2,81.7,35.0
2026-09-13 14:39:24,28.2,82.1,35.8
2026-09-13 14:39:54,28.2,82.2,37.5
2026-09-13 14:40:24,28.2,82.5,39.2
2026-09-13 14:40:54,28.2,82.3,40.0
2026-09-13 14:41:24,28.2,82.6,40.8
2026-09-13 14:41:54,28.2,82.9,40.0
2026-09-13 14:42:24,28.1,83.0,38.3
2026-09-13 14:42:54,28.1,82.1,38.3
2026-09-13 14:43:24,28.0,81.1,39.2
2026-09-13 14:43:54,28.0,82.2,39.2
2026-09-13 14:44:24,28.0,81.8,40.0
2026-09-13 14:44:54,28.0,82.6,42.5
2026-09-13 14:45:24,28.0,82.1,47.5
2026-09-13 14:45:54,28.0,81.7,52.5
2026-09-13 14:46:24,28.0,81.3,58.3
2026-09-13 14:46:54,28.0,81.4,62.5
2026-09-13 14:47:24,28.0,81.7,65.8
2026-09-13 14:47:54,28.0,82.1,66.7
2026-09-13 14:48:24,27.9,82.6,65.8
2026-09-13 14:48:54,27.9,83.0,64.2
2026-09-13 14:49:24,27.9,83.5,65.8
2026-09-13 14:49:54,27.9,83.2,71.7
2026-09-13 14:50:24,27.8,82.9,80.0
2026-09-13 14:50:54,27.8,82.8,87.5
2026-09-13 14:51:24,27.8,82.3,90.8
2026-09-13 14:51:54,27.7,81.8,93.3
2026-09-13 14:52:24,27.7,82.0,95.8
2026-09-13 14:52:54,27.7,82.3,100.0
2026-09-13 14:53:24,27.7,82.3,105.8
2026-09-13 14:53:54,27.7,82.7,112.5
2026-09-13 14:54:24,27.7,82.9,117.5
2026-09-13 14:54:54,27.6,83.2,123.3
2026-09-13 14:55:24,27.6,83.7,127.5
2026-09-13 14:55:54,27.6,84.2,130.0
2026-09-13 14:56:24,27.6,84.6,130.0
2026-09-13 14:56:54,27.6,84.3,129.2
2026-09-13 14:57:24,27.6,84.3,126.7
2026-09-13 14:57:54,27.6,83.0,123.3
2026-09-13 14:58:24,27.7,82.7,118.3
2026-09-13 14:58:54,27.7,82.0,112.5
2026-09-13 14:59:24,27.7,81.8,105.8
2026-09-13 14:59:54,27.8,82.8,100.8
2026-09-13 15:00:24,27.8,83.1,95.8
2026-09-13 15:00:54,27.8,83.2,90.0
2026-09-13 15:01:24,27.9,83.1,87.5
2026-09-13 15:01:54,27.9,83.7,88.3
2026-09-13 15:02:24,28.0,83.7,91.7
2026-09-13 15:02:54,28.0,83.4,95.0
2026-09-13 15:03:24,28.0,82.8,97.5
2026-09-13 15:03:54,28.0,82.5,98.3
2026-09-13 15:04:24,28.1,82.9,100.8
2026-09-13 15:04:54,28.1,82.9,103.3
2026-09-13 15:05:24,28.1,82.7,112.5
2026-09-13 15:05:54,28.0,82.6,114.2
2026-09-13 15:06:24,28.0,82.7,111.7
2026-09-13 15:06:54,28.0,83.0,118.3
2026-09-13 15:07:24,28.0,83.5,125.8
2026-09-13 15:07:54,28.0,82.8,131.7
2026-09-13 15:08:24,28.0,83.1,135.8
2026-09-13 15:08:54,28.0,82.8,140.8
2026-09-13 15:09:24,28.0,82.8,140.8
2026-09-13 15:09:54,28.0,82.4,136.7
2026-09-13 15:10:24,28.1,82.5,134.2
2026-09-13 15:10:54,28.1,81.5,133.3
2026-09-13 15:11:24,28.2,80.8,133.3
2026-09-13 15:11:54,28.2,80.9,135.0
2026-09-13 15:12:24,28.2,81.4,135.0
2026-09-13 15:12:54,28.3,80.9,135.8
2026-09-13 15:13:24,28.3,80.9,135.8
2026-09-13 15:13:54,28.3,81.3,135.0
2026-09-13 15:14:24,28.4,81.5,132.5
2026-09-13 15:14:54,28.3,81.3,130.0
2026-09-13 15:15:24,28.3,81.4,128.3
2026-09-13 15:15:54,28.3,81.4,125.8
2026-09-13 15:16:24,28.3,80.9,135.8
2026-09-13 15:16:54,28.3,80.6,135.0
2026-09-13 15:17:24,28.3,80.4,133.3
2026-09-13 15:17:54,28.3,80.9,129.2
2026-09-13 15:18:26,28.2,81.0,124.2
2026-09-13 15:18:56,28.2,81.3,120.0
2026-09-13 15:19:26,28.2,81.3,114.2
2026-09-13 15:19:56,28.2,81.1,101.7
2026-09-13 15:20:26,28.2,81.2,89.2
2026-09-13 15:20:56,28.2,81.2,77.5
2026-09-13 15:21:26,28.1,81.2,71.7
2026-09-13 15:21:57,28.1,80.9,70.0
2026-09-13 15:22:27,28.1,80.7,71.7
2026-09-13 15:22:57,28.1,80.7,73.3
2026-09-13 15:23:27,28.1,81.1,75.0
2026-09-13 15:23:57,28.1,81.2,73.3
2026-09-13 15:24:27,28.0,81.2,73.3
2026-09-13 15:24:57,28.0,81.6,74.2
2026-09-13 15:25:27,28.0,82.1,77.5
2026-09-13 15:25:57,28.0,81.9,82.5
2026-09-13 15:26:27,28.0,81.7,87.5
2026-09-13 15:26:57,28.0,82.2,90.0
2026-09-13 15:27:27,28.0,81.9,88.3
2026-09-13 15:27:57,28.0,81.5,84.2
2026-09-13 15:28:27,28.0,81.3,76.7
2026-09-13 15:28:57,28.0,81.4,66.7
2026-09-13 15:29:27,28.0,81.6,59.2
2026-09-13 15:29:57,28.0,81.7,50.8
2026-09-13 15:30:27,28.0,81.8,46.7
2026-09-13 15:30:57,28.0,82.3,43.3
2026-09-13 15:31:27,28.0,82.9,40.8
2026-09-13 15:31:57,28.0,82.9,40.0
2026-09-13 15:32:27,27.9,83.2,40.0
2026-09-13 15:32:57,27.9,83.0,41.7
2026-09-13 15:33:27,27.9,82.8,43.3
2026-09-13 15:33:57,27.9,82.2,43.3
2026-09-13 15:34:27,27.9,82.2,41.7
2026-09-13 15:34:57,27.9,82.2,39.2
2026-09-13 15:35:27,27.9,82.4,36.7
2026-09-13 15:35:57,27.9,82.7,35.8
2026-09-13 15:36:27,27.9,82.8,35.0
2026-09-13 15:36:57,27.9,83.1,35.0
2026-09-13 15:37:27,27.9,82.9,35.0
2026-09-13 15:37:57,27.9,82.6,35.0
2026-09-13 15:38:27,27.9,82.5,35.8
2026-09-13 15:38:57,27.9,82.4,35.8
2026-09-13 15:39:27,27.9,82.3,35.8
2026-09-13 15:39:57,27.9,81.9,35.0
2026-09-13 15:40:27,27.9,81.8,33.3
2026-09-13 15:40:57,27.9,82.2,32.5
2026-09-13 15:41:27,27.9,82.4,31.7
2026-09-13 15:41:57,27.9,82.8,30.8
2026-09-13 15:42:27,27.9,83.4,30.0
2026-09-13 15:42:57,27.9,83.4,29.2
2026-09-13 15:43:27,27.9,83.6,29.2
2026-09-13 15:43:57,27.9,83.4,29.2
2026-09-13 15:44:27,27.9,83.4,30.0
2026-09-13 15:44:57,27.9,83.6,30.8
2026-09-13 15:45:27,27.9,83.1,31.7
2026-09-13 15:45:57,27.9,83.3,33.3
2026-09-13 15:46:27,27.9,83.1,33.3
2026-09-13 15:46:57,28.0,82.1,33.3
2026-09-13 15:47:27,28.0,81.9,33.3
2026-09-13 15:47:57,28.0,82.1,33.3
2026-09-13 15:48:27,27.9,82.0,32.5
2026-09-13 15:48:57,27.9,82.2,31.7
2026-09-13 15:49:27,27.9,81.9,30.0
2026-09-13 15:49:57,28.0,81.9,29.2
2026-09-13 15:50:27,28.0,82.1,28.3
2026-09-13 15:50:57,27.9,81.9,28.3
2026-09-13 15:51:27,28.0,82.1,27.5
2026-09-13 15:51:57,28.0,82.0,27.5
2026-09-13 15:52:27,28.0,82.0,27.5
2026-09-13 15:52:57,28.0,82.1,26.7
2026-09-13 15:53:27,28.0,82.1,26.7
2026-09-13 15:53:57,28.0,82.3,26.7
2026-09-13 15:54:27,28.0,82.1,26.7
2026-09-13 15:54:57,28.0,81.4,27.5
2026-09-13 15:55:27,28.0,81.6,27.5
2026-09-13 15:55:58,28.0,81.6,27.5
2026-09-13 15:56:28,28.0,81.6,27.5
2026-09-13 15:56:58,28.0,81.5,30.0
2026-09-13 15:57:28,28.0,81.2,30.0
2026-09-13 15:57:58,28.0,81.2,29.2
2026-09-13 15:58:28,28.0,82.0,29.2
2026-09-13 15:58:58,28.0,81.8,30.0
2026-09-13 15:59:28,28.0,81.8,30.0
2026-09-13 15:59:58,28.0,81.8,30.8
2026-09-13 16:00:28,28.1,81.6,30.0
2026-09-13 16:00:58,28.1,81.2,29.2
2026-09-13 16:01:28,28.1,80.3,28.3
2026-09-13 16:01:58,28.1,80.2,27.5
2026-09-13 16:02:28,28.1,79.7,26.7
2026-09-13 16:02:58,28.1,79.3,26.7
2026-09-13 16:03:28,28.1,79.6,26.7
2026-09-13 16:03:58,28.1,79.8,26.7
2026-09-13 16:04:28,28.0,81.0,25.8
2026-09-13 16:04:58,28.0,81.1,24.2
2026-09-13 16:05:28,28.0,80.4,24.2
2026-09-13 16:05:58,28.0,80.7,25.0
2026-09-13 16:06:28,28.0,81.4,26.7
2026-09-13 16:06:58,28.0,81.8,27.5
2026-09-13 16:07:28,28.0,81.0,29.2
2026-09-13 16:07:58,28.0,80.8,30.8
2026-09-13 16:08:28,28.0,80.6,31.7
2026-09-13 16:08:58,28.0,80.9,30.8
2026-09-13 16:09:28,28.0,81.1,33.3
2026-09-13 16:09:58,28.0,81.4,35.0
2026-09-13 16:10:28,28.0,81.8,35.0
2026-09-13 16:10:58,27.9,81.9,33.3
2026-09-13 16:11:28,27.9,82.4,30.8
2026-09-13 16:11:58,27.9,82.8,28.3
2026-09-13 16:12:28,27.9,82.8,27.5
2026-09-13 16:12:58,27.9,82.6,26.7
2026-09-13 16:13:28,27.9,82.9,25.8
2026-09-13 16:13:58,27.9,82.5,26.7
2026-09-13 16:14:28,27.9,82.6,28.3
2026-09-13 16:14:58,27.9,82.4,30.0
2026-09-13 16:15:28,27.9,82.7,30.8
2026-09-13 16:15:58,27.9,83.2,30.8
2026-09-13 16:16:28,27.9,82.8,29.2
2026-09-13 16:16:58,27.8,82.9,26.7
2026-09-13 16:17:28,27.8,83.7,25.0
2026-09-13 16:17:58,27.8,83.7,24.2
2026-09-13 16:18:28,27.8,83.7,23.3
2026-09-13 16:18:58,27.9,83.6,23.3
2026-09-13 16:19:28,27.9,83.3,24.2
2026-09-13 16:19:58,27.9,82.7,24.2
2026-09-13 16:20:28,27.9,82.9,24.2
2026-09-13 16:20:58,27.9,83.2,25.0
2026-09-13 16:21:28,27.9,83.2,25.0
2026-09-13 16:21:58,27.9,83.1,25.8
2026-09-13 16:22:28,27.8,82.6,26.7
2026-09-13 16:22:58,27.8,82.6,25.8
2026-09-13 16:23:28,27.8,82.6,24.2
2026-09-13 16:23:58,27.8,82.8,22.5
2026-09-13 16:24:28,27.8,83.3,20.0
2026-09-13 16:24:58,27.8,83.4,19.2
2026-09-13 16:25:28,27.8,83.1,18.3
2026-09-13 16:25:58,27.8,83.1,18.3
2026-09-13 16:26:28,27.8,83.1,18.3
2026-09-13 16:26:58,27.8,83.5,19.2
2026-09-13 16:27:28,27.8,83.5,19.2
2026-09-13 16:27:58,27.8,83.6,20.8
2026-09-13 16:28:28,27.8,83.8,22.5
2026-09-13 16:28:58,27.7,84.1,22.5
2026-09-13 16:29:28,27.8,83.6,21.7
2026-09-13 16:29:58,27.8,83.2,20.0
2026-09-13 16:30:28,27.9,82.8,20.0
2026-09-13 16:30:58,27.9,83.2,19.2
2026-09-13 16:31:28,28.0,82.3,19.2
2026-09-13 16:31:58,28.0,82.1,19.2
2026-09-13 16:32:28,28.0,81.3,19.2
2026-09-13 16:32:58,28.0,81.5,19.2
2026-09-13 16:33:28,27.9,82.9,18.3
2026-09-13 16:33:58,27.9,83.7,17.5
2026-09-13 16:34:28,27.9,83.9,17.5
2026-09-13 16:34:58,27.8,84.2,16.7
2026-09-13 16:35:28,27.9,84.3,16.7
2026-09-13 16:35:58,27.9,83.9,16.7
2026-09-13 16:36:28,27.9,83.8,17.5
2026-09-13 16:36:58,27.9,84.4,17.5
2026-09-13 16:37:28,27.9,84.8,17.5
2026-09-13 16:37:58,27.9,85.1,16.7
2026-09-13 16:38:28,27.9,85.4,16.7
2026-09-13 16:38:58,27.8,85.5,16.7
2026-09-13 16:39:28,27.8,85.1,16.7
2026-09-13 16:39:58,27.7,85.6,17.5
2026-09-13 16:40:28,27.7,85.8,18.3
2026-09-13 16:40:58,27.7,85.8,18.3
2026-09-13 16:41:28,27.7,85.8,18.3
2026-09-13 16:41:58,27.7,85.5,18.3
2026-09-13 16:42:28,27.6,85.3,17.5
2026-09-13 16:42:58,27.6,85.4,17.5
2026-09-13 16:43:28,27.6,85.7,17.5
2026-09-13 16:43:58,27.6,86.2,17.5
2026-09-13 16:44:28,27.6,86.2,18.3
2026-09-13 16:44:58,27.6,85.9,18.3
2026-09-13 16:45:28,27.6,86.1,18.3
2026-09-13 16:45:58,27.6,86.2,18.3
2026-09-13 16:46:28,27.5,86.3,17.5
2026-09-13 16:46:58,27.6,86.4,17.5
2026-09-13 16:47:28,27.6,86.3,17.5
2026-09-13 16:47:58,27.6,86.2,17.5
2026-09-13 16:48:28,27.5,86.1,17.5
2026-09-13 16:48:58,27.5,86.4,17.5
2026-09-13 16:49:28,27.5,86.7,17.5
2026-09-13 16:49:58,27.5,86.8,17.5
2026-09-13 16:50:28,27.5,86.8,17.5
2026-09-13 16:50:58,27.5,86.6,17.5
2026-09-13 16:51:28,27.5,86.7,17.5
2026-09-13 16:51:58,27.5,86.5,17.5
2026-09-13 16:52:28,27.5,86.6,17.5
2026-09-13 16:52:58,27.5,86.8,17.5
2026-09-13 16:53:28,27.5,86.2,16.7
2026-09-13 16:53:58,27.5,86.8,16.7
2026-09-13 16:54:28,27.5,86.8,17.5
2026-09-13 16:54:58,27.5,86.9,17.5
2026-09-13 16:55:28,27.5,86.9,17.5
2026-09-13 16:55:58,27.5,86.7,17.5
2026-09-13 16:56:28,27.5,86.1,17.5
2026-09-13 16:56:58,27.5,86.4,17.5
2026-09-13 16:57:28,27.5,87.1,17.5
2026-09-13 16:57:58,27.5,86.9,17.5
2026-09-13 16:58:28,27.5,86.4,17.5
2026-09-13 16:58:58,27.6,86.1,18.3
2026-09-13 16:59:28,27.6,86.0,18.3
2026-09-13 16:59:58,27.6,85.4,17.5
2026-09-13 17:00:28,27.6,85.3,17.5
2026-09-13 17:00:58,27.6,84.6,16.7
2026-09-13 17:01:28,27.6,83.7,16.7
2026-09-13 17:01:58,27.6,83.4,15.8
2026-09-13 17:02:28,27.7,82.7,15.8
2026-09-13 17:02:58,27.7,82.7,15.8
2026-09-13 17:03:28,27.7,83.1,15.0
2026-09-13 17:03:58,27.7,82.9,15.0
2026-09-13 17:04:28,27.8,82.5,15.0
2026-09-13 17:04:58,27.8,82.2,15.0
2026-09-13 17:05:28,27.8,82.5,15.0
2026-09-13 17:05:58,27.8,83.1,15.0
2026-09-13 17:06:28,27.9,83.4,15.0
2026-09-13 17:06:58,27.9,83.1,15.0
2026-09-13 17:07:28,27.9,83.1,15.0
2026-09-13 17:07:58,27.9,83.5,15.0
2026-09-13 17:08:28,27.9,82.2,15.8
2026-09-13 17:09:07,27.9,82.1,15.8
2026-09-13 17:09:37,27.9,81.7,15.8
2026-09-13 17:10:04,27.9,81.0,16.7
2026-09-13 17:10:34,27.9,82.1,16.7
2026-09-13 17:11:04,28.0,81.9,16.7
2026-09-13 17:11:50,28.0,82.4,17.5
2026-09-13 17:12:20,28.0,82.3,17.5
2026-09-13 17:12:50,28.0,82.6,16.7
2026-09-13 17:13:17,28.0,82.7,16.7
2026-09-13 17:13:47,28.0,82.9,15.8
2026-09-13 17:14:17,28.0,82.4,15.0
2026-09-13 17:14:47,28.0,82.0,15.0
2026-09-13 17:15:17,28.0,82.0,15.0
2026-09-13 17:15:47,28.1,82.4,14.2
2026-09-13 17:16:17,28.1,82.6,14.2
2026-09-13 17:16:47,28.1,82.9,14.2
2026-09-13 17:17:17,28.1,82.6,14.2
2026-09-13 17:17:47,28.0,81.9,14.2
2026-09-13 17:18:17,28.0,82.2,14.2
2026-09-13 17:18:47,28.0,81.8,14.2
2026-09-13 17:19:17,28.0,81.5,14.2
2026-09-13 17:19:47,28.0,81.9,14.2
2026-09-13 17:20:17,28.0,81.1,14.2
2026-09-13 17:20:47,28.0,81.5,13.3
2026-09-13 17:21:17,28.0,81.8,13.3
2026-09-13 17:21:47,28.0,82.1,13.3
2026-09-13 17:22:17,28.0,82.3,13.3
2026-09-13 17:22:47,28.0,82.1,13.3
2026-09-13 17:23:17,28.0,81.7,13.3
2026-09-13 17:23:47,28.0,80.7,13.3
2026-09-13 17:24:17,28.0,80.8,13.3
2026-09-13 17:24:47,28.0,81.7,12.5
2026-09-13 17:25:17,28.0,81.8,12.5
2026-09-13 17:25:47,28.0,81.8,12.5
2026-09-13 17:26:17,28.1,81.5,12.5
2026-09-13 17:26:47,28.1,80.4,12.5
2026-09-13 17:27:17,28.2,80.4,12.5
2026-09-13 17:27:47,28.2,80.5,12.5
2026-09-13 17:28:17,28.2,80.2,12.5
2026-09-13 17:28:47,28.3,79.5,12.5
2026-09-13 17:29:17,28.3,78.3,12.5
2026-09-13 17:29:47,28.3,79.4,12.5
2026-09-13 17:30:17,28.3,78.7,12.5
2026-09-13 17:30:47,28.3,77.9,12.5
2026-09-13 17:31:17,28.3,78.6,12.5
2026-09-13 17:31:47,28.3,78.8,12.5
2026-09-13 17:32:17,28.3,78.3,12.5
2026-09-13 17:32:47,28.3,77.6,12.5
2026-09-13 17:33:17,28.3,76.8,12.5
2026-09-13 17:33:47,28.3,79.1,12.5
2026-09-13 17:34:17,28.4,78.8,13.3
2026-09-13 17:34:51,28.4,78.6,13.3
2026-09-13 17:35:21,28.4,78.8,13.3
2026-09-13 17:35:51,28.5,78.7,13.3
2026-09-13 17:36:21,28.5,77.8,13.3
2026-09-13 17:36:51,28.5,76.8,13.3
2026-09-13 17:37:21,28.5,76.8,13.3
2026-09-13 17:37:51,28.5,77.5,13.3
2026-09-13 17:38:21,28.6,75.7,13.3
2026-09-13 17:38:51,28.6,76.4,12.5
2026-09-13 17:39:21,28.6,77.6,12.5
2026-09-13 17:39:51,28.6,76.3,12.5
2026-09-13 17:40:21,28.6,76.5,12.5
2026-09-13 17:40:51,28.6,75.4,12.5
2026-09-13 17:41:21,28.6,76.1,13.3
2026-09-13 17:41:51,28.6,76.1,13.3
2026-09-13 17:42:21,28.6,76.0,13.3
2026-09-13 17:42:54,28.6,75.7,13.3
2026-09-13 17:43:24,28.6,74.9,13.3
2026-09-13 17:43:54,28.6,76.2,13.3
2026-09-13 17:44:25,28.6,75.7,13.3
2026-09-13 17:44:55,28.6,75.2,14.2
2026-09-13 17:45:25,28.6,76.2,14.2
2026-09-13 17:45:55,28.7,75.3,13.3
2026-09-13 17:46:25,28.7,75.6,13.3
2026-09-13 17:46:55,28.7,74.4,13.3
2026-09-13 17:47:28,28.7,74.7,13.3
2026-09-13 17:47:58,28.7,75.8,12.5
2026-09-13 17:48:28,28.7,76.2,12.5
2026-09-13 17:48:58,28.7,75.3,12.5
2026-09-13 17:49:28,28.7,75.9,12.5
2026-09-13 17:49:58,28.8,75.1,12.5
2026-09-13 17:50:28,28.8,75.2,12.5
2026-09-13 17:50:58,28.8,75.8,12.5
2026-09-13 17:51:28,28.8,76.0,12.5
2026-09-13 17:51:58,28.8,75.6,12.5
2026-09-13 17:52:30,28.8,75.8,12.5
2026-09-13 17:53:00,28.9,75.6,12.5
2026-09-13 17:53:30,28.9,75.5,12.5
2026-09-13 17:54:00,28.9,75.8,12.5
2026-09-13 17:54:30,28.9,76.2,12.5
2026-09-13 17:55:00,28.9,75.0,12.5
2026-09-13 17:55:47,28.9,75.2,12.5
2026-09-13 17:56:14,28.9,75.6,12.5
2026-09-13 17:56:44,28.9,75.2,12.5
2026-09-13 17:57:14,28.9,74.8,11.7
2026-09-13 17:57:44,28.9,75.3,11.7
2026-09-13 17:58:14,28.9,75.7,11.7
2026-09-13 17:58:44,28.9,75.6,11.7
2026-09-13 17:59:14,28.9,75.0,11.7
2026-09-13 17:59:45,28.9,76.2,11.7
2026-09-13 18:00:15,28.9,76.2,11.7
2026-09-13 18:00:45,28.8,76.4,11.7
2026-09-13 18:01:15,28.8,76.8,11.7
2026-09-13 18:01:45,28.8,76.8,11.7
2026-09-13 18:02:15,28.8,76.8,11.7
2026-09-13 18:02:57,28.8,76.3,11.7
2026-09-13 18:03:27,28.8,76.7,11.7
2026-09-13 18:03:54,28.8,76.5,26.7
2026-09-13 18:04:24,28.8,75.5,28.3
2026-09-13 18:04:54,28.8,74.8,29.2
2026-09-13 18:05:24,28.8,74.6,29.2
2026-09-13 18:05:54,28.8,74.5,29.2
2026-09-13 18:06:25,28.8,74.2,31.7
2026-09-13 18:06:55,28.8,76.0,31.7
2026-09-13 18:07:25,28.8,75.7,30.8
2026-09-13 18:07:55,28.8,75.4,28.3
2026-09-13 18:08:25,28.8,74.7,28.3
2026-09-13 18:08:55,28.8,75.8,29.2
2026-09-13 18:09:25,28.8,75.6,29.2
2026-09-13 18:09:55,28.8,76.0,28.3
2026-09-13 18:10:25,28.8,76.6,29.2
2026-09-13 18:10:55,28.8,76.9,29.2
2026-09-13 18:11:25,28.8,77.0,28.3
2026-09-13 18:11:55,28.8,76.9,29.2
2026-09-13 18:12:25,28.8,76.7,29.2
2026-09-13 18:12:55,28.8,77.3,28.3
2026-09-13 18:13:25,28.8,77.2,28.3
2026-09-13 18:13:55,28.8,75.9,28.3
2026-09-13 18:14:25,28.8,76.5,28.3
2026-09-13 18:14:55,28.8,77.3,28.3
2026-09-13 18:15:25,28.8,77.2,28.3
2026-09-13 18:15:55,28.8,76.9,28.3
2026-09-13 18:16:25,28.8,77.0,28.3
2026-09-13 18:16:55,28.8,75.8,28.3
2026-09-13 18:17:25,28.8,76.3,28.3
2026-09-13 18:17:55,28.9,75.8,28.3
2026-09-13 18:18:25,28.9,74.1,29.2
2026-09-13 18:18:55,28.9,74.4,29.2
2026-09-13 18:19:25,28.9,75.7,29.2
2026-09-13 18:19:55,28.9,74.6,28.3
2026-09-13 18:20:25,29.0,75.1,28.3
2026-09-13 18:20:55,29.0,75.2,28.3
2026-09-13 18:21:25,28.9,75.6,30.8
2026-09-13 18:21:55,28.9,76.0,30.8
2026-09-13 18:22:25,28.9,75.3,30.8
2026-09-13 18:22:58,28.9,75.4,29.2
2026-09-13 18:23:28,28.9,75.8,30.8
2026-09-13 18:23:58,29.0,75.9,30.8
2026-09-13 18:24:28,29.0,76.3,30.8
2026-09-13 18:25:06,29.0,75.6,30.0
2026-09-13 18:25:33,29.0,74.5,30.0
2026-09-13 18:26:03,29.0,75.3,30.8
2026-09-13 18:26:33,29.0,75.5,30.0
2026-09-13 18:27:03,29.0,75.7,30.0
2026-09-13 18:27:33,29.0,75.6,30.8
2026-09-13 18:28:03,29.0,75.6,30.8
2026-09-13 18:28:33,29.0,76.5,30.8
2026-09-13 18:29:03,29.1,75.9,30.8
2026-09-13 18:29:33,29.1,74.6,30.8
2026-09-13 18:30:03,29.0,75.7,30.8
2026-09-13 18:30:33,29.0,75.2,30.8
2026-09-13 18:31:03,29.0,75.4,30.8
2026-09-13 18:31:33,29.1,74.5,30.8
2026-09-13 18:32:03,29.1,73.8,30.8
2026-09-13 18:32:33,29.1,74.2,30.8
2026-09-13 18:33:03,29.1,74.7,30.8
2026-09-13 18:33:33,29.1,74.3,30.8
2026-09-13 18:34:22,29.1,74.9,30.8
2026-09-13 18:34:49,29.1,74.8,30.8
2026-09-13 18:35:19,29.1,74.6,30.8
2026-09-13 18:35:54,29.1,74.9,30.8
2026-09-13 18:36:21,29.1,74.6,30.8
2026-09-13 18:36:51,29.0,73.9,30.8
2026-09-13 18:37:21,29.0,74.1,30.8
2026-09-13 18:37:55,29.0,73.8,30.8
2026-09-13 18:38:22,29.0,74.3,30.8
2026-09-13 18:38:52,29.0,74.7,30.0
2026-09-13 18:39:22,29.0,73.6,30.0
2026-09-13 18:39:52,29.0,74.2,30.8
2026-09-13 18:40:22,29.0,73.1,30.8
2026-09-13 18:40:52,29.0,74.3,30.8
2026-09-13 18:41:22,28.9,74.5,30.8
2026-09-13 18:41:52,28.9,74.3,30.8
2026-09-13 18:42:22,28.9,74.9,30.8
2026-09-13 18:42:52,29.0,74.6,30.8
2026-09-13 18:43:22,29.0,73.6,31.7
2026-09-13 18:43:52,29.0,74.1,30.8
2026-09-13 18:44:22,29.0,74.8,31.7
2026-09-13 18:44:52,28.9,74.1,31.7
2026-09-13 18:45:22,28.9,74.7,30.8
2026-09-13 18:45:52,28.9,74.8,31.7
2026-09-13 18:46:22,28.9,73.6,30.0
2026-09-13 18:46:52,28.9,74.8,30.0
2026-09-13 18:47:22,28.9,74.9,29.2
2026-09-13 18:47:52,28.9,74.7,29.2
2026-09-13 18:48:22,28.9,75.1,29.2
2026-09-13 18:48:52,28.9,75.0,29.2
2026-09-13 18:49:22,29.0,74.9,30.8
2026-09-13 18:49:52,29.0,74.8,30.0
2026-09-13 18:50:22,29.0,75.0,30.8
2026-09-13 18:50:52,29.0,74.9,30.8
2026-09-13 18:51:22,29.0,74.9,30.8
2026-09-13 18:51:52,29.0,75.1,30.8
2026-09-13 18:52:22,29.0,74.5,30.8
2026-09-13 18:52:52,29.0,74.3,30.8
2026-09-13 18:53:25,29.0,74.7,30.8
2026-09-13 18:53:55,29.0,74.7,30.8
2026-09-13 18:54:25,29.0,74.7,29.2
2026-09-13 18:54:55,29.0,73.7,28.3
2026-09-13 18:55:25,28.9,74.9,28.3
2026-09-13 18:55:55,29.0,74.2,28.3
2026-09-13 18:56:25,29.0,74.3,28.3
2026-09-13 18:56:55,29.0,74.7,28.3
2026-09-13 18:57:25,29.0,74.1,30.0
2026-09-13 18:57:55,29.0,73.9,29.2
2026-09-13 18:58:25,29.0,73.7,28.3
2026-09-13 18:58:55,29.0,74.1,28.3
2026-09-13 18:59:25,29.1,73.9,28.3
2026-09-13 18:59:55,29.1,73.1,28.3
2026-09-13 19:00:25,29.0,72.6,29.2
2026-09-13 19:00:55,29.0,72.8,28.3
2026-09-13 19:01:25,29.0,74.2,29.2
2026-09-13 19:01:55,29.0,73.0,29.2
2026-09-13 19:02:25,29.0,73.5,28.3
2026-09-13 19:02:55,29.0,73.9,28.3
2026-09-13 19:03:25,29.0,73.6,29.2
2026-09-13 19:03:55,29.0,74.1,29.2
2026-09-13 19:04:25,29.0,73.9,29.2
2026-09-13 19:04:55,29.0,73.2,23.3
2026-09-13 19:05:25,29.0,72.3,24.2
2026-09-13 19:05:55,29.0,72.1,24.2
2026-09-13 19:06:25,29.0,72.9,24.2
2026-09-13 19:06:55,28.9,72.1,24.2
2026-09-13 19:07:25,28.9,73.4,24.2
2026-09-13 19:07:55,28.9,71.9,24.2
2026-09-13 19:08:25,28.9,72.4,24.2
2026-09-13 19:08:55,28.9,73.9,24.2
2026-09-13 19:09:25,28.9,72.9,23.3
2026-09-13 19:09:55,28.9,73.4,24.2
2026-09-13 19:10:25,28.9,72.6,24.2
2026-09-13 19:10:55,28.9,73.7,23.3
2026-09-13 19:11:25,28.9,73.5,23.3
2026-09-13 19:11:55,28.9,72.6,23.3
2026-09-13 19:12:25,28.9,72.6,23.3
2026-09-13 19:12:55,28.9,72.3,24.2
2026-09-13 19:13:25,28.9,72.8,25.0
2026-09-13 19:13:55,28.9,72.6,24.2
2026-09-13 19:14:25,29.0,72.7,24.2
2026-09-13 19:14:55,28.9,72.6,24.2
2026-09-13 19:15:25,28.9,73.5,24.2
2026-09-13 19:15:55,29.0,73.4,24.2
2026-09-13 19:16:25,29.0,73.7,24.2
2026-09-13 19:16:55,29.0,72.4,24.2
2026-09-13 19:17:25,28.9,71.3,26.7
2026-09-13 19:17:55,28.9,72.3,26.7
2026-09-13 19:18:25,28.9,73.1,26.7
2026-09-13 19:18:55,28.9,73.6,26.7
2026-09-13 19:19:25,28.9,74.3,26.7
2026-09-13 19:19:55,28.9,74.3,27.5
2026-09-13 19:20:25,28.9,73.9,26.7
2026-09-13 19:20:55,28.9,74.2,25.8
2026-09-13 19:21:25,29.0,71.6,26.7
2026-09-13 19:21:55,28.9,72.5,26.7
2026-09-13 19:22:25,28.9,73.4,26.7
2026-09-13 19:22:55,29.0,71.2,26.7
2026-09-13 19:23:25,28.9,71.6,26.7
2026-09-13 19:23:55,28.9,72.7,25.8
2026-09-13 19:24:25,28.9,72.8,25.8
2026-09-13 19:24:55,28.9,72.3,25.8
2026-09-13 19:25:25,28.9,74.3,25.8
2026-09-13 19:25:55,28.9,72.7,25.8
2026-09-13 19:26:25,28.9,72.0,26.7
2026-09-13 19:26:55,28.9,70.6,26.7
2026-09-13 19:27:25,28.9,71.8,26.7
2026-09-13 19:27:55,28.9,70.9,29.2
2026-09-13 19:28:25,28.9,72.4,25.8
2026-09-13 19:28:55,28.9,72.6,26.7
2026-09-13 19:29:25,28.9,71.8,25.8
2026-09-13 19:29:55,28.9,72.8,25.8
2026-09-13 19:30:25,28.9,72.1,25.8
2026-09-13 19:30:55,28.9,72.4,25.8
2026-09-13 19:31:25,28.9,72.4,25.8
2026-09-13 19:31:55,28.9,72.7,25.8
2026-09-13 19:32:25,28.9,72.0,25.8
2026-09-13 19:32:55,28.9,72.4,25.8
2026-09-13 19:33:25,28.9,73.1,26.7
2026-09-13 19:33:55,28.9,71.2,25.8
2026-09-13 19:34:25,28.9,71.9,25.8
2026-09-13 19:34:55,28.9,72.9,25.8
2026-09-13 19:35:25,28.9,71.5,25.8
2026-09-13 19:35:55,28.9,71.0,25.8
2026-09-13 19:36:29,28.9,72.3,25.8
2026-09-13 19:36:56,28.9,72.9,25.8
2026-09-13 19:37:26,28.9,72.7,25.8
2026-09-13 19:38:00,28.9,73.0,25.8
2026-09-13 19:38:42,28.9,71.0,25.8
2026-09-13 19:39:12,28.9,73.2,25.8
2026-09-13 19:39:42,28.9,73.1,25.8
2026-09-13 19:40:13,28.9,71.3,25.8
2026-09-13 19:40:43,28.9,71.1,25.8
2026-09-13 19:41:13,28.9,72.7,25.8
2026-09-13 19:41:43,28.9,73.1,25.8
2026-09-13 19:42:13,28.8,73.3,25.8
2026-09-13 19:42:43,28.9,73.5,25.8
2026-09-13 19:43:42,28.9,73.4,25.8
2026-09-13 19:44:14,28.9,73.5,25.8
2026-09-13 19:44:28,28.9,72.8,25.8
2026-09-13 19:44:58,28.9,72.4,25.8
2026-09-13 19:45:28,28.9,72.6,25.8
2026-09-13 19:46:04,28.9,72.9,25.8
2026-09-13 19:46:34,28.9,72.9,25.8
2026-09-13 19:47:06,28.9,73.6,25.8
2026-09-13 19:47:36,28.9,73.7,20.8
2026-09-13 19:48:06,28.9,72.5,20.0
2026-09-13 19:48:36,28.9,72.7,20.0
2026-09-13 19:49:22,28.9,71.4,20.0
2026-09-13 19:49:49,28.9,72.3,16.7
2026-09-13 19:50:19,28.9,74.1,17.5
2026-09-13 19:50:49,28.9,73.9,17.5
2026-09-13 19:51:19,28.9,74.3,17.5
2026-09-13 19:51:49,28.9,74.1,17.5
2026-09-13 19:52:19,29.0,73.5,17.5
2026-09-13 19:52:49,29.0,72.2,17.5
2026-09-13 19:53:19,29.0,73.5,17.5
2026-09-13 19:53:49,29.0,72.1,17.5
2026-09-13 19:54:19,29.0,71.6,17.5
2026-09-13 19:54:49,29.0,73.4,17.5
2026-09-13 19:55:19,29.0,73.0,17.5
2026-09-13 19:55:49,29.0,73.7,17.5
2026-09-13 19:56:19,29.1,71.3,17.5
2026-09-13 19:56:49,29.0,73.0,18.3
2026-09-13 19:57:19,29.1,72.5,17.5
2026-09-13 19:57:49,29.0,73.9,17.5
2026-09-13 19:58:19,29.1,72.5,17.5
2026-09-13 19:58:49,29.1,73.1,17.5
2026-09-13 19:59:19,29.1,72.3,17.5
2026-09-13 19:59:49,29.1,72.1,17.5
2026-09-13 20:00:19,29.1,72.2,17.5
2026-09-13 20:00:49,29.1,72.0,17.5
2026-09-13 20:01:19,29.1,70.9,16.7
2026-09-13 20:01:49,29.1,72.5,17.5
2026-09-13 20:02:19,29.1,72.2,18.3
2026-09-13 20:02:49,29.0,71.4,18.3
2026-09-13 20:03:19,29.0,72.2,17.5
2026-09-13 20:03:49,29.0,72.6,17.5
2026-09-13 20:04:19,29.0,72.8,17.5
2026-09-13 20:04:49,29.0,72.3,17.5
2026-09-13 20:05:19,29.0,73.7,17.5
2026-09-13 20:05:49,29.0,71.9,16.7
2026-09-13 20:06:19,29.0,73.0,17.5
2026-09-13 20:06:49,29.0,72.9,17.5
2026-09-13 20:07:19,29.0,73.3,17.5
2026-09-13 20:07:49,29.1,72.8,17.5
2026-09-13 20:08:19,29.0,72.8,17.5
2026-09-13 20:08:49,29.0,73.3,18.3
2026-09-13 20:09:19,29.1,73.0,17.5
2026-09-13 20:09:49,29.1,73.5,17.5
2026-09-13 20:10:19,29.1,72.8,18.3
2026-09-13 20:10:49,29.1,72.7,17.5
2026-09-13 20:11:19,29.1,73.4,18.3
2026-09-13 20:11:49,29.1,73.0,17.5
2026-09-13 20:12:19,29.2,70.9,17.5
2026-09-13 20:12:49,29.1,71.6,17.5
2026-09-13 20:13:19,29.1,71.5,17.5
2026-09-13 20:13:49,29.1,72.4,16.7
2026-09-13 20:14:19,29.1,72.8,17.5
2026-09-13 20:14:49,29.1,71.1,17.5
2026-09-13 20:15:19,29.1,71.9,17.5
2026-09-13 20:15:49,29.1,72.8,18.3
2026-09-13 20:16:19,29.1,72.2,17.5
2026-09-13 20:16:49,29.1,73.0,17.5
2026-09-13 20:17:19,29.1,73.1,17.5
2026-09-13 20:17:49,29.1,72.2,18.3
2026-09-13 20:18:19,29.1,70.7,17.5
2026-09-13 20:18:49,29.0,70.4,17.5
2026-09-13 20:19:19,29.0,72.5,17.5
2026-09-13 20:19:49,29.0,73.1,18.3
2026-09-13 20:20:19,29.0,72.4,17.5
2026-09-13 20:20:49,29.0,72.4,17.5
2026-09-13 20:21:19,29.0,73.3,17.5
2026-09-13 20:21:49,29.0,72.7,16.7
2026-09-13 20:22:19,29.0,71.8,16.7
2026-09-13 20:22:49,29.0,73.1,16.7
2026-09-13 20:23:19,29.0,72.2,17.5
2026-09-13 20:23:49,29.0,72.7,17.5
2026-09-13 20:24:19,29.0,72.7,16.7
2026-09-13 20:24:49,29.0,72.3,16.7
2026-09-13 20:25:19,29.0,72.1,16.7
2026-09-13 20:25:49,29.0,73.2,16.7
2026-09-13 20:26:19,29.0,73.3,16.7
2026-09-13 20:26:49,29.0,73.2,15.8
2026-09-13 20:27:19,29.0,72.3,15.8
2026-09-13 20:27:49,29.0,71.6,15.0
2026-09-13 20:28:19,29.0,71.1,15.0
2026-09-13 20:28:49,29.0,72.1,15.0
2026-09-13 20:29:19,29.0,71.3,15.8
2026-09-13 20:29:49,29.0,70.4,15.8
2026-09-13 20:30:19,28.9,70.2,15.8
2026-09-13 20:30:49,28.9,71.2,15.8
2026-09-13 20:31:19,28.9,73.5,15.8
2026-09-13 20:31:49,28.9,72.6,15.8
2026-09-13 20:32:19,28.9,72.3,15.8
2026-09-13 20:32:49,28.9,72.9,15.8
2026-09-13 20:33:19,28.9,71.6,15.8
2026-09-13 20:33:49,28.9,72.8,15.8
2026-09-13 20:34:19,28.9,71.0,15.8
2026-09-13 20:34:49,28.9,73.6,15.8
2026-09-13 20:35:19,28.9,72.2,15.8
2026-09-13 20:35:49,28.9,71.8,15.8
2026-09-13 20:36:19,28.9,71.5,15.8
2026-09-13 20:36:49,28.9,71.4,15.8
2026-09-13 20:37:19,28.9,71.2,16.7
2026-09-13 20:37:49,28.8,71.7,15.8
2026-09-13 20:38:19,28.8,71.1,15.0
2026-09-13 20:38:49,28.8,73.6,15.8
2026-09-13 20:39:19,28.8,73.3,15.8
2026-09-13 20:39:49,28.9,72.3,15.8
2026-09-13 20:40:19,28.9,73.5,15.8
2026-09-13 20:40:49,28.9,73.3,15.8
2026-09-13 20:41:19,28.9,72.9,15.8
2026-09-13 20:41:49,29.0,71.6,15.8
2026-09-13 20:42:19,29.0,73.6,15.8
2026-09-13 20:42:49,29.0,73.5,16.7
2026-09-13 20:43:19,29.0,71.1,15.8
2026-09-13 20:43:49,29.0,69.9,15.8
2026-09-13 20:44:19,29.0,70.5,15.8
2026-09-13 20:44:49,29.0,72.1,15.8
2026-09-13 20:45:19,29.0,72.3,15.8
2026-09-13 20:45:49,29.0,72.9,16.7
2026-09-13 20:46:19,29.0,73.4,16.7
2026-09-13 20:46:49,29.0,72.3,15.8
2026-09-13 20:47:19,29.0,72.4,15.8
2026-09-13 20:47:49,29.0,70.9,15.8
2026-09-13 20:48:19,29.0,70.9,15.8
2026-09-13 20:48:49,29.0,70.7,16.7
2026-09-13 20:49:19,29.0,69.9,15.8
2026-09-13 20:49:49,29.0,72.9,15.8
2026-09-13 20:50:19,29.0,73.7,15.8
2026-09-13 20:50:49,29.0,73.1,15.8
2026-09-13 20:51:19,29.0,73.3,15.8
2026-09-13 20:51:49,29.0,72.7,15.8
2026-09-13 20:52:19,29.0,73.6,16.7
2026-09-13 20:52:49,29.0,72.3,15.8
2026-09-13 20:53:19,29.1,72.3,15.0
2026-09-13 20:53:49,29.1,73.4,15.0
2026-09-13 20:54:19,29.1,72.9,15.0
2026-09-13 20:54:49,29.1,73.1,15.0
2026-09-13 20:55:19,29.1,71.6,15.0
2026-09-13 20:55:49,29.1,72.1,15.0
2026-09-13 20:56:19,29.1,72.9,15.0
2026-09-13 20:56:49,29.1,72.4,15.0
2026-09-13 20:57:19,29.1,72.0,18.3
2026-09-13 20:57:49,29.1,72.3,18.3
2026-09-13 20:58:19,29.1,70.7,16.7
2026-09-13 20:58:49,29.1,71.7,15.0
2026-09-13 20:59:19,29.1,72.4,15.0
2026-09-13 20:59:49,29.0,71.9,15.0
2026-09-13 21:00:19,29.0,71.5,15.0
2026-09-13 21:00:49,29.0,72.6,15.0
2026-09-13 21:01:19,29.0,72.2,15.0
2026-09-13 21:01:49,29.0,72.0,15.0
2026-09-13 21:02:19,29.0,72.2,15.0
2026-09-13 21:02:49,29.0,72.2,15.0
2026-09-13 21:03:19,29.0,72.4,15.8
2026-09-13 21:03:49,29.1,72.6,15.0
2026-09-13 21:04:19,29.1,72.5,15.0
2026-09-13 21:04:49,29.1,72.3,15.8
2026-09-13 21:05:19,29.1,72.6,15.0
2026-09-13 21:05:49,29.1,72.4,15.8
2026-09-13 21:06:19,29.1,71.7,16.7
2026-09-13 21:06:49,29.1,72.4,16.7
2026-09-13 21:07:19,29.1,70.7,16.7
2026-09-13 21:07:49,29.1,71.1,16.7
2026-09-13 21:08:19,29.1,70.6,15.8
2026-09-13 21:08:49,29.1,72.7,16.7
2026-09-13 21:09:19,29.1,73.1,16.7
2026-09-13 21:09:49,29.1,73.3,16.7
2026-09-13 21:10:19,29.2,72.8,16.7
2026-09-13 21:10:49,29.2,72.8,16.7
2026-09-13 21:11:19,29.2,71.0,15.8
2026-09-13 21:11:49,29.2,69.7,15.8
2026-09-13 21:12:19,29.2,70.8,15.8
2026-09-13 21:12:49,29.1,72.8,16.7
2026-09-13 21:13:19,29.1,71.9,15.8
2026-09-13 21:13:49,29.1,72.6,15.8
2026-09-13 21:14:19,29.2,72.1,15.8
2026-09-13 21:14:49,29.2,73.0,15.8
2026-09-13 21:15:19,29.2,72.3,15.8
2026-09-13 21:15:49,29.2,71.7,15.8
2026-09-13 21:16:19,29.2,71.2,15.8
2026-09-13 21:16:49,29.2,72.4,15.8
2026-09-13 21:17:19,29.2,72.2,15.8
2026-09-13 21:17:49,29.2,71.0,15.8
2026-09-13 21:18:19,29.2,71.3,16.7
2026-09-13 21:18:49,29.2,70.7,15.0
2026-09-13 21:19:19,29.1,70.9,15.0
2026-09-13 21:19:49,29.1,71.4,15.0
2026-09-13 21:20:19,29.1,70.7,15.0
2026-09-13 21:20:49,29.1,71.0,15.0
2026-09-13 21:21:19,29.0,71.8,15.0
2026-09-13 21:21:49,29.0,71.7,15.0
2026-09-13 21:22:35,29.0,71.1,15.0
2026-09-13 21:23:04,29.0,71.7,15.0
2026-09-13 21:23:34,29.0,71.8,15.0
2026-09-13 21:24:04,29.0,72.6,16.7
2026-09-13 21:24:34,29.0,72.7,15.0
2026-09-13 21:25:04,29.0,71.6,15.0
2026-09-13 21:25:34,29.0,72.2,15.0
2026-09-13 21:26:04,29.0,71.2,15.0
2026-09-13 21:26:34,29.0,72.5,15.0
2026-09-13 21:27:04,29.0,73.0,15.0
2026-09-13 21:27:34,29.1,72.3,15.0
2026-09-13 21:28:04,29.1,73.1,15.8
2026-09-13 21:28:34,29.1,71.7,15.0
2026-09-13 21:29:04,29.1,71.5,15.0
2026-09-13 21:29:34,29.1,71.6,15.0
2026-09-13 21:30:04,29.1,70.8,15.0
2026-09-13 21:30:34,29.0,69.8,15.0
2026-09-13 21:31:04,29.0,71.9,16.7
2026-09-13 21:31:34,29.0,70.4,16.7
2026-09-13 21:32:04,29.0,70.9,15.8
2026-09-13 21:32:34,28.9,72.1,15.0
2026-09-13 21:33:04,28.9,72.5,15.0
2026-09-13 21:33:34,28.9,72.9,15.8
2026-09-13 21:34:04,28.9,71.3,16.7
2026-09-13 21:34:34,28.9,71.8,17.5
2026-09-13 21:35:04,28.9,72.2,16.7
2026-09-13 21:35:34,28.9,71.6,17.5
2026-09-13 21:36:04,28.9,72.8,17.5
2026-09-13 21:36:34,29.0,73.3,17.5
2026-09-13 21:37:04,29.0,72.0,15.8
2026-09-13 21:37:34,29.0,72.7,16.7
2026-09-13 21:38:04,29.0,71.6,16.7
2026-09-13 21:38:34,29.0,70.7,16.7
2026-09-13 21:39:04,29.0,70.8,16.7
2026-09-13 21:39:34,29.0,72.6,16.7
2026-09-13 21:40:04,29.0,71.8,16.7
2026-09-13 21:40:34,29.0,72.4,16.7
2026-09-13 21:41:04,29.0,72.8,16.7
2026-09-13 21:41:34,29.0,71.9,16.7
2026-09-13 21:42:04,29.0,71.7,16.7
2026-09-13 21:42:34,29.0,71.9,16.7
2026-09-13 21:43:04,29.0,72.0,17.5
2026-09-13 21:43:34,29.0,72.9,16.7
2026-09-13 21:44:04,29.0,73.3,16.7
2026-09-13 21:44:34,29.0,73.6,15.0
2026-09-13 21:45:04,29.0,73.5,15.0
2026-09-13 21:45:34,29.0,73.1,15.0
2026-09-13 21:46:04,29.0,72.8,15.0
2026-09-13 21:46:34,29.0,73.7,15.0
2026-09-13 21:47:04,29.0,73.2,15.0
2026-09-13 21:47:34,29.0,73.4,15.0
2026-09-13 21:48:04,29.0,73.9,15.0
2026-09-13 21:48:34,29.0,73.3,15.0
2026-09-13 21:49:04,29.0,73.2,15.0
2026-09-13 21:49:34,29.0,73.0,15.0
2026-09-13 21:50:04,28.9,72.9,15.0
2026-09-13 21:50:34,28.9,73.8,15.0
2026-09-13 21:51:04,28.8,73.1,15.0
2026-09-13 21:51:34,28.8,73.4,15.0
2026-09-13 21:52:04,28.8,73.8,15.0
2026-09-13 21:52:34,28.7,74.3,15.0
2026-09-13 21:53:04,28.7,73.8,15.0
2026-09-13 21:53:34,28.7,74.1,15.0
2026-09-13 21:54:04,28.7,73.6,15.0
2026-09-13 21:54:34,28.7,73.9,13.3
2026-09-13 21:55:04,28.7,73.5,15.0
2026-09-13 21:55:34,28.7,74.6,15.0
2026-09-13 21:56:04,28.7,74.3,15.0
2026-09-13 21:56:34,28.7,74.4,14.2
2026-09-13 21:57:04,28.7,74.7,15.0
2026-09-13 21:57:34,28.7,73.9,15.0
2026-09-13 21:58:04,28.7,74.0,15.0
2026-09-13 21:58:34,28.7,74.3,15.0
2026-09-13 21:59:04,28.7,74.4,15.0
2026-09-13 21:59:34,28.7,74.3,15.0
2026-09-13 22:00:04,28.7,75.0,15.0
2026-09-13 22:00:34,28.7,75.1,15.0
2026-09-13 22:01:04,28.7,75.0,15.0
2026-09-13 22:01:34,28.7,75.0,15.0
2026-09-13 22:02:04,28.7,75.0,15.0
2026-09-13 22:02:34,28.7,74.6,15.0
2026-09-13 22:03:04,28.6,74.4,15.0
2026-09-13 22:03:34,28.6,74.3,15.0
2026-09-13 22:04:04,28.6,74.6,15.0
2026-09-13 22:04:34,28.6,74.3,15.0
2026-09-13 22:05:04,28.6,74.3,15.0
2026-09-13 22:05:34,28.6,74.5,15.0
2026-09-13 22:06:04,28.5,75.0,15.0
2026-09-13 22:06:34,28.5,75.1,15.0
2026-09-13 22:07:04,28.5,75.5,15.8
2026-09-13 22:07:34,28.5,75.3,15.8
2026-09-13 22:08:04,28.5,75.3,15.0
2026-09-13 22:08:34,28.5,74.7,15.0
2026-09-13 22:09:04,28.5,74.8,15.0
2026-09-13 22:09:34,28.5,75.1,15.0
2026-09-13 22:10:04,28.5,75.3,15.0
2026-09-13 22:10:34,28.5,75.7,15.0
2026-09-13 22:11:04,28.5,75.4,15.0
2026-09-13 22:11:34,28.4,75.2,15.0
2026-09-13 22:12:04,28.5,75.3,15.0
2026-09-13 22:12:34,28.5,75.3,15.0
2026-09-13 22:13:04,28.5,75.5,21.7
2026-09-13 22:13:34,28.5,74.2,23.3
2026-09-13 22:14:04,28.5,74.1,22.5
2026-09-13 22:14:34,28.5,74.2,22.5
2026-09-13 22:15:04,28.5,74.0,22.5
2026-09-13 22:15:34,28.5,73.3,22.5
2026-09-13 22:16:04,28.5,73.7,22.5
2026-09-13 22:16:34,28.6,75.1,22.5
2026-09-13 22:17:04,28.6,75.1,22.5
2026-09-13 22:17:34,28.6,74.5,23.3
2026-09-13 22:18:04,28.6,76.1,22.5
2026-09-13 22:18:34,28.7,74.4,22.5
2026-09-13 22:19:04,28.7,72.9,22.5
2026-09-13 22:19:34,28.7,72.9,22.5
2026-09-13 22:20:04,28.7,74.0,22.5
2026-09-13 22:20:34,28.7,72.9,22.5
2026-09-13 22:21:04,28.6,74.0,22.5
2026-09-13 22:21:34,28.6,74.8,22.5
2026-09-13 22:22:04,28.7,74.4,22.5
2026-09-13 22:22:34,28.7,72.3,22.5
2026-09-13 22:23:04,28.6,72.7,22.5
2026-09-13 22:23:34,28.6,73.5,21.7
2026-09-13 22:24:04,28.6,74.5,22.5
2026-09-13 22:24:34,28.6,72.9,22.5
2026-09-13 22:25:04,28.6,73.1,21.7
2026-09-13 22:25:34,28.6,74.3,21.7
2026-09-13 22:26:04,28.6,75.1,22.5
2026-09-13 22:26:34,28.6,74.0,22.5
2026-09-13 22:27:04,28.6,72.7,22.5
2026-09-13 22:27:34,28.6,73.1,22.5
2026-09-13 22:28:04,28.6,72.6,21.7
2026-09-13 22:28:34,28.5,72.6,22.5
2026-09-13 22:29:04,28.5,73.5,22.5
2026-09-13 22:29:34,28.5,73.2,22.5
2026-09-13 22:30:04,28.4,73.8,22.5
2026-09-13 22:30:34,28.4,73.8,21.7
2026-09-13 22:31:04,28.4,74.3,21.7
2026-09-13 22:31:34,28.4,75.2,21.7
2026-09-13 22:32:04,28.5,75.3,21.7
2026-09-13 22:32:34,28.5,74.5,22.5
2026-09-13 22:33:04,28.5,74.2,21.7
2026-09-13 22:33:34,28.5,74.0,21.7
2026-09-13 22:34:04,28.6,73.6,21.7
2026-09-13 22:34:34,28.5,74.4,21.7
2026-09-13 22:35:04,28.5,75.3,21.7
2026-09-13 22:35:34,28.5,74.9,21.7
2026-09-13 22:36:04,28.5,74.8,25.8
2026-09-13 22:36:34,28.5,73.8,25.8
2026-09-13 22:37:04,28.5,74.0,25.8
2026-09-13 22:37:34,28.5,74.8,25.8
2026-09-13 22:38:04,28.5,74.3,25.8
2026-09-13 22:38:34,28.5,74.4,25.8
2026-09-13 22:39:04,28.6,74.3,25.8
2026-09-13 22:39:34,28.6,73.2,25.8
2026-09-13 22:40:04,28.6,73.1,25.8
2026-09-13 22:40:34,28.6,74.7,25.8
2026-09-13 22:41:04,28.6,74.5,25.8
2026-09-13 22:41:34,28.6,73.3,25.8
2026-09-13 22:42:04,28.6,77.1,25.8
2026-09-13 22:42:34,28.7,77.3,26.7
2026-09-13 22:43:04,28.7,77.5,25.8
2026-09-13 22:43:34,28.8,75.2,25.8
2026-09-13 22:44:04,28.8,74.0,25.8
2026-09-13 22:44:34,28.8,75.8,25.8
2026-09-13 22:45:04,28.8,75.1,25.8
2026-09-13 22:45:34,28.8,73.2,26.7
2026-09-13 22:46:04,28.8,73.7,25.0
2026-09-13 22:46:34,28.9,74.6,24.2
2026-09-13 22:47:04,28.8,74.9,24.2
2026-09-13 22:47:34,28.8,74.4,24.2
2026-09-13 22:48:04,28.8,73.0,24.2
2026-09-13 22:48:34,28.8,72.3,24.2
2026-09-13 22:49:04,28.8,72.3,24.2
2026-09-13 22:49:34,28.7,73.4,24.2
2026-09-13 22:50:04,28.7,74.8,24.2
2026-09-13 22:50:34,28.7,75.1,24.2
2026-09-13 22:51:04,28.7,73.8,24.2
2026-09-13 22:51:34,28.6,72.9,24.2
2026-09-13 22:52:04,28.6,73.5,24.2
2026-09-13 22:52:34,28.6,74.0,24.2
2026-09-13 22:53:04,28.6,73.3,24.2
2026-09-13 22:53:34,28.6,74.3,24.2
2026-09-13 22:54:04,28.6,73.8,24.2
2026-09-13 22:54:34,28.6,73.5,24.2
2026-09-13 22:55:04,28.5,73.6,24.2
2026-09-13 22:55:34,28.5,73.8,24.2
2026-09-13 22:56:04,28.5,73.5,24.2
2026-09-13 22:56:34,28.5,73.2,24.2
2026-09-13 22:57:04,28.5,74.1,24.2
2026-09-13 22:57:34,28.5,73.8,24.2
2026-09-13 22:58:04,28.5,73.5,24.2
2026-09-13 22:58:34,28.5,73.6,24.2
2026-09-13 22:59:04,28.5,74.0,25.0
2026-09-13 22:59:34,28.5,74.6,24.2
2026-09-13 23:00:04,28.5,75.2,24.2
2026-09-13 23:00:34,28.6,74.3,24.2
2026-09-13 23:01:07,28.6,74.2,24.2
2026-09-13 23:01:37,28.6,74.5,24.2
2026-09-13 23:02:07,28.6,73.6,19.2
2026-09-13 23:02:37,28.6,73.1,24.2
2026-09-13 23:03:07,28.6,73.2,24.2
2026-09-13 23:03:37,28.6,73.4,24.2
2026-09-13 23:04:07,28.6,72.7,24.2
2026-09-13 23:04:37,28.7,73.2,24.2
2026-09-13 23:05:07,28.6,73.2,24.2
2026-09-13 23:05:37,28.7,74.2,24.2
2026-09-13 23:06:07,28.7,73.1,24.2
2026-09-13 23:06:37,28.7,73.7,24.2
2026-09-13 23:07:09,28.7,74.5,24.2
2026-09-13 23:07:39,28.7,73.2,24.2
2026-09-13 23:08:09,28.6,73.5,24.2
2026-09-13 23:08:39,28.6,73.6,23.3
2026-09-13 23:09:09,28.6,73.7,24.2
2026-09-13 23:09:39,28.6,72.9,24.2
2026-09-13 23:10:09,28.6,74.1,24.2
2026-09-13 23:10:39,28.6,74.4,25.0
2026-09-13 23:11:09,28.6,73.7,23.3
2026-09-13 23:11:39,28.6,72.3,23.3
2026-09-13 23:12:09,28.6,72.4,23.3
2026-09-13 23:12:39,28.6,72.4,23.3
2026-09-13 23:13:09,28.5,72.7,24.2
2026-09-13 23:13:39,28.5,73.3,25.0
2026-09-13 23:14:09,28.5,73.5,25.0
2026-09-13 23:14:39,28.5,74.4,25.8
2026-09-13 23:15:09,28.5,73.8,25.8
2026-09-13 23:15:39,28.5,73.0,25.0
2026-09-13 23:16:09,28.5,73.8,24.2
2026-09-13 23:16:39,28.5,74.0,13.3
2026-09-13 23:17:09,28.5,74.3,13.3
2026-09-13 23:17:39,28.5,74.0,13.3
2026-09-13 23:18:09,28.5,74.4,14.2
2026-09-13 23:18:39,28.5,74.2,13.3
2026-09-13 23:19:09,28.6,77.3,14.2
2026-09-13 23:19:39,28.6,74.4,13.3
2026-09-13 23:20:09,28.6,74.1,14.2
2026-09-13 23:20:39,28.6,75.3,14.2
2026-09-13 23:21:09,28.6,73.8,14.2
2026-09-13 23:21:39,28.7,72.4,14.2
2026-09-13 23:22:09,28.7,72.2,14.2
2026-09-13 23:22:39,28.7,72.1,14.2
2026-09-13 23:23:09,28.6,72.5,14.2
2026-09-13 23:23:39,28.6,73.8,14.2
2026-09-13 23:24:09,28.6,74.3,15.0
2026-09-13 23:24:39,28.6,75.3,14.2
2026-09-13 23:25:09,28.6,76.0,14.2
2026-09-13 23:25:39,28.7,74.7,14.2
2026-09-13 23:26:09,28.7,75.3,13.3
2026-09-13 23:26:39,28.7,74.7,14.2
2026-09-13 23:27:09,28.8,73.9,14.2
2026-09-13 23:27:39,28.8,73.8,14.2
2026-09-13 23:28:09,28.8,72.9,14.2
2026-09-13 23:28:39,28.8,73.2,14.2
2026-09-13 23:29:09,28.8,75.4,13.3
2026-09-13 23:29:39,28.8,74.6,14.2
2026-09-13 23:30:09,28.8,75.1,14.2
2026-09-13 23:30:39,28.8,73.9,14.2
2026-09-13 23:31:09,28.8,75.2,14.2
2026-09-13 23:31:39,28.8,76.0,14.2
2026-09-13 23:32:09,28.9,72.6,14.2
2026-09-13 23:32:39,28.9,72.9,14.2
2026-09-13 23:33:09,28.9,72.7,14.2
2026-09-13 23:33:39,28.9,72.5,13.3
2026-09-13 23:34:09,28.8,72.1,14.2
2026-09-13 23:34:39,28.8,72.5,14.2
2026-09-13 23:35:09,28.8,72.6,13.3
2026-09-13 23:35:39,28.7,72.7,13.3
2026-09-13 23:36:09,28.7,73.1,13.3
2026-09-13 23:36:39,28.7,73.2,14.2
2026-09-13 23:37:09,28.7,75.4,15.8
2026-09-13 23:37:39,28.7,77.0,14.2
2026-09-13 23:38:09,28.8,74.6,14.2
2026-09-13 23:38:39,28.8,73.3,14.2
2026-09-13 23:39:09,28.8,73.5,14.2
2026-09-13 23:39:39,28.8,74.3,14.2
2026-09-13 23:40:09,28.8,72.4,14.2
2026-09-13 23:40:39,28.8,73.4,14.2
2026-09-13 23:41:09,28.8,76.0,14.2
2026-09-13 23:41:39,28.8,73.2,14.2
2026-09-13 23:42:09,28.8,73.6,14.2
2026-09-13 23:42:39,28.8,76.4,14.2
2026-09-13 23:43:09,28.8,76.9,15.0
2026-09-13 23:43:39,28.9,75.7,15.0
2026-09-13 23:44:09,28.9,78.0,15.0
2026-09-13 23:44:39,29.0,77.1,14.2
2026-09-13 23:45:09,29.0,75.2,15.0
2026-09-13 23:45:39,29.0,73.6,15.0
2026-09-13 23:46:09,29.0,73.5,14.2
2026-09-13 23:46:39,29.0,77.1,14.2
2026-09-13 23:47:09,29.0,74.0,14.2
2026-09-13 23:47:39,29.0,72.7,14.2
2026-09-13 23:48:09,29.0,72.3,14.2
2026-09-13 23:48:39,29.0,72.3,14.2
2026-09-13 23:49:09,29.0,72.9,14.2
2026-09-13 23:49:39,28.9,72.3,15.0
2026-09-13 23:50:09,28.9,73.9,14.2
2026-09-13 23:50:39,28.9,71.9,15.0
2026-09-13 23:51:09,28.8,71.7,14.2
2026-09-13 23:51:39,28.8,72.7,15.0
2026-09-13 23:52:09,28.8,72.0,15.0
2026-09-13 23:52:39,28.8,72.1,15.0
2026-09-13 23:53:09,28.7,72.5,15.0
2026-09-13 23:53:39,28.7,72.8,14.2
2026-09-13 23:54:09,28.7,73.1,15.0
2026-09-13 23:54:39,28.6,72.9,15.0
2026-09-13 23:55:09,28.6,72.0,14.2
2026-09-13 23:55:39,28.6,72.1,15.0
2026-09-13 23:56:09,28.6,72.5,15.0
2026-09-13 23:56:39,28.6,72.1,15.0
2026-09-13 23:57:09,28.6,72.3,15.0
2026-09-13 23:57:39,28.6,72.3,15.0
2026-09-13 23:58:09,28.5,72.2,15.0
2026-09-13 23:58:39,28.5,72.6,15.0
2026-09-13 23:59:09,28.5,72.7,14.2
2026-09-13 23:59:39,28.5,73.0,14.2
2026-09-14 00:00:09,28.5,73.5,15.0
2026-09-14 00:00:39,28.5,75.2,15.0
2026-09-14 00:01:09,28.5,74.5,15.0
2026-09-14 00:01:39,28.6,74.5,15.0
2026-09-14 00:02:09,28.6,74.9,14.2
2026-09-14 00:02:39,28.7,73.8,14.2
2026-09-14 00:03:09,28.7,75.3,14.2
2026-09-14 00:03:39,28.7,75.7,14.2
2026-09-14 00:04:09,28.7,74.3,14.2
2026-09-14 00:04:39,28.8,73.6,14.2
2026-09-14 00:05:09,28.8,73.5,14.2
2026-09-14 00:05:39,28.8,72.6,14.2
2026-09-14 00:06:09,28.8,73.0,14.2
2026-09-14 00:06:39,28.8,73.7,13.3
2026-09-14 00:07:09,28.8,73.8,13.3
2026-09-14 00:07:39,28.8,73.7,14.2
2026-09-14 00:08:09,28.8,73.2,14.2
2026-09-14 00:08:39,28.8,72.9,14.2
2026-09-14 00:09:09,28.8,72.5,14.2
2026-09-14 00:09:39,28.8,72.0,14.2
2026-09-14 00:10:09,28.8,71.6,14.2
2026-09-14 00:10:39,28.8,71.4,14.2
2026-09-14 00:11:09,28.8,71.4,14.2
2026-09-14 00:11:39,28.7,75.9,14.2
2026-09-14 00:12:09,28.7,73.5,14.2
2026-09-14 00:12:39,28.7,74.3,14.2
2026-09-14 00:13:09,28.8,72.9,14.2
2026-09-14 00:13:39,28.8,72.7,14.2
2026-09-14 00:14:09,28.8,74.9,14.2
2026-09-14 00:14:39,28.8,73.8,14.2
2026-09-14 00:15:09,28.8,73.6,14.2
2026-09-14 00:15:39,28.8,74.8,0.0
2026-09-14 00:16:09,28.8,72.8,0.0
2026-09-14 00:16:39,28.8,75.7,0.0
2026-09-14 00:17:09,28.8,75.1,0.0
2026-09-14 00:17:39,28.9,73.7,0.0
2026-09-14 00:18:09,28.9,73.5,0.0
2026-09-14 00:18:39,28.9,73.9,0.0
2026-09-14 00:19:09,28.9,72.7,0.0
2026-09-14 00:19:39,28.9,71.3,0.0
2026-09-14 00:20:09,28.9,72.3,0.0
2026-09-14 00:20:39,28.8,72.1,0.0
2026-09-14 00:21:09,28.8,72.9,0.0
2026-09-14 00:21:39,28.8,73.5,0.0
2026-09-14 00:22:09,28.8,74.5,0.0
2026-09-14 00:22:39,28.8,75.1,0.0
2026-09-14 00:23:09,28.8,72.3,0.0
2026-09-14 00:23:39,28.8,73.6,0.0
2026-09-14 00:24:09,28.8,73.2,0.0
2026-09-14 00:24:39,28.8,72.4,0.0
2026-09-14 00:25:09,28.8,72.1,0.0
2026-09-14 00:25:39,28.8,71.7,0.0
2026-09-14 00:26:09,28.8,71.9,0.0
2026-09-14 00:26:39,28.7,71.8,0.0
2026-09-14 00:27:09,28.7,73.5,0.0
2026-09-14 00:27:39,28.7,73.9,0.0
2026-09-14 00:28:09,28.7,74.2,0.0
2026-09-14 00:28:39,28.6,73.2,0.0
2026-09-14 00:29:09,28.6,74.3,0.0
2026-09-14 00:29:39,28.7,74.8,0.0
2026-09-14 00:30:09,28.7,73.6,0.0
2026-09-14 00:30:39,28.7,73.9,0.0
2026-09-14 00:31:09,28.7,74.3,0.0
2026-09-14 00:31:39,28.7,73.2,0.0
2026-09-14 00:32:09,28.7,73.7,0.0
2026-09-14 00:32:39,28.7,75.7,0.0
2026-09-14 00:33:09,28.7,73.7,0.0
2026-09-14 00:33:39,28.7,73.3,0.0
2026-09-14 00:34:09,28.8,72.6,0.0
2026-09-14 00:34:39,28.7,73.0,0.0
2026-09-14 00:35:09,28.7,74.4,0.0
2026-09-14 00:35:39,28.7,72.5,0.0
2026-09-14 00:36:09,28.7,71.8,0.0
2026-09-14 00:36:39,28.7,71.8,0.0
2026-09-14 00:37:09,28.7,71.9,0.0
2026-09-14 00:37:39,28.6,71.8,0.0
2026-09-14 00:38:09,28.6,73.6,0.0
2026-09-14 00:38:39,28.6,72.4,0.0
2026-09-14 00:39:09,28.6,72.4,0.0
2026-09-14 00:39:39,28.6,72.4,0.0
2026-09-14 00:40:09,28.5,72.3,0.0
2026-09-14 00:40:39,28.5,72.2,0.0
2026-09-14 00:41:09,28.5,72.8,0.0
2026-09-14 00:41:39,28.5,72.7,0.0
2026-09-14 00:42:09,28.5,72.4,0.0
2026-09-14 00:42:39,28.5,73.4,0.0
2026-09-14 00:43:09,28.5,73.5,0.0
2026-09-14 00:43:39,28.5,73.4,0.0
2026-09-14 00:44:09,28.5,73.8,0.0
2026-09-14 00:44:39,28.4,75.4,0.0
2026-09-14 00:45:09,28.4,73.6,0.0
2026-09-14 00:45:39,28.5,72.8,0.0
2026-09-14 00:46:09,28.5,74.5,0.0
2026-09-14 00:46:39,28.5,73.5,0.0
2026-09-14 00:47:09,28.5,72.8,0.0
2026-09-14 00:47:39,28.5,75.1,0.0
2026-09-14 00:48:09,28.5,74.6,0.0
2026-09-14 00:48:39,28.5,74.2,0.0
2026-09-14 00:49:09,28.5,74.4,0.0
2026-09-14 00:49:39,28.6,73.8,0.0
2026-09-14 00:50:09,28.6,73.8,0.0
2026-09-14 00:50:39,28.6,73.7,0.0
2026-09-14 00:51:09,28.6,73.6,0.0
2026-09-14 00:51:39,28.6,72.8,0.0
2026-09-14 00:52:09,28.6,73.7,0.0
2026-09-14 00:52:39,28.6,73.2,0.0
2026-09-14 00:53:09,28.6,72.9,0.0
2026-09-14 00:53:39,28.6,74.0,0.0
2026-09-14 00:54:09,28.6,74.6,0.0
2026-09-14 00:54:39,28.6,73.1,0.0
2026-09-14 00:55:09,28.6,73.2,0.0
2026-09-14 00:55:39,28.6,73.1,0.0
2026-09-14 00:56:09,28.6,72.6,0.0
2026-09-14 00:56:39,28.6,72.6,0.0
2026-09-14 00:57:09,28.6,73.1,0.0
2026-09-14 00:57:39,28.5,75.6,0.0
2026-09-14 00:58:09,28.5,73.9,0.0
2026-09-14 00:58:39,28.5,73.4,0.0
2026-09-14 00:59:09,28.5,74.9,0.0
2026-09-14 00:59:39,28.6,73.3,0.0
2026-09-14 01:00:09,28.6,73.4,0.0
2026-09-14 01:00:39,28.6,75.2,0.0
2026-09-14 01:01:09,28.6,74.1,0.0
2026-09-14 01:01:39,28.6,73.1,0.0
2026-09-14 01:02:09,28.6,75.4,0.0
2026-09-14 01:02:39,28.6,74.7,0.0
2026-09-14 01:03:09,28.6,73.3,0.0
2026-09-14 01:03:39,28.6,73.0,0.0
2026-09-14 01:04:09,28.6,72.6,0.0
2026-09-14 01:04:39,28.6,73.0,0.0
2026-09-14 01:05:09,28.6,75.3,0.0
2026-09-14 01:05:39,28.6,73.7,0.0
2026-09-14 01:06:09,28.6,75.0,0.0
2026-09-14 01:06:39,28.6,74.6,0.0
2026-09-14 01:07:09,28.6,73.5,0.0
2026-09-14 01:07:39,28.6,74.6,0.0
2026-09-14 01:08:09,28.6,73.0,0.0
2026-09-14 01:08:39,28.6,72.9,0.0
2026-09-14 01:09:09,28.5,73.7,0.0
2026-09-14 01:09:39,28.5,73.5,0.0
2026-09-14 01:10:09,28.5,75.8,0.0
2026-09-14 01:10:39,28.5,74.4,0.0
2026-09-14 01:11:09,28.5,74.2,0.0
2026-09-14 01:11:39,28.5,75.3,0.0
2026-09-14 01:12:09,28.4,76.8,0.0
2026-09-14 01:12:39,28.5,75.4,0.0
2026-09-14 01:13:09,28.5,74.8,0.0
2026-09-14 01:13:39,28.5,74.6,0.0
2026-09-14 01:14:09,28.5,75.2,0.0
2026-09-14 01:14:39,28.5,75.3,0.0
2026-09-14 01:15:09,28.5,74.8,0.0
2026-09-14 01:15:39,28.5,75.0,0.0
2026-09-14 01:16:09,28.5,74.6,0.0
2026-09-14 01:16:39,28.5,76.6,0.0
2026-09-14 01:17:09,28.5,74.8,0.0
2026-09-14 01:17:39,28.6,74.3,0.0
2026-09-14 01:18:09,28.6,75.2,0.0
2026-09-14 01:18:39,28.6,75.8,0.0
2026-09-14 01:19:09,28.6,75.0,0.0
2026-09-14 01:19:39,28.6,74.0,0.0
2026-09-14 01:20:09,28.6,75.1,0.0
2026-09-14 01:20:39,28.6,74.2,0.0
2026-09-14 01:21:09,28.5,75.6,0.0
2026-09-14 01:21:39,28.5,74.6,0.0
2026-09-14 01:22:09,28.6,75.2,0.0
2026-09-14 01:22:39,28.6,75.3,0.0
2026-09-14 01:23:09,28.5,74.6,0.0
2026-09-14 01:23:39,28.5,75.3,0.0
2026-09-14 01:24:09,28.5,74.5,0.0
2026-09-14 01:24:39,28.5,73.8,0.0
2026-09-14 01:25:09,28.5,74.4,0.0
2026-09-14 01:25:39,28.5,75.1,0.0
2026-09-14 01:26:09,28.5,75.8,0.0
2026-09-14 01:26:39,28.5,74.4,0.0
2026-09-14 01:27:09,28.5,74.2,0.0
2026-09-14 01:27:39,28.5,74.3,0.0
2026-09-14 01:28:09,28.5,73.6,0.0
2026-09-14 01:28:39,28.5,74.6,0.0
2026-09-14 01:29:09,28.5,74.5,0.0
2026-09-14 01:29:39,28.4,74.1,0.0
2026-09-14 01:30:09,28.4,75.1,0.0
2026-09-14 01:30:39,28.4,74.4,0.0
2026-09-14 01:31:09,28.4,74.1,0.0
2026-09-14 01:31:39,28.4,74.4,0.0
2026-09-14 01:32:09,28.4,75.4,0.0
2026-09-14 01:32:39,28.4,74.7,0.0
2026-09-14 01:33:09,28.4,74.3,0.0
2026-09-14 01:33:39,28.4,73.5,0.0
2026-09-14 01:34:09,28.4,73.4,0.0
2026-09-14 01:34:39,28.4,74.1,0.0
2026-09-14 01:35:09,28.4,75.1,0.0
2026-09-14 01:35:39,28.4,73.7,0.0
2026-09-14 01:36:09,28.4,73.7,0.0
2026-09-14 01:36:39,28.3,74.5,0.0
2026-09-14 01:37:09,28.3,74.5,0.0
2026-09-14 01:37:39,28.3,75.4,0.0
2026-09-14 01:38:09,28.3,76.9,0.0
2026-09-14 01:38:39,28.3,76.4,0.0
2026-09-14 01:39:09,28.4,75.6,0.0
2026-09-14 01:39:39,28.4,74.8,0.0
2026-09-14 01:40:09,28.4,75.5,0.0
2026-09-14 01:40:39,28.4,75.0,0.0
2026-09-14 01:41:09,28.4,75.2,0.0
2026-09-14 01:41:39,28.4,74.6,0.0
2026-09-14 01:42:09,28.4,74.1,0.0
2026-09-14 01:42:39,28.4,74.8,0.0
2026-09-14 01:43:09,28.4,74.4,0.0
2026-09-14 01:43:39,28.4,74.8,0.0
2026-09-14 01:44:09,28.4,73.8,0.0
2026-09-14 01:44:39,28.3,73.7,0.0
2026-09-14 01:45:09,28.3,74.3,0.0
2026-09-14 01:45:39,28.3,76.2,0.0
2026-09-14 01:46:09,28.3,75.7,0.0
2026-09-14 01:46:39,28.3,74.3,0.0
2026-09-14 01:47:09,28.3,74.5,0.0
2026-09-14 01:47:39,28.3,75.0,0.0
2026-09-14 01:48:08,28.3,75.2,0.0
2026-09-14 01:48:38,28.3,74.9,0.0
2026-09-14 01:49:08,28.3,74.7,0.0
2026-09-14 01:49:38,28.3,75.2,0.0
2026-09-14 01:50:08,28.3,74.5,0.0
2026-09-14 01:50:38,28.2,75.4,0.0
2026-09-14 01:51:08,28.2,76.3,0.0
2026-09-14 01:51:38,28.3,76.3,0.0
2026-09-14 01:52:08,28.3,75.5,0.0
2026-09-14 01:52:38,28.2,75.1,0.0
2026-09-14 01:53:08,28.3,75.0,0.0
2026-09-14 01:53:38,28.3,75.9,0.0
2026-09-14 01:54:08,28.3,75.0,0.0
2026-09-14 01:54:38,28.3,76.6,0.0
2026-09-14 01:55:08,28.4,76.5,0.0
2026-09-14 01:55:38,28.4,75.7,0.0
2026-09-14 01:56:08,28.4,74.7,0.0
2026-09-14 01:56:38,28.5,75.3,0.0
2026-09-14 01:57:08,28.5,75.4,0.0
2026-09-14 01:57:38,28.4,73.5,0.0
2026-09-14 01:58:08,28.4,73.3,0.0
2026-09-14 01:58:38,28.4,73.6,0.0
2026-09-14 01:59:08,28.4,73.3,0.0
2026-09-14 01:59:38,28.3,73.4,0.0
2026-09-14 02:00:08,28.3,73.7,0.0
2026-09-14 02:00:38,28.3,74.5,0.0
2026-09-14 02:01:08,28.3,74.5,0.0
2026-09-14 02:01:38,28.3,74.4,0.0
2026-09-14 02:02:08,28.2,74.5,0.0
2026-09-14 02:02:38,28.2,74.1,0.0
2026-09-14 02:03:08,28.2,74.6,0.0
2026-09-14 02:03:38,28.2,75.1,0.0
2026-09-14 02:04:08,28.2,75.1,0.0
2026-09-14 02:04:38,28.2,74.8,0.0
2026-09-14 02:05:08,28.3,76.0,0.0
2026-09-14 02:05:38,28.2,74.8,0.0
2026-09-14 02:06:08,28.3,74.5,0.0
2026-09-14 02:06:38,28.3,77.3,0.0
2026-09-14 02:07:08,28.3,75.4,0.0
2026-09-14 02:07:38,28.3,74.8,0.0
2026-09-14 02:08:08,28.4,74.3,0.0
2026-09-14 02:08:38,28.4,75.0,0.0
2026-09-14 02:09:08,28.4,74.0,0.0
2026-09-14 02:09:38,28.3,73.8,0.0
2026-09-14 02:10:08,28.3,75.4,0.0
2026-09-14 02:10:38,28.3,74.8,0.0
2026-09-14 02:11:08,28.3,75.8,0.0
2026-09-14 02:11:38,28.3,74.1,0.0
2026-09-14 02:12:08,28.4,74.1,0.0
2026-09-14 02:12:38,28.3,74.7,0.0
2026-09-14 02:13:08,28.3,74.2,0.0
2026-09-14 02:13:38,28.3,75.1,0.0
2026-09-14 02:14:08,28.3,74.0,0.0
2026-09-14 02:14:38,28.3,73.8,0.0
2026-09-14 02:15:08,28.3,73.9,0.0
2026-09-14 02:15:38,28.3,74.2,0.0
2026-09-14 02:16:08,28.2,73.8,0.0
2026-09-14 02:16:38,28.2,74.0,0.0
2026-09-14 02:17:08,28.2,74.0,0.0
2026-09-14 02:17:38,28.2,74.7,0.0
2026-09-14 02:18:08,28.2,76.2,0.0
2026-09-14 02:18:38,28.2,75.2,0.0
2026-09-14 02:19:08,28.2,74.6,0.0
2026-09-14 02:19:38,28.2,75.5,0.0
2026-09-14 02:20:08,28.2,75.2,0.0
2026-09-14 02:20:38,28.3,74.6,0.0
2026-09-14 02:21:08,28.3,74.4,0.0
2026-09-14 02:21:38,28.3,74.2,0.0
2026-09-14 02:22:08,28.2,74.7,0.0
2026-09-14 02:22:38,28.2,74.1,0.0
2026-09-14 02:23:08,28.3,74.2,0.0
2026-09-14 02:23:38,28.2,74.4,0.0
2026-09-14 02:24:08,28.2,74.9,0.0
2026-09-14 02:24:38,28.3,74.8,0.0
2026-09-14 02:25:08,28.3,76.0,0.0
2026-09-14 02:25:38,28.3,74.5,0.0
2026-09-14 02:26:08,28.3,75.2,0.0
2026-09-14 02:26:38,28.4,74.3,0.0
2026-09-14 02:27:08,28.3,73.9,0.0
2026-09-14 02:27:38,28.3,74.4,0.0
2026-09-14 02:28:08,28.3,74.6,0.0
2026-09-14 02:28:38,28.3,74.5,0.0
2026-09-14 02:29:08,28.3,73.5,0.0
2026-09-14 02:29:38,28.3,75.2,0.0
2026-09-14 02:30:08,28.4,74.3,0.0
2026-09-14 02:30:38,28.3,75.1,0.0
2026-09-14 02:31:08,28.3,74.8,0.0
2026-09-14 02:31:38,28.4,73.5,0.0
2026-09-14 02:32:08,28.4,73.7,0.0
2026-09-14 02:32:38,28.4,74.0,0.0
2026-09-14 02:33:08,28.3,73.4,0.0
2026-09-14 02:33:38,28.3,73.3,0.0
2026-09-14 02:34:08,28.3,74.8,0.0
2026-09-14 02:34:38,28.3,74.0,0.0
2026-09-14 02:35:08,28.3,73.8,0.0
2026-09-14 02:35:38,28.3,74.3,0.0
2026-09-14 02:36:08,28.3,73.9,0.0
2026-09-14 02:36:38,28.3,73.2,0.0
2026-09-14 02:37:08,28.3,73.6,0.0
2026-09-14 02:37:38,28.3,73.6,0.0
2026-09-14 02:38:08,28.2,74.4,0.0
2026-09-14 02:38:38,28.2,74.6,0.0
2026-09-14 02:39:08,28.2,75.0,0.0
2026-09-14 02:39:38,28.2,74.4,0.0
2026-09-14 02:40:08,28.3,74.7,0.0
2026-09-14 02:40:38,28.3,74.2,0.0
2026-09-14 02:41:08,28.3,74.2,0.0
2026-09-14 02:41:38,28.3,75.3,0.0
2026-09-14 02:42:08,28.3,75.7,0.0
2026-09-14 02:42:38,28.4,74.3,0.0
2026-09-14 02:43:08,28.4,75.2,0.0
2026-09-14 02:43:38,28.4,74.6,0.0
2026-09-14 02:44:08,28.4,74.4,0.0
2026-09-14 02:44:38,28.4,75.0,0.0
2026-09-14 02:45:08,28.4,73.7,0.0
2026-09-14 02:45:38,28.5,74.7,0.0
2026-09-14 02:46:08,28.5,73.6,0.0
2026-09-14 02:46:38,28.5,75.0,0.0
2026-09-14 02:47:08,28.5,74.0,0.0
2026-09-14 02:47:38,28.4,73.1,0.0
2026-09-14 02:48:08,28.5,74.4,0.0
2026-09-14 02:48:38,28.4,75.7,0.0
2026-09-14 02:49:08,28.5,74.6,0.0
2026-09-14 02:49:38,28.5,73.8,0.0
2026-09-14 02:50:08,28.5,73.9,0.0
2026-09-14 02:50:38,28.5,74.0,0.0
2026-09-14 02:51:08,28.5,74.0,0.0
2026-09-14 02:51:38,28.5,73.2,0.0
2026-09-14 02:52:08,28.5,73.7,0.0
2026-09-14 02:52:38,28.5,73.7,0.0
2026-09-14 02:53:08,28.5,73.7,0.0
2026-09-14 02:53:38,28.4,73.8,0.0
2026-09-14 02:54:08,28.5,74.2,0.0
2026-09-14 02:54:38,28.4,74.6,0.0
2026-09-14 02:55:08,28.5,73.4,0.0
2026-09-14 02:55:38,28.5,73.7,0.0
2026-09-14 02:56:08,28.5,75.3,0.0
2026-09-14 02:56:38,28.5,73.1,0.0
2026-09-14 02:57:08,28.5,74.1,0.0
2026-09-14 02:57:38,28.5,73.0,0.0
2026-09-14 02:58:08,28.5,74.5,0.0
2026-09-14 02:58:38,28.4,74.2,0.0
2026-09-14 02:59:08,28.5,74.4,0.0
2026-09-14 02:59:38,28.5,73.9,0.0
2026-09-14 03:00:08,28.4,74.4,0.0
2026-09-14 03:00:38,28.5,74.8,0.0
2026-09-14 03:01:08,28.5,73.7,0.0
2026-09-14 03:01:38,28.5,75.6,0.0
2026-09-14 03:02:08,28.5,75.3,0.0
2026-09-14 03:02:38,28.5,73.6,0.0
2026-09-14 03:03:08,28.6,72.3,0.0
2026-09-14 03:03:38,28.6,72.2,0.0
2026-09-14 03:04:08,28.6,73.1,0.0
2026-09-14 03:04:38,28.5,73.4,0.0
2026-09-14 03:05:08,28.5,73.3,0.0
2026-09-14 03:05:38,28.5,73.2,0.0
2026-09-14 03:06:08,28.5,72.8,0.0
2026-09-14 03:06:38,28.4,72.7,0.0
2026-09-14 03:07:08,28.4,72.9,0.0
2026-09-14 03:07:38,28.4,72.9,0.0
2026-09-14 03:08:08,28.3,72.6,0.0
2026-09-14 03:08:38,28.3,72.8,0.0
2026-09-14 03:09:08,28.3,73.1,0.0
2026-09-14 03:09:38,28.2,73.6,0.0
2026-09-14 03:10:08,28.2,74.5,0.0
2026-09-14 03:10:38,28.2,73.9,0.0
2026-09-14 03:11:08,28.2,73.7,0.0
2026-09-14 03:11:38,28.2,73.4,0.0
2026-09-14 03:12:08,28.2,73.8,0.0
2026-09-14 03:12:38,28.2,74.6,0.0
2026-09-14 03:13:08,28.2,74.2,0.0
2026-09-14 03:13:38,28.2,73.6,0.0
2026-09-14 03:14:08,28.2,74.1,0.0
2026-09-14 03:14:38,28.2,73.7,0.0
2026-09-14 03:15:08,28.2,73.6,0.0
2026-09-14 03:15:38,28.2,74.1,0.0
2026-09-14 03:16:08,28.2,74.8,0.0
2026-09-14 03:16:38,28.2,74.3,0.0
2026-09-14 03:17:08,28.2,73.6,0.0
2026-09-14 03:17:38,28.2,75.5,0.0
2026-09-14 03:18:08,28.2,75.1,0.0
2026-09-14 03:18:38,28.3,75.4,0.0
2026-09-14 03:19:08,28.3,75.3,0.0
2026-09-14 03:19:38,28.3,73.9,0.0
2026-09-14 03:20:08,28.3,75.8,0.0
2026-09-14 03:20:38,28.3,74.3,0.0
2026-09-14 03:21:08,28.4,73.7,0.0
2026-09-14 03:21:38,28.4,74.4,0.0
2026-09-14 03:22:08,28.4,73.1,0.0
2026-09-14 03:22:38,28.3,73.5,0.0
2026-09-14 03:23:08,28.3,73.3,0.0
2026-09-14 03:23:38,28.3,73.5,0.0
2026-09-14 03:24:08,28.2,75.0,0.0
2026-09-14 03:24:38,28.3,74.5,0.0
2026-09-14 03:25:08,28.2,74.3,0.0
2026-09-14 03:25:38,28.3,74.5,0.0
2026-09-14 03:26:08,28.3,75.3,0.0
2026-09-14 03:26:38,28.3,74.5,0.0
2026-09-14 03:27:08,28.3,74.1,0.0
2026-09-14 03:27:38,28.3,73.9,0.0
2026-09-14 03:28:08,28.3,73.8,0.0
2026-09-14 03:28:38,28.3,74.3,0.0
2026-09-14 03:29:08,28.2,73.4,0.0
2026-09-14 03:29:38,28.2,73.3,0.0
2026-09-14 03:30:08,28.2,73.3,0.0
2026-09-14 03:30:38,28.1,73.7,0.0
2026-09-14 03:31:08,28.1,75.2,0.0
2026-09-14 03:31:38,28.1,74.9,0.0
2026-09-14 03:32:08,28.1,76.1,0.0
2026-09-14 03:32:38,28.1,74.7,0.0
2026-09-14 03:33:08,28.2,74.5,0.0
2026-09-14 03:33:38,28.2,76.6,0.0
2026-09-14 03:34:08,28.2,76.3,0.0
2026-09-14 03:34:38,28.2,74.9,0.0
2026-09-14 03:35:08,28.3,75.7,0.0
2026-09-14 03:35:38,28.3,73.9,0.0
2026-09-14 03:36:08,28.3,73.6,0.0
2026-09-14 03:36:38,28.3,73.7,0.0
2026-09-14 03:37:08,28.3,73.7,0.0
2026-09-14 03:37:38,28.3,75.4,0.0
2026-09-14 03:38:08,28.2,75.7,0.0
2026-09-14 03:38:38,28.3,74.1,0.0
2026-09-14 03:39:08,28.3,75.4,0.0
2026-09-14 03:39:38,28.3,73.6,0.0
2026-09-14 03:40:08,28.3,74.5,0.0
2026-09-14 03:40:38,28.3,74.6,0.0
2026-09-14 03:41:08,28.3,74.0,0.0
2026-09-14 03:41:38,28.3,74.0,0.0
2026-09-14 03:42:08,28.3,73.6,0.0
2026-09-14 03:42:38,28.3,73.4,0.0
2026-09-14 03:43:08,28.3,74.6,0.0
2026-09-14 03:43:38,28.3,75.2,0.0
2026-09-14 03:44:08,28.4,73.8,0.0
2026-09-14 03:44:38,28.3,73.4,0.0
2026-09-14 03:45:08,28.3,73.5,0.0
2026-09-14 03:45:38,28.3,74.5,0.0
2026-09-14 03:46:08,28.2,73.8,0.0
2026-09-14 03:46:38,28.2,73.5,0.0
2026-09-14 03:47:08,28.2,73.9,0.0
2026-09-14 03:47:38,28.2,74.2,0.0
2026-09-14 03:48:08,28.1,73.9,0.0
2026-09-14 03:48:38,28.1,74.9,0.0
2026-09-14 03:49:08,28.1,74.8,0.0
2026-09-14 03:49:38,28.1,74.5,0.0
2026-09-14 03:50:08,28.1,74.0,0.0
2026-09-14 03:50:38,28.1,73.9,0.0
2026-09-14 03:51:08,28.1,74.5,0.0
2026-09-14 03:51:38,28.1,74.5,0.0
2026-09-14 03:52:08,28.0,74.3,0.0
2026-09-14 03:52:38,28.0,74.8,0.0
2026-09-14 03:53:08,28.0,74.7,0.0
2026-09-14 03:53:38,28.0,75.1,0.0
2026-09-14 03:54:08,28.0,75.2,0.0
2026-09-14 03:54:38,28.0,74.4,0.0
2026-09-14 03:55:08,28.0,75.0,0.0
2026-09-14 03:55:38,28.1,74.6,0.0
2026-09-14 03:56:08,28.1,74.6,0.0
2026-09-14 03:56:38,28.1,74.9,0.0
2026-09-14 03:57:08,28.1,74.5,0.0
2026-09-14 03:57:38,28.0,74.9,0.0
2026-09-14 03:58:08,28.0,75.9,0.0
2026-09-14 03:58:38,28.0,75.9,0.0
2026-09-14 03:59:08,28.0,75.5,0.0
2026-09-14 03:59:38,28.0,76.3,0.0
2026-09-14 04:00:08,28.1,74.8,0.0
2026-09-14 04:00:38,28.1,74.8,0.0
2026-09-14 04:01:08,28.1,75.6,0.0
2026-09-14 04:01:38,28.1,74.9,0.0
2026-09-14 04:02:08,28.2,74.9,0.0
2026-09-14 04:02:38,28.2,74.4,0.0
2026-09-14 04:03:08,28.2,74.2,0.0
2026-09-14 04:03:38,28.1,74.6,0.0
2026-09-14 04:04:08,28.1,75.2,0.0
2026-09-14 04:04:38,28.1,74.6,0.0
2026-09-14 04:05:08,28.1,74.8,0.0
2026-09-14 04:05:38,28.1,75.9,0.0
2026-09-14 04:06:08,28.1,74.3,0.0
2026-09-14 04:06:38,28.1,75.2,0.0
2026-09-14 04:07:08,28.0,75.4,0.0
2026-09-14 04:07:38,28.0,74.6,0.0
2026-09-14 04:08:08,28.0,74.7,0.0
2026-09-14 04:08:38,28.0,75.4,0.0
2026-09-14 04:09:08,28.0,76.2,0.0
2026-09-14 04:09:38,28.0,75.9,0.0
2026-09-14 04:10:08,28.0,74.9,0.0
2026-09-14 04:10:38,28.1,75.5,0.0
2026-09-14 04:11:08,28.1,75.8,0.0
2026-09-14 04:11:38,28.1,75.5,0.0
2026-09-14 04:12:08,28.1,76.2,0.0
2026-09-14 04:12:38,28.1,75.8,0.0
2026-09-14 04:13:08,28.2,74.7,0.0
2026-09-14 04:13:38,28.2,74.9,0.0
2026-09-14 04:14:08,28.2,76.6,0.0
2026-09-14 04:14:38,28.2,74.7,0.0
2026-09-14 04:15:08,28.2,74.5,0.0
2026-09-14 04:15:38,28.2,74.5,0.0
2026-09-14 04:16:08,28.2,74.9,0.0
2026-09-14 04:16:38,28.2,75.5,0.0
2026-09-14 04:17:08,28.1,75.5,0.0
2026-09-14 04:17:38,28.1,74.5,0.0
2026-09-14 04:18:08,28.2,74.2,0.0
2026-09-14 04:18:38,28.2,74.4,0.0
2026-09-14 04:19:08,28.1,74.2,0.0
2026-09-14 04:19:38,28.1,74.8,0.0
2026-09-14 04:20:08,28.0,75.7,0.0
2026-09-14 04:20:38,27.9,75.1,0.0
2026-09-14 04:21:08,28.0,75.9,0.0
2026-09-14 04:21:38,28.0,76.5,0.0
2026-09-14 04:22:08,28.0,75.7,0.0
2026-09-14 04:22:38,28.0,75.4,0.0
2026-09-14 04:23:08,28.1,74.9,0.0
2026-09-14 04:23:38,28.0,74.6,0.0
2026-09-14 04:24:08,28.0,75.7,0.0
2026-09-14 04:24:38,27.9,74.9,0.0
2026-09-14 04:25:08,28.0,75.0,0.0
2026-09-14 04:25:38,28.0,75.0,0.0
2026-09-14 04:26:08,27.9,75.1,0.0
2026-09-14 04:26:38,27.9,75.2,0.0
2026-09-14 04:27:08,27.9,75.8,0.0
2026-09-14 04:27:38,27.8,75.4,0.0
2026-09-14 04:28:08,27.8,75.1,0.0
2026-09-14 04:28:38,27.8,75.6,0.0
2026-09-14 04:29:08,27.7,76.0,0.0
2026-09-14 04:29:38,27.7,75.5,0.0
2026-09-14 04:30:08,27.8,75.7,0.0
2026-09-14 04:30:38,27.7,76.2,0.0
2026-09-14 04:31:08,27.7,76.7,0.0
2026-09-14 04:31:38,27.7,76.6,0.0
2026-09-14 04:32:08,27.8,75.6,0.0
2026-09-14 04:32:38,27.8,75.9,0.0
2026-09-14 04:33:08,27.8,75.7,0.0
2026-09-14 04:33:38,27.7,76.0,0.0
2026-09-14 04:34:08,27.8,75.8,0.0
2026-09-14 04:34:38,27.8,76.1,0.0
2026-09-14 04:35:08,27.8,76.3,0.0
2026-09-14 04:35:38,27.8,76.0,0.0
2026-09-14 04:36:08,27.8,75.5,0.0
2026-09-14 04:36:38,27.9,76.5,0.0
2026-09-14 04:37:08,27.9,76.3,0.0
2026-09-14 04:37:38,27.9,76.2,0.0
2026-09-14 04:38:08,27.9,75.9,0.0
2026-09-14 04:38:38,27.9,75.3,0.0
2026-09-14 04:39:08,28.0,75.3,0.0
2026-09-14 04:39:38,28.0,76.0,0.0
2026-09-14 04:40:08,27.9,75.8,0.0
2026-09-14 04:40:38,27.9,75.7,0.0
2026-09-14 04:41:08,27.9,75.7,0.0
2026-09-14 04:41:38,27.9,75.2,0.0
2026-09-14 04:42:08,27.9,76.2,0.0
2026-09-14 04:42:38,27.9,75.6,0.0
2026-09-14 04:43:08,27.9,75.6,0.0
2026-09-14 04:43:38,27.9,75.6,0.0
2026-09-14 04:44:08,27.9,75.5,0.0
2026-09-14 04:44:38,27.9,75.2,0.0
2026-09-14 04:45:08,27.9,74.8,0.0
2026-09-14 04:45:38,27.9,75.2,0.0
2026-09-14 04:46:08,27.8,75.3,0.0
2026-09-14 04:46:38,27.8,75.5,0.0
2026-09-14 04:47:08,27.8,75.8,0.0
2026-09-14 04:47:38,27.7,75.5,0.0
2026-09-14 04:48:08,27.8,75.9,0.0
2026-09-14 04:48:38,27.7,75.8,0.0
2026-09-14 04:49:08,27.7,75.8,0.0
2026-09-14 04:49:38,27.7,75.9,0.0
2026-09-14 04:50:08,27.7,75.7,0.0
2026-09-14 04:50:38,27.7,75.4,0.0
2026-09-14 04:51:08,27.7,75.5,0.0
2026-09-14 04:51:38,27.7,75.8,0.0
2026-09-14 04:52:08,27.7,77.8,0.0
2026-09-14 04:52:38,27.8,76.5,0.0
2026-09-14 04:53:08,27.8,76.2,0.0
2026-09-14 04:53:38,27.8,76.2,0.0
2026-09-14 04:54:08,27.9,75.5,0.0
2026-09-14 04:54:38,27.8,75.5,0.0
2026-09-14 04:55:08,27.8,75.8,0.0
2026-09-14 04:55:38,27.8,75.5,0.0
2026-09-14 04:56:08,27.8,75.4,0.0
2026-09-14 04:56:38,27.8,76.8,0.0
2026-09-14 04:57:08,27.8,76.0,0.0
2026-09-14 04:57:38,27.8,76.1,0.0
2026-09-14 04:58:08,27.8,76.0,0.0
2026-09-14 04:58:38,27.8,76.1,0.0
2026-09-14 04:59:08,27.8,75.7,0.0
2026-09-14 04:59:38,27.8,75.4,0.0
2026-09-14 05:00:08,27.9,76.1,0.0
2026-09-14 05:00:38,27.8,76.7,0.0
2026-09-14 05:01:08,27.9,75.7,0.0
2026-09-14 05:01:38,27.8,75.2,0.0
2026-09-14 05:02:08,27.9,75.3,0.0
2026-09-14 05:02:38,27.9,75.5,0.0
2026-09-14 05:03:08,27.9,75.6,0.0
2026-09-14 05:03:38,27.8,75.3,0.0
2026-09-14 05:04:08,27.8,75.3,0.0
2026-09-14 05:04:38,27.8,75.8,0.0
2026-09-14 05:05:08,27.8,75.8,0.0
2026-09-14 05:05:38,27.8,75.7,0.0
2026-09-14 05:06:08,27.8,75.4,0.0
2026-09-14 05:06:38,27.9,75.6,0.0
2026-09-14 05:07:08,27.8,75.9,0.0
2026-09-14 05:07:38,27.8,75.7,0.0
2026-09-14 05:08:08,27.8,75.3,0.0
2026-09-14 05:08:38,27.8,75.6,0.0
2026-09-14 05:09:08,27.8,76.7,0.0
2026-09-14 05:09:38,27.8,76.5,0.0
2026-09-14 05:10:08,27.8,76.2,0.0
2026-09-14 05:10:38,27.8,76.0,0.0
2026-09-14 05:11:08,27.8,77.0,0.0
2026-09-14 05:11:38,27.8,76.0,0.0
2026-09-14 05:12:08,27.9,76.4,0.0
2026-09-14 05:12:38,27.9,76.0,0.0
2026-09-14 05:13:08,27.9,76.2,0.0
2026-09-14 05:13:38,27.9,76.5,0.0
2026-09-14 05:14:08,27.9,75.9,0.0
2026-09-14 05:14:38,28.0,75.5,0.0
2026-09-14 05:15:08,27.9,75.1,0.0
2026-09-14 05:15:38,28.0,75.2,0.0
2026-09-14 05:16:08,27.9,75.8,0.0
2026-09-14 05:16:38,27.9,75.5,0.0
2026-09-14 05:17:08,27.9,75.5,0.0
2026-09-14 05:17:38,27.9,75.2,0.0
2026-09-14 05:18:08,27.9,75.3,0.0
2026-09-14 05:18:38,27.9,76.5,0.0
2026-09-14 05:19:08,27.9,75.3,0.0
2026-09-14 05:19:38,27.9,75.3,0.0
2026-09-14 05:20:08,27.9,75.1,0.0
2026-09-14 05:20:38,27.9,75.1,0.0
2026-09-14 05:21:08,27.9,74.8,0.0
2026-09-14 05:21:38,27.8,75.3,0.0
2026-09-14 05:22:08,27.8,75.1,0.0
2026-09-14 05:22:38,27.8,75.2,0.0
2026-09-14 05:23:08,27.7,75.8,0.0
2026-09-14 05:23:38,27.7,75.5,0.0
2026-09-14 05:24:08,27.7,75.5,0.0
2026-09-14 05:24:38,27.7,75.6,0.0
2026-09-14 05:25:08,27.6,76.3,0.0
2026-09-14 05:25:38,27.6,76.1,0.0
2026-09-14 05:26:08,27.6,76.4,0.0
2026-09-14 05:26:38,27.6,75.9,0.0
2026-09-14 05:27:08,27.6,75.9,0.0
2026-09-14 05:27:38,27.7,76.2,0.0
2026-09-14 05:28:08,27.7,75.5,0.0
2026-09-14 05:28:38,27.7,76.1,0.0
2026-09-14 05:29:08,27.7,76.1,0.0
2026-09-14 05:29:38,27.7,75.7,0.0
2026-09-14 05:30:08,27.7,76.3,0.0
2026-09-14 05:30:38,27.8,75.9,0.0
2026-09-14 05:31:08,27.8,75.7,0.0
2026-09-14 05:31:38,27.8,76.6,0.0
2026-09-14 05:32:08,27.9,75.3,0.0
2026-09-14 05:32:38,27.9,75.7,0.0
2026-09-14 05:33:08,27.9,76.0,0.0
2026-09-14 05:33:38,27.9,75.3,0.0
2026-09-14 05:34:08,28.0,75.2,0.0
2026-09-14 05:34:38,28.0,75.5,0.0
2026-09-14 05:35:08,28.0,75.8,0.0
2026-09-14 05:35:38,28.0,75.3,0.0
2026-09-14 05:36:08,28.1,75.4,0.0
2026-09-14 05:36:38,28.0,76.1,0.0
2026-09-14 05:37:08,28.0,75.4,0.0
2026-09-14 05:37:38,28.1,74.9,0.0
2026-09-14 05:38:08,28.1,74.8,0.0
2026-09-14 05:38:38,28.1,74.2,0.0
2026-09-14 05:39:08,28.1,74.5,0.0
2026-09-14 05:39:38,28.0,74.6,0.8
2026-09-14 05:40:08,28.0,74.9,0.8
2026-09-14 05:40:38,28.0,75.2,0.8
2026-09-14 05:41:08,28.0,75.3,0.8
2026-09-14 05:41:38,28.0,75.4,0.8
2026-09-14 05:42:08,28.0,74.7,0.8
2026-09-14 05:42:38,28.0,74.7,0.8
2026-09-14 05:43:08,28.0,74.3,0.8
2026-09-14 05:43:38,28.0,74.6,0.8
2026-09-14 05:44:08,27.9,75.0,0.8
2026-09-14 05:44:38,27.9,75.2,0.8
2026-09-14 05:45:08,27.9,75.3,0.8
2026-09-14 05:45:38,27.9,74.9,0.8
2026-09-14 05:46:08,27.9,75.5,0.8
2026-09-14 05:46:38,27.9,75.4,0.8
2026-09-14 05:47:08,27.9,75.3,0.8
2026-09-14 05:47:38,27.8,75.3,0.8
2026-09-14 05:48:08,27.8,75.2,0.8
2026-09-14 05:48:38,27.8,75.2,0.8
2026-09-14 05:49:08,27.8,75.5,1.7
2026-09-14 05:49:38,27.8,75.8,1.7
2026-09-14 05:50:08,27.8,75.5,1.7
2026-09-14 05:50:38,27.9,75.5,1.7
2026-09-14 05:51:08,27.9,75.5,1.7
2026-09-14 05:51:38,27.8,75.3,1.7
2026-09-14 05:52:08,27.8,75.0,1.7
2026-09-14 05:52:38,27.8,74.9,1.7
2026-09-14 05:53:08,27.8,75.1,1.7
2026-09-14 05:53:38,27.8,75.2,1.7
2026-09-14 05:54:08,27.7,75.5,1.7
2026-09-14 05:54:38,27.7,76.3,1.7
2026-09-14 05:55:08,27.7,76.1,1.7
2026-09-14 05:55:38,27.7,75.8,1.7
2026-09-14 05:56:08,27.7,75.4,1.7
2026-09-14 05:56:38,27.7,75.7,1.7
2026-09-14 05:57:08,27.7,75.5,1.7
2026-09-14 05:57:38,27.7,75.8,2.5
2026-09-14 05:58:08,27.7,75.7,2.5
2026-09-14 05:58:38,27.7,75.4,2.5
2026-09-14 05:59:08,27.8,75.4,2.5
2026-09-14 05:59:38,27.8,75.4,2.5
2026-09-14 06:00:08,27.8,75.7,2.5
2026-09-14 06:00:38,27.7,75.6,2.5
2026-09-14 06:01:08,27.7,75.6,2.5
2026-09-14 06:01:38,27.7,75.5,2.5
2026-09-14 06:02:08,27.7,75.6,2.5
2026-09-14 06:02:38,27.7,76.2,3.3
2026-09-14 06:03:08,27.7,76.0,3.3
2026-09-14 06:03:38,27.7,76.0,3.3
2026-09-14 06:04:08,27.7,76.1,4.2
2026-09-14 06:04:38,27.7,75.7,4.2
2026-09-14 06:05:08,27.7,77.1,4.2
2026-09-14 06:05:38,27.8,76.3,4.2
2026-09-14 06:06:08,27.8,75.6,4.2
2026-09-14 06:06:38,27.8,75.4,4.2
2026-09-14 06:07:08,27.9,75.1,4.2
2026-09-14 06:07:38,27.8,75.2,4.2
2026-09-14 06:08:08,27.8,75.7,5.0
2026-09-14 06:08:38,27.7,75.7,5.0
2026-09-14 06:09:08,27.8,75.7,5.0
2026-09-14 06:09:38,27.7,76.3,5.0
2026-09-14 06:10:08,27.8,75.7,5.0
2026-09-14 06:10:38,27.8,75.1,5.0
2026-09-14 06:11:08,27.9,75.4,4.2
2026-09-14 06:11:38,27.9,75.7,4.2
2026-09-14 06:12:08,27.8,76.1,4.2
2026-09-14 06:12:38,27.9,75.2,4.2
2026-09-14 06:13:08,27.9,74.8,4.2
2026-09-14 06:13:38,27.9,75.1,4.2
2026-09-14 06:14:08,27.9,76.0,3.3
2026-09-14 06:14:38,27.9,75.4,3.3
2026-09-14 06:15:08,28.0,75.6,3.3
2026-09-14 06:15:38,27.9,75.1,5.0
2026-09-14 06:16:08,28.0,75.1,5.0
2026-09-14 06:16:38,28.0,75.3,5.0
2026-09-14 06:17:08,28.0,75.7,5.0
2026-09-14 06:17:38,27.9,75.4,5.0
2026-09-14 06:18:08,28.0,75.6,5.0
2026-09-14 06:18:38,27.9,75.7,5.0
2026-09-14 06:19:08,27.9,74.8,5.0
2026-09-14 06:19:38,27.9,76.2,5.0
2026-09-14 06:20:08,27.9,75.7,5.8
2026-09-14 06:20:38,27.9,75.0,5.8
2026-09-14 06:21:08,27.9,74.9,6.7
2026-09-14 06:21:38,27.9,75.0,6.7
2026-09-14 06:22:08,27.9,76.1,6.7
2026-09-14 06:22:38,27.9,75.8,7.5
2026-09-14 06:23:08,27.9,75.7,7.5
2026-09-14 06:23:38,27.9,75.4,8.3
2026-09-14 06:24:08,28.0,75.8,8.3
2026-09-14 06:24:38,27.9,76.0,8.3
2026-09-14 06:25:08,28.0,76.2,8.3
2026-09-14 06:25:38,28.0,76.4,8.3
2026-09-14 06:26:08,28.0,76.6,8.3
2026-09-14 06:26:38,28.1,76.0,8.3
2026-09-14 06:27:08,28.1,75.9,8.3
2026-09-14 06:27:38,28.2,75.7,8.3
2026-09-14 06:28:08,28.1,75.8,8.3
2026-09-14 06:28:38,28.2,74.3,8.3
2026-09-14 06:29:08,28.2,75.4,8.3
2026-09-14 06:29:38,28.2,74.3,8.3
2026-09-14 06:30:08,28.2,74.9,8.3
2026-09-14 06:30:38,28.2,75.2,8.3
2026-09-14 06:31:08,28.2,74.9,9.2
2026-09-14 06:31:38,28.2,75.6,9.2
2026-09-14 06:32:08,28.2,75.0,9.2
2026-09-14 06:32:38,28.2,74.7,10.0
2026-09-14 06:33:08,28.2,74.9,10.0
2026-09-14 06:33:38,28.2,74.8,10.0
2026-09-14 06:34:08,28.2,75.3,10.0
2026-09-14 06:34:38,28.2,75.2,10.0
2026-09-14 06:35:08,28.2,75.5,10.8
2026-09-14 06:35:38,28.2,74.8,11.7
2026-09-14 06:36:08,28.2,75.0,11.7
2026-09-14 06:36:38,28.2,74.9,12.5
2026-09-14 06:37:08,28.2,75.5,13.3
2026-09-14 06:37:38,28.1,75.4,14.2
2026-09-14 06:38:08,28.1,75.6,14.2
2026-09-14 06:38:38,28.1,76.2,14.2
2026-09-14 06:39:08,28.1,76.3,15.0
2026-09-14 06:39:38,28.1,76.4,15.8
2026-09-14 06:40:08,28.2,75.5,16.7
2026-09-14 06:40:38,28.1,75.7,16.7
2026-09-14 06:41:08,28.1,75.3,17.5
2026-09-14 06:41:38,28.2,75.5,17.5
2026-09-14 06:42:08,28.1,75.7,17.5
2026-09-14 06:42:38,28.0,76.1,17.5
2026-09-14 06:43:08,28.0,76.4,18.3
2026-09-14 06:43:38,28.0,76.4,19.2
2026-09-14 06:44:08,28.0,76.4,19.2
2026-09-14 06:44:38,28.0,76.7,19.2
2026-09-14 06:45:08,28.0,76.7,19.2
2026-09-14 06:45:38,28.0,76.7,30.8
2026-09-14 06:46:08,27.9,76.6,30.8
2026-09-14 06:46:38,27.9,76.6,31.7
2026-09-14 06:47:08,27.9,76.5,31.7
2026-09-14 06:47:38,27.9,77.0,32.5
2026-09-14 06:48:08,27.9,76.6,32.5
2026-09-14 06:48:38,27.9,76.7,33.3
2026-09-14 06:49:08,27.9,76.9,33.3
2026-09-14 06:49:38,28.0,76.6,35.0
2026-09-14 06:50:08,28.0,75.9,35.8
2026-09-14 06:50:38,28.0,76.3,36.7
2026-09-14 06:51:08,28.0,76.2,37.5
2026-09-14 06:51:38,28.0,76.2,38.3
2026-09-14 06:52:08,28.0,76.2,38.3
2026-09-14 06:52:38,28.0,76.1,39.2
2026-09-14 06:53:08,28.0,75.9,39.2
2026-09-14 06:53:38,28.0,76.3,38.3
2026-09-14 06:54:08,28.0,76.6,36.7
2026-09-14 06:54:38,28.0,76.3,36.7
2026-09-14 06:55:08,28.0,76.3,35.8
2026-09-14 06:55:38,28.0,76.8,35.0
2026-09-14 06:56:08,28.0,76.5,33.3
2026-09-14 06:56:38,28.0,76.7,32.5
2026-09-14 06:57:08,28.0,77.1,31.7
2026-09-14 06:57:38,28.0,76.7,32.5
2026-09-14 06:58:08,28.0,77.2,34.2
2026-09-14 06:58:38,28.0,77.3,35.0
2026-09-14 06:59:08,28.0,76.9,35.8
2026-09-14 06:59:38,28.0,77.5,36.7
2026-09-14 07:00:08,28.1,77.4,36.7
2026-09-14 07:00:38,28.1,76.6,35.8
2026-09-14 07:01:08,28.1,76.5,35.8
2026-09-14 07:01:38,28.2,76.2,35.0
2026-09-14 07:02:08,28.2,75.7,34.2
2026-09-14 07:02:38,28.1,75.9,33.3
2026-09-14 07:03:08,28.1,75.8,33.3
2026-09-14 07:03:38,28.1,75.8,32.5
2026-09-14 07:04:08,28.1,76.3,31.7
2026-09-14 07:04:38,28.1,76.7,30.8
2026-09-14 07:05:08,28.1,76.4,30.8
2026-09-14 07:05:38,28.1,75.8,30.0
2026-09-14 07:06:08,28.1,75.6,29.2
2026-09-14 07:06:38,28.1,75.4,29.2
2026-09-14 07:07:08,28.1,76.1,29.2
2026-09-14 07:07:38,28.1,75.7,19.2
2026-09-14 07:08:08,28.1,75.7,20.0
2026-09-14 07:08:38,28.1,76.0,19.2
2026-09-14 07:09:08,28.1,76.4,20.0
2026-09-14 07:09:38,28.1,76.9,20.8
2026-09-14 07:10:08,28.2,76.1,21.7
2026-09-14 07:10:38,28.2,75.3,21.7
2026-09-14 07:11:08,28.2,75.1,21.7
2026-09-14 07:11:38,28.2,75.3,21.7
2026-09-14 07:12:08,28.2,75.2,22.5
2026-09-14 07:12:38,28.1,75.3,23.3
2026-09-14 07:13:08,28.1,75.4,24.2
2026-09-14 07:13:38,28.0,75.8,25.0
2026-09-14 07:14:08,28.0,75.9,26.7
2026-09-14 07:14:38,28.0,76.7,28.3
2026-09-14 07:15:08,28.0,76.2,30.0
2026-09-14 07:15:38,28.0,76.1,30.8
2026-09-14 07:16:08,28.0,76.3,30.8
2026-09-14 07:16:38,28.0,76.4,30.8
2026-09-14 07:17:08,28.0,76.2,30.8
2026-09-14 07:17:38,28.0,76.4,31.7
2026-09-14 07:18:08,28.0,76.6,32.5
2026-09-14 07:18:38,28.0,76.4,34.2
2026-09-14 07:19:08,28.0,76.3,35.0
2026-09-14 07:19:38,28.0,76.0,36.7
2026-09-14 07:20:08,28.0,75.6,36.7
2026-09-14 07:20:38,28.0,75.4,35.8
2026-09-14 07:21:08,28.0,75.8,35.8
2026-09-14 07:21:38,27.9,76.1,35.0
2026-09-14 07:22:08,27.9,76.1,34.2
2026-09-14 07:22:38,27.9,76.4,33.3
2026-09-14 07:23:08,27.9,76.8,32.5
2026-09-14 07:23:38,27.9,76.7,32.5
2026-09-14 07:24:08,27.9,76.8,32.5
2026-09-14 07:24:38,27.9,76.7,32.5
2026-09-14 07:25:08,28.0,76.3,31.7
2026-09-14 07:25:38,28.0,76.7,31.7
2026-09-14 07:26:08,28.0,76.8,30.8
2026-09-14 07:26:38,28.0,77.6,31.7
2026-09-14 07:27:08,28.1,77.7,31.7
2026-09-14 07:27:38,28.1,76.7,33.3
2026-09-14 07:28:08,28.2,76.5,33.3
2026-09-14 07:28:38,28.2,76.7,33.3
2026-09-14 07:29:08,28.2,75.3,32.5
2026-09-14 07:29:38,28.3,74.9,32.5
2026-09-14 07:30:08,28.3,74.9,32.5
2026-09-14 07:30:38,28.3,75.3,34.2
2026-09-14 07:31:08,28.3,75.4,34.2
2026-09-14 07:31:38,28.3,76.4,35.0
2026-09-14 07:32:08,28.3,76.7,35.0
2026-09-14 07:32:38,28.4,75.3,35.0
2026-09-14 07:33:08,28.4,76.4,35.0
2026-09-14 07:33:38,28.4,76.0,35.0
2026-09-14 07:34:08,28.5,76.4,35.8
2026-09-14 07:34:38,28.5,75.4,35.8
2026-09-14 07:35:08,28.5,75.0,36.7
2026-09-14 07:35:38,28.5,75.5,37.5
2026-09-14 07:36:08,28.5,74.8,37.5
2026-09-14 07:36:38,28.5,73.3,37.5
2026-09-14 07:37:08,28.5,73.9,37.5
2026-09-14 07:37:38,28.5,73.9,36.7
2026-09-14 07:38:08,28.5,73.8,36.7
2026-09-14 07:38:38,28.5,73.6,36.7
2026-09-14 07:39:08,28.5,73.7,36.7
2026-09-14 07:39:38,28.4,74.7,36.7
2026-09-14 07:40:08,28.4,74.5,35.8
2026-09-14 07:40:38,28.4,74.5,35.8
2026-09-14 07:41:08,28.4,75.7,35.0
2026-09-14 07:41:38,28.4,76.2,34.2
2026-09-14 07:42:08,28.4,75.5,33.3
2026-09-14 07:42:38,28.4,75.9,33.3
2026-09-14 07:43:08,28.4,76.0,33.3
2026-09-14 07:43:38,28.5,75.5,33.3
2026-09-14 07:44:08,28.4,74.4,33.3
2026-09-14 07:44:38,28.5,73.6,33.3
2026-09-14 07:45:08,28.4,73.7,32.5
2026-09-14 07:45:38,28.4,74.0,33.3
2026-09-14 07:46:08,28.4,74.3,33.3
2026-09-14 07:46:38,28.3,75.3,35.8
2026-09-14 07:47:08,28.3,75.0,37.5
2026-09-14 07:47:38,28.3,74.4,39.2
2026-09-14 07:48:08,28.3,74.5,40.0
2026-09-14 07:48:38,28.3,75.2,40.0
2026-09-14 07:49:08,28.3,74.5,41.7
2026-09-14 07:49:38,28.3,74.2,42.5
2026-09-14 07:50:08,28.3,74.5,42.5
2026-09-14 07:50:38,28.3,74.3,41.7
2026-09-14 07:51:08,28.3,74.6,41.7
2026-09-14 07:51:38,28.3,74.3,43.3
2026-09-14 07:52:08,28.2,74.4,42.5
2026-09-14 07:52:38,28.2,74.2,43.3
2026-09-14 07:53:08,28.2,76.0,43.3
2026-09-14 07:53:38,28.2,76.6,44.2
2026-09-14 07:54:08,28.2,76.0,45.0
2026-09-14 07:54:38,28.2,75.4,45.0
2026-09-14 07:55:08,28.2,74.4,45.0
2026-09-14 07:55:38,28.3,74.4,44.2
2026-09-14 07:56:08,28.2,75.2,42.5
2026-09-14 07:56:38,28.2,76.1,41.7
2026-09-14 07:57:08,28.2,75.1,41.7
2026-09-14 07:57:38,28.2,75.5,40.8
2026-09-14 07:58:08,28.2,75.0,40.8
2026-09-14 07:58:38,28.3,75.8,40.8
2026-09-14 07:59:08,28.3,75.9,41.7
2026-09-14 07:59:38,28.3,74.8,41.7
2026-09-14 08:00:08,28.3,75.7,41.7
2026-09-14 08:00:38,28.4,74.6,42.5
2026-09-14 08:01:08,28.4,74.3,43.3
2026-09-14 08:01:38,28.4,74.2,45.0
2026-09-14 08:02:08,28.4,75.5,45.8
2026-09-14 08:02:38,28.3,75.3,45.8
2026-09-14 08:03:08,28.4,74.1,45.8
2026-09-14 08:03:38,28.4,74.3,45.8
2026-09-14 08:04:08,28.4,73.9,44.2
2026-09-14 08:04:38,28.4,74.3,45.0
2026-09-14 08:05:08,28.4,74.9,45.0
2026-09-14 08:05:38,28.4,74.3,45.0
2026-09-14 08:06:08,28.4,74.7,45.8
2026-09-14 08:06:38,28.4,74.6,46.7
2026-09-14 08:07:08,28.4,74.5,46.7
2026-09-14 08:07:38,28.4,74.2,46.7
2026-09-14 08:08:08,28.4,75.4,46.7
2026-09-14 08:08:38,28.4,75.2,46.7
2026-09-14 08:09:08,28.4,75.2,46.7
2026-09-14 08:09:38,28.4,75.4,46.7
2026-09-14 08:10:08,28.4,75.0,47.5
2026-09-14 08:10:38,28.4,74.8,48.3
2026-09-14 08:11:08,28.4,74.0,50.0
2026-09-14 08:11:38,28.4,74.4,50.8
2026-09-14 08:12:08,28.4,76.0,50.8
2026-09-14 08:12:38,28.4,75.9,50.8
2026-09-14 08:13:08,28.4,74.6,50.0
2026-09-14 08:13:38,28.4,74.7,50.0
2026-09-14 08:14:08,28.4,74.5,49.2
2026-09-14 08:14:38,28.4,73.8,49.2
2026-09-14 08:15:08,28.4,74.4,48.3
2026-09-14 08:15:38,28.4,73.6,47.5
2026-09-14 08:16:08,28.4,74.3,46.7
2026-09-14 08:16:38,28.4,73.7,45.8
2026-09-14 08:17:08,28.4,74.2,45.0
2026-09-14 08:17:38,28.4,73.5,45.0
2026-09-14 08:18:08,28.4,74.0,45.0
2026-09-14 08:18:38,28.4,74.4,44.2
2026-09-14 08:19:08,28.4,73.8,44.2
2026-09-14 08:19:38,28.4,73.3,45.0
2026-09-14 08:20:08,28.4,74.4,45.0
2026-09-14 08:20:38,28.4,74.0,45.8
2026-09-14 08:21:08,28.3,74.3,45.8
2026-09-14 08:21:38,28.3,74.1,46.7
2026-09-14 08:22:08,28.3,73.7,47.5
2026-09-14 08:22:38,28.3,73.9,47.5
2026-09-14 08:23:08,28.3,74.3,47.5
2026-09-14 08:23:38,28.3,75.1,47.5
2026-09-14 08:24:08,28.3,75.0,47.5
2026-09-14 08:24:38,28.3,74.7,47.5
2026-09-14 08:25:08,28.3,74.8,46.7
2026-09-14 08:25:38,28.3,74.6,45.8
2026-09-14 08:26:08,28.3,74.7,45.0
2026-09-14 08:26:38,28.3,74.9,45.0
2026-09-14 08:27:08,28.3,74.0,44.2
2026-09-14 08:27:38,28.3,75.6,43.3
2026-09-14 08:28:08,28.3,74.8,42.5
2026-09-14 08:28:38,28.3,74.5,42.5
2026-09-14 08:29:08,28.3,74.5,42.5
2026-09-14 08:29:38,28.3,74.8,42.5
2026-09-14 08:30:08,28.3,74.8,43.3
2026-09-14 08:30:38,28.3,75.1,43.3
2026-09-14 08:31:08,28.3,75.3,43.3
2026-09-14 08:31:38,28.3,75.1,42.5
2026-09-14 08:32:08,28.3,75.2,42.5
2026-09-14 08:32:38,28.3,75.1,42.5
2026-09-14 08:33:08,28.3,74.8,42.5
2026-09-14 08:33:38,28.3,75.1,41.7
2026-09-14 08:34:08,28.3,75.8,40.0
2026-09-14 08:34:38,28.3,74.5,39.2
2026-09-14 08:35:08,28.4,74.3,39.2
2026-09-14 08:35:38,28.4,74.3,39.2
2026-09-14 08:36:08,28.4,75.6,39.2
2026-09-14 08:36:38,28.3,75.1,39.2
2026-09-14 08:37:08,28.4,74.9,38.3
2026-09-14 08:37:38,28.4,74.8,37.5
2026-09-14 08:38:08,28.4,74.8,36.7
2026-09-14 08:38:38,28.4,74.4,35.8
2026-09-14 08:39:08,28.4,74.6,36.7
2026-09-14 08:39:38,28.3,74.3,37.5
2026-09-14 08:40:08,28.3,75.3,38.3
2026-09-14 08:40:38,28.4,74.6,37.5
2026-09-14 08:41:08,28.4,75.2,35.8
2026-09-14 08:41:38,28.4,75.2,34.2
2026-09-14 08:42:08,28.4,74.5,34.2
2026-09-14 08:42:38,28.4,74.4,36.7
2026-09-14 08:43:08,28.4,74.5,38.3
2026-09-14 08:43:38,28.4,74.6,42.5
2026-09-14 08:44:08,28.4,74.8,46.7
2026-09-14 08:44:38,28.4,75.8,52.5
2026-09-14 08:45:08,28.4,75.8,58.3
2026-09-14 08:45:38,28.4,74.7,60.8
2026-09-14 08:46:08,28.4,74.8,60.0
2026-09-14 08:46:38,28.4,74.5,60.8
2026-09-14 08:47:08,28.4,75.6,60.8
2026-09-14 08:47:38,28.4,75.1,62.5
2026-09-14 08:48:08,28.4,74.9,62.5
2026-09-14 08:48:38,28.4,74.6,62.5
2026-09-14 08:49:08,28.4,74.6,62.5
2026-09-14 08:49:38,28.4,74.5,63.3
2026-09-14 08:50:08,28.4,74.5,65.0
2026-09-14 08:50:38,28.4,74.1,65.0
2026-09-14 08:51:08,28.4,74.3,65.8
2026-09-14 08:51:38,28.4,74.1,65.8
2026-09-14 08:52:08,28.3,74.3,66.7
2026-09-14 08:52:38,28.3,74.9,67.5
2026-09-14 08:53:08,28.3,74.8,66.7
2026-09-14 08:53:38,28.3,75.5,67.5
2026-09-14 08:54:08,28.3,75.1,67.5
2026-09-14 08:54:38,28.3,74.3,66.7
2026-09-14 08:55:08,28.3,75.2,66.7
2026-09-14 08:55:38,28.3,74.8,65.8
2026-09-14 08:56:08,28.3,75.0,65.8
2026-09-14 08:56:38,28.3,74.7,65.8
2026-09-14 08:57:08,28.3,74.8,65.0
2026-09-14 08:57:38,28.4,74.9,65.0
2026-09-14 08:58:08,28.3,75.2,64.2
2026-09-14 08:58:38,28.4,74.8,63.3
2026-09-14 08:59:08,28.4,75.8,62.5
2026-09-14 08:59:38,28.4,74.4,61.7
2026-09-14 09:00:08,28.4,74.5,60.8
2026-09-14 09:00:38,28.4,75.4,60.8
2026-09-14 09:01:08,28.4,75.5,59.2
2026-09-14 09:01:38,28.4,73.9,58.3
2026-09-14 09:02:08,28.4,74.1,58.3
2026-09-14 09:02:38,28.4,74.1,58.3
2026-09-14 09:03:08,28.4,74.0,57.5
2026-09-14 09:03:38,28.4,74.2,55.0
2026-09-14 09:04:08,28.4,74.4,50.8
2026-09-14 09:04:38,28.4,74.4,50.0
2026-09-14 09:05:08,28.4,74.6,50.0
2026-09-14 09:05:38,28.4,74.6,50.8
2026-09-14 09:06:08,28.4,74.1,51.7
2026-09-14 09:06:38,28.4,74.4,55.0
2026-09-14 09:07:08,28.4,74.6,55.8
2026-09-14 09:07:38,28.4,74.3,55.0
2026-09-14 09:08:08,28.4,75.1,52.5
2026-09-14 09:08:38,28.4,74.5,51.7
2026-09-14 09:09:08,28.4,74.3,50.8
2026-09-14 09:09:38,28.4,74.3,50.0
2026-09-14 09:10:08,28.4,75.0,50.0
2026-09-14 09:10:38,28.4,75.7,50.8
2026-09-14 09:11:08,28.4,75.0,52.5
2026-09-14 09:11:38,28.5,74.6,55.0
2026-09-14 09:12:08,28.4,74.4,55.0
2026-09-14 09:12:38,28.4,74.4,55.0
2026-09-14 09:13:08,28.4,74.2,55.0
2026-09-14 09:13:38,28.4,74.7,52.5
2026-09-14 09:14:08,28.4,74.5,51.7
2026-09-14 09:14:38,28.4,75.3,50.8
2026-09-14 09:15:08,28.4,74.9,49.2
2026-09-14 09:15:38,28.4,74.4,48.3
2026-09-14 09:16:08,28.4,74.4,47.5
2026-09-14 09:16:38,28.4,74.2,46.7
2026-09-14 09:17:08,28.4,75.1,47.5
2026-09-14 09:17:38,28.4,75.2,49.2
2026-09-14 09:18:08,28.4,74.8,50.8
2026-09-14 09:18:38,28.4,74.8,51.7
2026-09-14 09:19:08,28.4,74.6,50.0
2026-09-14 09:19:38,28.3,74.9,46.7
2026-09-14 09:20:08,28.3,74.9,45.0
2026-09-14 09:20:38,28.3,74.9,45.0
2026-09-14 09:21:08,28.3,74.9,44.2
2026-09-14 09:21:38,28.3,74.8,42.5
2026-09-14 09:22:08,28.3,74.7,40.0
2026-09-14 09:22:38,28.3,75.2,38.3
2026-09-14 09:23:08,28.3,75.5,35.8
2026-09-14 09:23:38,28.2,75.6,32.5
2026-09-14 09:24:08,28.3,75.0,30.8
2026-09-14 09:24:38,28.3,75.8,30.0
2026-09-14 09:25:08,28.3,74.7,30.8
2026-09-14 09:25:38,28.4,75.1,30.8
2026-09-14 09:26:08,28.4,75.3,31.7
2026-09-14 09:26:38,28.4,74.8,34.2
2026-09-14 09:27:08,28.4,74.6,35.8
2026-09-14 09:27:38,28.4,74.6,35.0
2026-09-14 09:28:08,28.4,74.6,33.3
2026-09-14 09:28:38,28.4,74.0,33.3
2026-09-14 09:29:08,28.4,74.8,33.3
2026-09-14 09:29:38,28.4,75.5,32.5
2026-09-14 09:30:08,28.3,74.3,31.7
2026-09-14 09:30:38,28.4,74.2,32.5
2026-09-14 09:31:08,28.4,74.7,32.5
2026-09-14 09:31:38,28.4,74.9,33.3
2026-09-14 09:32:08,28.4,74.7,35.0
2026-09-14 09:32:38,28.3,75.1,38.3
2026-09-14 09:33:08,28.3,74.9,43.3
2026-09-14 09:33:38,28.4,75.4,46.7
2026-09-14 09:34:08,28.3,75.0,46.7
2026-09-14 09:34:38,28.4,74.6,45.8
2026-09-14 09:35:08,28.4,75.6,44.2
2026-09-14 09:35:38,28.4,75.3,39.2
2026-09-14 09:36:08,28.4,75.3,36.7
2026-09-14 09:36:38,28.4,74.8,35.0
2026-09-14 09:37:08,28.4,74.7,34.2
2026-09-14 09:37:38,28.4,75.3,34.2
2026-09-14 09:38:08,28.4,75.0,37.5
2026-09-14 09:38:38,28.4,74.5,40.0
2026-09-14 09:39:08,28.5,74.4,39.2
2026-09-14 09:39:38,28.4,74.2,35.8
2026-09-14 09:40:08,28.4,74.5,32.5
2026-09-14 09:40:38,28.4,74.3,34.2
2026-09-14 09:41:08,28.4,74.6,36.7
2026-09-14 09:41:38,28.4,75.6,35.8
2026-09-14 09:42:08,28.4,75.1,32.5
2026-09-14 09:42:38,28.4,75.9,30.8
2026-09-14 09:43:08,28.4,75.8,29.2
2026-09-14 09:43:38,28.4,75.9,27.5
2026-09-14 09:44:08,28.4,75.7,26.7
2026-09-14 09:44:38,28.4,75.9,27.5
2026-09-14 09:45:08,28.4,75.1,30.0
2026-09-14 09:45:38,28.5,74.8,32.5
2026-09-14 09:46:08,28.4,74.6,33.3
2026-09-14 09:46:38,28.4,74.6,30.8
2026-09-14 09:47:08,28.4,75.3,28.3
2026-09-14 09:47:38,28.4,75.3,26.7
2026-09-14 09:48:08,28.4,74.6,27.5
2026-09-14 09:48:38,28.4,75.3,29.2
2026-09-14 09:49:08,28.3,75.3,29.2
2026-09-14 09:49:38,28.3,75.1,27.5
2026-09-14 09:50:08,28.4,75.0,25.0
2026-09-14 09:50:38,28.3,76.1,23.3
2026-09-14 09:51:08,28.3,76.8,23.3
2026-09-14 09:51:38,28.3,75.7,23.3
2026-09-14 09:52:08,28.3,75.4,24.2
2026-09-14 09:52:38,28.3,75.3,26.7
2026-09-14 09:53:08,28.3,75.8,31.7
2026-09-14 09:53:38,28.3,76.2,36.7
2026-09-14 09:54:08,28.3,76.7,38.3
2026-09-14 09:54:38,28.2,77.0,34.2
2026-09-14 09:55:08,28.3,76.9,32.5
2026-09-14 09:55:38,28.3,76.2,34.2
2026-09-14 09:56:08,28.3,76.1,37.5
2026-09-14 09:56:38,28.3,76.3,43.3
2026-09-14 09:57:08,28.3,76.4,50.0
2026-09-14 09:57:38,28.3,76.2,55.0
2026-09-14 09:58:08,28.3,76.2,50.8
2026-09-14 09:58:38,28.3,76.7,45.8
2026-09-14 09:59:08,28.3,76.4,44.2
2026-09-14 09:59:38,28.3,76.3,44.2
2026-09-14 10:00:08,28.3,76.7,45.0
2026-09-14 10:00:38,28.3,76.7,49.2
2026-09-14 10:01:08,28.4,76.4,57.5
2026-09-14 10:01:38,28.4,76.3,61.7
2026-09-14 10:02:08,28.4,75.5,62.5
2026-09-14 10:02:38,28.4,75.4,63.3
2026-09-14 10:03:08,28.4,76.3,63.3
2026-09-14 10:03:38,28.4,75.9,62.5
2026-09-14 10:04:08,28.4,75.4,66.7
2026-09-14 10:04:38,28.4,75.6,72.5
2026-09-14 10:05:08,28.4,75.7,80.0
2026-09-14 10:05:38,28.4,75.4,86.7
2026-09-14 10:06:08,28.4,75.8,86.7
2026-09-14 10:06:38,28.4,75.9,80.0
2026-09-14 10:07:08,28.4,75.7,70.0
2026-09-14 10:07:38,28.4,76.0,59.2
2026-09-14 10:08:08,28.4,76.2,52.5
2026-09-14 10:08:38,28.3,76.4,50.0
2026-09-14 10:09:08,28.3,76.7,52.5
2026-09-14 10:09:38,28.3,77.0,56.7
2026-09-14 10:10:08,28.4,76.6,59.2
2026-09-14 10:10:38,28.3,76.9,61.7
2026-09-14 10:11:08,28.4,76.3,61.7
2026-09-14 10:11:38,28.4,76.3,60.0
2026-09-14 10:12:08,28.4,75.9,59.2
2026-09-14 10:12:38,28.3,76.7,55.8
2026-09-14 10:13:08,28.3,76.8,51.7
2026-09-14 10:13:38,28.3,75.9,49.2
2026-09-14 10:14:08,28.3,76.3,47.5
2026-09-14 10:14:38,28.3,76.6,48.3
2026-09-14 10:15:08,28.3,77.0,50.0
2026-09-14 10:15:38,28.3,77.2,54.2
2026-09-14 10:16:08,28.3,77.3,58.3
2026-09-14 10:16:38,28.4,77.3,62.5
2026-09-14 10:17:08,28.4,77.1,66.7
2026-09-14 10:17:38,28.4,77.2,69.2
2026-09-14 10:18:08,28.4,77.1,67.5
2026-09-14 10:18:38,28.4,76.5,59.2
2026-09-14 10:19:08,28.4,76.4,45.0
2026-09-14 10:19:38,28.4,76.7,32.5
2026-09-14 10:20:08,28.4,76.4,26.7
2026-09-14 10:20:38,28.3,76.6,28.3
2026-09-14 10:21:08,28.3,77.2,32.5
2026-09-14 10:21:38,28.3,77.0,40.0
2026-09-14 10:22:08,28.3,77.3,44.2
2026-09-14 10:22:38,28.3,77.2,45.8
2026-09-14 10:23:08,28.2,77.1,44.2
2026-09-14 10:23:38,28.2,77.8,42.5
2026-09-14 10:24:08,28.2,77.6,45.8
2026-09-14 10:24:38,28.2,77.5,51.7
2026-09-14 10:25:08,28.2,77.7,58.3
2026-09-14 10:25:38,28.2,77.6,60.0
2026-09-14 10:26:08,28.2,78.1,60.8
2026-09-14 10:26:38,28.1,78.0,63.3
2026-09-14 10:27:08,28.1,78.3,65.0
2026-09-14 10:27:38,28.1,78.4,69.2
2026-09-14 10:28:08,28.1,78.5,72.5
2026-09-14 10:28:38,28.1,78.8,66.7
2026-09-14 10:29:08,28.1,78.9,59.2
2026-09-14 10:29:38,28.1,78.9,48.3
2026-09-14 10:30:08,28.0,79.3,40.0
2026-09-14 10:30:38,28.1,79.1,35.0
2026-09-14 10:31:08,28.1,79.1,35.8
2026-09-14 10:31:38,28.1,78.7,35.8
2026-09-14 10:32:08,28.1,78.9,37.5
2026-09-14 10:32:38,28.1,78.7,44.2
2026-09-14 10:33:08,28.1,78.6,55.0
2026-09-14 10:33:38,28.1,78.8,63.3
2026-09-14 10:34:08,28.1,79.0,65.8
2026-09-14 10:34:38,28.1,79.0,66.7
2026-09-14 10:35:08,28.1,78.9,68.3
2026-09-14 10:35:38,28.0,79.0,63.3
2026-09-14 10:36:08,28.1,78.8,57.5
2026-09-14 10:36:38,28.1,78.8,60.0
2026-09-14 10:37:08,28.1,79.2,55.8
2026-09-14 10:37:38,28.1,79.3,45.8
2026-09-14 10:38:08,28.1,79.8,46.7
2026-09-14 10:38:38,28.1,79.7,52.5
2026-09-14 10:39:08,28.1,79.3,55.0
2026-09-14 10:39:38,28.1,79.3,52.5
2026-09-14 10:40:08,28.1,79.3,51.7
2026-09-14 10:40:38,28.1,79.7,50.0
2026-09-14 10:41:08,28.1,79.0,58.3
2026-09-14 10:41:38,28.1,78.9,64.2
2026-09-14 10:42:08,28.1,78.9,61.7
2026-09-14 10:42:38,28.2,78.8,58.3
2026-09-14 10:43:08,28.2,79.1,56.7
2026-09-14 10:43:38,28.2,79.4,50.8
2026-09-14 10:44:08,28.1,79.6,44.2
2026-09-14 10:44:38,28.1,79.7,39.2
2026-09-14 10:45:08,28.1,79.7,34.2
2026-09-14 10:45:38,28.1,80.0,30.8
2026-09-14 10:46:08,28.1,80.2,30.8
2026-09-14 10:46:38,28.0,80.4,30.8
2026-09-14 10:47:08,28.0,80.3,29.2
2026-09-14 10:47:38,28.0,80.5,28.3
2026-09-14 10:48:08,28.0,80.4,27.5
2026-09-14 10:48:38,28.0,80.4,26.7
2026-09-14 10:49:08,28.0,80.6,26.7
2026-09-14 10:49:38,28.0,80.4,28.3
2026-09-14 10:50:08,28.0,80.8,31.7
2026-09-14 10:50:38,28.0,80.7,33.3
2026-09-14 10:51:08,28.0,80.6,33.3
2026-09-14 10:51:38,27.9,81.3,36.7
2026-09-14 10:52:08,27.9,81.1,44.2
2026-09-14 10:52:38,27.9,81.1,43.3
2026-09-14 10:53:08,27.9,81.1,35.8
2026-09-14 10:53:38,27.9,81.1,32.5
2026-09-14 10:54:08,27.9,80.8,33.3
2026-09-14 10:54:38,27.9,80.6,34.2
2026-09-14 10:55:08,28.0,81.2,35.8
2026-09-14 10:55:38,28.0,81.8,38.3
2026-09-14 10:56:08,28.0,81.8,35.0
2026-09-14 10:56:38,28.0,81.6,26.7
2026-09-14 10:57:08,27.9,81.8,25.8
2026-09-14 10:57:38,27.9,81.5,30.0
2026-09-14 10:58:08,27.9,81.6,43.3
2026-09-14 10:58:38,27.9,81.7,47.5
2026-09-14 10:59:08,27.8,82.1,42.5
2026-09-14 10:59:38,27.8,82.0,35.0
2026-09-14 11:00:08,27.8,81.9,34.2
2026-09-14 11:00:38,27.8,82.4,34.2
2026-09-14 11:01:08,27.8,82.3,30.8
2026-09-14 11:01:38,27.8,82.6,26.7
2026-09-14 11:02:08,27.8,81.9,26.7
2026-09-14 11:02:38,27.8,82.5,32.5
2026-09-14 11:03:08,27.9,82.5,39.2
2026-09-14 11:03:38,27.8,82.4,44.2
2026-09-14 11:04:08,27.8,82.2,47.5
2026-09-14 11:04:38,27.8,82.2,45.0
2026-09-14 11:05:08,27.8,82.2,40.8
2026-09-14 11:05:38,27.8,82.5,40.8
2026-09-14 11:06:08,27.8,82.5,40.0
2026-09-14 11:06:38,27.8,82.6,43.3
2026-09-14 11:07:08,27.8,82.1,46.7
2026-09-14 11:07:38,27.8,81.9,40.8
2026-09-14 11:08:08,27.8,82.2,50.8
2026-09-14 11:08:38,27.8,82.2,68.3
2026-09-14 11:09:08,27.9,82.7,70.8
2026-09-14 11:09:38,27.9,82.3,70.0
2026-09-14 11:10:08,27.9,82.3,66.7
2026-09-14 11:10:38,27.9,82.8,69.2
2026-09-14 11:11:08,27.9,82.4,60.0
2026-09-14 11:11:38,27.9,82.3,55.8
2026-09-14 11:12:08,27.9,82.2,49.2
2026-09-14 11:12:38,27.9,82.2,38.3
2026-09-14 11:13:08,27.9,82.3,30.0
2026-09-14 11:13:38,27.9,82.3,25.0
2026-09-14 11:14:08,27.9,82.6,26.7
2026-09-14 11:14:38,27.9,82.3,35.0
2026-09-14 11:15:08,27.9,82.3,55.0
2026-09-14 11:15:38,28.0,82.4,74.2
2026-09-14 11:16:08,28.0,82.6,80.0
2026-09-14 11:16:38,28.0,83.2,75.8
2026-09-14 11:17:08,28.0,82.9,69.2
2026-09-14 11:17:38,28.0,83.7,61.7
2026-09-14 11:18:08,28.0,83.3,51.7
2026-09-14 11:18:38,28.0,82.6,42.5
2026-09-14 11:19:08,28.0,83.1,34.2
2026-09-14 11:19:38,28.0,83.1,26.7
2026-09-14 11:20:08,28.0,82.7,24.2
2026-09-14 11:20:38,28.0,83.0,26.7
2026-09-14 11:21:08,28.0,83.9,39.2
2026-09-14 11:21:38,28.0,84.1,64.2
2026-09-14 11:22:08,28.0,84.2,75.8
2026-09-14 11:22:38,27.9,84.2,77.5
2026-09-14 11:23:08,27.9,83.5,81.7
2026-09-14 11:23:38,27.8,84.3,85.0
2026-09-14 11:24:08,27.8,84.3,84.2
2026-09-14 11:24:38,27.8,83.7,79.2
2026-09-14 11:25:08,27.8,84.4,73.3
2026-09-14 11:25:38,27.8,84.3,67.5
2026-09-14 11:26:08,27.8,84.8,62.5
2026-09-14 11:26:38,27.8,84.4,65.8
2026-09-14 11:27:08,27.9,84.5,70.0
2026-09-14 11:27:38,27.9,85.1,62.5
2026-09-14 11:28:08,27.9,84.8,61.7
2026-09-14 11:28:38,27.9,84.6,64.2
2026-09-14 11:29:08,27.9,84.8,66.7
2026-09-14 11:29:38,27.9,85.2,76.7
2026-09-14 11:30:08,27.8,84.3,85.8
2026-09-14 11:30:38,27.8,85.5,94.2
2026-09-14 11:31:08,27.8,84.7,101.7
2026-09-14 11:31:38,27.9,85.3,105.0
2026-09-14 11:32:08,27.9,83.8,103.3
2026-09-14 11:32:38,27.9,83.8,98.3
2026-09-14 11:33:08,28.0,84.2,85.8
2026-09-14 11:33:38,28.0,84.5,72.5
2026-09-14 11:34:08,28.0,84.1,66.7
2026-09-14 11:34:38,28.0,83.7,70.0
2026-09-14 11:35:08,28.0,83.5,71.7
2026-09-14 11:35:38,28.0,83.9,69.2
2026-09-14 11:36:08,27.9,83.6,65.8
2026-09-14 11:36:38,27.9,83.5,68.3
2026-09-14 11:37:08,27.9,84.0,73.3
2026-09-14 11:37:38,27.9,84.3,75.0
2026-09-14 11:38:08,27.9,83.9,76.7
2026-09-14 11:38:38,28.0,84.7,75.8
2026-09-14 11:39:08,28.0,84.6,72.5
2026-09-14 11:39:38,27.9,84.3,66.7
2026-09-14 11:40:08,27.9,84.2,60.0
2026-09-14 11:40:38,27.9,83.8,57.5
2026-09-14 11:41:08,27.8,84.1,59.2
2026-09-14 11:41:38,27.8,84.4,64.2
2026-09-14 11:42:08,27.8,84.5,70.8
2026-09-14 11:42:38,27.8,84.2,74.2
2026-09-14 11:43:08,27.9,84.1,71.7
2026-09-14 11:43:38,27.9,84.4,64.2
2026-09-14 11:44:08,27.9,85.0,56.7
2026-09-14 11:44:38,27.9,84.4,49.2
2026-09-14 11:45:08,27.9,85.2,43.3
2026-09-14 11:45:38,27.9,84.1,38.3
2026-09-14 11:46:08,27.9,84.8,37.5
2026-09-14 11:46:38,27.9,85.0,39.2
2026-09-14 11:47:08,27.9,85.0,40.0
2026-09-14 11:47:38,27.9,84.2,39.2
2026-09-14 11:48:08,27.9,84.9,40.8
2026-09-14 11:48:38,27.9,83.9,42.5
2026-09-14 11:49:08,27.9,84.9,44.2
2026-09-14 11:49:38,28.0,84.9,43.3
2026-09-14 11:50:08,28.0,84.0,41.7
2026-09-14 11:50:38,28.0,83.6,41.7
2026-09-14 11:51:08,28.0,83.9,45.0
2026-09-14 11:51:38,28.0,83.6,55.0
2026-09-14 11:52:08,28.0,83.8,65.0
2026-09-14 11:52:38,28.0,83.4,75.0
2026-09-14 11:53:08,28.0,83.5,82.5
2026-09-14 11:53:38,28.0,84.5,85.8
2026-09-14 11:54:08,28.0,84.8,81.7
2026-09-14 11:54:38,28.0,84.0,70.8
2026-09-14 11:55:08,28.0,84.1,58.3
2026-09-14 11:55:38,27.9,84.3,50.0
2026-09-14 11:56:08,27.9,84.0,49.2
2026-09-14 11:56:38,27.9,83.8,52.5
2026-09-14 11:57:08,27.9,84.3,57.5
2026-09-14 11:57:38,28.0,83.7,56.7
2026-09-14 11:58:08,28.0,83.5,50.8
2026-09-14 11:58:38,28.0,83.8,41.7
2026-09-14 11:59:08,28.1,84.1,37.5
2026-09-14 11:59:38,28.1,84.2,36.7
2026-09-14 12:00:08,28.1,84.0,35.8
2026-09-14 12:00:38,28.1,84.3,35.0
2026-09-14 12:01:08,28.1,84.3,35.8
2026-09-14 12:01:38,28.1,84.2,37.5
2026-09-14 12:02:08,28.1,84.1,41.7
2026-09-14 12:02:38,28.1,84.0,45.8
2026-09-14 12:03:08,28.2,83.9,44.2
2026-09-14 12:03:38,28.2,84.2,38.3
2026-09-14 12:04:08,28.2,84.3,34.2
2026-09-14 12:04:38,28.1,84.6,33.3
2026-09-14 12:05:08,28.1,84.6,34.2
2026-09-14 12:05:38,28.1,84.5,35.8
2026-09-14 12:06:08,28.1,85.1,35.0
2026-09-14 12:06:38,28.1,85.2,35.8
2026-09-14 12:07:08,28.1,85.3,38.3
2026-09-14 12:07:38,28.1,85.3,38.3
2026-09-14 12:08:08,28.0,85.4,35.8
2026-09-14 12:08:38,28.0,85.7,35.0
2026-09-14 12:09:08,28.0,86.0,37.5
2026-09-14 12:09:38,28.0,85.3,37.5
2026-09-14 12:10:08,27.9,85.1,37.5
2026-09-14 12:10:38,27.9,85.7,42.5
2026-09-14 12:11:08,27.9,85.8,50.0
2026-09-14 12:11:38,27.8,86.1,52.5
2026-09-14 12:12:08,27.8,85.9,48.3
2026-09-14 12:12:38,27.8,86.6,45.8
2026-09-14 12:13:08,27.8,86.5,48.3
2026-09-14 12:13:38,27.7,86.3,58.3
2026-09-14 12:14:08,27.7,87.1,70.0
2026-09-14 12:14:38,27.7,87.2,75.8
2026-09-14 12:15:08,27.6,87.1,74.2
2026-09-14 12:15:38,27.6,86.9,74.2
2026-09-14 12:16:08,27.6,86.9,74.2
2026-09-14 12:16:38,27.6,86.7,73.3
2026-09-14 12:17:08,27.6,86.8,76.7
2026-09-14 12:17:38,27.6,86.8,82.5
2026-09-14 12:18:08,27.6,86.0,90.0
2026-09-14 12:18:38,27.7,86.0,110.0
2026-09-14 12:19:08,27.7,86.4,128.3
2026-09-14 12:19:38,27.7,86.5,134.2
2026-09-14 12:20:08,27.7,86.0,139.2
2026-09-14 12:20:38,27.8,86.3,147.5
2026-09-14 12:21:08,27.8,86.6,147.5
2026-09-14 12:21:38,27.8,86.8,130.8
2026-09-14 12:22:08,27.8,86.6,116.7
2026-09-14 12:22:38,27.8,86.3,120.0
2026-09-14 12:23:08,27.7,86.5,130.0
2026-09-14 12:23:38,27.7,86.4,131.7
2026-09-14 12:24:08,27.7,86.6,116.7
2026-09-14 12:24:38,27.7,85.9,98.3
2026-09-14 12:25:08,27.7,86.4,92.5
2026-09-14 12:25:38,27.7,86.4,89.2
2026-09-14 12:26:08,27.7,86.5,84.2
2026-09-14 12:26:38,27.7,86.2,75.0
2026-09-14 12:27:08,27.8,86.2,64.2
2026-09-14 12:27:38,27.8,85.9,55.0
2026-09-14 12:28:08,27.8,85.7,50.0
2026-09-14 12:28:38,27.8,85.9,52.5
2026-09-14 12:29:08,27.8,85.8,57.5
2026-09-14 12:29:38,27.8,86.2,59.2
2026-09-14 12:30:08,27.8,86.5,64.2
2026-09-14 12:30:38,27.8,86.1,71.7
2026-09-14 12:31:08,27.7,86.1,76.7
2026-09-14 12:31:38,27.7,85.8,78.3
2026-09-14 12:32:08,27.8,86.1,76.7
2026-09-14 12:32:38,27.8,85.9,73.3
2026-09-14 12:33:08,27.8,85.8,71.7
2026-09-14 12:33:38,27.8,86.3,70.0
2026-09-14 12:34:08,27.8,86.5,70.0
2026-09-14 12:34:38,27.8,86.4,75.0
2026-09-14 12:35:08,27.8,86.3,85.8
2026-09-14 12:35:38,27.8,86.3,95.0
2026-09-14 12:36:08,27.8,86.3,99.2
2026-09-14 12:36:38,27.8,86.1,98.3
2026-09-14 12:37:08,27.8,85.9,95.8
2026-09-14 12:37:38,27.8,86.0,92.5
2026-09-14 12:38:08,27.8,85.9,91.7
2026-09-14 12:38:38,27.9,85.5,93.3
2026-09-14 12:39:08,27.8,85.5,101.7
2026-09-14 12:39:38,27.9,85.7,113.3
2026-09-14 12:40:08,27.9,85.3,123.3
2026-09-14 12:40:38,27.9,85.4,129.2
2026-09-14 12:41:08,27.9,85.7,128.3
2026-09-14 12:41:38,27.9,86.1,122.5
2026-09-14 12:42:08,27.9,86.0,114.2
2026-09-14 12:42:38,27.9,86.0,109.2
2026-09-14 12:43:08,27.9,85.9,101.7
2026-09-14 12:43:38,27.9,86.0,96.7
2026-09-14 12:44:08,27.9,86.1,90.8
2026-09-14 12:44:38,27.9,85.6,86.7
2026-09-14 12:45:08,27.9,85.8,79.2
2026-09-14 12:45:38,27.8,85.7,73.3
2026-09-14 12:46:08,27.8,86.3,68.3
2026-09-14 12:46:38,27.8,86.5,65.8
2026-09-14 12:47:08,27.8,86.5,65.8
2026-09-14 12:47:38,27.8,86.4,69.2
2026-09-14 12:48:08,27.8,86.2,73.3
2026-09-14 12:48:38,27.8,85.7,75.0
2026-09-14 12:49:08,27.8,85.4,71.7
2026-09-14 12:49:38,27.8,86.2,66.7
2026-09-14 12:50:08,27.8,86.1,61.7
2026-09-14 12:50:38,27.8,86.1,60.8
2026-09-14 12:51:08,27.8,86.2,61.7
2026-09-14 12:51:38,27.8,86.3,60.8
2026-09-14 12:52:08,27.8,86.5,58.3
2026-09-14 12:52:38,27.8,86.1,55.0
2026-09-14 12:53:08,27.7,86.3,50.0
2026-09-14 12:53:38,27.7,86.2,45.8
2026-09-14 12:54:08,27.7,86.6,41.7
2026-09-14 12:54:38,27.7,86.3,39.2
2026-09-14 12:55:08,27.8,86.2,40.0
2026-09-14 12:55:38,27.8,86.2,43.3
2026-09-14 12:56:08,27.8,86.0,47.5
2026-09-14 12:56:38,27.8,86.2,50.0
2026-09-14 12:57:08,27.8,85.8,50.8
2026-09-14 12:57:38,27.8,85.9,48.3
2026-09-14 12:58:08,27.8,86.1,41.7
2026-09-14 12:58:38,27.8,86.0,38.3
2026-09-14 12:59:08,27.7,86.3,38.3
2026-09-14 12:59:38,27.7,86.3,45.0
2026-09-14 13:00:08,27.7,85.9,56.7
2026-09-14 13:00:38,27.7,85.9,65.8
2026-09-14 13:01:08,27.7,85.9,66.7
2026-09-14 13:01:38,27.7,86.0,65.8
2026-09-14 13:02:08,27.7,85.9,64.2
2026-09-14 13:02:38,27.7,86.3,57.5
2026-09-14 13:03:08,27.7,86.5,50.8
2026-09-14 13:03:38,27.7,86.7,50.8
2026-09-14 13:04:08,27.7,87.2,47.5
2026-09-14 13:04:38,27.6,86.5,44.2
2026-09-14 13:05:08,27.6,86.4,40.8
2026-09-14 13:05:38,27.6,86.8,37.5
2026-09-14 13:06:08,27.6,86.8,38.3
2026-09-14 13:06:38,27.6,87.3,38.3
2026-09-14 13:07:08,27.7,87.5,36.7
2026-09-14 13:07:38,27.7,87.9,40.8
2026-09-14 13:08:08,27.7,87.3,48.3
2026-09-14 13:08:38,27.6,87.8,55.8
2026-09-14 13:09:08,27.7,88.0,57.5
2026-09-14 13:09:38,27.7,87.6,57.5
2026-09-14 13:10:08,27.7,87.5,57.5
2026-09-14 13:10:38,27.6,87.5,62.5
2026-09-14 13:11:08,27.7,87.3,66.7
2026-09-14 13:11:38,27.7,87.1,70.0
2026-09-14 13:12:08,27.7,87.3,76.7
2026-09-14 13:12:38,27.7,87.7,85.0
2026-09-14 13:13:08,27.7,87.5,89.2
2026-09-14 13:13:38,27.7,87.2,88.3
2026-09-14 13:14:08,27.7,87.1,85.8
2026-09-14 13:14:38,27.8,87.3,80.0
2026-09-14 13:15:08,27.8,87.3,71.7
2026-09-14 13:15:38,27.8,86.9,61.7
2026-09-14 13:16:08,27.8,86.8,55.0
2026-09-14 13:16:38,27.8,86.9,55.8
2026-09-14 13:17:08,27.8,87.0,60.0
2026-09-14 13:17:38,27.8,86.9,61.7
2026-09-14 13:18:08,27.8,86.8,60.0
2026-09-14 13:18:38,27.8,87.1,63.3
2026-09-14 13:19:08,27.8,86.9,77.5
2026-09-14 13:19:38,27.8,86.6,88.3
2026-09-14 13:20:08,27.8,86.6,90.8
2026-09-14 13:20:38,27.8,86.6,90.8
2026-09-14 13:21:08,27.8,86.3,85.8
2026-09-14 13:21:38,27.8,86.5,81.7
2026-09-14 13:22:08,27.8,86.7,83.3
2026-09-14 13:22:38,27.8,86.7,86.7
2026-09-14 13:23:08,27.8,86.8,88.3
2026-09-14 13:23:38,27.8,87.0,92.5
2026-09-14 13:24:08,27.8,86.7,100.8
2026-09-14 13:24:38,27.8,87.1,102.5
2026-09-14 13:25:08,27.8,86.7,108.3
2026-09-14 13:25:38,27.8,86.6,117.5
2026-09-14 13:26:08,27.8,86.3,123.3
2026-09-14 13:26:38,27.9,86.4,121.7
2026-09-14 13:27:08,27.9,86.5,117.5
2026-09-14 13:27:38,27.9,86.7,114.2
2026-09-14 13:28:08,27.9,86.5,108.3
2026-09-14 13:28:38,27.9,86.3,95.8
2026-09-14 13:29:08,27.9,86.5,88.3
2026-09-14 13:29:38,27.9,86.3,80.8
2026-09-14 13:30:08,27.9,86.3,71.7
2026-09-14 13:30:38,27.9,86.4,59.2
2026-09-14 13:31:08,27.9,86.6,48.3
2026-09-14 13:31:38,27.9,86.6,44.2
2026-09-14 13:32:08,27.9,86.3,41.7
2026-09-14 13:32:38,27.9,86.4,34.2
2026-09-14 13:33:08,27.9,86.1,25.8
2026-09-14 13:33:38,27.9,86.2,23.3
2026-09-14 13:34:08,27.9,86.7,25.8
2026-09-14 13:34:38,27.9,86.9,27.5
2026-09-14 13:35:08,27.9,86.4,25.8
2026-09-14 13:35:38,27.9,85.9,24.2
2026-09-14 13:36:08,27.9,86.4,22.5
2026-09-14 13:36:38,28.0,86.5,22.5
2026-09-14 13:37:08,28.0,86.2,25.0
2026-09-14 13:37:38,28.0,87.0,29.2
2026-09-14 13:38:08,28.0,86.1,33.3
2026-09-14 13:38:38,28.0,86.2,40.0
2026-09-14 13:39:08,28.0,86.1,45.8
2026-09-14 13:39:38,28.0,86.2,46.7
2026-09-14 13:40:08,28.0,86.5,45.8
2026-09-14 13:40:38,28.0,85.9,42.5
2026-09-14 13:41:08,28.0,85.6,40.0
2026-09-14 13:41:38,28.0,86.0,41.7
2026-09-14 13:42:08,28.0,85.8,40.0
2026-09-14 13:42:38,28.0,85.9,35.0
2026-09-14 13:43:08,28.0,85.8,31.7
2026-09-14 13:43:38,28.0,85.8,30.0
2026-09-14 13:44:08,28.0,86.0,28.3
2026-09-14 13:44:38,28.1,85.9,28.3
2026-09-14 13:45:08,28.0,85.6,28.3
2026-09-14 13:45:38,28.0,85.6,26.7
2026-09-14 13:46:08,28.0,85.7,25.8
2026-09-14 13:46:38,28.0,85.8,27.5
2026-09-14 13:47:08,28.0,85.6,28.3
2026-09-14 13:47:38,28.1,85.7,25.0
2026-09-14 13:48:08,28.1,85.7,22.5
2026-09-14 13:48:38,28.0,85.9,24.2
2026-09-14 13:49:08,28.0,86.0,26.7
2026-09-14 13:49:38,28.0,86.0,29.2
2026-09-14 13:50:08,28.0,86.3,31.7
2026-09-14 13:50:38,28.0,86.2,31.7
2026-09-14 13:51:08,28.0,85.9,30.8
2026-09-14 13:51:38,28.0,86.1,30.0
2026-09-14 13:52:08,28.0,85.7,29.2
2026-09-14 13:52:38,28.0,85.8,30.8
2026-09-14 13:53:08,28.0,85.6,35.0
2026-09-14 13:53:38,28.0,85.4,38.3
2026-09-14 13:54:08,28.0,85.9,41.7
2026-09-14 13:54:38,28.0,85.9,42.5
2026-09-14 13:55:08,28.0,86.0,37.5
2026-09-14 13:55:38,28.0,86.5,30.8
2026-09-14 13:56:08,28.0,86.3,27.5
2026-09-14 13:56:38,27.9,85.9,29.2
2026-09-14 13:57:08,27.9,85.9,35.0
2026-09-14 13:57:38,27.9,86.4,40.8
2026-09-14 13:58:08,27.9,86.8,44.2
2026-09-14 13:58:38,27.8,86.8,45.0
2026-09-14 13:59:08,27.8,87.2,43.3
2026-09-14 13:59:38,27.8,87.3,42.5
2026-09-14 14:00:08,27.7,87.3,40.8
2026-09-14 14:00:38,27.7,87.2,37.5
2026-09-14 14:01:08,27.7,87.4,36.7
2026-09-14 14:01:38,27.7,87.5,37.5
2026-09-14 14:02:08,27.7,87.3,36.7
2026-09-14 14:02:38,27.6,87.7,35.8
2026-09-14 14:03:08,27.6,87.9,36.7
2026-09-14 14:03:38,27.6,88.5,36.7
2026-09-14 14:04:08,27.6,88.7,34.2
2026-09-14 14:04:38,27.5,89.1,30.8
2026-09-14 14:05:08,27.5,89.2,30.0
2026-09-14 14:05:38,27.5,89.4,29.2
2026-09-14 14:06:08,27.5,89.3,27.5
2026-09-14 14:06:38,27.5,89.4,25.0
2026-09-14 14:07:08,27.5,89.4,23.3
2026-09-14 14:07:38,27.5,89.6,21.7
2026-09-14 14:08:08,27.5,89.5,21.7
2026-09-14 14:08:38,27.5,89.8,20.8
2026-09-14 14:09:08,27.5,90.1,20.0
2026-09-14 14:09:38,27.5,90.3,21.7
2026-09-14 14:10:08,27.5,90.7,25.0
2026-09-14 14:10:38,27.5,90.8,27.5
2026-09-14 14:11:08,27.4,90.7,26.7
2026-09-14 14:11:38,27.4,90.1,25.8
2026-09-14 14:12:08,27.4,89.8,26.7
2026-09-14 14:12:38,27.4,90.2,26.7
2026-09-14 14:13:08,27.4,90.4,27.5
2026-09-14 14:13:38,27.4,90.7,25.0
2026-09-14 14:14:08,27.4,90.9,20.8
2026-09-14 14:14:38,27.4,91.5,16.7
2026-09-14 14:15:08,27.4,91.6,15.8
2026-09-14 14:15:38,27.4,91.7,15.8
2026-09-14 14:16:08,27.4,91.6,15.8
2026-09-14 14:16:38,27.4,92.0,16.7
2026-09-14 14:17:08,27.4,91.8,16.7
2026-09-14 14:17:38,27.4,91.8,18.3
2026-09-14 14:18:08,27.4,92.2,23.3
2026-09-14 14:18:38,27.4,91.8,24.2
2026-09-14 14:19:08,27.4,91.7,24.2
2026-09-14 14:19:38,27.4,91.4,25.0
2026-09-14 14:20:08,27.3,91.3,25.8
2026-09-14 14:20:38,27.3,91.4,25.0
2026-09-14 14:21:08,27.3,91.8,23.3
2026-09-14 14:21:38,27.3,91.9,20.0
2026-09-14 14:22:08,27.3,92.1,20.0
2026-09-14 14:22:38,27.3,92.5,22.5
2026-09-14 14:23:08,27.3,92.3,25.0
2026-09-14 14:23:38,27.3,91.4,24.2
2026-09-14 14:24:08,27.3,92.0,20.8
2026-09-14 14:24:38,27.4,91.6,15.8
2026-09-14 14:25:08,27.4,91.5,14.2
2026-09-14 14:25:38,27.4,90.9,15.0
2026-09-14 14:26:08,27.4,91.1,16.7
2026-09-14 14:26:38,27.4,91.1,20.8
2026-09-14 14:27:08,27.4,91.4,28.3
2026-09-14 14:27:38,27.3,91.6,30.0
2026-09-14 14:28:08,27.3,91.9,29.2
2026-09-14 14:28:38,27.3,91.5,27.5
2026-09-14 14:29:08,27.4,91.4,22.5
2026-09-14 14:29:38,27.4,92.1,18.3
2026-09-14 14:30:08,27.4,92.7,17.5
2026-09-14 14:30:38,27.4,92.4,19.2
2026-09-14 14:31:08,27.4,91.5,20.0
2026-09-14 14:31:38,27.4,91.8,20.0
2026-09-14 14:32:08,27.3,92.2,18.3
2026-09-14 14:32:38,27.4,92.2,15.8
2026-09-14 14:33:08,27.4,92.4,15.8
2026-09-14 14:33:38,27.4,92.1,17.5
2026-09-14 14:34:08,27.3,92.3,15.8
2026-09-14 14:34:38,27.3,92.6,20.0
2026-09-14 14:35:08,27.3,92.8,24.2
2026-09-14 14:35:38,27.2,92.7,23.3
2026-09-14 14:36:08,27.2,92.8,17.5
2026-09-14 14:36:38,27.2,93.0,13.3
2026-09-14 14:37:08,27.1,93.0,12.5
2026-09-14 14:37:38,27.1,93.5,15.8
2026-09-14 14:38:08,27.1,93.5,19.2
2026-09-14 14:38:38,27.1,93.8,22.5
2026-09-14 14:39:08,27.1,94.2,25.0
2026-09-14 14:39:38,27.1,94.3,24.2
2026-09-14 14:40:08,27.0,94.8,22.5
2026-09-14 14:40:38,27.0,94.8,23.3
2026-09-14 14:41:08,27.0,94.5,24.2
2026-09-14 14:41:38,27.0,94.5,21.7
2026-09-14 14:42:08,27.0,94.7,23.3
2026-09-14 14:42:38,27.0,94.0,24.2
2026-09-14 14:43:08,27.1,94.5,15.8
2026-09-14 14:43:38,27.1,93.4,12.5
2026-09-14 14:44:08,27.1,92.9,10.8
2026-09-14 14:44:38,27.1,93.3,11.7
2026-09-14 14:45:08,27.1,93.9,11.7
2026-09-14 14:45:38,27.1,94.1,12.5
2026-09-14 14:46:08,27.1,94.4,11.7
2026-09-14 14:46:38,27.1,94.5,9.2
2026-09-14 14:47:08,27.1,94.7,10.0
2026-09-14 14:47:38,27.0,94.7,15.0
2026-09-14 14:48:08,27.0,94.9,16.7
2026-09-14 14:48:38,27.0,94.9,11.7
2026-09-14 14:49:08,27.0,94.8,10.0
2026-09-14 14:49:38,27.0,93.7,10.0
2026-09-14 14:50:08,27.0,94.2,10.8
2026-09-14 14:50:38,27.1,93.8,10.0
2026-09-14 14:51:08,27.1,94.7,10.0
2026-09-14 14:51:38,27.1,94.4,8.3
2026-09-14 14:52:08,27.1,94.7,6.7
2026-09-14 14:52:38,27.1,95.1,5.0
2026-09-14 14:53:08,27.0,95.3,5.0
2026-09-14 14:53:38,27.0,95.5,4.2
2026-09-14 14:54:08,27.0,95.6,3.3
2026-09-14 14:54:38,27.0,95.5,3.3
2026-09-14 14:55:08,27.0,95.6,4.2
2026-09-14 14:55:38,26.9,95.6,3.3
2026-09-14 14:56:08,26.9,95.4,3.3
2026-09-14 14:56:38,26.9,95.4,3.3
2026-09-14 14:57:08,26.9,95.6,3.3
2026-09-14 14:57:38,26.9,95.8,3.3
2026-09-14 14:58:08,26.9,95.8,2.5
2026-09-14 14:58:38,26.9,95.7,2.5
2026-09-14 14:59:08,26.8,95.8,1.7
2026-09-14 14:59:38,26.8,95.8,1.7
2026-09-14 15:00:08,26.8,95.8,0.8
2026-09-14 15:00:38,26.8,95.7,1.7
2026-09-14 15:01:08,26.8,95.7,2.5
2026-09-14 15:01:38,26.8,96.0,2.5
2026-09-14 15:02:08,26.8,96.4,1.7
2026-09-14 15:02:38,26.8,96.3,3.3
2026-09-14 15:03:08,26.8,96.5,4.2
2026-09-14 15:03:38,26.7,96.8,3.3
2026-09-14 15:04:08,26.7,96.7,4.2
2026-09-14 15:04:38,26.7,96.8,2.5
2026-09-14 15:05:08,26.7,97.0,2.5
2026-09-14 15:05:38,26.7,97.0,2.5
2026-09-14 15:06:08,26.7,96.3,2.5
2026-09-14 15:06:38,26.7,95.7,3.3
2026-09-14 15:07:08,26.8,95.4,3.3
2026-09-14 15:07:38,26.8,94.7,3.3
2026-09-14 15:08:08,26.9,94.9,3.3
2026-09-14 15:08:38,27.0,94.8,3.3
2026-09-14 15:09:08,27.0,94.9,3.3
2026-09-14 15:09:38,27.0,95.2,4.2
2026-09-14 15:10:08,26.9,95.2,6.7
2026-09-14 15:10:38,26.9,95.3,5.8
2026-09-14 15:11:08,26.9,96.0,5.0
2026-09-14 15:11:38,26.9,95.9,8.3
2026-09-14 15:12:08,26.9,95.2,8.3
2026-09-14 15:12:38,26.9,94.8,7.5
2026-09-14 15:13:08,27.0,94.1,5.8
2026-09-14 15:13:38,27.0,93.3,9.2
2026-09-14 15:14:08,27.1,93.5,10.8
2026-09-14 15:14:38,27.1,94.0,11.7
2026-09-14 15:15:08,27.1,94.1,16.7
2026-09-14 15:15:38,27.1,94.3,19.2
2026-09-14 15:16:08,27.0,94.5,18.3
2026-09-14 15:16:38,27.0,94.8,18.3
2026-09-14 15:17:08,27.0,95.2,14.2
2026-09-14 15:17:38,27.0,95.2,10.0
2026-09-14 15:18:08,27.0,94.9,10.0
2026-09-14 15:18:38,26.9,94.8,11.7
2026-09-14 15:19:08,26.9,94.9,10.0
2026-09-14 15:19:38,26.9,95.0,8.3
2026-09-14 15:20:08,26.8,95.1,7.5
2026-09-14 15:20:38,26.8,95.1,9.2
2026-09-14 15:21:08,26.9,95.3,11.7
2026-09-14 15:21:38,26.9,95.1,10.8
2026-09-14 15:22:08,26.9,95.4,10.0
2026-09-14 15:22:38,26.9,95.4,10.8
2026-09-14 15:23:08,26.9,95.1,10.8
2026-09-14 15:23:38,26.9,95.2,10.8
2026-09-14 15:24:08,26.9,95.1,10.8
2026-09-14 15:24:38,26.9,95.5,10.0
2026-09-14 15:25:08,26.9,95.5,9.2
2026-09-14 15:25:38,27.0,95.5,8.3
2026-09-14 15:26:08,26.9,95.6,8.3
2026-09-14 15:26:38,26.9,95.5,9.2
2026-09-14 15:27:08,26.9,95.3,10.8
2026-09-14 15:27:38,26.9,95.3,10.8
2026-09-14 15:28:08,26.8,95.5,8.3
2026-09-14 15:28:38,26.8,95.5,7.5
2026-09-14 15:29:08,26.8,95.7,7.5
2026-09-14 15:29:38,26.8,95.5,7.5
2026-09-14 15:30:08,26.7,95.5,5.8
2026-09-14 15:30:38,26.7,95.3,5.8
2026-09-14 15:31:08,26.8,95.5,7.5
2026-09-14 15:31:38,26.8,95.3,7.5
2026-09-14 15:32:08,26.8,95.8,7.5
2026-09-14 15:32:38,26.8,95.7,8.3
2026-09-14 15:33:08,26.8,95.5,9.2
2026-09-14 15:33:38,26.8,95.0,12.5
2026-09-14 15:34:08,26.8,95.2,15.8
2026-09-14 15:34:38,26.8,94.7,20.0
2026-09-14 15:35:08,26.9,94.2,27.5
2026-09-14 15:35:38,27.0,93.8,28.3
2026-09-14 15:36:08,27.0,93.3,30.8
2026-09-14 15:36:38,27.0,93.4,34.2
2026-09-14 15:37:08,27.1,93.7,33.3
2026-09-14 15:37:38,27.1,94.0,35.8
2026-09-14 15:38:08,27.0,94.2,35.8
2026-09-14 15:38:38,27.0,93.7,34.2
2026-09-14 15:39:08,27.0,93.9,32.5
2026-09-14 15:39:38,27.0,93.9,28.3
2026-09-14 15:40:08,27.1,93.7,22.5
2026-09-14 15:40:38,27.1,94.2,23.3
2026-09-14 15:41:08,27.1,94.1,27.5
2026-09-14 15:41:38,27.1,94.1,28.3
2026-09-14 15:42:08,27.1,93.9,28.3
2026-09-14 15:42:38,27.0,93.8,30.0
2026-09-14 15:43:08,27.0,94.1,30.8
2026-09-14 15:43:38,27.0,94.2,29.2
2026-09-14 15:44:08,27.0,94.4,27.5
2026-09-14 15:44:38,27.0,94.2,30.0
2026-09-14 15:45:08,27.0,93.8,25.0
2026-09-14 15:45:38,27.0,93.2,21.7
2026-09-14 15:46:08,27.1,92.6,19.2
2026-09-14 15:46:38,27.1,92.3,17.5
2026-09-14 15:47:08,27.1,92.3,16.7
2026-09-14 15:47:38,27.2,92.3,16.7
2026-09-14 15:48:08,27.2,92.2,15.8
2026-09-14 15:48:38,27.2,92.1,15.8
2026-09-14 15:49:08,27.2,92.3,15.0
2026-09-14 15:49:38,27.2,92.2,15.8
2026-09-14 15:50:08,27.2,92.5,17.5
2026-09-14 15:50:38,27.2,92.5,20.0
2026-09-14 15:51:08,27.2,92.6,19.2
2026-09-14 15:51:38,27.2,93.0,20.0
2026-09-14 15:52:08,27.2,92.8,23.3
2026-09-14 15:52:38,27.1,93.3,24.2
2026-09-14 15:53:08,27.1,93.6,25.0
2026-09-14 15:53:38,27.1,93.4,25.0
2026-09-14 15:54:08,27.1,93.6,28.3
2026-09-14 15:54:38,27.1,93.3,28.3
2026-09-14 15:55:08,27.0,93.2,22.5
2026-09-14 15:55:38,27.1,92.7,18.3
2026-09-14 15:56:08,27.1,92.2,15.8
2026-09-14 15:56:38,27.2,91.9,13.3
2026-09-14 15:57:08,27.2,92.1,13.3
2026-09-14 15:57:38,27.2,92.5,12.5
2026-09-14 15:58:08,27.2,92.9,10.8
2026-09-14 15:58:38,27.2,93.3,9.2
2026-09-14 15:59:08,27.2,92.9,10.0
2026-09-14 15:59:38,27.2,93.2,10.0
2026-09-14 16:00:08,27.1,93.2,10.0
2026-09-14 16:00:38,27.1,93.2,11.7
2026-09-14 16:01:08,27.1,92.8,10.0
2026-09-14 16:01:38,27.1,93.0,9.2
2026-09-14 16:02:08,27.2,93.0,9.2
2026-09-14 16:02:38,27.2,92.3,7.5
2026-09-14 16:03:08,27.2,92.1,5.8
2026-09-14 16:03:38,27.2,92.6,8.3
2026-09-14 16:04:08,27.2,92.6,8.3
2026-09-14 16:04:38,27.2,93.0,9.2
2026-09-14 16:05:08,27.2,93.3,10.0
2026-09-14 16:05:38,27.1,93.2,9.2
2026-09-14 16:06:08,27.1,92.6,12.5
2026-09-14 16:06:38,27.1,92.4,12.5
2026-09-14 16:07:08,27.2,92.3,11.7
2026-09-14 16:07:38,27.2,92.3,10.8
2026-09-14 16:08:08,27.3,92.6,10.8
2026-09-14 16:08:38,27.2,91.9,14.2
2026-09-14 16:09:08,27.2,92.4,15.8
2026-09-14 16:09:38,27.2,92.3,17.5
2026-09-14 16:10:08,27.2,92.2,17.5
2026-09-14 16:10:38,27.2,92.3,16.7
2026-09-14 16:11:08,27.1,92.5,15.0
2026-09-14 16:11:38,27.1,92.8,18.3
2026-09-14 16:12:08,27.1,92.7,17.5
2026-09-14 16:12:38,27.1,93.1,17.5
2026-09-14 16:13:08,27.2,93.3,20.0
2026-09-14 16:13:38,27.2,93.1,20.0
2026-09-14 16:14:08,27.2,92.9,18.3
2026-09-14 16:14:38,27.2,92.7,17.5
2026-09-14 16:15:08,27.2,92.4,16.7
2026-09-14 16:15:38,27.2,92.4,15.8
2026-09-14 16:16:08,27.3,92.1,14.2
2026-09-14 16:16:38,27.3,91.9,12.5
2026-09-14 16:17:08,27.3,92.3,10.8
2026-09-14 16:17:38,27.3,92.1,9.2
2026-09-14 16:18:08,27.2,92.1,9.2
2026-09-14 16:18:38,27.2,92.5,10.0
2026-09-14 16:19:08,27.2,92.8,10.8
2026-09-14 16:19:38,27.2,93.2,10.0
2026-09-14 16:20:08,27.2,93.3,10.0
2026-09-14 16:20:38,27.2,93.7,8.3
2026-09-14 16:21:08,27.2,93.8,8.3
2026-09-14 16:21:38,27.2,94.0,6.7
2026-09-14 16:22:08,27.1,93.5,7.5
2026-09-14 16:22:38,27.1,93.2,5.0
2026-09-14 16:23:08,27.2,93.0,5.0
2026-09-14 16:23:38,27.2,92.7,6.7
2026-09-14 16:24:08,27.2,92.3,7.5
2026-09-14 16:24:38,27.3,92.4,8.3
2026-09-14 16:25:08,27.3,92.3,8.3
2026-09-14 16:25:38,27.3,92.2,8.3
2026-09-14 16:26:08,27.3,91.9,7.5
2026-09-14 16:26:38,27.3,91.6,5.8
2026-09-14 16:27:08,27.4,91.4,5.0
2026-09-14 16:27:38,27.4,90.8,5.0
2026-09-14 16:28:08,27.4,90.8,5.0
2026-09-14 16:28:38,27.4,91.1,4.2
2026-09-14 16:29:08,27.4,91.8,2.5
2026-09-14 16:29:38,27.4,92.0,2.5
2026-09-14 16:30:08,27.3,92.5,2.5
2026-09-14 16:30:38,27.3,92.8,4.2
2026-09-14 16:31:08,27.2,92.5,6.7
2026-09-14 16:31:38,27.2,92.1,6.7
2026-09-14 16:32:08,27.2,92.1,5.0
2026-09-14 16:32:38,27.2,92.1,6.7
2026-09-14 16:33:08,27.2,92.0,8.3
2026-09-14 16:33:38,27.2,91.6,10.0
2026-09-14 16:34:08,27.3,92.0,9.2
2026-09-14 16:34:38,27.3,92.3,10.0
2026-09-14 16:35:08,27.2,92.9,11.7
2026-09-14 16:35:38,27.2,92.7,10.8
2026-09-14 16:36:08,27.2,92.9,11.7
2026-09-14 16:36:38,27.2,93.0,11.7
2026-09-14 16:37:08,27.2,93.0,11.7
2026-09-14 16:37:38,27.2,93.3,10.8
2026-09-14 16:38:08,27.1,93.5,10.8
2026-09-14 16:38:38,27.1,93.6,11.7
2026-09-14 16:39:08,27.1,93.5,11.7
2026-09-14 16:39:38,27.2,93.1,10.8
2026-09-14 16:40:08,27.2,93.4,10.8
2026-09-14 16:40:38,27.2,93.3,11.7
2026-09-14 16:41:08,27.1,93.1,11.7
2026-09-14 16:41:38,27.1,93.2,11.7
2026-09-14 16:42:08,27.2,93.0,11.7
2026-09-14 16:42:38,27.2,93.2,11.7
2026-09-14 16:43:08,27.2,93.0,11.7
2026-09-14 16:43:38,27.1,92.9,11.7
2026-09-14 16:44:08,27.1,93.3,11.7
2026-09-14 16:44:38,27.1,93.1,11.7
2026-09-14 16:45:08,27.1,93.4,11.7
2026-09-14 16:45:38,27.0,93.8,11.7
2026-09-14 16:46:08,27.0,93.8,11.7
2026-09-14 16:46:38,27.0,93.7,11.7
2026-09-14 16:47:08,27.0,93.8,11.7
2026-09-14 16:47:38,27.0,93.5,11.7
2026-09-14 16:48:08,27.0,93.4,11.7
2026-09-14 16:48:38,27.0,93.8,11.7
2026-09-14 16:49:08,26.9,94.3,11.7
2026-09-14 16:49:38,26.9,94.1,11.7
2026-09-14 16:50:08,26.9,94.3,10.8
2026-09-14 16:50:38,26.8,94.7,10.0
2026-09-14 16:51:08,26.8,94.9,9.2
2026-09-14 16:51:38,26.8,94.9,9.2
2026-09-14 16:52:08,26.8,94.4,8.3
2026-09-14 16:52:38,26.8,94.6,8.3
2026-09-14 16:53:08,26.8,94.2,9.2
2026-09-14 16:53:38,26.9,93.7,8.3
2026-09-14 16:54:08,26.9,93.1,8.3
2026-09-14 16:54:38,27.0,92.2,8.3
2026-09-14 16:55:08,27.0,92.4,8.3
2026-09-14 16:55:38,27.0,92.9,8.3
2026-09-14 16:56:08,27.0,93.2,8.3
2026-09-14 16:56:38,27.0,92.9,8.3
2026-09-14 16:57:08,27.0,93.1,6.7
2026-09-14 16:57:38,27.0,93.5,6.7
2026-09-14 16:58:08,27.0,93.8,5.8
2026-09-14 16:58:38,27.0,93.4,5.8
2026-09-14 16:59:08,27.0,93.3,5.0
2026-09-14 16:59:38,26.9,92.7,5.0
2026-09-14 17:00:08,26.9,93.2,5.0
2026-09-14 17:00:38,26.9,93.6,5.0
2026-09-14 17:01:08,26.9,93.8,4.2
2026-09-14 17:01:38,26.9,93.9,4.2
2026-09-14 17:02:08,26.9,94.1,4.2
2026-09-14 17:02:38,26.9,93.5,3.3
2026-09-14 17:03:08,26.9,93.0,3.3
2026-09-14 17:03:38,27.0,92.3,3.3
2026-09-14 17:04:08,27.0,91.6,4.2
2026-09-14 17:04:38,27.1,91.4,3.3
2026-09-14 17:05:08,27.1,91.4,3.3
2026-09-14 17:05:38,27.1,91.3,2.5
2026-09-14 17:06:08,27.1,91.6,2.5
2026-09-14 17:06:38,27.1,91.8,2.5
2026-09-14 17:07:08,27.1,92.2,2.5
2026-09-14 17:07:38,27.1,92.2,2.5
2026-09-14 17:08:08,27.1,92.2,2.5
2026-09-14 17:08:38,27.1,92.3,1.7
2026-09-14 17:09:08,27.1,92.2,1.7
2026-09-14 17:09:38,27.1,92.6,1.7
2026-09-14 17:10:08,27.1,92.8,1.7
2026-09-14 17:10:38,27.0,92.8,1.7
2026-09-14 17:11:08,27.0,93.0,2.5
2026-09-14 17:11:38,27.0,92.7,2.5
2026-09-14 17:12:08,27.0,92.8,2.5
2026-09-14 17:12:38,27.0,93.1,2.5
2026-09-14 17:13:08,26.9,93.3,2.5
2026-09-14 17:13:38,26.9,93.3,2.5
2026-09-14 17:14:08,26.9,93.3,2.5
2026-09-14 17:14:38,27.0,93.4,2.5
2026-09-14 17:15:08,27.0,93.7,1.7
2026-09-14 17:15:38,27.0,93.7,1.7
2026-09-14 17:16:08,27.0,93.8,1.7
2026-09-14 17:16:38,26.9,93.8,1.7
2026-09-14 17:17:08,26.9,93.9,1.7
2026-09-14 17:17:38,26.9,93.9,1.7
2026-09-14 17:18:08,26.9,93.7,0.8
2026-09-14 17:18:38,26.9,93.8,0.8
2026-09-14 17:19:08,26.9,94.1,0.8
2026-09-14 17:19:38,27.0,94.2,0.8
2026-09-14 17:20:08,27.0,93.4,0.8
2026-09-14 17:20:38,27.0,92.6,0.8
2026-09-14 17:21:08,27.0,92.7,1.7
2026-09-14 17:21:38,27.0,92.5,1.7
2026-09-14 17:22:08,27.0,92.3,1.7
2026-09-14 17:22:38,27.0,92.4,1.7
2026-09-14 17:23:08,27.0,92.6,1.7
2026-09-14 17:23:38,27.0,92.6,1.7
2026-09-14 17:24:08,27.0,93.3,1.7
2026-09-14 17:24:38,27.1,93.5,1.7
2026-09-14 17:25:08,27.1,93.8,0.8
2026-09-14 17:25:38,27.0,93.7,0.8
2026-09-14 17:26:08,27.0,93.6,1.7
2026-09-14 17:26:38,27.0,93.6,0.8
2026-09-14 17:27:08,27.0,93.6,1.7
2026-09-14 17:27:38,27.0,93.8,1.7
2026-09-14 17:28:08,26.9,94.0,1.7
2026-09-14 17:28:38,26.9,93.9,1.7
2026-09-14 17:29:08,26.9,93.8,1.7
2026-09-14 17:29:38,26.9,93.8,1.7
2026-09-14 17:30:08,26.9,94.0,1.7
2026-09-14 17:30:38,26.9,93.5,1.7
2026-09-14 17:31:08,26.9,93.3,1.7
2026-09-14 17:31:38,27.0,93.3,1.7
2026-09-14 17:32:08,27.0,93.8,1.7
2026-09-14 17:32:38,27.0,93.9,1.7
2026-09-14 17:33:08,27.0,93.8,1.7
2026-09-14 17:33:38,27.0,94.1,1.7
2026-09-14 17:34:08,27.0,94.1,1.7
2026-09-14 17:34:38,27.0,94.2,1.7
2026-09-14 17:35:08,27.0,94.2,1.7
2026-09-14 17:35:38,27.0,94.4,1.7
2026-09-14 17:36:08,27.0,94.6,1.7
2026-09-14 17:36:38,27.0,94.6,1.7
2026-09-14 17:37:08,26.9,94.6,0.8
2026-09-14 17:37:38,26.9,94.5,0.8
2026-09-14 17:38:08,26.9,93.8,0.8
2026-09-14 17:38:38,26.9,93.6,0.8
2026-09-14 17:39:08,26.9,93.4,0.8
2026-09-14 17:39:38,26.9,93.3,0.8
2026-09-14 17:40:08,27.0,93.2,0.8
2026-09-14 17:40:38,27.0,93.0,0.8
2026-09-14 17:41:08,27.0,93.1,0.8
2026-09-14 17:41:38,27.0,93.3,0.8
2026-09-14 17:42:08,27.0,93.5,0.8
2026-09-14 17:42:38,27.0,93.7,0.8
2026-09-14 17:43:08,27.0,93.3,0.8
2026-09-14 17:43:38,27.0,93.5,0.8
2026-09-14 17:44:08,27.0,93.6,0.8
2026-09-14 17:44:38,27.0,93.4,0.8
2026-09-14 17:45:08,27.0,93.2,0.0
2026-09-14 17:45:38,27.0,94.1,1.7
2026-09-14 17:46:08,27.1,94.3,14.2
2026-09-14 17:46:38,27.1,93.9,14.2
2026-09-14 17:47:08,27.1,95.2,14.2
2026-09-14 17:47:38,27.1,94.4,14.2
2026-09-14 17:48:08,27.2,94.5,14.2
2026-09-14 17:48:38,27.2,94.2,14.2
2026-09-14 17:49:08,27.2,93.8,14.2
2026-09-14 17:49:38,27.2,93.3,14.2
2026-09-14 17:50:08,27.2,94.6,14.2
2026-09-14 17:50:38,27.2,95.3,14.2
2026-09-14 17:51:08,27.2,94.9,13.3
2026-09-14 17:51:38,27.1,95.3,13.3
2026-09-14 17:52:08,27.1,94.3,13.3
2026-09-14 17:52:38,27.1,93.8,13.3
2026-09-14 17:53:08,27.1,94.0,13.3
2026-09-14 17:53:38,27.1,94.4,13.3
2026-09-14 17:54:08,27.1,94.6,13.3
2026-09-14 17:54:38,27.1,94.5,13.3
2026-09-14 17:55:08,27.1,94.3,13.3
2026-09-14 17:55:38,27.1,94.3,13.3
2026-09-14 17:56:08,27.0,94.4,13.3
2026-09-14 17:56:38,27.1,95.2,13.3
2026-09-14 17:57:08,27.1,95.5,13.3
2026-09-14 17:57:38,27.0,94.8,13.3
2026-09-14 17:58:08,27.0,95.3,13.3
2026-09-14 17:58:38,27.0,95.9,13.3
2026-09-14 17:59:08,27.0,95.4,13.3
2026-09-14 17:59:38,27.0,95.4,13.3
2026-09-14 18:00:08,27.0,95.9,12.5
2026-09-14 18:00:38,27.0,96.1,25.0
2026-09-14 18:01:08,27.0,95.9,26.7
2026-09-14 18:01:38,27.0,95.4,27.5
2026-09-14 18:02:08,27.0,95.4,27.5
2026-09-14 18:02:38,27.0,95.1,27.5
2026-09-14 18:03:08,27.0,96.0,27.5
2026-09-14 18:03:38,27.0,96.0,27.5
2026-09-14 18:04:08,27.0,95.5,25.8
2026-09-14 18:04:38,27.1,95.6,25.8
2026-09-14 18:05:08,27.1,96.0,27.5
2026-09-14 18:05:38,27.1,95.5,27.5
2026-09-14 18:06:08,27.1,95.5,25.8
2026-09-14 18:06:38,27.1,95.5,25.8
2026-09-14 18:07:08,27.1,95.3,25.8
2026-09-14 18:07:38,27.2,94.6,25.8
2026-09-14 18:08:08,27.1,94.9,25.8
2026-09-14 18:08:38,27.2,95.3,25.8
2026-09-14 18:09:08,27.2,94.3,25.0
2026-09-14 18:09:38,27.1,93.9,25.8
2026-09-14 18:10:08,27.1,93.7,25.8
2026-09-14 18:10:38,27.1,94.5,25.8
2026-09-14 18:11:08,27.1,94.8,25.8
2026-09-14 18:11:38,27.0,95.0,25.8
2026-09-14 18:12:08,27.0,94.6,25.8
2026-09-14 18:12:38,27.0,95.2,25.8
2026-09-14 18:13:08,27.0,95.4,25.8
2026-09-14 18:13:38,27.0,94.4,25.8
2026-09-14 18:14:08,27.0,94.6,25.8
2026-09-14 18:14:38,27.0,95.0,25.8
2026-09-14 18:15:08,27.0,94.4,25.8
2026-09-14 18:15:38,27.0,94.9,25.8
2026-09-14 18:16:08,27.0,94.8,26.7
2026-09-14 18:16:38,27.0,95.3,25.8
2026-09-14 18:17:08,27.0,95.9,25.8
2026-09-14 18:17:38,27.1,95.9,25.8
2026-09-14 18:18:08,27.1,95.7,26.7
2026-09-14 18:18:38,27.1,95.2,25.8
2026-09-14 18:19:08,27.1,95.1,25.8
2026-09-14 18:19:38,27.1,94.9,25.8
2026-09-14 18:20:08,27.1,95.0,25.8
2026-09-14 18:20:38,27.2,95.4,26.7
2026-09-14 18:21:08,27.2,95.2,25.8
2026-09-14 18:21:38,27.2,94.5,25.8
2026-09-14 18:22:08,27.1,94.4,25.8
2026-09-14 18:22:38,27.1,94.5,27.5
2026-09-14 18:23:08,27.1,94.7,25.8
2026-09-14 18:23:38,27.1,95.0,25.8
2026-09-14 18:24:08,27.1,95.0,25.8
2026-09-14 18:24:38,27.1,95.6,25.8
2026-09-14 18:25:08,27.1,95.9,25.8
2026-09-14 18:25:38,27.1,95.4,25.8
2026-09-14 18:26:08,27.1,94.8,25.0
2026-09-14 18:26:38,27.1,94.4,25.0
2026-09-14 18:27:08,27.0,94.5,24.2
2026-09-14 18:27:38,27.0,94.6,25.0
2026-09-14 18:28:08,27.0,94.5,25.0
2026-09-14 18:28:38,27.0,94.5,25.0
2026-09-14 18:29:08,27.0,94.8,25.0
2026-09-14 18:29:38,27.0,94.8,24.2
2026-09-14 18:30:08,26.9,95.2,24.2
2026-09-14 18:30:38,27.0,95.2,24.2
2026-09-14 18:31:08,27.0,94.7,25.0
2026-09-14 18:31:38,27.0,95.0,25.0
2026-09-14 18:32:08,27.0,95.3,25.0
2026-09-14 18:32:38,27.0,95.3,25.0
2026-09-14 18:33:08,27.0,95.3,25.0
2026-09-14 18:33:38,27.0,94.9,25.0
2026-09-14 18:34:08,27.0,94.9,25.0
2026-09-14 18:34:38,27.0,94.8,25.0
2026-09-14 18:35:08,27.0,94.8,25.0
2026-09-14 18:35:38,27.0,94.6,25.0
2026-09-14 18:36:08,27.0,94.9,24.2
2026-09-14 18:36:38,27.0,95.1,24.2
2026-09-14 18:37:08,27.0,95.4,24.2
2026-09-14 18:37:38,27.0,95.1,25.0
2026-09-14 18:38:08,27.0,94.6,25.0
2026-09-14 18:38:38,27.0,94.5,24.2
2026-09-14 18:39:08,27.0,94.4,25.0
2026-09-14 18:39:38,27.1,94.2,25.0
2026-09-14 18:40:08,27.1,93.9,25.0
2026-09-14 18:40:38,27.1,94.0,25.8
2026-09-14 18:41:08,27.1,94.0,25.8
2026-09-14 18:41:38,27.1,94.3,25.8
2026-09-14 18:42:08,27.1,94.4,25.0
2026-09-14 18:42:38,27.1,94.4,25.8
2026-09-14 18:43:08,27.1,94.4,25.0
2026-09-14 18:43:38,27.2,94.8,25.0
2026-09-14 18:44:08,27.2,94.4,25.8
2026-09-14 18:44:38,27.2,94.5,25.0
2026-09-14 18:45:08,27.2,94.8,25.8
2026-09-14 18:45:38,27.2,94.4,25.0
2026-09-14 18:46:08,27.2,94.3,25.8
2026-09-14 18:46:38,27.3,93.8,25.8
2026-09-14 18:47:08,27.3,93.7,25.0
2026-09-14 18:47:38,27.3,93.7,25.0
2026-09-14 18:48:08,27.3,93.8,25.0
2026-09-14 18:48:38,27.3,93.2,25.8
2026-09-14 18:49:08,27.3,93.5,25.8
2026-09-14 18:49:38,27.3,94.1,25.8
2026-09-14 18:50:08,27.3,94.1,25.8
2026-09-14 18:50:38,27.3,93.7,25.8
2026-09-14 18:51:08,27.4,93.4,27.5
2026-09-14 18:51:38,27.4,93.6,25.8
2026-09-14 18:52:08,27.3,93.8,26.7
2026-09-14 18:52:38,27.3,94.2,26.7
2026-09-14 18:53:08,27.3,93.5,25.8
2026-09-14 18:53:38,27.3,93.2,25.8
2026-09-14 18:54:08,27.3,93.0,25.8
2026-09-14 18:54:38,27.3,93.4,28.3
2026-09-14 18:55:08,27.3,92.9,29.2
2026-09-14 18:55:38,27.3,92.8,28.3
2026-09-14 18:56:08,27.3,92.4,29.2
2026-09-14 18:56:38,27.3,92.7,27.5
2026-09-14 18:57:08,27.3,93.1,28.3
2026-09-14 18:57:38,27.4,93.0,29.2
2026-09-14 18:58:08,27.3,92.6,29.2
2026-09-14 18:58:38,27.3,92.7,28.3
2026-09-14 18:59:08,27.3,93.0,29.2
2026-09-14 18:59:38,27.3,93.0,26.7
2026-09-14 19:00:08,27.2,93.3,26.7
2026-09-14 19:00:38,27.2,93.2,26.7
2026-09-14 19:01:08,27.1,93.7,26.7
2026-09-14 19:01:38,27.1,94.3,26.7
2026-09-14 19:02:08,27.1,94.4,25.8
2026-09-14 19:02:38,27.1,94.2,24.2
2026-09-14 19:03:08,27.1,94.4,25.8
2026-09-14 19:03:38,27.0,95.0,25.0
2026-09-14 19:04:08,27.0,95.2,25.0
2026-09-14 19:04:38,27.0,94.7,24.2
2026-09-14 19:05:08,27.0,94.8,25.0
2026-09-14 19:05:38,27.0,95.0,24.2
2026-09-14 19:06:08,27.0,95.3,20.0
2026-09-14 19:06:38,27.0,95.4,23.3
2026-09-14 19:07:08,27.0,95.4,24.2
2026-09-14 19:07:38,27.0,95.5,25.0
2026-09-14 19:08:08,27.0,95.1,25.8
2026-09-14 19:08:38,27.0,94.9,25.0
2026-09-14 19:09:08,27.0,95.0,24.2
2026-09-14 19:09:38,27.0,95.3,24.2
2026-09-14 19:10:08,27.1,95.7,23.3
2026-09-14 19:10:38,27.1,95.3,24.2
2026-09-14 19:11:08,27.1,95.2,24.2
2026-09-14 19:11:38,27.1,94.9,23.3
2026-09-14 19:12:08,27.1,95.1,24.2
