timestamp,temperature,humidity,light
2026-08-30 12:52:49,34.6,71.0,6130.0
2026-08-30 12:53:19,34.7,70.2,5881.7
2026-08-30 12:53:49,34.7,68.7,5997.5
2026-08-30 12:54:19,34.7,70.0,5820.8
2026-08-30 12:54:49,34.9,68.3,5679.2
2026-08-30 12:55:19,35.0,69.8,5325.8
2026-08-30 12:55:49,35.0,69.7,5178.3
2026-08-30 12:56:19,35.0,69.6,5035.8
2026-08-30 12:56:49,35.0,70.2,5037.5
2026-08-30 12:57:19,35.1,68.6,5206.7
2026-08-30 12:57:49,35.1,69.3,5225.8
2026-08-30 12:58:19,35.0,68.6,5167.5
2026-08-30 12:58:49,35.2,70.3,5022.5
2026-08-30 12:59:19,35.1,70.2,5045.8
2026-08-30 12:59:49,35.1,68.3,5094.2
2026-08-30 13:00:19,35.2,67.6,4942.5
2026-08-30 13:00:49,35.1,69.7,5091.7
2026-08-30 13:01:19,35.1,68.6,5138.3
2026-08-30 13:01:46,35.1,69.1,5036.7
2026-08-30 13:02:16,35.1,68.2,5009.2
2026-08-30 13:02:46,35.2,69.4,4920.0
2026-08-30 13:03:16,35.2,69.2,4966.7
2026-08-30 13:03:46,35.2,68.8,5045.8
2026-08-30 13:04:16,35.1,68.8,5020.8
2026-08-30 13:04:46,35.1,67.6,4972.5
2026-08-30 13:05:16,35.2,67.6,4847.5
2026-08-30 13:05:46,35.2,67.7,4905.0
2026-08-30 13:06:16,35.2,67.9,4895.0
2026-08-30 13:06:46,35.1,69.1,4857.5
2026-08-30 13:07:16,35.2,69.1,4859.2
2026-08-30 13:07:46,35.1,70.8,4844.2
2026-08-30 13:08:16,35.2,68.2,4841.7
2026-08-30 13:08:46,35.1,68.6,4678.3
2026-08-30 13:09:16,35.1,67.6,4789.2
2026-08-30 13:09:46,35.1,68.7,4759.2
2026-08-30 13:10:16,35.2,66.7,4657.5
2026-08-30 13:10:46,35.1,68.1,4765.8
2026-08-30 13:11:16,35.1,69.2,4605.8
2026-08-30 13:11:46,35.2,68.1,4675.0
2026-08-30 13:12:16,35.3,67.6,4560.0
2026-08-30 13:12:46,35.2,68.8,4770.8
2026-08-30 13:13:16,35.3,68.1,4755.8
2026-08-30 13:13:46,35.2,67.1,4832.5
2026-08-30 13:14:16,35.1,69.1,4980.8
2026-08-30 13:14:46,35.2,70.7,4945.8
2026-08-30 13:15:16,35.0,68.9,5052.5
2026-08-30 13:15:46,35.1,69.7,5074.2
2026-08-30 13:16:16,35.2,70.8,5141.7
2026-08-30 13:16:46,35.2,69.4,5261.7
2026-08-30 13:17:16,35.2,69.3,5327.5
2026-08-30 13:17:46,35.2,69.0,5391.7
2026-08-30 13:18:16,35.3,69.5,5384.2
2026-08-30 13:18:46,35.2,69.2,5410.0
2026-08-30 13:19:16,35.2,68.4,5278.3
2026-08-30 13:19:46,35.2,67.6,5240.0
2026-08-30 13:20:16,35.3,67.7,5332.5
2026-08-30 13:20:46,35.2,68.8,5276.7
2026-08-30 13:21:16,35.3,68.3,5149.2
2026-08-30 13:21:46,35.3,67.8,5142.5
2026-08-30 13:22:16,35.3,68.3,5168.3
2026-08-30 13:22:46,35.2,68.8,5175.8
2026-08-30 13:23:16,35.3,69.0,5055.0
2026-08-30 13:23:46,35.5,68.8,5079.2
2026-08-30 13:24:16,35.3,68.8,5115.0
2026-08-30 13:24:46,35.4,68.8,4968.3
2026-08-30 13:25:16,35.4,68.6,4956.7
2026-08-30 13:25:46,35.4,68.4,4990.0
2026-08-30 13:26:16,35.6,69.8,4927.5
2026-08-30 13:26:46,35.5,69.1,4944.2
2026-08-30 13:27:16,35.5,68.6,5055.8
2026-08-30 13:27:46,35.5,68.1,5077.5
2026-08-30 13:28:16,35.6,69.0,5075.0
2026-08-30 13:28:46,35.6,66.8,5104.2
2026-08-30 13:29:16,35.7,68.6,5116.7
2026-08-30 13:29:46,35.6,68.4,5235.8
2026-08-30 13:30:16,35.7,68.9,5384.2
2026-08-30 13:30:46,35.7,69.3,5467.5
2026-08-30 13:31:16,35.6,69.2,5730.0
2026-08-30 13:31:46,35.7,68.3,5774.2
2026-08-30 13:32:16,35.8,69.0,5935.8
2026-08-30 13:32:46,35.8,67.6,6147.5
2026-08-30 13:33:16,35.8,66.4,6819.2
2026-08-30 13:33:46,35.7,67.8,6824.2
2026-08-30 13:34:16,35.7,66.4,7074.2
2026-08-30 13:34:46,35.5,65.7,7125.0
2026-08-30 13:35:16,35.6,66.1,7719.2
2026-08-30 13:35:46,35.5,67.2,7494.2
2026-08-30 13:36:16,35.5,67.7,7153.3
2026-08-30 13:36:46,35.5,66.9,6778.3
2026-08-30 13:37:16,35.6,70.0,6420.0
2026-08-30 13:37:46,35.6,68.6,5954.2
2026-08-30 13:38:16,35.7,68.6,5900.8
2026-08-30 13:38:46,35.7,69.0,5674.2
2026-08-30 13:39:16,35.7,67.9,5590.0
2026-08-30 13:39:46,35.7,68.7,5505.8
2026-08-30 13:40:16,35.7,69.0,5382.5
2026-08-30 13:40:46,35.8,67.6,5321.7
2026-08-30 13:41:16,35.8,67.0,5150.8
2026-08-30 13:41:46,35.8,69.2,5015.8
2026-08-30 13:42:16,35.8,67.5,5021.7
2026-08-30 13:42:46,35.8,68.2,5061.7
2026-08-30 13:43:16,35.8,68.6,4880.0
2026-08-30 13:43:46,35.8,68.1,4760.8
2026-08-30 13:44:16,35.8,66.6,4835.8
2026-08-30 13:44:46,35.8,67.5,4798.3
2026-08-30 13:45:16,35.7,67.1,4860.8
2026-08-30 13:45:46,35.7,68.5,4882.5
2026-08-30 13:46:16,35.8,70.3,4852.5
2026-08-30 13:46:46,35.8,66.8,4827.5
2026-08-30 13:47:16,35.7,66.3,4882.5
2026-08-30 13:47:46,35.8,68.0,4895.0
2026-08-30 13:48:16,35.8,69.0,5350.8
2026-08-30 13:48:46,35.7,68.4,5893.3
2026-08-30 13:49:16,35.7,68.6,6186.7
2026-08-30 13:49:46,35.8,69.5,6258.3
2026-08-30 13:50:16,35.7,67.7,6185.8
2026-08-30 13:50:46,35.9,67.4,5915.0
2026-08-30 13:51:16,35.9,66.4,5512.5
2026-08-30 13:51:46,35.8,68.0,5318.3
2026-08-30 13:52:16,35.9,66.9,5158.3
2026-08-30 13:52:46,35.9,68.2,5085.8
2026-08-30 13:53:16,35.9,68.2,5050.0
2026-08-30 13:53:46,35.9,67.7,4954.2
2026-08-30 13:54:16,35.9,67.9,4919.2
2026-08-30 13:54:46,35.9,66.9,4947.5
2026-08-30 13:55:16,35.9,67.9,5066.7
2026-08-30 13:55:46,35.9,68.5,5244.2
2026-08-30 13:56:16,35.9,67.4,5718.3
2026-08-30 13:56:46,35.9,67.8,5746.7
2026-08-30 13:57:16,35.8,67.8,5510.8
2026-08-30 13:57:46,35.8,67.1,4965.0
2026-08-30 13:58:16,35.8,67.8,4525.0
2026-08-30 13:58:46,35.6,67.2,4573.3
2026-08-30 13:59:16,35.6,68.3,4772.5
2026-08-30 13:59:46,35.5,68.2,5346.7
2026-08-30 14:00:16,35.5,68.6,6047.5
2026-08-30 14:00:46,35.4,67.8,6571.7
2026-08-30 14:01:16,35.5,68.8,6185.0
2026-08-30 14:01:46,35.5,68.5,5705.8
2026-08-30 14:02:16,35.3,67.3,5513.3
2026-08-30 14:02:46,35.5,68.9,5075.8
2026-08-30 14:03:16,35.3,68.2,5183.3
2026-08-30 14:03:46,35.3,67.6,4849.2
2026-08-30 14:04:16,35.3,67.3,4727.5
2026-08-30 14:04:46,35.3,67.8,5157.5
2026-08-30 14:05:16,35.3,68.4,5241.7
2026-08-30 14:05:46,35.4,68.3,5582.5
2026-08-30 14:06:16,35.5,68.4,5617.5
2026-08-30 14:06:46,35.5,68.8,5715.8
2026-08-30 14:07:16,35.6,67.8,5650.0
2026-08-30 14:07:46,35.5,67.6,5673.3
2026-08-30 14:08:16,35.6,67.3,5815.8
2026-08-30 14:08:46,35.6,68.1,6247.5
2026-08-30 14:09:16,35.8,68.4,6334.2
2026-08-30 14:09:46,35.8,67.2,6694.2
2026-08-30 14:10:16,35.7,68.5,6510.0
2026-08-30 14:10:46,35.8,68.0,6303.3
2026-08-30 14:11:16,35.9,68.5,6501.7
2026-08-30 14:11:46,36.1,68.7,6700.8
2026-08-30 14:12:16,35.9,68.4,7005.0
2026-08-30 14:12:46,36.0,68.2,7387.5
2026-08-30 14:13:16,35.9,67.8,7701.7
2026-08-30 14:13:46,36.0,69.0,7913.3
2026-08-30 14:14:16,36.0,67.5,8307.5
2026-08-30 14:14:46,36.2,66.2,8800.0
2026-08-30 14:15:16,36.1,67.8,8925.8
2026-08-30 14:15:46,36.2,67.3,9036.7
2026-08-30 14:16:16,36.2,67.2,8870.0
2026-08-30 14:16:46,36.4,66.9,8525.0
2026-08-30 14:17:16,36.3,66.6,8446.7
2026-08-30 14:17:46,36.3,66.7,8514.2
2026-08-30 14:18:16,36.3,66.4,8007.5
2026-08-30 14:18:46,36.2,67.4,7942.5
2026-08-30 14:19:16,36.3,68.6,7797.5
2026-08-30 14:19:46,36.2,68.1,7601.7
2026-08-30 14:20:16,36.2,68.0,7510.0
2026-08-30 14:20:46,36.3,66.4,7443.3
2026-08-30 14:21:16,36.2,67.0,7250.8
2026-08-30 14:21:46,36.4,66.2,7181.7
2026-08-30 14:22:16,36.3,67.6,7259.2
2026-08-30 14:22:46,36.3,67.3,7575.8
2026-08-30 14:23:16,36.2,68.0,8047.5
2026-08-30 14:23:46,36.2,68.4,8927.5
2026-08-30 14:24:16,36.2,69.0,9215.0
2026-08-30 14:24:46,36.3,68.4,8796.7
2026-08-30 14:25:16,36.2,66.8,8389.2
2026-08-30 14:25:46,36.2,67.4,7952.5
2026-08-30 14:26:16,36.2,67.1,7766.7
2026-08-30 14:26:46,36.0,67.8,7675.8
2026-08-30 14:27:16,35.9,67.0,7511.7
2026-08-30 14:27:46,35.9,67.4,7340.0
2026-08-30 14:28:16,35.8,66.7,6785.8
2026-08-30 14:28:46,35.8,67.9,6458.3
2026-08-30 14:29:16,35.8,68.6,6558.3
2026-08-30 14:29:46,35.7,68.6,6568.3
2026-08-30 14:30:16,35.7,69.6,6702.5
2026-08-30 14:30:46,35.8,68.7,7127.5
2026-08-30 14:31:16,35.6,68.0,7297.5
2026-08-30 14:31:46,35.7,67.6,7549.2
2026-08-30 14:32:16,35.5,68.1,7690.8
2026-08-30 14:32:46,35.5,68.3,7843.3
2026-08-30 14:33:16,35.5,68.5,7072.5
2026-08-30 14:33:46,35.4,68.5,6755.0
2026-08-30 14:34:16,35.4,68.1,6365.8
2026-08-30 14:34:46,35.5,68.3,6006.7
2026-08-30 14:35:16,35.5,69.3,5742.5
2026-08-30 14:35:46,35.4,69.2,5744.2
2026-08-30 14:36:16,35.3,69.0,5658.3
2026-08-30 14:36:46,35.3,69.3,5578.3
2026-08-30 14:37:16,35.2,68.6,6186.7
2026-08-30 14:37:46,35.2,69.2,6200.0
2026-08-30 14:38:16,35.3,69.4,6812.5
2026-08-30 14:38:46,35.2,68.1,7380.0
2026-08-30 14:39:16,35.2,69.2,7832.5
2026-08-30 14:39:46,35.5,69.0,8150.8
2026-08-30 14:40:16,35.5,67.8,8850.0
2026-08-30 14:40:46,35.5,67.6,9056.7
2026-08-30 14:41:16,35.6,66.6,9623.3
2026-08-30 14:41:46,35.7,68.4,10016.7
2026-08-30 14:42:16,35.7,68.2,10109.2
2026-08-30 14:42:46,35.7,68.1,10057.5
2026-08-30 14:43:16,35.8,68.1,9365.0
2026-08-30 14:43:46,35.8,66.6,8901.7
2026-08-30 14:44:16,35.8,66.4,8010.0
2026-08-30 14:44:46,35.8,66.5,7820.8
2026-08-30 14:45:16,35.8,66.2,7437.5
2026-08-30 14:45:46,35.8,67.2,7141.7
2026-08-30 14:46:16,35.8,67.4,6959.2
2026-08-30 14:46:46,35.8,67.8,6890.8
2026-08-30 14:47:16,35.8,68.8,6830.8
2026-08-30 14:47:46,35.7,68.2,7155.8
2026-08-30 14:48:16,35.7,68.9,7599.2
2026-08-30 14:48:46,35.7,70.1,8088.3
2026-08-30 14:49:16,35.6,68.6,7987.5
2026-08-30 14:49:46,35.6,67.4,7879.2
2026-08-30 14:50:16,35.5,68.7,7927.5
2026-08-30 14:50:46,35.6,69.5,7914.2
2026-08-30 14:51:16,35.6,69.5,8181.7
2026-08-30 14:51:46,35.6,69.5,8271.7
2026-08-30 14:52:16,35.6,69.2,8844.2
2026-08-30 14:52:46,35.6,69.3,9155.0
2026-08-30 14:53:16,35.6,68.7,9709.2
2026-08-30 14:53:46,35.6,67.6,9992.5
2026-08-30 14:54:16,35.8,67.6,10041.7
2026-08-30 14:54:46,35.8,68.0,10120.0
2026-08-30 14:55:16,35.8,68.3,10336.7
2026-08-30 14:55:46,35.8,68.7,10707.5
2026-08-30 14:56:16,35.9,68.9,10338.3
2026-08-30 14:56:46,35.9,69.1,9243.3
2026-08-30 14:57:16,35.8,68.8,8009.2
2026-08-30 14:57:46,35.8,68.8,6620.8
2026-08-30 14:58:16,35.8,68.7,5791.7
2026-08-30 14:58:46,35.7,69.2,5245.8
2026-08-30 14:59:16,35.7,69.2,4652.5
2026-08-30 14:59:46,35.7,69.8,4066.7
2026-08-30 15:00:16,35.6,69.2,3579.2
2026-08-30 15:00:46,35.5,69.3,3219.2
2026-08-30 15:01:16,35.5,69.7,2916.7
2026-08-30 15:01:46,35.4,69.8,2724.2
2026-08-30 15:02:16,35.3,70.1,2627.5
2026-08-30 15:02:46,35.3,69.5,2652.5
2026-08-30 15:03:16,35.2,70.2,2807.5
2026-08-30 15:03:46,35.3,70.1,3097.5
2026-08-30 15:04:16,35.2,71.2,3626.7
2026-08-30 15:04:46,35.2,71.1,4213.3
2026-08-30 15:05:16,35.2,71.3,4778.3
2026-08-30 15:05:46,35.2,71.6,5355.8
2026-08-30 15:06:16,35.2,72.2,5873.3
2026-08-30 15:06:46,35.2,71.3,6333.3
2026-08-30 15:07:16,35.2,71.2,6604.2
2026-08-30 15:07:46,35.1,70.9,6729.2
2026-08-30 15:08:16,35.1,71.6,6810.8
2026-08-30 15:08:46,35.1,70.8,7031.7
2026-08-30 15:09:16,35.1,71.3,7060.8
2026-08-30 15:09:46,35.2,72.2,7033.3
2026-08-30 15:10:16,35.1,72.2,6826.7
2026-08-30 15:10:46,35.0,72.6,6539.2
2026-08-30 15:11:16,35.0,72.3,6519.2
2026-08-30 15:11:46,35.1,72.4,6555.8
2026-08-30 15:12:16,35.0,72.3,6666.7
2026-08-30 15:12:46,35.0,72.5,6764.2
2026-08-30 15:13:16,35.0,72.3,6778.3
2026-08-30 15:13:46,34.9,72.0,6770.0
2026-08-30 15:14:16,34.9,72.9,6789.2
2026-08-30 15:14:46,35.0,73.0,6866.7
2026-08-30 15:15:16,35.0,72.6,6612.5
2026-08-30 15:15:46,34.9,72.0,6543.3
2026-08-30 15:16:16,34.8,72.3,6452.5
2026-08-30 15:16:46,34.8,72.9,6388.3
2026-08-30 15:17:16,34.8,72.7,6243.3
2026-08-30 15:17:46,34.8,72.0,6039.2
2026-08-30 15:18:16,34.7,72.3,5860.8
2026-08-30 15:18:46,34.8,72.8,5458.3
2026-08-30 15:19:16,34.6,72.6,5115.0
2026-08-30 15:19:46,34.7,72.6,4649.2
2026-08-30 15:20:16,34.6,73.2,4250.0
2026-08-30 15:20:46,34.5,73.3,3815.0
2026-08-30 15:21:16,34.5,72.7,3845.0
2026-08-30 15:21:46,34.5,73.1,3990.8
2026-08-30 15:22:16,34.5,73.1,4018.3
2026-08-30 15:22:46,34.5,73.3,3822.5
2026-08-30 15:23:16,34.5,73.4,3410.8
2026-08-30 15:23:46,34.4,74.0,2896.7
2026-08-30 15:24:16,34.4,73.9,2566.7
2026-08-30 15:24:46,34.4,74.2,2200.8
2026-08-30 15:25:16,34.3,74.5,2000.8
2026-08-30 15:25:46,34.3,74.6,1869.2
2026-08-30 15:26:16,34.2,73.9,1706.7
2026-08-30 15:26:46,34.3,74.3,1660.0
2026-08-30 15:27:16,34.1,73.4,1785.8
2026-08-30 15:27:46,34.1,74.0,1980.8
2026-08-30 15:28:16,34.1,74.0,2146.7
2026-08-30 15:28:46,34.0,74.3,2249.2
2026-08-30 15:29:16,34.0,74.0,2345.8
2026-08-30 15:29:46,34.0,74.5,2326.7
2026-08-30 15:30:16,34.0,74.5,2331.7
2026-08-30 15:30:46,34.0,73.9,2280.0
2026-08-30 15:31:16,34.0,74.5,2250.0
2026-08-30 15:31:46,33.8,75.1,2156.7
2026-08-30 15:32:16,33.9,74.9,2073.3
2026-08-30 15:32:46,34.0,75.1,1932.5
2026-08-30 15:33:16,33.9,74.7,1896.7
2026-08-30 15:33:46,33.8,74.3,1815.8
2026-08-30 15:34:16,33.9,74.1,1695.8
2026-08-30 15:34:46,33.8,74.1,1765.0
2026-08-30 15:35:16,33.8,74.4,1950.0
2026-08-30 15:35:46,33.8,74.4,2176.7
2026-08-30 15:36:16,33.8,73.8,2300.8
2026-08-30 15:36:46,33.8,74.4,2322.5
2026-08-30 15:37:16,33.7,75.2,2300.0
2026-08-30 15:37:46,33.8,75.7,2259.2
2026-08-30 15:38:16,33.7,75.3,2185.0
2026-08-30 15:38:46,33.6,74.9,2132.5
2026-08-30 15:39:16,33.6,74.9,1977.5
2026-08-30 15:39:46,33.6,75.3,1853.3
2026-08-30 15:40:16,33.7,75.3,1730.8
2026-08-30 15:40:46,33.5,75.9,1607.5
2026-08-30 15:41:16,33.5,76.1,1466.7
2026-08-30 15:41:46,33.6,75.8,1332.5
2026-08-30 15:42:16,33.5,76.1,1236.7
2026-08-30 15:42:46,33.5,75.9,1132.5
2026-08-30 15:43:16,33.6,75.5,1093.3
2026-08-30 15:43:46,33.5,75.6,1097.5
2026-08-30 15:44:16,33.5,75.2,1122.5
2026-08-30 15:44:46,33.5,75.4,1195.8
2026-08-30 15:45:16,33.5,75.7,1251.7
2026-08-30 15:45:46,33.5,75.8,1235.8
2026-08-30 15:46:16,33.6,75.8,1140.8
2026-08-30 15:46:46,33.5,76.6,1078.3
2026-08-30 15:47:16,33.6,76.6,980.0
2026-08-30 15:47:46,33.4,77.1,970.0
2026-08-30 15:48:16,33.5,77.3,1040.0
2026-08-30 15:48:46,33.4,77.4,1157.5
2026-08-30 15:49:16,33.5,77.4,1269.2
2026-08-30 15:49:46,33.5,77.6,1356.7
2026-08-30 15:50:16,33.4,78.0,1369.2
2026-08-30 15:50:46,33.4,78.3,1379.2
2026-08-30 15:51:16,33.4,78.0,1380.8
2026-08-30 15:51:46,33.4,78.5,1363.3
2026-08-30 15:52:16,33.3,76.9,1356.7
2026-08-30 15:52:46,33.3,77.2,1340.8
2026-08-30 15:53:16,33.4,76.8,1272.5
2026-08-30 15:53:46,33.3,77.2,1156.7
2026-08-30 15:54:16,33.3,76.8,1085.0
2026-08-30 15:54:46,33.1,73.8,975.0
2026-08-30 15:55:16,33.0,72.4,792.5
2026-08-30 15:55:46,33.0,71.9,705.8
2026-08-30 15:56:16,32.8,71.2,632.5
2026-08-30 15:56:46,32.8,71.4,582.5
2026-08-30 15:57:16,32.7,70.9,518.3
2026-08-30 15:57:46,32.7,71.1,527.5
2026-08-30 15:58:16,32.5,71.6,530.8
2026-08-30 15:58:46,32.5,71.9,560.0
2026-08-30 15:59:16,32.3,72.7,568.3
2026-08-30 15:59:46,32.3,73.1,603.3
2026-08-30 16:00:16,32.0,75.3,664.2
2026-08-30 16:00:46,32.0,76.9,685.8
2026-08-30 16:01:16,31.9,78.1,727.5
2026-08-30 16:01:46,31.8,79.5,741.7
2026-08-30 16:02:16,31.5,78.8,776.7
2026-08-30 16:02:46,31.3,79.5,840.0
2026-08-30 16:03:16,31.2,80.2,905.0
2026-08-30 16:03:46,31.0,79.6,981.7
2026-08-30 16:04:16,30.7,79.1,1059.2
2026-08-30 16:04:46,30.5,81.2,69.2
2026-08-30 16:05:16,30.5,82.4,104.2
2026-08-30 16:06:05,30.5,80.1,105.8
2026-08-30 16:06:36,30.3,79.3,105.8
2026-08-30 16:07:00,30.2,80.6,110.0
2026-08-30 16:07:30,30.2,81.3,110.8
2026-08-30 16:08:00,30.1,80.5,111.7
2026-08-30 16:08:30,30.1,80.6,112.5
2026-08-30 16:09:00,30.1,81.6,113.3
2026-08-30 16:09:30,30.1,82.4,114.2
2026-08-30 16:10:00,30.1,83.8,115.0
2026-08-30 16:10:30,30.0,82.5,115.0
2026-08-30 16:11:00,30.0,84.0,115.0
2026-08-30 16:11:30,30.0,84.1,115.0
2026-08-30 16:12:00,30.0,84.6,115.0
2026-08-30 16:12:30,30.0,84.7,115.8
2026-08-30 16:13:00,29.9,85.2,115.0
2026-08-30 16:13:30,30.0,85.0,115.8
2026-08-30 16:14:00,30.0,85.2,116.7
2026-08-30 16:14:30,30.0,84.7,115.8
2026-08-30 16:15:00,30.0,84.4,115.8
2026-08-30 16:15:30,30.0,84.0,115.8
2026-08-30 16:16:00,30.0,84.5,115.8
2026-08-30 16:16:30,30.0,84.4,115.8
2026-08-30 16:17:00,30.1,84.6,115.8
2026-08-30 16:17:30,30.0,84.1,115.8
2026-08-30 16:18:00,30.0,83.9,116.7
2026-08-30 16:18:30,30.1,84.3,116.7
2026-08-30 16:19:00,30.0,84.2,116.7
2026-08-30 16:19:30,30.1,84.4,116.7
2026-08-30 16:20:00,30.0,85.0,115.8
2026-08-30 16:20:30,30.0,85.4,115.8
2026-08-30 16:21:00,30.0,85.0,115.8
2026-08-30 16:21:30,30.1,85.4,115.8
2026-08-30 16:22:00,30.1,84.9,116.7
2026-08-30 16:22:30,30.0,84.6,115.8
2026-08-30 16:23:00,30.1,84.3,116.7
2026-08-30 16:23:30,29.9,84.8,115.8
2026-08-30 16:24:00,30.0,85.3,115.8
2026-08-30 16:24:30,30.0,85.3,115.8
2026-08-30 16:25:00,30.0,85.5,116.7
2026-08-30 16:25:30,30.0,85.1,116.7
2026-08-30 16:26:00,30.0,85.3,116.7
2026-08-30 16:26:30,30.1,85.9,116.7
2026-08-30 16:27:00,30.2,85.7,117.5
2026-08-30 16:27:30,30.2,84.4,117.5
2026-08-30 16:28:00,30.2,84.4,117.5
2026-08-30 16:28:30,30.2,84.9,117.5
2026-08-30 16:29:00,30.3,85.2,117.5
2026-08-30 16:29:30,30.2,85.1,117.5
2026-08-30 16:30:00,30.4,84.8,117.5
2026-08-30 16:30:30,30.3,84.1,117.5
2026-08-30 16:31:00,30.3,85.1,117.5
2026-08-30 16:31:30,30.4,84.9,116.7
2026-08-30 16:32:00,30.4,84.2,115.8
2026-08-30 16:32:30,30.4,84.5,115.0
2026-08-30 16:33:00,30.4,85.8,114.2
2026-08-30 16:33:30,30.5,85.5,113.3
2026-08-30 16:34:00,30.4,84.5,112.5
2026-08-30 16:34:30,30.5,84.7,111.7
2026-08-30 16:35:00,30.4,84.8,111.7
2026-08-30 16:35:30,30.4,84.6,112.5
2026-08-30 16:36:00,30.5,84.1,112.5
2026-08-30 16:36:30,30.3,83.7,113.3
2026-08-30 16:37:00,30.4,84.5,113.3
2026-08-30 16:37:30,30.5,84.4,112.5
2026-08-30 16:38:00,30.5,85.2,113.3
2026-08-30 16:38:30,30.4,85.3,113.3
2026-08-30 16:39:00,30.3,84.5,112.5
2026-08-30 16:39:30,30.4,85.0,112.5
2026-08-30 16:40:00,30.3,85.1,112.5
2026-08-30 16:40:30,30.4,84.8,111.7
2026-08-30 16:41:00,30.4,85.3,111.7
2026-08-30 16:41:30,30.4,84.9,111.7
2026-08-30 16:42:00,30.5,85.4,111.7
2026-08-30 16:42:30,30.4,86.5,111.7
2026-08-30 16:43:00,30.4,86.3,110.8
2026-08-30 16:43:30,30.4,86.4,109.2
2026-08-30 16:44:00,30.5,86.6,105.8
2026-08-30 16:44:30,30.4,87.1,104.2
2026-08-30 16:45:00,30.5,87.4,102.5
2026-08-30 16:45:30,30.4,87.6,100.8
2026-08-30 16:46:00,30.5,87.9,99.2
2026-08-30 16:46:30,30.5,87.1,98.3
2026-08-30 16:47:00,30.5,87.0,97.5
2026-08-30 16:47:30,30.5,88.4,96.7
2026-08-30 16:48:00,30.4,88.7,95.8
2026-08-30 16:48:30,30.5,86.2,94.2
2026-08-30 16:49:00,30.4,86.5,92.5
2026-08-30 16:49:30,30.4,87.8,90.8
2026-08-30 16:50:00,30.3,88.4,90.0
2026-08-30 16:50:30,30.4,88.5,89.2
2026-08-30 16:51:00,30.3,88.1,87.5
2026-08-30 16:51:30,30.4,88.4,86.7
2026-08-30 16:52:00,30.4,88.2,85.8
2026-08-30 16:52:30,30.5,87.8,84.2
2026-08-30 16:53:00,30.5,87.8,83.3
2026-08-30 16:53:30,30.4,88.7,83.3
2026-08-30 16:54:00,30.5,88.8,82.5
2026-08-30 16:54:30,30.4,89.1,82.5
2026-08-30 16:55:00,30.4,89.3,82.5
2026-08-30 16:55:30,30.4,89.6,81.7
2026-08-30 16:56:00,30.4,89.5,80.8
2026-08-30 16:56:30,30.4,89.9,80.0
2026-08-30 16:57:00,30.4,89.7,80.0
2026-08-30 16:57:30,30.4,90.3,79.2
2026-08-30 16:58:00,30.5,90.0,78.3
2026-08-30 16:58:30,30.4,89.2,78.3
2026-08-30 16:59:00,30.3,89.1,77.5
2026-08-30 16:59:30,30.5,88.8,76.7
2026-08-30 17:00:00,30.4,89.1,75.8
2026-08-30 17:00:30,30.4,89.2,75.0
2026-08-30 17:01:00,30.5,88.8,74.2
2026-08-30 17:01:30,30.5,88.6,72.5
2026-08-30 17:02:00,30.5,88.8,70.0
2026-08-30 17:02:30,30.5,88.9,68.3
2026-08-30 17:03:00,30.5,88.8,66.7
2026-08-30 17:03:30,30.5,88.8,65.8
2026-08-30 17:04:00,30.5,88.7,64.2
2026-08-30 17:04:30,30.5,89.7,63.3
2026-08-30 17:05:00,30.5,90.4,63.3
2026-08-30 17:05:30,30.5,90.7,62.5
2026-08-30 17:06:00,30.5,90.9,61.7
2026-08-30 17:06:30,30.5,91.0,61.7
2026-08-30 17:07:00,30.5,90.8,61.7
2026-08-30 17:07:30,30.5,90.8,60.8
2026-08-30 17:08:00,30.6,90.5,60.8
2026-08-30 17:08:30,30.6,90.3,60.0
2026-08-30 17:09:00,30.6,90.5,60.0
2026-08-30 17:09:30,30.5,90.5,60.0
2026-08-30 17:10:00,30.6,90.4,60.0
2026-08-30 17:10:30,30.5,90.7,59.2
2026-08-30 17:11:00,30.6,90.6,59.2
2026-08-30 17:11:30,30.5,91.1,59.2
2026-08-30 17:12:00,30.6,91.1,59.2
2026-08-30 17:12:30,30.6,91.2,59.2
2026-08-30 17:13:00,30.6,91.7,59.2
2026-08-30 17:13:30,30.6,92.0,58.3
2026-08-30 17:14:00,30.6,91.7,57.5
2026-08-30 17:14:30,30.6,91.7,56.7
2026-08-30 17:15:00,30.6,91.8,56.7
2026-08-30 17:15:30,30.5,91.7,55.8
2026-08-30 17:16:00,30.6,91.7,55.0
2026-08-30 17:16:30,30.5,91.9,52.5
2026-08-30 17:17:00,30.7,91.4,51.7
2026-08-30 17:17:30,30.6,91.9,51.7
2026-08-30 17:18:00,30.5,92.1,50.8
2026-08-30 17:18:30,30.5,92.2,50.8
2026-08-30 17:19:00,30.5,92.1,50.0
2026-08-30 17:19:30,30.5,92.1,50.0
2026-08-30 17:20:00,30.5,92.0,49.2
2026-08-30 17:20:30,30.5,91.4,49.2
2026-08-30 17:21:00,30.4,91.6,49.2
2026-08-30 17:21:30,30.6,91.3,49.2
2026-08-30 17:22:00,30.4,91.1,49.2
2026-08-30 17:22:30,30.5,91.2,49.2
2026-08-30 17:23:00,30.4,91.2,49.2
2026-08-30 17:23:30,30.5,90.6,49.2
2026-08-30 17:24:00,30.5,90.3,49.2
2026-08-30 17:24:30,30.5,89.8,49.2
2026-08-30 17:25:00,30.5,89.8,49.2
2026-08-30 17:25:30,30.5,90.0,49.2
2026-08-30 17:26:00,30.6,90.1,49.2
2026-08-30 17:26:30,30.5,90.2,48.3
2026-08-30 17:27:00,30.5,89.9,48.3
2026-08-30 17:27:30,30.5,89.2,47.5
2026-08-30 17:28:00,30.5,89.3,47.5
2026-08-30 17:28:30,30.5,89.7,46.7
2026-08-30 17:29:00,30.5,89.1,45.8
2026-08-30 17:29:30,30.5,89.0,45.0
2026-08-30 17:30:00,30.5,89.6,44.2
2026-08-30 17:30:30,30.5,89.7,44.2
2026-08-30 17:31:00,30.5,89.7,43.3
2026-08-30 17:31:30,30.5,89.8,42.5
2026-08-30 17:32:00,30.5,89.9,42.5
2026-08-30 17:32:30,30.5,90.0,42.5
2026-08-30 17:33:00,30.5,90.4,42.5
2026-08-30 17:33:30,30.5,90.3,42.5
2026-08-30 17:34:00,30.5,89.9,42.5
2026-08-30 17:34:30,30.5,89.4,42.5
2026-08-30 17:35:00,30.6,89.8,41.7
2026-08-30 17:35:30,30.5,89.8,42.5
2026-08-30 17:36:00,30.4,90.0,42.5
2026-08-30 17:36:30,30.5,89.8,42.5
2026-08-30 17:37:00,30.5,90.0,42.5
2026-08-30 17:37:30,30.5,89.5,42.5
2026-08-30 17:38:00,30.5,89.3,41.7
2026-08-30 17:38:30,30.4,89.3,41.7
2026-08-30 17:39:00,30.5,89.5,41.7
2026-08-30 17:39:30,30.4,89.9,41.7
2026-08-30 17:40:00,30.5,89.5,41.7
2026-08-30 17:40:30,30.4,89.8,41.7
2026-08-30 17:41:00,30.4,89.2,41.7
2026-08-30 17:41:30,30.4,89.3,41.7
2026-08-30 17:42:00,30.5,89.0,41.7
2026-08-30 17:42:30,30.4,88.9,40.8
2026-08-30 17:43:00,30.4,88.9,42.5
2026-08-30 17:43:30,30.4,89.2,42.5
2026-08-30 17:44:00,30.4,88.7,42.5
2026-08-30 17:44:30,30.4,88.6,41.7
2026-08-30 17:45:00,30.4,88.3,41.7
2026-08-30 17:45:30,30.3,88.1,41.7
2026-08-30 17:46:00,30.3,88.2,41.7
2026-08-30 17:46:30,30.4,88.5,39.2
2026-08-30 17:47:00,30.4,88.9,37.5
2026-08-30 17:47:30,30.4,89.4,36.7
2026-08-30 17:48:00,30.4,89.2,35.8
2026-08-30 17:48:30,30.3,90.1,35.0
2026-08-30 17:49:00,30.3,91.0,35.0
2026-08-30 17:49:30,30.4,91.0,35.0
2026-08-30 17:50:00,30.3,90.7,35.8
2026-08-30 17:50:30,30.4,90.8,35.8
2026-08-30 17:51:00,30.3,91.0,35.8
2026-08-30 17:51:30,30.3,90.8,35.8
2026-08-30 17:52:00,30.3,90.7,35.8
2026-08-30 17:52:30,30.3,90.2,36.7
2026-08-30 17:53:00,30.2,90.1,37.5
2026-08-30 17:53:30,30.3,90.1,38.3
2026-08-30 17:54:00,30.3,90.3,37.5
2026-08-30 17:54:30,30.4,90.7,35.0
2026-08-30 17:55:00,30.2,91.0,32.5
2026-08-30 17:55:30,30.2,91.1,31.7
2026-08-30 17:56:00,30.3,90.6,30.8
2026-08-30 17:56:30,30.2,90.4,31.7
2026-08-30 17:57:00,30.3,90.6,32.5
2026-08-30 17:57:30,30.2,90.6,34.2
2026-08-30 17:58:00,30.1,90.8,35.8
2026-08-30 17:58:30,30.1,90.5,36.7
2026-08-30 17:59:00,30.2,90.6,36.7
2026-08-30 17:59:30,30.2,90.5,36.7
2026-08-30 18:00:00,30.2,90.6,33.3
2026-08-30 18:00:30,30.2,91.0,30.8
2026-08-30 18:01:00,30.2,90.8,28.3
2026-08-30 18:01:30,30.2,90.6,25.8
2026-08-30 18:02:00,30.2,90.2,23.3
2026-08-30 18:02:30,30.1,90.3,20.8
2026-08-30 18:03:00,30.1,89.9,19.2
2026-08-30 18:03:30,30.2,90.2,18.3
2026-08-30 18:04:00,30.1,90.2,16.7
2026-08-30 18:04:30,30.1,90.0,15.0
2026-08-30 18:05:00,30.0,90.1,14.2
2026-08-30 18:05:30,30.1,90.1,13.3
2026-08-30 18:06:00,30.1,89.9,12.5
2026-08-30 18:06:30,30.1,90.0,11.7
2026-08-30 18:07:00,30.1,89.8,10.8
2026-08-30 18:07:30,30.0,90.0,10.0
2026-08-30 18:08:00,30.1,90.5,10.0
2026-08-30 18:08:30,30.1,90.3,9.2
2026-08-30 18:09:00,30.1,90.1,8.3
2026-08-30 18:09:30,30.1,90.0,7.5
2026-08-30 18:10:00,30.0,89.8,7.5
2026-08-30 18:10:30,30.1,90.0,6.7
2026-08-30 18:11:00,30.1,90.0,5.8
2026-08-30 18:11:30,30.0,89.9,5.8
2026-08-30 18:12:00,30.0,89.9,5.0
2026-08-30 18:12:30,30.0,90.0,5.0
2026-08-30 18:13:00,30.0,90.0,4.2
2026-08-30 18:13:30,30.0,90.1,3.3
2026-08-30 18:14:00,30.0,90.2,3.3
2026-08-30 18:14:30,30.0,90.2,3.3
2026-08-30 18:15:00,30.0,90.5,2.5
2026-08-30 18:15:30,30.0,90.9,2.5
2026-08-30 18:16:00,30.0,90.9,2.5
2026-08-30 18:16:30,30.0,90.9,2.5
2026-08-30 18:17:00,29.9,90.7,2.5
2026-08-30 18:17:30,30.0,90.5,2.5
2026-08-30 18:18:00,30.0,90.4,1.7
2026-08-30 18:18:30,30.1,90.2,1.7
2026-08-30 18:19:00,30.0,90.2,1.7
2026-08-30 18:19:30,30.0,90.6,1.7
2026-08-30 18:20:00,30.0,91.1,1.7
2026-08-30 18:20:30,30.1,90.9,0.8
2026-08-30 18:21:00,30.0,91.0,0.8
2026-08-30 18:21:30,30.0,91.2,0.8
2026-08-30 18:22:00,29.9,90.8,0.8
2026-08-30 18:22:30,30.0,91.4,0.8
2026-08-30 18:23:00,30.0,91.4,0.8
2026-08-30 18:23:30,30.0,91.7,0.8
2026-08-30 18:24:00,30.0,91.5,0.8
2026-08-30 18:24:30,30.0,91.3,0.8
2026-08-30 18:25:00,30.0,91.4,0.8
2026-08-30 18:25:30,30.0,91.5,0.8
2026-08-30 18:26:00,30.0,91.0,0.0
2026-08-30 18:26:30,30.0,91.2,0.0
2026-08-30 18:27:00,30.1,91.3,0.0
2026-08-30 18:27:30,30.0,91.0,0.0
2026-08-30 18:28:00,29.9,90.6,0.0
2026-08-30 18:28:30,29.9,90.5,0.0
2026-08-30 18:29:00,29.9,91.0,0.0
2026-08-30 18:29:30,30.0,91.1,0.0
2026-08-30 18:30:00,30.0,91.0,0.0
2026-08-30 18:30:30,29.9,90.2,5.8
2026-08-30 18:31:00,29.9,89.7,5.8
2026-08-30 18:31:30,29.8,89.5,5.8
2026-08-30 18:32:00,29.9,89.3,5.8
2026-08-30 18:32:30,29.8,88.7,5.8
2026-08-30 18:33:00,29.9,88.6,5.8
2026-08-30 18:33:30,29.9,88.7,5.8
2026-08-30 18:34:00,29.8,88.4,5.8
2026-08-30 18:34:30,29.9,88.2,5.0
2026-08-30 18:35:00,29.8,88.0,5.0
2026-08-30 18:35:30,29.8,88.1,5.0
2026-08-30 18:36:00,29.8,87.7,5.0
2026-08-30 18:36:30,29.9,87.8,5.0
2026-08-30 18:37:00,29.9,87.9,5.0
2026-08-30 18:37:30,29.9,88.1,5.0
2026-08-30 18:38:00,29.9,88.2,5.0
2026-08-30 18:38:30,29.9,88.6,5.0
2026-08-30 18:39:00,29.9,88.6,5.0
2026-08-30 18:39:30,29.9,88.5,5.0
2026-08-30 18:40:00,29.9,88.6,5.0
2026-08-30 18:40:30,29.9,88.8,5.0
2026-08-30 18:41:00,29.9,89.5,5.0
2026-08-30 18:41:30,29.9,90.5,5.0
2026-08-30 18:42:00,29.9,90.9,5.0
2026-08-30 18:42:30,29.9,91.4,5.0
2026-08-30 18:43:00,29.9,90.3,5.0
2026-08-30 18:43:30,29.9,89.4,5.0
2026-08-30 18:44:00,29.9,89.7,5.0
2026-08-30 18:44:30,29.9,90.1,5.0
2026-08-30 18:45:00,29.9,90.3,5.0
2026-08-30 18:45:30,29.8,90.8,5.0
2026-08-30 18:46:00,29.9,91.1,5.0
2026-08-30 18:46:30,29.9,91.5,5.0
2026-08-30 18:47:00,29.8,91.5,5.0
2026-08-30 18:47:30,29.9,91.8,5.0
2026-08-30 18:48:00,29.8,92.0,5.0
2026-08-30 18:48:30,29.8,92.9,5.0
2026-08-30 18:49:00,29.9,94.3,5.0
2026-08-30 18:49:30,29.8,94.6,5.0
2026-08-30 18:50:00,29.9,94.7,5.0
2026-08-30 18:50:30,29.9,94.4,5.0
2026-08-30 18:51:00,29.9,93.6,5.0
2026-08-30 18:51:30,29.8,93.6,5.0
2026-08-30 18:52:00,29.8,93.7,5.0
2026-08-30 18:52:30,29.8,93.7,5.0
2026-08-30 18:53:00,29.8,93.7,5.0
2026-08-30 18:53:30,29.8,93.9,5.0
2026-08-30 18:54:00,29.8,94.1,5.0
2026-08-30 18:54:30,29.7,94.3,5.0
2026-08-30 18:55:00,29.8,94.6,5.0
2026-08-30 18:55:30,29.8,94.7,5.0
2026-08-30 18:56:00,29.9,94.9,5.0
2026-08-30 18:56:30,29.7,95.0,5.0
2026-08-30 18:57:00,29.8,94.9,5.0
2026-08-30 18:57:30,29.9,95.0,5.0
2026-08-30 18:58:00,29.7,94.8,5.0
2026-08-30 18:58:30,29.7,94.6,5.0
2026-08-30 18:59:00,29.7,94.6,5.0
2026-08-30 18:59:30,29.8,94.7,5.0
2026-08-30 19:00:00,29.9,94.6,5.0
2026-08-30 19:00:30,29.8,94.6,5.0
2026-08-30 19:01:00,29.8,94.7,5.0
2026-08-30 19:01:30,29.7,95.0,5.0
2026-08-30 19:02:00,29.8,95.7,5.0
2026-08-30 19:02:30,29.8,96.5,5.0
2026-08-30 19:03:00,29.9,96.4,5.0
2026-08-30 19:03:30,29.9,95.8,5.0
2026-08-30 19:04:00,29.8,94.8,5.0
2026-08-30 19:04:30,29.7,93.6,5.0
2026-08-30 19:05:00,29.7,93.7,5.0
2026-08-30 19:05:30,29.7,93.5,5.0
2026-08-30 19:06:00,29.8,93.9,5.0
2026-08-30 19:06:30,29.9,94.6,5.0
2026-08-30 19:07:00,29.8,94.9,5.0
2026-08-30 19:07:30,29.9,95.1,5.0
2026-08-30 19:08:00,29.9,95.2,5.0
2026-08-30 19:08:30,29.8,95.1,5.0
2026-08-30 19:09:00,29.8,94.9,5.0
2026-08-30 19:09:30,29.7,94.6,5.0
2026-08-30 19:10:00,29.8,94.5,5.0
2026-08-30 19:10:30,29.7,94.3,5.0
2026-08-30 19:11:00,29.8,94.4,5.0
2026-08-30 19:11:30,29.8,94.3,5.0
2026-08-30 19:12:00,29.8,93.6,5.0
2026-08-30 19:12:30,29.8,93.2,5.0
2026-08-30 19:13:00,29.8,93.8,5.0
2026-08-30 19:13:30,29.8,93.9,5.0
2026-08-30 19:14:00,29.8,94.0,5.0
2026-08-30 19:14:30,29.9,93.1,5.0
2026-08-30 19:15:00,29.9,92.2,5.0
2026-08-30 19:15:30,29.8,92.3,5.0
2026-08-30 19:16:00,29.9,92.6,5.0
2026-08-30 19:16:30,29.9,92.8,5.0
2026-08-30 19:17:00,29.8,93.0,5.0
2026-08-30 19:17:30,29.9,92.9,5.0
2026-08-30 19:18:00,29.8,93.1,5.0
2026-08-30 19:18:30,29.9,93.1,5.0
2026-08-30 19:19:00,29.8,92.7,5.0
2026-08-30 19:19:30,29.8,92.5,5.0
2026-08-30 19:20:00,29.8,92.2,5.0
2026-08-30 19:20:30,29.8,92.4,5.0
2026-08-30 19:21:00,29.9,92.5,5.0
2026-08-30 19:21:30,29.8,92.5,5.0
2026-08-30 19:22:00,29.8,92.8,5.0
2026-08-30 19:22:30,30.0,92.8,5.0
2026-08-30 19:23:00,29.9,92.9,5.0
2026-08-30 19:23:30,29.9,92.5,5.0
2026-08-30 19:24:00,29.9,92.4,5.0
2026-08-30 19:24:30,29.9,92.0,5.0
2026-08-30 19:25:00,29.8,91.6,5.0
2026-08-30 19:25:30,29.7,91.8,5.0
2026-08-30 19:26:00,29.7,92.6,5.0
2026-08-30 19:26:30,29.9,93.3,5.0
2026-08-30 19:27:00,29.8,93.3,5.0
2026-08-30 19:27:30,29.9,92.9,5.0
2026-08-30 19:28:00,29.9,92.8,5.0
2026-08-30 19:28:30,29.8,92.8,5.0
2026-08-30 19:29:00,29.8,92.8,5.0
2026-08-30 19:29:30,29.8,93.2,5.0
2026-08-30 19:30:00,29.8,93.2,5.0
2026-08-30 19:30:30,29.8,93.1,5.0
2026-08-30 19:31:00,29.8,92.9,5.0
2026-08-30 19:31:30,29.8,92.8,5.0
2026-08-30 19:32:00,29.7,92.8,5.0
2026-08-30 19:32:30,29.8,93.2,5.0
2026-08-30 19:33:00,29.7,93.2,5.0
2026-08-30 19:33:30,29.9,92.9,5.0
2026-08-30 19:34:00,29.7,93.3,5.0
2026-08-30 19:34:30,29.8,94.1,5.0
2026-08-30 19:35:00,29.8,94.6,5.0
2026-08-30 19:35:30,29.8,94.8,5.0
2026-08-30 19:36:00,29.7,94.5,5.0
2026-08-30 19:36:30,29.7,94.3,5.0
2026-08-30 19:37:00,29.7,94.1,5.0
2026-08-30 19:37:30,29.7,94.2,5.0
2026-08-30 19:38:00,29.7,94.2,5.0
2026-08-30 19:38:30,29.8,94.0,5.0
2026-08-30 19:39:00,29.7,94.2,5.0
2026-08-30 19:39:30,29.7,94.3,5.0
2026-08-30 19:40:00,29.8,94.1,5.0
2026-08-30 19:40:30,29.7,93.9,5.0
2026-08-30 19:41:00,29.7,93.9,5.0
2026-08-30 19:41:30,29.7,94.1,5.0
2026-08-30 19:42:00,29.6,94.3,5.0
2026-08-30 19:42:30,29.7,93.9,5.0
2026-08-30 19:43:00,29.7,94.2,5.0
2026-08-30 19:43:30,29.7,94.7,5.0
2026-08-30 19:44:00,29.7,94.7,5.0
2026-08-30 19:44:30,29.8,94.8,5.0
2026-08-30 19:45:00,29.7,94.9,5.0
2026-08-30 19:45:30,29.7,95.2,5.0
2026-08-30 19:46:00,29.7,95.0,0.0
2026-08-30 19:46:30,29.7,96.5,0.8
2026-08-30 19:47:00,29.8,98.5,0.0
2026-08-30 19:47:30,29.9,98.3,0.8
2026-08-30 19:48:00,30.1,98.0,0.8
2026-08-30 19:48:30,30.0,97.8,0.8
2026-08-30 19:49:00,30.1,98.1,0.8
2026-08-30 19:49:30,30.1,98.4,0.8
2026-08-30 19:50:00,30.0,98.7,0.8
2026-08-30 19:50:30,29.9,98.8,0.8
2026-08-30 19:51:00,29.9,99.0,0.8
2026-08-30 19:51:30,29.9,99.1,0.8
2026-08-30 19:52:00,29.9,99.2,0.8
2026-08-30 19:52:30,29.8,99.3,0.8
2026-08-30 19:53:00,29.8,99.4,0.8
2026-08-30 19:53:30,29.7,99.4,0.8
2026-08-30 19:54:00,29.8,99.4,0.8
2026-08-30 19:54:30,29.8,99.5,0.8
2026-08-30 19:55:00,29.7,99.6,0.8
2026-08-30 19:55:30,29.7,99.7,0.8
2026-08-30 19:56:00,29.6,99.8,0.8
2026-08-30 19:56:30,29.7,99.9,0.8
2026-08-30 19:57:00,29.7,99.7,0.8
2026-08-30 19:57:30,29.6,99.7,0.8
2026-08-30 19:58:00,29.6,99.8,0.8
2026-08-30 19:58:30,29.6,99.9,0.8
2026-08-30 19:59:00,29.6,100.0,0.8
2026-08-30 19:59:30,29.6,100.0,0.8
2026-08-30 20:00:00,29.6,100.0,0.8
2026-08-30 20:00:30,29.6,100.0,0.8
2026-08-30 20:01:00,29.6,100.0,0.8
2026-08-30 20:01:30,29.6,100.0,0.8
2026-08-30 20:02:00,29.6,100.0,0.8
2026-08-30 20:02:30,29.5,100.0,0.8
2026-08-30 20:03:00,29.7,100.0,0.8
2026-08-30 20:03:30,29.5,100.0,0.8
2026-08-30 20:04:00,29.6,100.0,0.8
2026-08-30 20:04:30,29.5,100.0,0.8
2026-08-30 20:05:00,29.5,100.0,0.8
2026-08-30 20:05:30,29.5,100.0,0.8
2026-08-30 20:06:00,29.5,100.0,0.8
2026-08-30 20:06:30,29.5,100.0,0.8
2026-08-30 20:07:00,29.5,100.0,0.8
2026-08-30 20:07:30,29.5,100.0,0.8
2026-08-30 20:08:00,29.5,100.0,0.8
2026-08-30 20:08:30,29.7,100.0,0.8
2026-08-30 20:09:00,29.5,100.0,0.8
2026-08-30 20:09:30,29.6,100.0,0.8
2026-08-30 20:10:00,29.5,100.0,0.8
2026-08-30 20:10:30,29.5,100.0,0.8
2026-08-30 20:11:00,29.5,100.0,0.8
2026-08-30 20:11:30,29.6,100.0,0.8
2026-08-30 20:12:00,29.5,100.0,0.8
2026-08-30 20:12:30,29.5,100.0,0.8
2026-08-30 20:13:00,29.5,100.0,0.8
2026-08-30 20:13:30,29.5,100.0,0.8
2026-08-30 20:14:00,29.6,100.0,0.8
2026-08-30 20:14:30,29.6,100.0,0.8
2026-08-30 20:15:00,29.6,100.0,0.8
2026-08-30 20:15:30,29.5,100.0,0.8
2026-08-30 20:16:00,29.5,100.0,0.8
2026-08-30 20:16:30,29.5,100.0,0.8
2026-08-30 20:17:00,29.5,100.0,1.7
2026-08-30 20:17:30,29.6,100.0,1.7
2026-08-30 20:18:00,29.5,100.0,0.8
2026-08-30 20:18:30,29.4,100.0,0.8
2026-08-30 20:19:00,29.5,100.0,0.8
2026-08-30 20:19:30,29.5,100.0,0.8
2026-08-30 20:20:00,29.5,100.0,0.8
2026-08-30 20:20:30,29.5,99.9,0.8
2026-08-30 20:21:00,29.5,99.7,0.8
2026-08-30 20:21:30,29.4,99.7,0.8
2026-08-30 20:22:00,29.5,99.6,1.7
2026-08-30 20:22:30,29.5,99.6,0.8
2026-08-30 20:23:00,29.4,99.5,0.8
2026-08-30 20:23:30,29.4,99.6,0.8
2026-08-30 20:24:00,29.4,99.7,0.8
2026-08-30 20:24:30,29.4,99.8,0.8
2026-08-30 20:25:00,29.4,99.8,0.8
2026-08-30 20:25:30,29.4,99.6,0.8
2026-08-30 20:26:00,29.4,99.7,0.8
2026-08-30 20:26:30,29.4,99.8,0.8
2026-08-30 20:27:00,29.4,99.7,0.8
2026-08-30 20:27:30,29.4,99.7,0.8
2026-08-30 20:28:00,29.4,99.7,0.8
2026-08-30 20:28:27,29.3,99.5,0.8
2026-08-30 20:28:57,29.3,99.4,0.8
2026-08-30 20:29:27,29.3,99.3,0.8
2026-08-30 20:29:57,29.3,99.4,0.8
2026-08-30 20:30:27,29.3,99.5,0.8
2026-08-30 20:30:57,29.3,99.5,0.8
2026-08-30 20:31:27,29.2,99.7,0.8
2026-08-30 20:31:57,29.3,99.8,0.8
2026-08-30 20:32:27,29.2,99.8,0.8
2026-08-30 20:32:57,29.2,99.7,0.8
2026-08-30 20:33:27,29.2,99.7,0.8
2026-08-30 20:33:57,29.3,99.6,0.8
2026-08-30 20:34:27,29.3,99.7,0.8
2026-08-30 20:34:57,29.2,99.7,0.8
2026-08-30 20:35:27,29.3,99.7,0.8
2026-08-30 20:35:57,29.3,99.9,0.8
2026-08-30 20:36:27,29.3,99.9,0.8
2026-08-30 20:36:57,29.2,99.8,0.8
2026-08-30 20:37:27,29.3,99.4,0.8
2026-08-30 20:37:57,29.2,99.0,0.8
2026-08-30 20:38:27,29.2,99.4,0.8
2026-08-30 20:38:57,29.2,99.6,0.8
2026-08-30 20:39:27,29.2,99.7,0.8
2026-08-30 20:39:57,29.3,99.6,0.8
2026-08-30 20:40:27,29.2,99.5,0.8
2026-08-30 20:40:57,29.1,99.3,1.7
2026-08-30 20:41:27,29.1,99.2,0.8
2026-08-30 20:41:57,29.1,98.8,1.7
2026-08-30 20:42:27,29.1,99.0,0.8
2026-08-30 20:42:57,29.2,98.9,1.7
2026-08-30 20:43:27,29.1,98.4,0.8
2026-08-30 20:43:57,29.0,98.5,0.8
2026-08-30 20:44:27,29.0,98.9,0.8
2026-08-30 20:44:57,29.1,99.3,1.7
2026-08-30 20:45:27,29.0,99.5,0.8
2026-08-30 20:45:57,29.1,99.6,0.0
2026-08-30 20:46:27,29.1,99.8,0.0
2026-08-30 20:46:57,29.0,99.9,0.0
2026-08-30 20:47:27,29.1,100.0,0.0
2026-08-30 20:47:57,29.1,99.8,0.0
2026-08-30 20:48:27,29.0,99.8,0.0
2026-08-30 20:48:57,29.1,99.7,0.0
2026-08-30 20:49:27,29.0,99.7,0.0
2026-08-30 20:49:57,29.1,99.3,0.0
2026-08-30 20:50:27,29.0,98.9,0.0
2026-08-30 20:50:57,28.9,98.7,0.0
2026-08-30 20:51:27,28.9,99.1,0.0
2026-08-30 20:51:57,29.0,99.4,0.0
2026-08-30 20:52:27,29.0,99.3,0.0
2026-08-30 20:52:57,29.0,99.4,0.0
2026-08-30 20:53:27,28.9,99.0,0.0
2026-08-30 20:53:57,28.8,99.0,0.0
2026-08-30 20:54:27,28.9,99.1,0.0
2026-08-30 20:54:57,28.9,99.2,0.0
2026-08-30 20:55:27,28.9,99.7,0.0
2026-08-30 20:55:57,28.9,99.8,0.0
2026-08-30 20:56:27,28.9,99.8,0.0
2026-08-30 20:56:57,28.8,99.6,0.0
2026-08-30 20:57:27,28.9,98.8,0.0
2026-08-30 20:57:57,28.8,98.9,0.0
2026-08-30 20:58:27,28.7,99.3,0.0
2026-08-30 20:58:57,28.8,99.5,0.0
2026-08-30 20:59:27,28.8,99.1,0.0
2026-08-30 20:59:57,28.7,99.3,0.0
2026-08-30 21:00:27,28.9,99.0,0.0
2026-08-30 21:00:57,28.6,99.3,0.0
2026-08-30 21:01:27,28.8,99.0,0.0
2026-08-30 21:01:57,28.7,99.0,0.0
2026-08-30 21:02:27,28.7,99.6,0.0
2026-08-30 21:02:57,28.8,99.9,0.0
2026-08-30 21:03:27,28.8,99.9,0.0
2026-08-30 21:03:57,28.7,100.0,0.0
2026-08-30 21:04:27,28.7,99.7,0.0
2026-08-30 21:04:57,28.7,99.6,0.0
2026-08-30 21:05:27,28.6,99.5,0.0
2026-08-30 21:05:57,28.7,99.9,0.0
2026-08-30 21:06:27,28.7,99.8,0.0
2026-08-30 21:06:57,28.6,99.5,0.0
2026-08-30 21:07:27,28.5,99.8,0.0
2026-08-30 21:07:57,28.7,100.0,0.0
2026-08-30 21:08:27,28.7,100.0,0.0
2026-08-30 21:08:57,28.7,99.7,0.0
2026-08-30 21:09:27,28.5,99.7,0.0
2026-08-30 21:09:57,28.6,99.4,0.0
2026-08-30 21:10:27,28.6,99.7,0.0
2026-08-30 21:10:57,28.6,99.5,0.0
2026-08-30 21:11:27,28.6,99.4,0.0
2026-08-30 21:11:57,28.5,99.4,0.0
2026-08-30 21:12:27,28.6,99.3,0.0
2026-08-30 21:12:57,28.5,99.2,0.0
2026-08-30 21:13:27,28.5,99.5,0.0
2026-08-30 21:13:57,28.6,100.0,0.0
2026-08-30 21:14:27,28.6,100.0,0.0
2026-08-30 21:14:57,28.6,100.0,0.0
2026-08-30 21:15:27,28.6,100.0,0.0
2026-08-30 21:15:57,28.6,100.0,0.0
2026-08-30 21:16:27,28.6,100.0,0.0
2026-08-30 21:16:57,28.6,100.0,0.0
2026-08-30 21:17:27,28.5,100.0,0.0
2026-08-30 21:17:57,28.5,100.0,0.0
2026-08-30 21:18:27,28.6,100.0,0.0
2026-08-30 21:18:57,28.6,100.0,0.0
2026-08-30 21:19:27,28.6,100.0,0.0
2026-08-30 21:19:57,28.5,100.0,0.0
2026-08-30 21:20:27,28.6,100.0,0.0
2026-08-30 21:20:57,28.5,100.0,0.0
2026-08-30 21:21:27,28.5,100.0,0.0
2026-08-30 21:21:57,28.6,100.0,0.0
2026-08-30 21:22:27,28.5,100.0,0.0
2026-08-30 21:22:57,28.6,100.0,0.0
2026-08-30 21:23:27,28.6,100.0,0.0
2026-08-30 21:23:57,28.5,100.0,0.0
2026-08-30 21:24:27,28.5,100.0,0.0
2026-08-30 21:24:57,28.6,100.0,0.0
2026-08-30 21:25:27,28.6,100.0,0.0
2026-08-30 21:25:57,28.6,100.0,0.0
2026-08-30 21:26:27,28.5,100.0,0.0
2026-08-30 21:26:57,28.6,99.9,0.0
2026-08-30 21:27:27,28.5,99.4,0.0
2026-08-30 21:27:57,28.4,99.6,0.0
2026-08-30 21:28:27,28.5,99.4,0.0
2026-08-30 21:28:57,28.4,99.6,0.0
2026-08-30 21:29:27,28.5,99.7,0.0
2026-08-30 21:29:57,28.5,99.9,0.0
2026-08-30 21:30:27,28.5,99.9,0.0
2026-08-30 21:30:57,28.5,99.3,0.0
2026-08-30 21:31:27,28.4,99.2,0.0
2026-08-30 21:31:57,28.4,99.5,0.0
2026-08-30 21:32:27,28.5,99.9,0.0
2026-08-30 21:32:57,28.5,100.0,0.0
2026-08-30 21:33:27,28.5,100.0,0.0
2026-08-30 21:33:57,28.5,100.0,0.0
2026-08-30 21:34:27,28.4,100.0,0.0
2026-08-30 21:34:57,28.5,100.0,0.0
2026-08-30 21:35:27,28.5,100.0,0.0
2026-08-30 21:35:57,28.4,100.0,0.0
2026-08-30 21:36:27,28.5,100.0,0.0
2026-08-30 21:36:57,28.5,100.0,0.0
2026-08-30 21:37:27,28.4,100.0,0.0
2026-08-30 21:37:57,28.5,100.0,0.0
2026-08-30 21:38:27,28.4,100.0,0.0
2026-08-30 21:38:57,28.4,100.0,0.0
2026-08-30 21:39:27,28.4,100.0,0.0
2026-08-30 21:39:57,28.4,100.0,0.0
2026-08-30 21:40:27,28.4,100.0,0.0
2026-08-30 21:40:57,28.4,100.0,0.0
2026-08-30 21:41:27,28.4,100.0,0.0
2026-08-30 21:41:57,28.4,100.0,0.0
2026-08-30 21:42:27,28.4,100.0,0.0
2026-08-30 21:42:57,28.5,100.0,0.0
2026-08-30 21:43:27,28.5,100.0,0.0
2026-08-30 21:43:57,28.4,100.0,0.0
2026-08-30 21:44:27,28.4,100.0,0.0
2026-08-30 21:44:57,28.5,100.0,0.0
2026-08-30 21:45:27,28.4,100.0,0.0
2026-08-30 21:45:57,28.4,100.0,0.0
2026-08-30 21:46:27,28.4,100.0,0.0
2026-08-30 21:46:57,28.4,100.0,0.0
2026-08-30 21:47:27,28.4,100.0,0.0
2026-08-30 21:47:57,28.4,100.0,0.0
2026-08-30 21:48:27,28.4,100.0,0.0
2026-08-30 21:48:57,28.5,100.0,0.0
2026-08-30 21:49:27,28.4,100.0,0.0
2026-08-30 21:49:57,28.4,100.0,0.0
2026-08-30 21:50:27,28.4,100.0,0.0
2026-08-30 21:50:57,28.4,100.0,0.0
2026-08-30 21:51:27,28.5,100.0,0.0
2026-08-30 21:51:57,28.4,100.0,0.0
2026-08-30 21:52:27,28.4,100.0,0.0
2026-08-30 21:52:57,28.4,100.0,0.0
2026-08-30 21:53:27,28.4,100.0,0.0
2026-08-30 21:53:57,28.5,100.0,0.0
2026-08-30 21:54:27,28.4,100.0,0.0
2026-08-30 21:54:57,28.4,100.0,0.0
2026-08-30 21:55:27,28.4,100.0,0.0
2026-08-30 21:55:57,28.4,100.0,0.0
2026-08-30 21:56:27,28.4,100.0,0.0
2026-08-30 21:56:57,28.4,100.0,0.0
2026-08-30 21:57:27,28.4,100.0,0.0
2026-08-30 21:57:57,28.4,100.0,0.0
2026-08-30 21:58:27,28.4,100.0,0.0
2026-08-30 21:58:57,28.4,100.0,0.0
2026-08-30 21:59:27,28.4,100.0,0.0
2026-08-30 21:59:57,28.4,100.0,0.0
2026-08-30 22:00:27,28.3,100.0,0.0
2026-08-30 22:00:57,28.4,100.0,0.0
2026-08-30 22:01:27,28.5,100.0,0.0
2026-08-30 22:01:57,28.5,100.0,0.0
2026-08-30 22:02:27,28.4,100.0,0.0
2026-08-30 22:02:57,28.4,100.0,0.0
2026-08-30 22:03:27,28.4,100.0,0.0
2026-08-30 22:03:57,28.4,100.0,0.0
2026-08-30 22:04:27,28.4,100.0,0.0
2026-08-30 22:04:57,28.4,100.0,0.0
2026-08-30 22:05:27,28.4,100.0,0.0
2026-08-30 22:05:57,28.4,100.0,0.0
2026-08-30 22:06:27,28.4,100.0,0.0
2026-08-30 22:06:57,28.4,100.0,0.0
2026-08-30 22:07:27,28.4,100.0,0.0
2026-08-30 22:07:57,28.4,100.0,0.0
2026-08-30 22:08:27,28.3,100.0,0.0
2026-08-30 22:08:57,28.4,100.0,0.0
2026-08-30 22:09:27,28.4,100.0,0.0
2026-08-30 22:09:57,28.3,100.0,0.0
2026-08-30 22:10:27,28.4,100.0,0.0
2026-08-30 22:10:57,28.4,100.0,0.0
2026-08-30 22:11:27,28.4,100.0,0.0
2026-08-30 22:11:57,28.4,100.0,0.0
2026-08-30 22:12:27,28.3,100.0,0.0
2026-08-30 22:12:57,28.3,100.0,0.0
2026-08-30 22:13:27,28.2,100.0,0.0
2026-08-30 22:13:57,28.2,100.0,0.0
2026-08-30 22:14:27,28.3,100.0,0.0
2026-08-30 22:14:57,28.3,100.0,0.0
2026-08-30 22:15:27,28.2,100.0,0.0
2026-08-30 22:15:57,28.2,100.0,0.0
2026-08-30 22:16:27,28.3,100.0,0.0
2026-08-30 22:16:57,28.3,100.0,0.0
2026-08-30 22:17:27,28.3,100.0,0.0
2026-08-30 22:17:57,28.3,100.0,0.0
2026-08-30 22:18:27,28.3,100.0,0.0
2026-08-30 22:18:57,28.3,100.0,0.0
2026-08-30 22:19:27,28.3,100.0,0.0
2026-08-30 22:19:57,28.3,100.0,0.0
2026-08-30 22:20:27,28.3,100.0,0.0
2026-08-30 22:20:57,28.3,100.0,0.0
2026-08-30 22:21:27,28.3,100.0,0.0
2026-08-30 22:21:57,28.3,100.0,0.0
2026-08-30 22:22:27,28.3,100.0,0.0
2026-08-30 22:22:57,28.3,100.0,0.0
2026-08-30 22:23:27,28.2,100.0,0.0
2026-08-30 22:23:57,28.2,100.0,0.0
2026-08-30 22:24:27,28.2,100.0,0.0
2026-08-30 22:24:57,28.2,100.0,0.0
2026-08-30 22:25:27,28.1,100.0,0.0
2026-08-30 22:25:57,28.2,100.0,0.0
2026-08-30 22:26:27,28.2,100.0,0.0
2026-08-30 22:26:57,28.2,100.0,0.0
2026-08-30 22:27:27,28.2,100.0,0.0
2026-08-30 22:27:57,28.2,100.0,0.0
2026-08-30 22:28:27,28.2,100.0,0.0
2026-08-30 22:28:57,28.3,100.0,0.0
2026-08-30 22:29:27,28.2,100.0,0.0
2026-08-30 22:29:57,28.2,100.0,0.0
2026-08-30 22:30:27,28.2,100.0,0.0
2026-08-30 22:30:57,28.2,100.0,0.0
2026-08-30 22:31:27,28.2,100.0,0.0
2026-08-30 22:31:57,28.2,100.0,0.0
2026-08-30 22:32:27,28.3,100.0,0.0
2026-08-30 22:32:57,28.2,100.0,0.0
2026-08-30 22:33:27,28.3,100.0,0.0
2026-08-30 22:33:57,28.3,100.0,0.0
2026-08-30 22:34:27,28.3,100.0,0.0
2026-08-30 22:34:57,28.2,100.0,0.0
2026-08-30 22:35:27,28.2,100.0,0.0
2026-08-30 22:35:57,28.3,100.0,0.0
2026-08-30 22:36:27,28.3,100.0,0.0
2026-08-30 22:36:57,28.3,100.0,0.0
2026-08-30 22:37:27,28.3,100.0,0.0
2026-08-30 22:37:57,28.2,100.0,0.0
2026-08-30 22:38:27,28.3,100.0,0.0
2026-08-30 22:38:57,28.3,100.0,0.0
2026-08-30 22:39:27,28.2,100.0,0.0
2026-08-30 22:39:57,28.3,100.0,0.0
2026-08-30 22:40:27,28.3,100.0,0.0
2026-08-30 22:40:57,28.4,100.0,0.0
2026-08-30 22:41:27,28.3,100.0,0.0
2026-08-30 22:41:57,28.4,100.0,0.0
2026-08-30 22:42:27,28.3,100.0,0.0
2026-08-30 22:42:57,28.3,100.0,0.0
2026-08-30 22:43:27,28.3,100.0,0.0
2026-08-30 22:43:57,28.2,100.0,0.0
2026-08-30 22:44:27,28.3,100.0,0.0
2026-08-30 22:44:57,28.3,100.0,0.0
2026-08-30 22:45:27,28.3,100.0,0.0
2026-08-30 22:45:57,28.3,100.0,0.0
2026-08-30 22:46:27,28.4,100.0,0.0
2026-08-30 22:46:57,28.3,100.0,0.0
2026-08-30 22:47:27,28.4,100.0,0.0
2026-08-30 22:47:57,28.3,100.0,0.0
2026-08-30 22:48:27,28.3,100.0,0.0
2026-08-30 22:48:57,28.2,100.0,0.0
2026-08-30 22:49:27,28.3,100.0,0.0
2026-08-30 22:49:57,28.3,100.0,0.0
2026-08-30 22:50:27,28.4,100.0,0.0
2026-08-30 22:50:57,28.2,100.0,0.0
2026-08-30 22:51:27,28.3,100.0,0.0
2026-08-30 22:51:57,28.3,100.0,0.0
2026-08-30 22:52:27,28.3,100.0,0.0
2026-08-30 22:52:57,28.2,100.0,0.0
2026-08-30 22:53:27,28.2,100.0,0.0
2026-08-30 22:53:57,28.1,100.0,0.0
2026-08-30 22:54:27,28.2,100.0,0.0
2026-08-30 22:54:57,28.3,100.0,0.0
2026-08-30 22:55:27,28.3,100.0,0.0
2026-08-30 22:55:57,28.3,100.0,0.0
2026-08-30 22:56:27,28.2,100.0,0.0
2026-08-30 22:56:57,28.3,100.0,0.0
2026-08-30 22:57:27,28.3,100.0,0.0
2026-08-30 22:57:57,28.2,100.0,0.0
2026-08-30 22:58:27,28.3,100.0,0.0
2026-08-30 22:58:57,28.3,100.0,0.0
2026-08-30 22:59:27,28.2,100.0,0.0
2026-08-30 22:59:57,28.3,100.0,0.0
2026-08-30 23:00:27,28.1,100.0,0.0
2026-08-30 23:00:57,28.2,100.0,0.0
2026-08-30 23:01:27,28.3,100.0,0.0
2026-08-30 23:01:57,28.2,100.0,0.0
2026-08-30 23:02:27,28.2,100.0,0.0
2026-08-30 23:02:57,28.2,100.0,0.0
2026-08-30 23:03:27,28.2,100.0,0.0
2026-08-30 23:03:57,28.2,100.0,0.0
2026-08-30 23:04:27,28.2,100.0,0.0
2026-08-30 23:04:57,28.1,100.0,0.0
2026-08-30 23:05:27,28.1,100.0,0.0
2026-08-30 23:05:57,28.1,100.0,0.0
2026-08-30 23:06:27,28.1,100.0,0.0
2026-08-30 23:06:57,28.0,100.0,0.0
2026-08-30 23:07:27,28.1,100.0,0.0
2026-08-30 23:07:57,28.2,100.0,0.0
2026-08-30 23:08:27,28.2,100.0,0.0
2026-08-30 23:08:57,28.2,100.0,0.0
2026-08-30 23:09:27,28.1,100.0,0.0
2026-08-30 23:09:57,28.2,100.0,0.0
2026-08-30 23:10:27,28.1,100.0,0.0
2026-08-30 23:10:57,28.1,100.0,0.0
2026-08-30 23:11:27,28.1,100.0,0.0
2026-08-30 23:11:57,28.1,100.0,1.7
2026-08-30 23:12:27,28.1,100.0,1.7
2026-08-30 23:12:57,28.1,100.0,1.7
2026-08-30 23:13:27,28.1,100.0,1.7
2026-08-30 23:13:57,28.2,100.0,0.0
2026-08-30 23:14:27,28.1,100.0,0.0
2026-08-30 23:14:57,28.1,100.0,0.0
2026-08-30 23:15:27,28.2,100.0,0.0
2026-08-30 23:15:57,28.1,100.0,0.0
2026-08-30 23:16:27,28.1,100.0,0.0
2026-08-30 23:16:57,28.2,100.0,0.0
2026-08-30 23:17:27,28.1,100.0,0.0
2026-08-30 23:17:57,28.1,100.0,0.0
2026-08-30 23:18:27,28.1,100.0,0.0
2026-08-30 23:18:57,28.1,100.0,0.0
2026-08-30 23:19:27,28.1,100.0,0.0
2026-08-30 23:19:57,28.1,100.0,0.0
2026-08-30 23:20:27,28.0,100.0,0.0
2026-08-30 23:20:57,28.1,100.0,0.0
2026-08-30 23:21:27,28.1,100.0,0.0
2026-08-30 23:21:57,28.1,100.0,0.0
2026-08-30 23:22:27,28.0,100.0,0.0
2026-08-30 23:22:57,28.1,100.0,0.0
2026-08-30 23:23:27,28.1,100.0,0.0
2026-08-30 23:23:57,28.1,100.0,0.0
2026-08-30 23:24:27,28.0,100.0,0.0
2026-08-30 23:24:57,28.0,100.0,0.0
2026-08-30 23:25:27,28.0,100.0,0.0
2026-08-30 23:25:57,28.1,100.0,0.0
2026-08-30 23:26:27,28.0,100.0,0.0
2026-08-30 23:26:57,28.0,100.0,0.0
2026-08-30 23:27:27,28.1,100.0,0.0
2026-08-30 23:27:57,28.0,100.0,0.0
2026-08-30 23:28:27,28.1,100.0,0.0
2026-08-30 23:28:57,28.1,100.0,0.0
2026-08-30 23:29:27,28.1,100.0,0.0
2026-08-30 23:29:57,28.0,100.0,0.0
2026-08-30 23:30:27,28.0,100.0,0.0
2026-08-30 23:30:57,28.0,100.0,0.0
2026-08-30 23:31:27,28.0,100.0,0.0
2026-08-30 23:31:57,27.9,100.0,0.0
2026-08-30 23:32:27,28.0,100.0,0.0
2026-08-30 23:32:57,27.9,100.0,0.0
2026-08-30 23:33:27,27.9,100.0,0.0
2026-08-30 23:33:57,27.9,100.0,0.0
2026-08-30 23:34:27,28.0,100.0,0.0
2026-08-30 23:34:57,28.0,100.0,0.0
2026-08-30 23:35:27,28.0,100.0,0.0
2026-08-30 23:35:57,27.9,100.0,0.0
2026-08-30 23:36:27,28.0,100.0,0.0
2026-08-30 23:36:57,27.9,100.0,0.0
2026-08-30 23:37:27,28.0,100.0,0.0
2026-08-30 23:37:57,28.1,100.0,0.0
2026-08-30 23:38:27,28.0,100.0,0.0
2026-08-30 23:38:57,28.0,100.0,0.0
2026-08-30 23:39:27,28.1,100.0,0.0
2026-08-30 23:39:57,28.0,100.0,0.0
2026-08-30 23:40:27,28.0,100.0,0.0
2026-08-30 23:40:57,28.1,100.0,0.0
2026-08-30 23:41:27,28.1,100.0,0.0
2026-08-30 23:41:57,28.1,100.0,0.0
2026-08-30 23:42:27,28.1,100.0,0.0
2026-08-30 23:42:57,28.0,100.0,0.0
2026-08-30 23:43:27,28.0,100.0,0.0
2026-08-30 23:43:57,28.0,100.0,0.0
2026-08-30 23:44:27,28.0,100.0,0.0
2026-08-30 23:44:57,27.9,100.0,0.0
2026-08-30 23:45:27,28.1,100.0,0.0
2026-08-30 23:45:57,28.1,100.0,0.0
2026-08-30 23:46:27,28.0,100.0,0.0
2026-08-30 23:46:57,28.1,100.0,0.0
2026-08-30 23:47:27,28.0,100.0,0.0
2026-08-30 23:47:57,28.1,100.0,0.0
2026-08-30 23:48:27,28.1,100.0,0.0
2026-08-30 23:48:57,28.1,100.0,0.0
2026-08-30 23:49:27,28.1,100.0,0.0
2026-08-30 23:49:57,28.1,100.0,0.0
2026-08-30 23:50:27,28.1,100.0,0.0
2026-08-30 23:50:57,28.1,100.0,0.0
2026-08-30 23:51:27,28.0,100.0,0.0
2026-08-30 23:51:57,28.1,100.0,0.0
2026-08-30 23:52:27,28.0,100.0,0.0
2026-08-30 23:52:57,28.0,100.0,0.0
2026-08-30 23:53:27,28.0,100.0,0.0
2026-08-30 23:53:57,27.9,100.0,0.0
2026-08-30 23:54:27,27.9,100.0,0.0
2026-08-30 23:54:57,27.9,100.0,0.0
2026-08-30 23:55:27,27.9,100.0,0.0
2026-08-30 23:55:57,28.0,100.0,0.0
2026-08-30 23:56:27,27.9,100.0,0.0
2026-08-30 23:56:57,28.0,100.0,0.0
2026-08-30 23:57:27,28.0,100.0,0.0
2026-08-30 23:57:57,27.9,100.0,0.0
2026-08-30 23:58:27,28.0,100.0,0.0
2026-08-30 23:58:57,28.0,100.0,0.0
2026-08-30 23:59:27,27.9,100.0,0.0
2026-08-30 23:59:57,27.9,100.0,0.0
2026-08-31 00:00:27,28.0,100.0,0.0
2026-08-31 00:00:57,28.0,100.0,0.0
2026-08-31 00:01:27,28.0,100.0,0.0
2026-08-31 00:01:57,27.9,100.0,0.0
2026-08-31 00:02:27,28.0,100.0,0.0
2026-08-31 00:02:57,28.0,100.0,0.0
2026-08-31 00:03:27,27.9,100.0,0.0
2026-08-31 00:03:57,27.9,100.0,0.0
2026-08-31 00:04:27,28.0,100.0,0.0
2026-08-31 00:04:57,27.9,100.0,0.0
2026-08-31 00:05:27,27.9,100.0,0.0
2026-08-31 00:05:57,27.9,100.0,0.0
2026-08-31 00:06:27,27.9,100.0,0.0
2026-08-31 00:06:57,27.9,100.0,0.0
2026-08-31 00:07:27,27.8,100.0,0.0
2026-08-31 00:07:57,27.9,100.0,0.0
2026-08-31 00:08:27,27.8,100.0,0.0
2026-08-31 00:08:57,27.8,100.0,0.0
2026-08-31 00:09:27,27.8,100.0,0.0
2026-08-31 00:09:57,27.8,100.0,0.0
2026-08-31 00:10:27,27.8,100.0,0.0
2026-08-31 00:10:57,27.8,100.0,0.0
2026-08-31 00:11:27,27.8,100.0,0.0
2026-08-31 00:11:57,27.8,100.0,0.0
2026-08-31 00:12:27,27.8,100.0,0.0
2026-08-31 00:12:57,27.8,100.0,0.0
2026-08-31 00:13:27,27.7,100.0,0.0
2026-08-31 00:13:57,27.8,100.0,0.0
2026-08-31 00:14:27,27.8,100.0,0.0
2026-08-31 00:14:57,27.8,100.0,0.0
2026-08-31 00:15:27,27.8,100.0,0.0
2026-08-31 00:15:57,27.8,100.0,0.0
2026-08-31 00:16:27,27.8,100.0,0.0
2026-08-31 00:16:57,27.8,100.0,0.0
2026-08-31 00:17:27,27.8,100.0,0.0
2026-08-31 00:17:57,27.7,100.0,0.0
2026-08-31 00:18:27,27.8,100.0,0.0
2026-08-31 00:18:57,27.7,100.0,0.0
2026-08-31 00:19:27,27.8,100.0,0.0
2026-08-31 00:19:57,27.7,100.0,0.0
2026-08-31 00:20:27,27.8,100.0,0.0
2026-08-31 00:20:57,27.7,100.0,0.0
2026-08-31 00:21:27,27.8,100.0,0.0
2026-08-31 00:21:57,27.8,100.0,0.0
2026-08-31 00:22:27,27.8,100.0,0.0
2026-08-31 00:22:57,27.9,100.0,0.0
2026-08-31 00:23:27,27.8,100.0,0.0
2026-08-31 00:23:57,27.9,100.0,0.0
2026-08-31 00:24:27,27.8,100.0,0.0
2026-08-31 00:24:57,27.9,100.0,0.0
2026-08-31 00:25:27,27.8,100.0,0.0
2026-08-31 00:25:57,27.8,100.0,0.0
2026-08-31 00:26:27,27.8,100.0,0.0
2026-08-31 00:26:57,27.8,100.0,0.0
2026-08-31 00:27:27,27.8,100.0,0.0
2026-08-31 00:27:57,27.8,100.0,0.0
2026-08-31 00:28:27,27.8,100.0,0.0
2026-08-31 00:28:57,27.9,100.0,0.0
2026-08-31 00:29:27,27.8,100.0,0.0
2026-08-31 00:29:57,27.8,100.0,0.0
2026-08-31 00:30:27,27.8,100.0,0.0
2026-08-31 00:30:57,27.7,100.0,0.0
2026-08-31 00:31:27,27.8,100.0,0.0
2026-08-31 00:31:57,27.8,100.0,0.0
2026-08-31 00:32:27,27.8,100.0,0.0
2026-08-31 00:32:57,27.8,100.0,0.0
2026-08-31 00:33:27,27.8,100.0,0.0
2026-08-31 00:33:57,27.9,100.0,0.0
2026-08-31 00:34:27,27.8,100.0,0.0
2026-08-31 00:34:57,27.8,100.0,0.0
2026-08-31 00:35:27,27.8,100.0,0.0
2026-08-31 00:35:57,27.8,100.0,0.0
2026-08-31 00:36:27,27.8,100.0,0.0
2026-08-31 00:36:57,27.8,100.0,0.0
2026-08-31 00:37:27,27.8,100.0,0.0
2026-08-31 00:37:57,27.7,100.0,0.0
2026-08-31 00:38:27,27.8,100.0,0.0
2026-08-31 00:38:57,27.8,100.0,0.0
2026-08-31 00:39:27,27.7,100.0,0.0
2026-08-31 00:39:57,27.8,100.0,0.0
2026-08-31 00:40:27,27.7,100.0,0.0
2026-08-31 00:40:57,27.6,100.0,0.0
2026-08-31 00:41:27,27.7,100.0,0.0
2026-08-31 00:41:57,27.8,100.0,0.0
2026-08-31 00:42:27,27.7,100.0,0.0
2026-08-31 00:42:57,27.7,100.0,0.0
2026-08-31 00:43:27,27.7,100.0,0.0
2026-08-31 00:43:57,27.7,100.0,0.0
2026-08-31 00:44:27,27.8,100.0,0.0
2026-08-31 00:44:57,27.8,100.0,0.0
2026-08-31 00:45:27,27.8,100.0,0.0
2026-08-31 00:45:57,27.7,100.0,0.0
2026-08-31 00:46:27,27.8,100.0,0.0
2026-08-31 00:46:57,27.7,100.0,0.0
2026-08-31 00:47:27,27.8,100.0,0.0
2026-08-31 00:47:57,27.8,100.0,0.0
2026-08-31 00:48:27,27.8,100.0,0.0
2026-08-31 00:48:57,27.9,100.0,0.0
2026-08-31 00:49:27,27.8,100.0,0.0
2026-08-31 00:49:57,27.8,100.0,0.0
2026-08-31 00:50:27,27.8,100.0,0.0
2026-08-31 00:50:57,27.8,100.0,0.0
2026-08-31 00:51:27,27.9,100.0,0.0
2026-08-31 00:51:57,27.7,100.0,0.0
2026-08-31 00:52:27,27.8,100.0,0.0
2026-08-31 00:52:57,27.8,100.0,0.0
2026-08-31 00:53:27,27.8,100.0,0.0
2026-08-31 00:53:57,27.8,100.0,0.0
2026-08-31 00:54:27,27.7,100.0,0.0
2026-08-31 00:54:57,27.7,100.0,0.0
2026-08-31 00:55:27,27.7,100.0,0.0
2026-08-31 00:55:57,27.8,100.0,0.0
2026-08-31 00:56:27,27.8,100.0,0.0
2026-08-31 00:56:57,27.8,100.0,0.0
2026-08-31 00:57:27,27.8,100.0,0.0
2026-08-31 00:57:57,27.8,100.0,0.0
2026-08-31 00:58:27,27.8,100.0,0.0
2026-08-31 00:58:57,27.7,100.0,0.0
2026-08-31 00:59:27,27.7,100.0,0.0
2026-08-31 00:59:57,27.7,100.0,0.0
2026-08-31 01:00:27,27.7,100.0,0.0
2026-08-31 01:00:57,27.7,100.0,0.0
2026-08-31 01:01:27,27.8,100.0,0.0
2026-08-31 01:01:57,27.7,100.0,0.0
2026-08-31 01:02:27,27.8,100.0,0.0
2026-08-31 01:02:57,27.8,100.0,0.0
2026-08-31 01:03:27,27.8,100.0,0.0
2026-08-31 01:03:57,27.7,100.0,0.0
2026-08-31 01:04:27,27.8,100.0,0.0
2026-08-31 01:04:57,27.8,100.0,0.0
2026-08-31 01:05:27,27.8,100.0,0.0
2026-08-31 01:05:57,27.8,100.0,0.0
2026-08-31 01:06:27,27.9,100.0,0.0
2026-08-31 01:06:57,27.8,100.0,0.0
2026-08-31 01:07:27,27.8,100.0,0.0
2026-08-31 01:07:57,27.8,100.0,0.0
2026-08-31 01:08:27,27.8,100.0,0.0
2026-08-31 01:08:57,27.8,100.0,0.0
2026-08-31 01:09:27,27.8,100.0,0.0
2026-08-31 01:09:57,27.8,100.0,0.0
2026-08-31 01:10:27,27.8,100.0,0.0
2026-08-31 01:10:57,27.8,100.0,0.0
2026-08-31 01:11:27,27.8,100.0,0.0
2026-08-31 01:11:57,27.8,100.0,0.0
2026-08-31 01:12:27,27.8,100.0,0.0
2026-08-31 01:12:57,27.8,100.0,0.0
2026-08-31 01:13:27,27.7,100.0,0.0
2026-08-31 01:13:57,27.7,100.0,0.0
2026-08-31 01:14:27,27.8,100.0,0.0
2026-08-31 01:14:57,27.7,100.0,0.0
2026-08-31 01:15:27,27.7,100.0,0.0
2026-08-31 01:15:57,27.7,100.0,0.0
2026-08-31 01:16:27,27.7,100.0,0.0
2026-08-31 01:16:57,27.8,100.0,0.0
2026-08-31 01:17:27,27.8,100.0,0.0
2026-08-31 01:17:57,27.9,100.0,0.0
2026-08-31 01:18:27,27.8,100.0,0.0
2026-08-31 01:18:57,27.9,100.0,0.0
2026-08-31 01:19:27,27.8,100.0,0.0
2026-08-31 01:19:57,27.9,100.0,0.0
2026-08-31 01:20:27,27.8,100.0,0.0
2026-08-31 01:20:57,27.9,100.0,0.0
2026-08-31 01:21:27,27.8,100.0,0.0
2026-08-31 01:21:57,27.9,100.0,0.0
2026-08-31 01:22:27,27.8,100.0,0.0
2026-08-31 01:22:57,27.8,100.0,0.0
2026-08-31 01:23:27,27.9,100.0,0.0
2026-08-31 01:23:57,27.8,100.0,0.0
2026-08-31 01:24:27,27.8,100.0,0.0
2026-08-31 01:24:57,27.8,100.0,0.0
2026-08-31 01:25:27,27.8,100.0,0.0
2026-08-31 01:25:57,27.8,100.0,0.0
2026-08-31 01:26:27,27.8,100.0,0.0
2026-08-31 01:26:57,27.9,100.0,0.0
2026-08-31 01:27:27,27.9,100.0,0.0
2026-08-31 01:27:57,27.8,100.0,0.0
2026-08-31 01:28:27,27.9,100.0,0.0
2026-08-31 01:28:57,27.8,100.0,0.0
2026-08-31 01:29:27,27.9,100.0,0.0
2026-08-31 01:29:57,27.8,100.0,0.0
2026-08-31 01:30:27,27.8,100.0,0.0
2026-08-31 01:30:57,27.8,100.0,0.0
2026-08-31 01:31:27,27.9,100.0,0.0
2026-08-31 01:31:57,27.8,100.0,0.0
2026-08-31 01:32:27,27.9,100.0,0.0
2026-08-31 01:32:57,27.8,100.0,0.0
2026-08-31 01:33:27,27.9,100.0,0.0
2026-08-31 01:33:57,27.8,100.0,0.0
2026-08-31 01:34:27,27.8,100.0,0.0
2026-08-31 01:34:57,27.9,100.0,0.0
2026-08-31 01:35:27,27.9,100.0,0.0
2026-08-31 01:35:57,27.8,100.0,0.0
2026-08-31 01:36:27,27.8,100.0,0.0
2026-08-31 01:36:57,27.8,100.0,0.0
2026-08-31 01:37:27,27.9,100.0,0.0
2026-08-31 01:37:57,27.9,100.0,0.0
2026-08-31 01:38:27,27.8,100.0,0.0
2026-08-31 01:38:57,27.9,100.0,0.0
2026-08-31 01:39:27,27.9,100.0,0.0
2026-08-31 01:39:57,27.8,100.0,0.0
2026-08-31 01:40:27,27.9,100.0,0.0
2026-08-31 01:40:57,27.8,100.0,0.0
2026-08-31 01:41:27,27.8,100.0,0.0
2026-08-31 01:41:57,27.9,100.0,0.0
2026-08-31 01:42:27,27.8,100.0,0.0
2026-08-31 01:42:57,27.8,100.0,0.0
2026-08-31 01:43:27,27.8,100.0,0.0
2026-08-31 01:43:57,27.8,100.0,0.0
2026-08-31 01:44:27,27.9,100.0,0.0
2026-08-31 01:44:57,27.9,100.0,0.0
2026-08-31 01:45:27,27.9,100.0,0.0
2026-08-31 01:45:57,27.8,100.0,0.0
2026-08-31 01:46:27,27.9,100.0,0.0
2026-08-31 01:46:57,27.8,100.0,0.0
2026-08-31 01:47:27,27.8,100.0,0.0
2026-08-31 01:47:57,27.8,100.0,0.0
2026-08-31 01:48:27,27.8,100.0,0.0
2026-08-31 01:48:57,27.9,100.0,0.0
2026-08-31 01:49:27,27.8,100.0,0.0
2026-08-31 01:49:57,27.8,100.0,0.0
2026-08-31 01:50:27,27.8,100.0,0.0
2026-08-31 01:50:57,27.8,100.0,0.0
2026-08-31 01:51:27,27.9,100.0,0.0
2026-08-31 01:51:57,27.9,100.0,0.0
2026-08-31 01:52:27,27.8,100.0,0.0
2026-08-31 01:52:57,27.8,100.0,0.0
2026-08-31 01:53:27,27.8,100.0,0.0
2026-08-31 01:53:57,27.8,100.0,0.0
2026-08-31 01:54:27,27.8,100.0,0.0
2026-08-31 01:54:57,27.8,100.0,0.0
2026-08-31 01:55:27,27.8,100.0,0.0
2026-08-31 01:55:57,27.8,100.0,0.0
2026-08-31 01:56:27,27.8,100.0,0.0
2026-08-31 01:56:57,27.9,100.0,0.0
2026-08-31 01:57:27,27.8,100.0,0.0
2026-08-31 01:57:57,27.8,100.0,0.0
2026-08-31 01:58:27,27.8,100.0,0.0
2026-08-31 01:58:57,27.8,100.0,0.0
2026-08-31 01:59:27,27.8,100.0,0.0
2026-08-31 01:59:57,27.8,100.0,0.0
2026-08-31 02:00:27,27.9,100.0,0.0
2026-08-31 02:00:57,27.8,100.0,0.0
2026-08-31 02:01:27,27.9,100.0,0.0
2026-08-31 02:01:57,27.8,100.0,0.0
2026-08-31 02:02:27,27.9,100.0,0.0
2026-08-31 02:02:57,27.9,100.0,0.0
2026-08-31 02:03:27,27.8,100.0,0.0
2026-08-31 02:03:57,27.8,100.0,0.0
2026-08-31 02:04:27,27.8,100.0,0.0
2026-08-31 02:04:57,27.8,100.0,0.0
2026-08-31 02:05:27,27.8,100.0,0.0
2026-08-31 02:05:57,27.8,100.0,0.0
2026-08-31 02:06:27,27.8,100.0,0.0
2026-08-31 02:06:57,27.8,100.0,0.0
2026-08-31 02:07:27,27.8,100.0,0.0
2026-08-31 02:07:57,27.8,100.0,0.0
2026-08-31 02:08:27,27.8,100.0,0.0
2026-08-31 02:08:57,27.9,100.0,0.0
2026-08-31 02:09:27,27.8,100.0,0.0
2026-08-31 02:09:57,27.8,100.0,0.0
2026-08-31 02:10:27,27.8,100.0,0.0
2026-08-31 02:10:57,27.9,100.0,0.0
2026-08-31 02:11:27,27.8,100.0,0.0
2026-08-31 02:11:57,27.9,100.0,0.0
2026-08-31 02:12:27,27.8,100.0,0.0
2026-08-31 02:12:57,27.9,100.0,0.0
2026-08-31 02:13:27,27.8,100.0,0.0
2026-08-31 02:13:57,27.9,100.0,0.0
2026-08-31 02:14:27,27.8,100.0,0.0
2026-08-31 02:14:57,27.8,100.0,0.0
2026-08-31 02:15:27,27.8,100.0,0.0
2026-08-31 02:15:57,27.8,100.0,0.0
2026-08-31 02:16:27,27.8,100.0,0.0
2026-08-31 02:16:57,27.8,100.0,0.0
2026-08-31 02:17:27,27.8,100.0,0.0
2026-08-31 02:17:57,27.9,100.0,0.0
2026-08-31 02:18:27,27.8,100.0,0.0
2026-08-31 02:18:57,27.8,100.0,0.0
2026-08-31 02:19:27,27.8,100.0,0.0
2026-08-31 02:19:57,27.8,100.0,0.0
2026-08-31 02:20:27,27.8,100.0,0.0
2026-08-31 02:20:57,27.8,100.0,0.0
2026-08-31 02:21:27,27.8,100.0,0.0
2026-08-31 02:21:57,27.9,100.0,0.0
2026-08-31 02:22:27,27.8,100.0,0.0
2026-08-31 02:22:57,27.9,100.0,0.0
2026-08-31 02:23:27,27.8,100.0,0.0
2026-08-31 02:23:57,27.8,100.0,0.0
2026-08-31 02:24:27,27.8,100.0,0.0
2026-08-31 02:24:57,27.9,100.0,0.0
2026-08-31 02:25:27,27.8,100.0,0.0
2026-08-31 02:25:57,27.8,100.0,0.0
2026-08-31 02:26:27,27.9,100.0,0.0
2026-08-31 02:26:57,27.8,100.0,0.0
2026-08-31 02:27:27,27.8,100.0,0.0
2026-08-31 02:27:57,27.9,100.0,0.0
2026-08-31 02:28:27,27.8,100.0,0.0
2026-08-31 02:28:57,27.9,100.0,0.0
2026-08-31 02:29:27,27.8,100.0,0.0
2026-08-31 02:29:57,27.9,100.0,0.0
2026-08-31 02:30:27,27.8,100.0,0.0
2026-08-31 02:30:57,27.8,100.0,0.0
2026-08-31 02:31:27,27.8,100.0,0.0
2026-08-31 02:31:57,27.9,100.0,0.0
2026-08-31 02:32:27,27.8,100.0,0.0
2026-08-31 02:32:57,27.9,100.0,0.0
2026-08-31 02:33:27,27.8,100.0,0.0
2026-08-31 02:33:57,27.7,100.0,0.0
2026-08-31 02:34:27,27.8,100.0,0.0
2026-08-31 02:34:57,27.7,100.0,0.0
2026-08-31 02:35:27,27.8,100.0,0.0
2026-08-31 02:35:57,27.8,100.0,0.0
2026-08-31 02:36:27,27.8,100.0,0.0
2026-08-31 02:36:57,27.7,100.0,0.0
2026-08-31 02:37:27,27.8,100.0,0.0
2026-08-31 02:37:57,27.8,100.0,0.0
2026-08-31 02:38:27,27.7,100.0,0.0
2026-08-31 02:38:57,27.7,100.0,0.0
2026-08-31 02:39:27,27.8,100.0,0.0
2026-08-31 02:39:57,27.8,100.0,0.0
2026-08-31 02:40:27,27.7,100.0,0.0
2026-08-31 02:40:57,27.7,100.0,0.0
2026-08-31 02:41:27,27.7,100.0,0.0
2026-08-31 02:41:57,27.7,100.0,0.0
2026-08-31 02:42:27,27.8,100.0,0.0
2026-08-31 02:42:57,27.7,100.0,0.0
2026-08-31 02:43:27,27.8,100.0,0.0
2026-08-31 02:43:57,27.8,100.0,0.0
2026-08-31 02:44:27,27.8,100.0,0.0
2026-08-31 02:44:57,27.8,100.0,0.0
2026-08-31 02:45:27,27.8,100.0,0.0
2026-08-31 02:45:57,27.9,100.0,0.0
2026-08-31 02:46:27,27.8,100.0,0.0
2026-08-31 02:46:57,27.9,100.0,0.0
2026-08-31 02:47:27,27.8,100.0,0.0
2026-08-31 02:47:57,27.8,100.0,0.0
2026-08-31 02:48:27,27.8,100.0,0.0
2026-08-31 02:48:57,27.8,100.0,0.0
2026-08-31 02:49:27,27.7,100.0,0.0
2026-08-31 02:49:57,27.8,100.0,0.0
2026-08-31 02:50:27,27.8,100.0,0.0
2026-08-31 02:50:57,27.9,100.0,0.0
2026-08-31 02:51:27,27.8,100.0,0.0
2026-08-31 02:51:57,27.8,100.0,0.0
2026-08-31 02:52:27,27.8,100.0,0.0
2026-08-31 02:52:57,27.8,100.0,0.0
2026-08-31 02:53:27,27.8,100.0,0.0
2026-08-31 02:53:57,27.8,100.0,0.0
2026-08-31 02:54:27,27.8,100.0,0.0
2026-08-31 02:54:57,27.8,100.0,0.0
2026-08-31 02:55:27,27.8,100.0,0.0
2026-08-31 02:55:57,27.7,100.0,0.0
2026-08-31 02:56:27,27.7,100.0,0.0
2026-08-31 02:56:57,27.7,100.0,0.0
2026-08-31 02:57:27,27.6,100.0,0.0
2026-08-31 02:57:57,27.7,100.0,0.0
2026-08-31 02:58:27,27.7,100.0,0.0
2026-08-31 02:58:57,27.7,100.0,0.0
2026-08-31 02:59:27,27.7,100.0,0.0
2026-08-31 02:59:57,27.7,100.0,0.0
2026-08-31 03:00:27,27.6,100.0,0.0
2026-08-31 03:00:57,27.7,100.0,0.0
2026-08-31 03:01:27,27.7,100.0,0.0
2026-08-31 03:01:57,27.7,100.0,0.0
2026-08-31 03:02:27,27.6,100.0,0.0
2026-08-31 03:02:57,27.7,100.0,0.0
2026-08-31 03:03:27,27.7,100.0,0.0
2026-08-31 03:03:57,27.7,100.0,0.0
2026-08-31 03:04:27,27.7,100.0,0.0
2026-08-31 03:04:57,27.7,100.0,0.0
2026-08-31 03:05:27,27.7,100.0,0.0
2026-08-31 03:05:57,27.6,100.0,0.0
2026-08-31 03:06:27,27.7,100.0,0.0
2026-08-31 03:06:57,27.7,100.0,0.0
2026-08-31 03:07:27,27.7,100.0,0.0
2026-08-31 03:07:57,27.7,100.0,0.0
2026-08-31 03:08:27,27.7,100.0,0.0
2026-08-31 03:08:57,27.6,100.0,0.0
2026-08-31 03:09:27,27.7,100.0,0.0
2026-08-31 03:09:57,27.7,100.0,0.0
2026-08-31 03:10:27,27.7,100.0,0.0
2026-08-31 03:10:57,27.7,100.0,0.0
2026-08-31 03:11:27,27.7,100.0,0.0
2026-08-31 03:11:57,27.7,100.0,0.0
2026-08-31 03:12:27,27.7,100.0,0.0
2026-08-31 03:12:57,27.6,100.0,0.0
2026-08-31 03:13:27,27.7,100.0,0.0
2026-08-31 03:13:57,27.7,100.0,0.0
2026-08-31 03:14:27,27.7,100.0,0.0
2026-08-31 03:14:57,27.6,100.0,0.0
2026-08-31 03:15:27,27.6,100.0,0.0
2026-08-31 03:15:57,27.6,100.0,0.0
2026-08-31 03:16:27,27.7,100.0,0.0
2026-08-31 03:16:57,27.6,100.0,0.0
2026-08-31 03:17:27,27.6,100.0,0.0
2026-08-31 03:17:57,27.6,100.0,0.0
2026-08-31 03:18:27,27.7,100.0,0.0
2026-08-31 03:18:57,27.5,100.0,0.0
2026-08-31 03:19:27,27.6,100.0,0.0
2026-08-31 03:19:57,27.5,100.0,0.0
2026-08-31 03:20:27,27.5,100.0,0.0
2026-08-31 03:20:57,27.5,100.0,0.0
2026-08-31 03:21:27,27.5,100.0,0.0
2026-08-31 03:21:57,27.6,100.0,0.0
2026-08-31 03:22:27,27.6,100.0,0.0
2026-08-31 03:22:57,27.6,100.0,0.0
2026-08-31 03:23:27,27.6,100.0,0.0
2026-08-31 03:23:57,27.6,100.0,0.0
2026-08-31 03:24:27,27.7,100.0,0.0
2026-08-31 03:24:57,27.6,100.0,0.0
2026-08-31 03:25:27,27.7,100.0,0.0
2026-08-31 03:25:57,27.6,100.0,0.0
2026-08-31 03:26:27,27.7,100.0,0.0
2026-08-31 03:26:57,27.6,100.0,0.0
2026-08-31 03:27:27,27.6,100.0,0.0
2026-08-31 03:27:57,27.6,100.0,0.0
2026-08-31 03:28:27,27.6,100.0,0.0
2026-08-31 03:28:57,27.6,100.0,0.0
2026-08-31 03:29:27,27.7,100.0,0.0
2026-08-31 03:29:57,27.5,100.0,0.0
2026-08-31 03:30:27,27.7,100.0,0.0
2026-08-31 03:30:57,27.5,100.0,0.0
2026-08-31 03:31:27,27.6,100.0,0.0
2026-08-31 03:31:57,27.5,100.0,0.0
2026-08-31 03:32:27,27.6,100.0,0.0
2026-08-31 03:32:57,27.6,100.0,0.0
2026-08-31 03:33:27,27.6,100.0,0.0
2026-08-31 03:33:57,27.6,100.0,0.0
2026-08-31 03:34:27,27.6,100.0,0.0
2026-08-31 03:34:57,27.6,100.0,0.0
2026-08-31 03:35:27,27.6,100.0,0.0
2026-08-31 03:35:57,27.5,100.0,0.0
2026-08-31 03:36:27,27.7,100.0,0.0
2026-08-31 03:36:57,27.6,100.0,0.0
2026-08-31 03:37:27,27.7,100.0,0.0
2026-08-31 03:37:57,27.6,100.0,0.0
2026-08-31 03:38:27,27.7,100.0,0.0
2026-08-31 03:38:57,27.6,100.0,0.0
2026-08-31 03:39:27,27.6,100.0,0.0
2026-08-31 03:39:57,27.5,100.0,0.0
2026-08-31 03:40:27,27.6,100.0,0.0
2026-08-31 03:40:57,27.5,100.0,0.0
2026-08-31 03:41:27,27.6,100.0,0.0
2026-08-31 03:41:57,27.6,100.0,0.0
2026-08-31 03:42:27,27.6,100.0,0.0
2026-08-31 03:42:57,27.5,100.0,0.0
2026-08-31 03:43:27,27.5,100.0,0.0
2026-08-31 03:43:57,27.5,100.0,0.0
2026-08-31 03:44:27,27.5,100.0,0.0
2026-08-31 03:44:57,27.5,100.0,0.0
2026-08-31 03:45:27,27.5,100.0,0.0
2026-08-31 03:45:57,27.5,100.0,0.0
2026-08-31 03:46:27,27.5,100.0,0.0
2026-08-31 03:46:57,27.5,100.0,0.0
2026-08-31 03:47:27,27.5,100.0,0.0
2026-08-31 03:47:57,27.5,100.0,0.0
2026-08-31 03:48:27,27.5,100.0,0.0
2026-08-31 03:48:57,27.5,100.0,0.0
2026-08-31 03:49:27,27.5,100.0,0.0
2026-08-31 03:49:57,27.5,100.0,0.0
2026-08-31 03:50:27,27.5,100.0,0.0
2026-08-31 03:50:57,27.6,100.0,0.0
2026-08-31 03:51:27,27.5,100.0,0.0
2026-08-31 03:51:57,27.5,100.0,0.0
2026-08-31 03:52:27,27.5,100.0,0.0
2026-08-31 03:52:57,27.5,100.0,0.0
2026-08-31 03:53:27,27.5,100.0,0.0
2026-08-31 03:53:57,27.5,100.0,0.0
2026-08-31 03:54:27,27.5,100.0,0.0
2026-08-31 03:54:57,27.5,100.0,0.0
2026-08-31 03:55:27,27.5,100.0,0.0
2026-08-31 03:55:57,27.5,100.0,0.0
2026-08-31 03:56:27,27.5,100.0,0.0
2026-08-31 03:56:57,27.6,100.0,0.0
2026-08-31 03:57:27,27.5,100.0,0.0
2026-08-31 03:57:57,27.5,100.0,0.0
2026-08-31 03:58:27,27.5,100.0,0.0
2026-08-31 03:58:57,27.5,100.0,0.0
2026-08-31 03:59:27,27.5,100.0,0.0
2026-08-31 03:59:57,27.5,100.0,0.0
2026-08-31 04:00:27,27.5,100.0,0.0
2026-08-31 04:00:57,27.5,100.0,0.0
2026-08-31 04:01:27,27.5,100.0,0.0
2026-08-31 04:01:57,27.6,100.0,0.0
2026-08-31 04:02:27,27.6,100.0,0.0
2026-08-31 04:02:57,27.6,100.0,0.0
2026-08-31 04:03:27,27.5,100.0,0.0
2026-08-31 04:03:57,27.5,100.0,0.0
2026-08-31 04:04:57,27.6,100.0,0.0
2026-08-31 04:05:27,27.5,100.0,0.0
2026-08-31 04:05:57,27.5,100.0,0.0
2026-08-31 04:06:27,27.6,100.0,0.0
2026-08-31 04:06:57,27.5,100.0,0.0
2026-08-31 04:07:27,27.6,100.0,0.0
2026-08-31 04:07:57,27.5,100.0,0.0
2026-08-31 04:08:27,27.5,100.0,0.0
2026-08-31 04:08:57,27.5,100.0,0.0
2026-08-31 04:09:27,27.5,100.0,0.0
2026-08-31 04:09:57,27.5,100.0,0.0
2026-08-31 04:10:27,27.5,100.0,0.0
2026-08-31 04:10:57,27.5,100.0,0.0
2026-08-31 04:11:27,27.5,100.0,0.0
2026-08-31 04:11:57,27.5,100.0,0.0
2026-08-31 04:12:27,27.5,100.0,0.0
2026-08-31 04:12:57,27.5,100.0,0.0
2026-08-31 04:13:27,27.5,100.0,0.0
2026-08-31 04:13:57,27.5,100.0,0.0
2026-08-31 04:14:27,27.5,100.0,0.0
2026-08-31 04:14:57,27.5,100.0,0.0
2026-08-31 04:15:27,27.5,100.0,0.0
2026-08-31 04:15:57,27.5,100.0,0.0
2026-08-31 04:16:27,27.5,100.0,0.0
2026-08-31 04:16:57,27.5,100.0,0.0
2026-08-31 04:17:27,27.5,100.0,0.0
2026-08-31 04:17:57,27.5,100.0,0.0
2026-08-31 04:18:27,27.5,100.0,0.0
2026-08-31 04:18:57,27.5,100.0,0.0
2026-08-31 04:19:27,27.5,100.0,0.0
2026-08-31 04:19:57,27.5,100.0,0.0
2026-08-31 04:20:27,27.6,100.0,0.0
2026-08-31 04:20:57,27.5,100.0,0.0
2026-08-31 04:21:27,27.5,100.0,0.0
2026-08-31 04:21:57,27.5,100.0,0.0
2026-08-31 04:22:27,27.5,100.0,0.0
2026-08-31 04:22:57,27.6,100.0,0.0
2026-08-31 04:23:27,27.6,100.0,0.0
2026-08-31 04:23:57,27.5,100.0,0.0
2026-08-31 04:24:27,27.6,100.0,0.0
2026-08-31 04:24:57,27.5,100.0,0.0
2026-08-31 04:25:27,27.6,100.0,0.0
2026-08-31 04:25:57,27.5,100.0,0.0
2026-08-31 04:26:27,27.5,100.0,0.0
2026-08-31 04:26:57,27.5,100.0,0.0
2026-08-31 04:27:27,27.6,100.0,0.0
2026-08-31 04:27:57,27.5,100.0,0.0
2026-08-31 04:28:27,27.6,100.0,0.0
2026-08-31 04:28:57,27.5,100.0,0.0
2026-08-31 04:29:57,27.5,100.0,0.0
2026-08-31 04:30:27,27.6,100.0,0.0
2026-08-31 04:30:57,27.6,100.0,0.0
2026-08-31 04:31:27,27.5,100.0,0.0
2026-08-31 04:31:57,27.5,100.0,0.0
2026-08-31 04:32:27,27.5,100.0,0.0
2026-08-31 04:32:57,27.5,100.0,0.0
2026-08-31 04:33:27,27.6,100.0,0.0
2026-08-31 04:33:57,27.6,100.0,0.0
2026-08-31 04:34:27,27.5,100.0,0.0
2026-08-31 04:34:57,27.5,100.0,0.0
2026-08-31 04:35:27,27.6,100.0,0.0
2026-08-31 04:35:57,27.5,100.0,0.0
2026-08-31 04:36:27,27.6,100.0,0.0
2026-08-31 04:36:57,27.6,100.0,0.0
2026-08-31 04:37:27,27.6,100.0,0.0
2026-08-31 04:37:57,27.5,100.0,0.0
2026-08-31 04:38:27,27.6,100.0,0.0
2026-08-31 04:38:57,27.5,100.0,0.0
2026-08-31 04:39:27,27.6,100.0,0.0
2026-08-31 04:39:57,27.5,100.0,0.0
2026-08-31 04:40:27,27.6,100.0,0.0
2026-08-31 04:40:57,27.5,100.0,0.0
2026-08-31 04:41:27,27.5,100.0,0.0
2026-08-31 04:41:57,27.5,100.0,0.0
2026-08-31 04:42:27,27.6,100.0,0.0
2026-08-31 04:42:57,27.5,100.0,0.0
2026-08-31 04:43:27,27.6,100.0,0.0
2026-08-31 04:43:57,27.6,100.0,0.0
2026-08-31 04:44:27,27.6,100.0,0.0
2026-08-31 04:44:57,27.5,100.0,0.0
2026-08-31 04:45:27,27.6,100.0,0.0
2026-08-31 04:45:57,27.6,100.0,0.0
2026-08-31 04:46:27,27.6,100.0,0.0
2026-08-31 04:46:57,27.6,100.0,0.0
2026-08-31 04:47:27,27.6,100.0,0.0
2026-08-31 04:47:57,27.5,100.0,0.0
2026-08-31 04:48:27,27.6,100.0,0.0
2026-08-31 04:48:57,27.6,100.0,0.0
2026-08-31 04:49:27,27.6,100.0,0.0
2026-08-31 04:49:57,27.6,100.0,0.0
2026-08-31 04:50:27,27.7,100.0,0.0
2026-08-31 04:50:57,27.5,100.0,0.0
2026-08-31 04:51:27,27.6,100.0,0.0
2026-08-31 04:51:57,27.5,100.0,0.0
2026-08-31 04:52:27,27.6,100.0,0.0
2026-08-31 04:52:57,27.6,100.0,0.0
2026-08-31 04:53:27,27.5,100.0,0.0
2026-08-31 04:53:57,27.6,100.0,0.0
2026-08-31 04:54:27,27.5,100.0,0.0
2026-08-31 04:54:57,27.5,100.0,0.0
2026-08-31 04:55:27,27.6,100.0,0.0
2026-08-31 04:55:57,27.5,100.0,0.0
2026-08-31 04:56:27,27.6,100.0,0.0
2026-08-31 04:56:57,27.5,100.0,0.0
2026-08-31 04:57:27,27.5,100.0,0.0
2026-08-31 04:57:57,27.5,100.0,0.0
2026-08-31 04:58:27,27.6,100.0,0.0
2026-08-31 04:58:57,27.6,100.0,0.0
2026-08-31 04:59:27,27.6,100.0,0.0
2026-08-31 04:59:57,27.6,100.0,0.0
2026-08-31 05:00:27,27.6,100.0,0.0
2026-08-31 05:00:57,27.6,100.0,0.0
2026-08-31 05:01:27,27.6,100.0,0.0
2026-08-31 05:01:57,27.6,100.0,0.0
2026-08-31 05:02:27,27.6,100.0,0.0
2026-08-31 05:02:57,27.6,100.0,0.0
2026-08-31 05:03:27,27.6,100.0,0.0
2026-08-31 05:03:57,27.5,100.0,0.0
2026-08-31 05:04:27,27.5,100.0,0.0
2026-08-31 05:04:57,27.6,100.0,0.0
2026-08-31 05:05:27,27.6,100.0,0.0
2026-08-31 05:05:57,27.6,100.0,0.0
2026-08-31 05:06:27,27.6,100.0,0.0
2026-08-31 05:06:57,27.5,100.0,0.0
2026-08-31 05:07:27,27.6,100.0,0.0
2026-08-31 05:07:57,27.5,100.0,0.0
2026-08-31 05:08:27,27.7,100.0,0.0
2026-08-31 05:08:57,27.6,100.0,0.0
2026-08-31 05:09:57,27.6,100.0,0.0
2026-08-31 05:10:27,27.6,100.0,0.0
2026-08-31 05:10:57,27.6,100.0,0.0
2026-08-31 05:11:27,27.7,100.0,0.0
2026-08-31 05:11:57,27.5,100.0,0.0
2026-08-31 05:12:27,27.6,100.0,0.0
2026-08-31 05:12:57,27.5,100.0,0.0
2026-08-31 05:13:27,27.6,100.0,0.0
2026-08-31 05:13:57,27.5,100.0,0.0
2026-08-31 05:14:27,27.6,100.0,0.0
2026-08-31 05:14:57,27.5,100.0,0.0
2026-08-31 05:15:27,27.6,100.0,0.0
2026-08-31 05:15:57,27.5,100.0,0.0
2026-08-31 05:16:27,27.6,100.0,0.0
2026-08-31 05:16:57,27.6,100.0,0.0
2026-08-31 05:17:27,27.6,100.0,0.0
2026-08-31 05:17:57,27.5,100.0,0.0
2026-08-31 05:18:27,27.6,100.0,0.0
2026-08-31 05:18:57,27.5,100.0,0.0
2026-08-31 05:19:27,27.5,100.0,0.0
2026-08-31 05:19:57,27.5,100.0,0.0
2026-08-31 05:20:27,27.6,100.0,0.0
2026-08-31 05:20:57,27.5,100.0,0.0
2026-08-31 05:21:27,27.5,100.0,0.0
2026-08-31 05:21:57,27.6,100.0,0.0
2026-08-31 05:22:27,27.6,100.0,0.0
2026-08-31 05:22:57,27.5,100.0,0.0
2026-08-31 05:23:27,27.6,100.0,0.0
2026-08-31 05:23:57,27.5,100.0,0.0
2026-08-31 05:24:27,27.6,100.0,0.0
2026-08-31 05:24:57,27.6,100.0,0.0
2026-08-31 05:25:27,27.6,100.0,0.0
2026-08-31 05:25:57,27.6,100.0,0.0
2026-08-31 05:26:27,27.5,100.0,0.0
2026-08-31 05:26:57,27.5,100.0,0.0
2026-08-31 05:27:27,27.6,100.0,0.0
2026-08-31 05:27:57,27.5,100.0,0.0
2026-08-31 05:28:27,27.5,100.0,0.0
2026-08-31 05:28:57,27.5,100.0,0.0
2026-08-31 05:29:27,27.5,100.0,0.0
2026-08-31 05:29:57,27.5,100.0,0.0
2026-08-31 05:30:27,27.5,100.0,0.0
2026-08-31 05:30:57,27.5,100.0,0.0
2026-08-31 05:31:27,27.5,100.0,0.0
2026-08-31 05:31:57,27.5,100.0,0.0
2026-08-31 05:32:27,27.5,100.0,0.0
2026-08-31 05:32:57,27.5,100.0,0.8
2026-08-31 05:33:27,27.5,100.0,0.8
2026-08-31 05:33:57,27.5,100.0,0.8
2026-08-31 05:34:27,27.6,100.0,0.8
2026-08-31 05:34:57,27.6,100.0,0.8
2026-08-31 05:35:27,27.6,100.0,0.8
2026-08-31 05:35:57,27.6,100.0,0.8
2026-08-31 05:36:27,27.6,100.0,0.8
2026-08-31 05:36:57,27.6,100.0,0.8
2026-08-31 05:37:27,27.6,100.0,0.8
2026-08-31 05:37:57,27.6,100.0,0.8
2026-08-31 05:38:27,27.6,100.0,1.7
2026-08-31 05:38:57,27.5,100.0,1.7
2026-08-31 05:39:27,27.6,100.0,1.7
2026-08-31 05:39:57,27.5,100.0,1.7
2026-08-31 05:40:27,27.6,100.0,2.5
2026-08-31 05:40:57,27.5,100.0,2.5
2026-08-31 05:41:27,27.5,100.0,2.5
2026-08-31 05:41:57,27.5,100.0,2.5
2026-08-31 05:42:27,27.6,100.0,3.3
2026-08-31 05:42:57,27.5,100.0,3.3
2026-08-31 05:43:27,27.7,100.0,3.3
2026-08-31 05:43:57,27.5,100.0,4.2
2026-08-31 05:44:27,27.6,100.0,4.2
2026-08-31 05:44:57,27.6,100.0,4.2
2026-08-31 05:45:27,27.5,100.0,5.0
2026-08-31 05:45:57,27.5,100.0,5.0
2026-08-31 05:46:27,27.6,100.0,5.8
2026-08-31 05:46:57,27.5,100.0,5.8
2026-08-31 05:47:27,27.5,100.0,5.8
2026-08-31 05:47:57,27.5,100.0,6.7
2026-08-31 05:48:27,27.7,100.0,6.7
2026-08-31 05:48:57,27.6,100.0,6.7
2026-08-31 05:49:27,27.7,100.0,6.7
2026-08-31 05:49:57,27.5,100.0,7.5
2026-08-31 05:50:27,27.7,100.0,7.5
2026-08-31 05:50:57,27.5,100.0,8.3
2026-08-31 05:51:27,27.6,100.0,8.3
2026-08-31 05:51:57,27.6,100.0,8.3
2026-08-31 05:52:27,27.7,100.0,9.2
2026-08-31 05:52:57,27.6,100.0,9.2
2026-08-31 05:53:27,27.6,100.0,10.0
2026-08-31 05:53:57,27.6,100.0,10.0
2026-08-31 05:54:27,27.6,100.0,10.8
2026-08-31 05:54:57,27.6,100.0,10.8
2026-08-31 05:55:27,27.6,100.0,11.7
2026-08-31 05:55:57,27.6,100.0,12.5
2026-08-31 05:56:27,27.6,100.0,12.5
2026-08-31 05:56:57,27.6,100.0,13.3
2026-08-31 05:57:27,27.6,100.0,13.3
2026-08-31 05:57:57,27.6,100.0,14.2
2026-08-31 05:58:27,27.6,100.0,14.2
2026-08-31 05:58:57,27.5,100.0,15.0
2026-08-31 05:59:27,27.6,100.0,15.8
2026-08-31 05:59:57,27.6,100.0,15.8
2026-08-31 06:00:27,27.7,100.0,16.7
2026-08-31 06:00:57,27.6,100.0,16.7
2026-08-31 06:01:27,27.6,100.0,17.5
2026-08-31 06:01:57,27.6,100.0,18.3
2026-08-31 06:02:27,27.6,100.0,19.2
2026-08-31 06:02:57,27.6,100.0,19.2
2026-08-31 06:03:27,27.7,100.0,20.0
2026-08-31 06:03:57,27.6,100.0,20.8
2026-08-31 06:04:27,27.6,100.0,20.8
2026-08-31 06:04:57,27.6,100.0,21.7
2026-08-31 06:05:27,27.6,100.0,22.5
2026-08-31 06:05:57,27.6,100.0,23.3
2026-08-31 06:06:27,27.7,100.0,23.3
2026-08-31 06:06:57,27.6,100.0,24.2
2026-08-31 06:07:27,27.7,100.0,26.7
2026-08-31 06:07:57,27.6,100.0,27.5
2026-08-31 06:08:27,27.6,100.0,27.5
2026-08-31 06:08:57,27.6,100.0,29.2
2026-08-31 06:09:27,27.6,100.0,29.2
2026-08-31 06:09:57,27.6,100.0,30.0
2026-08-31 06:10:27,27.7,100.0,30.8
2026-08-31 06:10:57,27.7,100.0,31.7
2026-08-31 06:11:27,27.7,100.0,33.3
2026-08-31 06:11:57,27.6,100.0,35.0
2026-08-31 06:12:27,27.7,100.0,35.8
2026-08-31 06:12:57,27.6,100.0,35.8
2026-08-31 06:13:27,27.7,100.0,35.8
2026-08-31 06:13:57,27.7,100.0,35.8
2026-08-31 06:14:27,27.6,100.0,36.7
2026-08-31 06:14:57,27.6,100.0,40.8
2026-08-31 06:15:27,27.7,100.0,41.7
2026-08-31 06:15:57,27.7,100.0,41.7
2026-08-31 06:16:27,27.6,100.0,44.2
2026-08-31 06:16:57,27.7,100.0,45.0
2026-08-31 06:17:27,27.6,100.0,47.5
2026-08-31 06:17:57,27.7,100.0,51.7
2026-08-31 06:18:27,27.7,100.0,55.0
2026-08-31 06:18:57,27.7,100.0,55.0
2026-08-31 06:19:27,27.7,100.0,51.7
2026-08-31 06:19:57,27.6,100.0,47.5
2026-08-31 06:20:27,27.6,100.0,45.8
2026-08-31 06:20:57,27.7,100.0,45.8
2026-08-31 06:21:27,27.7,100.0,45.8
2026-08-31 06:21:57,27.7,100.0,46.7
2026-08-31 06:22:27,27.7,100.0,45.8
2026-08-31 06:22:57,27.7,100.0,46.7
2026-08-31 06:23:27,27.7,100.0,47.5
2026-08-31 06:23:57,27.6,100.0,48.3
2026-08-31 06:24:27,27.7,100.0,49.2
2026-08-31 06:24:57,27.7,100.0,50.0
2026-08-31 06:25:27,27.6,100.0,52.5
2026-08-31 06:25:57,27.7,100.0,56.7
2026-08-31 06:26:27,27.6,100.0,56.7
2026-08-31 06:26:57,27.7,100.0,58.3
2026-08-31 06:27:27,27.7,100.0,60.0
2026-08-31 06:27:57,27.7,100.0,62.5
2026-08-31 06:28:27,27.7,100.0,65.0
2026-08-31 06:28:57,27.7,100.0,70.0
2026-08-31 06:29:27,27.7,100.0,74.2
2026-08-31 06:29:57,27.7,100.0,75.8
2026-08-31 06:30:27,27.7,100.0,79.2
2026-08-31 06:30:57,27.7,100.0,80.8
2026-08-31 06:31:27,27.6,100.0,84.2
2026-08-31 06:31:57,27.6,100.0,88.3
2026-08-31 06:32:27,27.6,100.0,90.8
2026-08-31 06:32:57,27.7,100.0,90.0
2026-08-31 06:33:27,27.7,100.0,87.5
2026-08-31 06:33:57,27.7,100.0,85.8
2026-08-31 06:34:27,27.7,100.0,81.7
2026-08-31 06:34:57,27.7,100.0,81.7
2026-08-31 06:35:27,27.7,100.0,78.3
2026-08-31 06:35:57,27.7,100.0,77.5
2026-08-31 06:36:27,27.7,100.0,78.3
2026-08-31 06:36:57,27.7,100.0,81.7
2026-08-31 06:37:27,27.7,100.0,82.5
2026-08-31 06:37:57,27.8,100.0,80.0
2026-08-31 06:38:27,27.7,100.0,77.5
2026-08-31 06:38:57,27.7,100.0,76.7
2026-08-31 06:39:27,27.7,100.0,76.7
2026-08-31 06:39:57,27.8,100.0,73.3
2026-08-31 06:40:27,27.7,100.0,71.7
2026-08-31 06:40:57,27.7,100.0,69.2
2026-08-31 06:41:27,27.7,100.0,67.5
2026-08-31 06:41:57,27.8,100.0,68.3
2026-08-31 06:42:27,27.7,100.0,69.2
2026-08-31 06:42:57,27.7,100.0,71.7
2026-08-31 06:43:27,27.8,100.0,73.3
2026-08-31 06:43:57,27.8,100.0,75.0
2026-08-31 06:44:27,27.7,100.0,77.5
2026-08-31 06:44:57,27.7,100.0,77.5
2026-08-31 06:45:27,27.7,100.0,80.8
2026-08-31 06:45:57,27.7,100.0,81.7
2026-08-31 06:46:27,27.8,100.0,84.2
2026-08-31 06:46:57,27.8,100.0,89.2
2026-08-31 06:47:27,27.8,100.0,100.8
2026-08-31 06:47:57,27.7,100.0,110.8
2026-08-31 06:48:27,27.8,100.0,120.0
2026-08-31 06:48:57,27.7,100.0,126.7
2026-08-31 06:49:27,27.8,100.0,130.8
2026-08-31 06:49:57,27.8,100.0,135.8
2026-08-31 06:50:27,27.8,100.0,134.2
2026-08-31 06:50:57,27.7,100.0,140.8
2026-08-31 06:51:27,27.8,100.0,145.8
2026-08-31 06:51:57,27.8,100.0,149.2
2026-08-31 06:52:27,27.8,100.0,159.2
2026-08-31 06:52:57,27.8,100.0,162.5
2026-08-31 06:53:27,27.7,100.0,172.5
2026-08-31 06:53:57,27.8,100.0,183.3
2026-08-31 06:54:27,27.9,100.0,190.8
2026-08-31 06:54:57,27.9,100.0,190.8
2026-08-31 06:55:27,27.8,100.0,199.2
2026-08-31 06:55:56,27.8,100.0,204.2
2026-08-31 06:56:26,27.9,100.0,189.2
2026-08-31 06:56:56,27.8,100.0,191.7
2026-08-31 06:57:26,27.7,100.0,212.5
2026-08-31 06:57:56,27.8,100.0,209.2
2026-08-31 06:58:26,27.9,100.0,211.7
2026-08-31 06:58:56,27.9,100.0,204.2
2026-08-31 06:59:26,27.9,100.0,203.3
2026-08-31 06:59:56,27.8,100.0,204.2
2026-08-31 07:00:26,27.9,100.0,205.0
2026-08-31 07:00:56,27.8,100.0,191.7
2026-08-31 07:01:26,27.9,100.0,185.8
2026-08-31 07:01:56,27.9,100.0,190.8
2026-08-31 07:02:26,27.9,100.0,179.2
2026-08-31 07:02:56,27.8,100.0,166.7
2026-08-31 07:03:26,27.9,100.0,155.8
2026-08-31 07:03:56,27.8,100.0,142.5
2026-08-31 07:04:26,27.9,100.0,127.5
2026-08-31 07:04:56,27.9,100.0,118.3
2026-08-31 07:05:26,27.9,100.0,115.8
2026-08-31 07:06:26,27.9,100.0,122.5
2026-08-31 07:06:56,27.8,100.0,137.5
2026-08-31 07:07:26,27.9,100.0,136.7
2026-08-31 07:07:56,28.0,100.0,125.0
2026-08-31 07:08:26,27.9,100.0,122.5
2026-08-31 07:08:56,28.0,100.0,121.7
2026-08-31 07:09:26,27.9,100.0,121.7
2026-08-31 07:09:56,28.0,100.0,116.7
2026-08-31 07:10:26,28.0,100.0,112.5
2026-08-31 07:10:56,28.0,100.0,108.3
2026-08-31 07:11:26,27.9,100.0,111.7
2026-08-31 07:11:56,27.9,100.0,112.5
2026-08-31 07:12:26,27.9,100.0,113.3
2026-08-31 07:12:56,27.9,100.0,110.8
2026-08-31 07:13:26,27.9,100.0,101.7
2026-08-31 07:13:56,28.0,100.0,96.7
2026-08-31 07:14:26,28.0,100.0,100.0
2026-08-31 07:14:56,28.0,100.0,95.0
2026-08-31 07:15:26,27.9,100.0,92.5
2026-08-31 07:15:56,28.0,100.0,91.7
2026-08-31 07:16:26,27.9,100.0,90.8
2026-08-31 07:16:56,28.0,100.0,90.0
2026-08-31 07:17:26,27.9,100.0,89.2
2026-08-31 07:17:56,27.9,100.0,89.2
2026-08-31 07:18:26,27.9,100.0,86.7
2026-08-31 07:18:56,27.9,100.0,80.8
2026-08-31 07:19:26,28.0,100.0,78.3
2026-08-31 07:19:56,28.0,100.0,82.5
2026-08-31 07:20:26,27.9,99.9,85.0
2026-08-31 07:20:56,28.0,99.9,87.5
2026-08-31 07:21:26,27.8,99.9,90.0
2026-08-31 07:21:56,28.0,99.9,86.7
2026-08-31 07:22:26,27.9,100.0,86.7
2026-08-31 07:22:56,28.0,100.0,85.8
2026-08-31 07:23:26,27.9,100.0,83.3
2026-08-31 07:23:56,28.0,100.0,81.7
2026-08-31 07:24:26,28.0,100.0,80.8
2026-08-31 07:24:56,27.9,100.0,83.3
2026-08-31 07:25:26,27.9,100.0,85.8
2026-08-31 07:25:56,27.9,100.0,87.5
2026-08-31 07:26:26,27.9,100.0,90.8
2026-08-31 07:26:56,27.9,100.0,94.2
2026-08-31 07:27:26,28.0,100.0,99.2
2026-08-31 07:27:56,28.0,100.0,109.2
2026-08-31 07:28:26,27.9,100.0,111.7
2026-08-31 07:28:56,27.9,100.0,115.0
2026-08-31 07:29:56,28.0,100.0,102.5
2026-08-31 07:30:26,28.0,100.0,101.7
2026-08-31 07:30:56,27.9,100.0,96.7
2026-08-31 07:31:26,28.0,100.0,100.8
2026-08-31 07:31:56,27.9,100.0,113.3
2026-08-31 07:32:26,27.9,99.9,124.2
2026-08-31 07:32:56,27.9,100.0,127.5
2026-08-31 07:33:26,28.0,100.0,134.2
2026-08-31 07:33:56,28.0,100.0,140.8
2026-08-31 07:34:26,28.0,100.0,141.7
2026-08-31 07:34:56,28.0,100.0,140.8
2026-08-31 07:35:26,28.0,100.0,144.2
2026-08-31 07:35:56,28.0,100.0,148.3
2026-08-31 07:36:26,28.0,100.0,136.7
2026-08-31 07:36:56,28.0,99.9,134.2
2026-08-31 07:37:26,28.0,100.0,136.7
2026-08-31 07:37:56,28.0,100.0,140.8
2026-08-31 07:38:26,28.0,100.0,151.7
2026-08-31 07:38:56,28.0,100.0,149.2
2026-08-31 07:39:26,28.1,100.0,151.7
2026-08-31 07:39:56,28.0,100.0,169.2
2026-08-31 07:40:26,28.0,100.0,164.2
2026-08-31 07:40:56,28.0,100.0,145.8
2026-08-31 07:41:26,28.0,100.0,139.2
2026-08-31 07:41:56,28.0,100.0,134.2
2026-08-31 07:42:26,28.0,100.0,135.8
2026-08-31 07:42:56,28.0,100.0,137.5
2026-08-31 07:43:26,28.1,100.0,143.3
2026-08-31 07:43:56,28.0,100.0,146.7
2026-08-31 07:44:26,28.1,100.0,145.8
2026-08-31 07:44:56,28.0,100.0,154.2
2026-08-31 07:45:26,28.0,100.0,159.2
2026-08-31 07:45:56,28.1,100.0,161.7
2026-08-31 07:46:26,28.0,100.0,165.0
2026-08-31 07:46:56,28.0,99.9,179.2
2026-08-31 07:47:26,28.0,99.9,184.2
2026-08-31 07:47:56,28.0,99.8,196.7
2026-08-31 07:48:26,28.0,99.8,187.5
2026-08-31 07:48:56,28.1,99.8,188.3
2026-08-31 07:49:26,28.0,99.6,180.0
2026-08-31 07:49:56,28.1,99.4,159.2
2026-08-31 07:50:26,28.0,99.6,151.7
2026-08-31 07:50:56,28.1,99.3,135.8
2026-08-31 07:51:26,28.0,99.2,129.2
2026-08-31 07:51:56,28.1,99.4,122.5
2026-08-31 07:52:26,28.0,99.6,120.0
2026-08-31 07:52:56,28.1,99.9,120.0
2026-08-31 07:53:26,28.1,100.0,115.0
2026-08-31 07:53:56,28.1,100.0,115.8
2026-08-31 07:54:26,28.1,99.9,109.2
2026-08-31 07:54:56,28.2,100.0,110.8
2026-08-31 07:55:26,28.1,100.0,105.8
2026-08-31 07:55:56,28.1,100.0,102.5
2026-08-31 07:56:26,28.2,99.9,105.8
2026-08-31 07:56:56,28.1,99.7,104.2
2026-08-31 07:57:26,28.1,99.7,104.2
2026-08-31 07:57:56,28.1,99.8,102.5
2026-08-31 07:58:26,28.1,99.9,103.3
2026-08-31 07:58:56,28.1,99.9,110.0
2026-08-31 07:59:26,28.1,99.8,105.8
2026-08-31 07:59:56,28.1,99.7,111.7
2026-08-31 08:00:26,28.0,99.6,113.3
2026-08-31 08:00:56,28.1,99.8,111.7
2026-08-31 08:01:26,28.1,99.8,110.8
2026-08-31 08:01:56,28.1,99.8,114.2
2026-08-31 08:02:26,28.2,99.7,110.0
2026-08-31 08:02:56,28.1,99.6,120.0
2026-08-31 08:03:26,28.1,99.6,121.7
2026-08-31 08:03:56,28.2,99.6,124.2
2026-08-31 08:04:26,28.1,99.7,126.7
2026-08-31 08:04:56,28.2,99.8,121.7
2026-08-31 08:05:26,28.2,99.6,120.0
2026-08-31 08:05:56,28.1,99.4,118.3
2026-08-31 08:06:26,28.2,99.4,119.2
2026-08-31 08:06:56,28.1,99.5,125.0
2026-08-31 08:07:26,28.1,99.3,125.0
2026-08-31 08:07:56,28.1,99.3,125.0
2026-08-31 08:08:26,28.1,99.5,127.5
2026-08-31 08:08:56,28.1,99.2,125.8
2026-08-31 08:09:26,28.1,98.9,121.7
2026-08-31 08:09:56,28.2,99.0,120.8
2026-08-31 08:10:26,28.1,99.4,121.7
2026-08-31 08:10:56,28.1,99.6,125.0
2026-08-31 08:11:26,28.2,99.8,129.2
2026-08-31 08:11:56,28.1,99.7,130.0
2026-08-31 08:12:26,28.1,99.5,131.7
2026-08-31 08:12:56,28.1,99.6,137.5
2026-08-31 08:13:26,28.2,99.5,142.5
2026-08-31 08:13:56,28.1,99.4,149.2
2026-08-31 08:14:26,28.2,99.4,153.3
2026-08-31 08:14:56,28.2,99.4,151.7
2026-08-31 08:15:26,28.1,99.4,150.8
2026-08-31 08:15:56,28.2,99.1,147.5
2026-08-31 08:16:26,28.1,99.0,149.2
2026-08-31 08:16:56,28.1,98.9,149.2
2026-08-31 08:17:26,28.2,98.7,156.7
2026-08-31 08:17:56,28.2,98.7,155.8
2026-08-31 08:18:26,28.1,98.8,154.2
2026-08-31 08:18:56,28.2,98.7,161.7
2026-08-31 08:19:26,28.1,98.7,168.3
2026-08-31 08:19:56,28.2,98.9,171.7
2026-08-31 08:20:26,28.2,99.0,174.2
2026-08-31 08:20:56,28.1,99.0,177.5
2026-08-31 08:21:26,28.2,99.3,178.3
2026-08-31 08:21:56,28.2,99.3,184.2
2026-08-31 08:22:26,28.2,99.4,188.3
2026-08-31 08:22:56,28.2,99.3,196.7
2026-08-31 08:23:26,28.2,99.4,206.7
2026-08-31 08:23:56,28.2,99.4,218.3
2026-08-31 08:24:26,28.2,99.2,226.7
2026-08-31 08:24:56,28.2,99.2,244.2
2026-08-31 08:25:26,28.3,99.4,247.5
2026-08-31 08:25:56,28.3,99.5,237.5
2026-08-31 08:26:26,28.2,99.4,230.8
2026-08-31 08:26:56,28.3,99.4,221.7
2026-08-31 08:27:26,28.2,99.4,238.3
2026-08-31 08:27:56,28.3,99.5,260.8
2026-08-31 08:28:26,28.3,99.6,270.8
2026-08-31 08:28:56,28.2,99.4,270.8
2026-08-31 08:29:26,28.3,99.4,270.0
2026-08-31 08:29:56,28.3,99.3,274.2
2026-08-31 08:30:26,28.3,99.3,279.2
2026-08-31 08:30:56,28.3,99.1,292.5
2026-08-31 08:31:26,28.3,98.9,340.0
2026-08-31 08:31:56,28.3,98.9,375.0
2026-08-31 08:32:26,28.4,98.9,375.8
2026-08-31 08:32:56,28.3,99.1,383.3
2026-08-31 08:33:26,28.4,99.1,430.0
2026-08-31 08:33:56,28.4,99.1,611.7
2026-08-31 08:34:26,28.4,99.1,775.8
2026-08-31 08:34:56,28.4,99.0,639.2
2026-08-31 08:35:26,28.4,99.2,470.0
2026-08-31 08:35:56,28.4,99.2,476.7
2026-08-31 08:36:26,28.4,99.2,440.8
2026-08-31 08:36:56,28.4,98.9,410.8
2026-08-31 08:37:26,28.4,99.4,12912.5
2026-08-31 08:37:56,28.8,96.7,12398.3
2026-08-31 08:38:26,29.2,92.1,12980.8
2026-08-31 08:38:56,29.7,91.1,11849.2
2026-08-31 08:39:26,30.0,90.0,11805.8
2026-08-31 08:39:56,30.0,89.0,12565.0
2026-08-31 08:40:26,30.2,88.5,15183.3
2026-08-31 08:40:56,30.4,87.7,33425.0
2026-08-31 08:41:26,30.6,84.7,54612.5
2026-08-31 08:41:56,31.4,80.7,54612.5
2026-08-31 08:42:26,32.0,81.2,22894.2
2026-08-31 08:42:56,31.7,80.4,42212.5
2026-08-31 08:43:26,32.2,80.2,30000.8
2026-08-31 08:43:56,32.1,79.2,25032.5
2026-08-31 08:44:26,32.3,79.3,39990.8
2026-08-31 08:44:56,32.4,78.4,38719.2
2026-08-31 08:45:26,32.6,79.1,18274.2
2026-08-31 08:45:56,32.3,80.4,14895.0
2026-08-31 08:46:26,32.0,80.4,12000.0
2026-08-31 08:46:56,32.0,81.0,11131.7
2026-08-31 08:47:26,31.8,81.3,9806.7
2026-08-31 08:47:56,31.7,81.2,9217.5
2026-08-31 08:48:26,31.5,81.4,9397.5
2026-08-31 08:48:56,31.5,81.7,16737.5
2026-08-31 08:49:26,31.5,82.1,9110.8
2026-08-31 08:49:56,31.4,82.3,8528.3
2026-08-31 08:50:26,31.3,82.4,8310.0
2026-08-31 08:50:56,31.2,82.0,8141.7
2026-08-31 08:51:26,31.2,82.3,8005.8
2026-08-31 08:51:56,31.2,82.8,7780.8
2026-08-31 08:52:26,31.3,82.9,7708.3
2026-08-31 08:52:56,31.2,82.7,7295.8
2026-08-31 08:53:26,31.1,83.1,7141.7
2026-08-31 08:53:56,31.1,83.6,7063.3
2026-08-31 08:54:26,31.0,84.0,6895.8
2026-08-31 08:54:56,31.0,84.4,6726.7
2026-08-31 08:55:26,30.9,84.5,6857.5
2026-08-31 08:55:56,30.9,83.8,6870.0
2026-08-31 08:56:26,31.0,84.1,6940.0
2026-08-31 08:56:56,30.9,84.4,7240.8
2026-08-31 08:57:26,31.0,83.8,7301.7
2026-08-31 08:57:56,30.9,84.3,7639.2
2026-08-31 08:58:26,30.9,84.3,7890.0
2026-08-31 08:58:56,30.9,83.7,8426.7
2026-08-31 08:59:26,30.9,84.2,9179.2
2026-08-31 08:59:56,30.9,84.1,9704.2
2026-08-31 09:00:26,30.9,83.7,10253.3
2026-08-31 09:00:56,30.9,83.4,10550.8
2026-08-31 09:01:26,30.8,83.8,10595.8
2026-08-31 09:01:56,30.9,84.2,11150.8
2026-08-31 09:02:26,30.9,83.4,11612.5
2026-08-31 09:02:56,31.0,82.6,12533.3
2026-08-31 09:03:26,31.0,83.1,13764.2
2026-08-31 09:03:56,31.0,82.9,26214.2
2026-08-31 09:04:26,31.2,82.9,17548.3
2026-08-31 09:04:56,31.2,82.5,34401.7
2026-08-31 09:05:26,31.4,82.2,21034.2
2026-08-31 09:05:56,31.4,81.8,20701.7
2026-08-31 09:06:26,31.5,81.0,21375.0
2026-08-31 09:06:56,31.6,81.0,19703.3
2026-08-31 09:07:26,31.6,81.2,21670.8
2026-08-31 09:07:56,31.7,80.6,25652.5
2026-08-31 09:08:26,31.9,79.9,23929.2
2026-08-31 09:08:56,32.0,79.7,27297.5
2026-08-31 09:09:26,32.2,80.0,23050.8
2026-08-31 09:09:56,32.1,79.7,27092.5
2026-08-31 09:10:26,32.2,78.8,54612.5
2026-08-31 09:10:56,32.8,77.0,54612.5
2026-08-31 09:11:26,33.2,77.1,25172.5
2026-08-31 09:11:56,33.0,77.3,26845.0
2026-08-31 09:12:26,32.9,77.8,39020.8
2026-08-31 09:12:56,32.9,77.6,26821.7
2026-08-31 09:13:26,33.0,77.3,20355.8
2026-08-31 09:13:56,32.9,78.0,18887.5
2026-08-31 09:14:26,32.8,78.3,18294.2
2026-08-31 09:14:56,32.7,78.3,20734.2
2026-08-31 09:15:26,32.6,78.3,27341.7
2026-08-31 09:15:56,32.7,78.0,22401.7
2026-08-31 09:16:26,32.7,77.9,20353.3
2026-08-31 09:16:56,32.7,78.3,19182.5
2026-08-31 09:17:26,32.7,77.8,31735.0
2026-08-31 09:17:56,32.7,77.1,37618.3
2026-08-31 09:18:26,32.8,78.3,16515.0
2026-08-31 09:18:56,32.8,78.0,15290.0
2026-08-31 09:19:26,32.6,78.6,15495.0
2026-08-31 09:19:56,32.5,78.8,14200.8
2026-08-31 09:20:26,32.4,78.9,13235.0
2026-08-31 09:20:56,32.3,78.9,12137.5
2026-08-31 09:21:26,32.4,79.1,11463.3
2026-08-31 09:21:56,32.3,80.0,11356.7
2026-08-31 09:22:26,32.3,80.2,11164.2
2026-08-31 09:22:56,32.2,80.7,11652.5
2026-08-31 09:23:26,32.3,80.6,11723.3
2026-08-31 09:23:56,32.1,80.4,11053.3
2026-08-31 09:24:26,32.2,80.6,12701.7
2026-08-31 09:24:56,32.1,80.5,14175.0
2026-08-31 09:25:26,32.0,80.3,15972.5
2026-08-31 09:25:56,32.1,80.3,12521.7
2026-08-31 09:26:26,32.0,80.6,10967.5
2026-08-31 09:26:56,31.9,81.1,11690.0
2026-08-31 09:27:26,32.0,80.9,10549.2
2026-08-31 09:27:56,32.0,81.7,10552.5
2026-08-31 09:28:26,31.9,81.2,9331.7
2026-08-31 09:28:56,31.8,81.3,9166.7
2026-08-31 09:29:26,31.8,81.5,9127.5
2026-08-31 09:29:56,31.7,81.8,9035.8
2026-08-31 09:30:26,31.7,81.3,8960.0
2026-08-31 09:30:56,31.6,81.4,8860.8
2026-08-31 09:31:26,31.7,81.1,8939.2
2026-08-31 09:31:56,31.6,81.1,8826.7
2026-08-31 09:32:26,31.5,82.5,8777.5
2026-08-31 09:32:56,31.6,82.0,8199.2
2026-08-31 09:33:26,31.5,81.3,8020.0
2026-08-31 09:33:56,31.4,81.8,7893.3
2026-08-31 09:34:26,31.5,82.7,7327.5
2026-08-31 09:34:56,31.5,82.5,7106.7
2026-08-31 09:35:26,31.3,82.9,6786.7
2026-08-31 09:35:56,31.3,83.0,6659.2
2026-08-31 09:36:26,31.2,83.0,6608.3
2026-08-31 09:36:56,31.2,83.9,6410.0
2026-08-31 09:37:26,31.2,83.1,6692.5
2026-08-31 09:37:56,31.2,83.9,6685.0
2026-08-31 09:38:26,31.1,83.8,6670.0
2026-08-31 09:38:56,31.1,83.1,6516.7
2026-08-31 09:39:26,31.2,83.0,6281.7
2026-08-31 09:39:56,31.1,82.9,6212.5
2026-08-31 09:40:26,31.1,83.1,6410.0
2026-08-31 09:40:56,31.1,83.0,6338.3
2026-08-31 09:41:26,31.2,82.9,6393.3
2026-08-31 09:41:56,31.1,83.0,6343.3
2026-08-31 09:42:26,31.1,83.5,6485.8
2026-08-31 09:42:56,31.1,83.2,6758.3
2026-08-31 09:43:26,31.1,84.0,7159.2
2026-08-31 09:43:56,31.2,83.6,7610.8
2026-08-31 09:44:26,31.2,83.5,8152.5
2026-08-31 09:44:56,31.1,83.8,8806.7
2026-08-31 09:45:26,31.2,83.7,9240.0
2026-08-31 09:45:56,31.2,83.5,9504.2
2026-08-31 09:46:26,31.3,83.3,10005.8
2026-08-31 09:46:56,31.2,83.3,10490.0
2026-08-31 09:47:26,31.3,83.5,10773.3
2026-08-31 09:47:56,31.3,83.2,11825.0
2026-08-31 09:48:26,31.4,83.1,16540.0
2026-08-31 09:48:56,31.7,83.2,14745.8
2026-08-31 09:49:26,31.6,82.5,20035.0
2026-08-31 09:49:56,31.7,81.2,34006.7
2026-08-31 09:50:26,32.0,80.9,27508.3
2026-08-31 09:50:56,32.1,80.6,18709.2
2026-08-31 09:51:26,32.0,80.8,18130.8
2026-08-31 09:51:56,32.1,80.8,19955.0
2026-08-31 09:52:26,32.0,80.7,22909.2
2026-08-31 09:52:56,32.3,79.8,32290.0
2026-08-31 09:53:26,32.4,79.7,26932.5
2026-08-31 09:53:56,32.5,79.3,28051.7
2026-08-31 09:54:26,32.6,79.0,27445.8
2026-08-31 09:54:56,32.7,78.1,26390.8
2026-08-31 09:55:26,32.7,78.3,24770.0
2026-08-31 09:55:56,32.7,78.3,25813.3
2026-08-31 09:56:26,32.8,78.3,25202.5
2026-08-31 09:56:56,32.9,78.4,22844.2
2026-08-31 09:57:26,33.0,77.9,24198.3
2026-08-31 09:57:56,32.9,77.6,31026.7
2026-08-31 09:58:26,33.0,76.4,44691.7
2026-08-31 09:58:56,33.3,75.7,47622.5
2026-08-31 09:59:26,33.5,74.5,54612.5
2026-08-31 09:59:56,34.1,74.3,54612.5
2026-08-31 10:00:26,34.4,72.9,54612.5
2026-08-31 10:00:56,34.7,72.7,54612.5
2026-08-31 10:01:26,34.9,71.8,54612.5
2026-08-31 10:01:56,35.2,71.2,54612.5
2026-08-31 10:02:26,35.1,70.9,54612.5
2026-08-31 10:02:56,35.2,70.9,54612.5
2026-08-31 10:03:26,35.2,72.1,25408.3
2026-08-31 10:03:56,34.8,72.8,18424.2
2026-08-31 10:04:26,34.6,72.6,16124.2
2026-08-31 10:04:56,34.5,73.4,14855.8
2026-08-31 10:05:26,34.3,72.9,13199.2
2026-08-31 10:05:56,34.1,73.2,12166.7
2026-08-31 10:06:26,34.0,74.1,11137.5
2026-08-31 10:06:56,33.8,74.3,10296.7
2026-08-31 10:07:26,33.7,74.2,9879.2
2026-08-31 10:07:56,33.5,74.8,9321.7
2026-08-31 10:08:26,33.5,74.8,8988.3
2026-08-31 10:08:56,33.4,75.1,8997.5
2026-08-31 10:09:26,33.3,75.5,8850.8
2026-08-31 10:09:56,33.1,75.6,8973.3
2026-08-31 10:10:26,33.0,76.0,8847.5
2026-08-31 10:10:56,33.1,75.6,9094.2
2026-08-31 10:11:26,33.0,76.0,9161.7
2026-08-31 10:11:56,32.8,76.3,8898.3
2026-08-31 10:12:26,32.8,76.9,8461.7
2026-08-31 10:12:56,32.7,78.1,8339.2
2026-08-31 10:13:26,32.6,77.2,7825.8
2026-08-31 10:13:56,32.5,77.2,7831.7
2026-08-31 10:14:26,32.4,77.5,7490.0
2026-08-31 10:14:56,32.3,77.4,7472.5
2026-08-31 10:15:26,32.3,77.3,7350.8
2026-08-31 10:15:56,32.2,77.6,7119.2
2026-08-31 10:16:26,32.2,76.7,7171.7
2026-08-31 10:16:56,32.1,77.3,7143.3
2026-08-31 10:17:26,32.1,77.4,7206.7
2026-08-31 10:17:56,31.9,77.3,7038.3
2026-08-31 10:18:26,32.0,78.4,6924.2
2026-08-31 10:18:56,32.0,78.9,6559.2
2026-08-31 10:19:26,31.9,78.2,6420.8
2026-08-31 10:19:56,31.9,79.0,6133.3
2026-08-31 10:20:26,31.9,79.4,5951.7
2026-08-31 10:20:56,31.8,79.4,5910.0
2026-08-31 10:21:26,31.8,78.7,5870.0
2026-08-31 10:21:56,31.6,79.2,5815.8
2026-08-31 10:22:26,31.7,80.1,5706.7
2026-08-31 10:22:56,31.6,79.3,5760.0
2026-08-31 10:23:26,31.6,79.8,5635.0
2026-08-31 10:23:56,31.7,78.9,5723.3
2026-08-31 10:24:26,31.6,78.6,5615.8
2026-08-31 10:24:56,31.6,78.7,5614.2
2026-08-31 10:25:26,31.6,78.1,5629.2
2026-08-31 10:25:56,31.6,78.3,5741.7
2026-08-31 10:26:26,31.5,77.8,6058.3
2026-08-31 10:26:56,31.5,78.0,6215.0
2026-08-31 10:27:26,31.6,78.4,6389.2
2026-08-31 10:27:56,31.6,78.9,6493.3
2026-08-31 10:28:26,31.6,77.9,6565.8
2026-08-31 10:28:56,31.5,78.9,6421.7
2026-08-31 10:29:26,31.6,78.4,6350.8
2026-08-31 10:29:56,31.5,78.0,6333.3
2026-08-31 10:30:26,31.6,78.1,6648.3
2026-08-31 10:30:56,31.6,77.7,7060.8
2026-08-31 10:31:26,31.7,77.1,7535.0
2026-08-31 10:31:56,31.6,77.2,8042.5
2026-08-31 10:32:26,31.6,77.0,8252.5
2026-08-31 10:32:56,31.7,77.3,8554.2
2026-08-31 10:33:26,31.7,77.6,9328.3
2026-08-31 10:33:56,31.8,78.0,9728.3
2026-08-31 10:34:26,31.7,77.8,10283.3
2026-08-31 10:34:56,31.8,77.3,10710.8
2026-08-31 10:35:26,31.8,77.3,11125.8
2026-08-31 10:35:56,31.7,77.2,10870.8
2026-08-31 10:36:26,31.8,77.6,10294.2
2026-08-31 10:36:56,31.8,76.8,10266.7
2026-08-31 10:37:26,31.8,77.9,9913.3
2026-08-31 10:37:56,31.9,77.3,10096.7
2026-08-31 10:38:26,31.9,76.9,10347.5
2026-08-31 10:38:56,31.9,76.6,10677.5
2026-08-31 10:39:26,31.8,76.4,11262.5
2026-08-31 10:39:56,32.0,76.2,12114.2
2026-08-31 10:40:26,32.0,75.9,13770.8
2026-08-31 10:40:56,32.1,75.5,12626.7
2026-08-31 10:41:26,32.0,75.1,12134.2
2026-08-31 10:41:56,32.1,75.3,12572.5
2026-08-31 10:42:26,32.1,76.2,12771.7
2026-08-31 10:42:56,32.2,75.9,13390.8
2026-08-31 10:43:26,32.2,75.3,14376.7
2026-08-31 10:43:56,32.2,75.4,15173.3
2026-08-31 10:44:26,32.3,76.2,18445.8
2026-08-31 10:44:56,32.4,75.5,26119.2
2026-08-31 10:45:26,32.5,74.9,54612.5
2026-08-31 10:45:56,32.9,73.2,41450.8
2026-08-31 10:46:26,33.2,73.3,41558.3
2026-08-31 10:46:56,33.1,73.4,27040.0
2026-08-31 10:47:26,33.1,73.1,25655.0
2026-08-31 10:47:56,33.2,72.9,26060.8
2026-08-31 10:48:26,33.3,73.4,23218.3
2026-08-31 10:48:56,33.2,73.3,21682.5
2026-08-31 10:49:26,33.3,72.2,20649.2
2026-08-31 10:49:56,33.3,71.9,20030.8
2026-08-31 10:50:26,33.4,72.7,20006.7
2026-08-31 10:50:56,33.4,73.3,20549.2
2026-08-31 10:51:26,33.5,72.5,23468.3
2026-08-31 10:51:56,33.5,71.5,24681.7
2026-08-31 10:52:26,33.5,71.5,26186.7
2026-08-31 10:52:56,33.5,72.3,36307.5
2026-08-31 10:53:26,33.8,70.1,27660.8
2026-08-31 10:53:56,33.7,71.2,25548.3
2026-08-31 10:54:26,33.7,71.4,26112.5
2026-08-31 10:54:56,33.8,71.4,27282.5
2026-08-31 10:55:26,33.8,71.4,23601.7
2026-08-31 10:55:56,33.8,70.7,21740.8
2026-08-31 10:56:26,33.9,70.6,21024.2
2026-08-31 10:56:56,33.8,70.4,19408.3
2026-08-31 10:57:26,33.8,70.2,17560.0
2026-08-31 10:57:56,33.8,70.4,17947.5
2026-08-31 10:58:26,33.7,70.2,22266.7
2026-08-31 10:58:56,33.7,70.2,26800.0
2026-08-31 10:59:26,34.0,70.4,28120.0
2026-08-31 10:59:56,34.3,70.3,25378.3
2026-08-31 11:00:26,34.5,70.6,25207.5
2026-08-31 11:00:56,34.7,68.6,25479.2
2026-08-31 11:01:26,35.0,67.6,24845.0
2026-08-31 11:01:56,35.3,67.4,23775.8
2026-08-31 11:02:26,35.1,67.6,23625.0
2026-08-31 11:02:56,34.9,67.2,22773.3
2026-08-31 11:03:26,35.0,67.8,22505.0
2026-08-31 11:03:56,35.1,69.4,22345.8
2026-08-31 11:04:26,35.0,68.9,21204.2
2026-08-31 11:04:56,34.8,68.6,22420.0
2026-08-31 11:05:26,34.9,67.6,23472.5
2026-08-31 11:05:56,35.1,67.7,22998.3
2026-08-31 11:06:26,35.1,67.6,22516.7
2026-08-31 11:06:56,34.8,66.4,22240.0
2026-08-31 11:07:26,34.8,65.9,22155.0
2026-08-31 11:07:56,34.9,65.4,21071.7
2026-08-31 11:08:26,34.7,65.8,21081.7
2026-08-31 11:08:56,34.7,65.8,20692.5
2026-08-31 11:09:26,34.6,65.1,21565.0
2026-08-31 11:09:56,34.6,65.2,21664.2
2026-08-31 11:10:26,34.6,66.1,21310.8
2026-08-31 11:10:56,34.6,66.8,19609.2
2026-08-31 11:11:26,34.6,66.0,19360.0
2026-08-31 11:11:56,34.5,66.7,19636.7
2026-08-31 11:12:26,34.6,67.0,20472.5
2026-08-31 11:12:56,34.5,68.1,17843.3
2026-08-31 11:13:26,34.6,66.9,14470.8
2026-08-31 11:13:56,34.4,66.9,13513.3
2026-08-31 11:14:26,34.5,67.3,13472.5
2026-08-31 11:14:56,34.4,66.8,15057.5
2026-08-31 11:15:26,34.3,67.8,15957.5
2026-08-31 11:15:56,34.3,67.8,17440.0
2026-08-31 11:16:26,34.3,67.7,18965.0
2026-08-31 11:16:56,34.5,68.7,19821.7
2026-08-31 11:17:26,34.6,68.2,18650.8
2026-08-31 11:17:56,34.5,68.0,17936.7
2026-08-31 11:18:26,34.7,67.6,17390.8
2026-08-31 11:18:56,34.6,66.6,17593.3
2026-08-31 11:19:26,34.6,66.2,17507.5
2026-08-31 11:19:56,34.6,66.2,17173.3
2026-08-31 11:20:26,34.6,67.7,16171.7
2026-08-31 11:20:56,34.7,66.7,15554.2
2026-08-31 11:21:26,34.7,66.5,14482.5
2026-08-31 11:21:56,34.6,65.7,13746.7
2026-08-31 11:22:26,34.6,65.5,14553.3
2026-08-31 11:22:56,34.4,65.3,13301.7
2026-08-31 11:23:26,34.5,65.8,12629.2
2026-08-31 11:23:56,34.3,67.2,12772.5
2026-08-31 11:24:26,34.2,66.0,13330.0
2026-08-31 11:24:56,34.2,67.1,13048.3
2026-08-31 11:25:26,34.1,67.3,11878.3
2026-08-31 11:25:56,34.2,67.7,10282.5
2026-08-31 11:26:26,34.0,65.9,9565.8
2026-08-31 11:26:56,33.9,66.3,8820.8
2026-08-31 11:27:26,33.8,67.7,8266.7
2026-08-31 11:27:56,33.7,67.0,7825.0
2026-08-31 11:28:26,33.7,67.0,7429.2
2026-08-31 11:28:56,33.8,68.2,6995.8
2026-08-31 11:29:26,33.7,67.3,6893.3
2026-08-31 11:29:56,33.5,67.2,6727.5
2026-08-31 11:30:26,33.5,67.7,6525.0
2026-08-31 11:30:56,33.4,67.2,6471.7
2026-08-31 11:31:26,33.3,67.1,6457.5
2026-08-31 11:31:56,33.3,68.4,6505.8
2026-08-31 11:32:26,33.3,68.6,6495.8
2026-08-31 11:32:56,33.2,67.3,6791.7
2026-08-31 11:33:26,33.1,67.1,6839.2
2026-08-31 11:33:56,33.2,67.9,6883.3
2026-08-31 11:34:26,33.2,68.2,6918.3
2026-08-31 11:34:56,33.1,69.4,7045.0
2026-08-31 11:35:26,33.1,68.8,7222.5
2026-08-31 11:35:56,33.1,69.0,7393.3
2026-08-31 11:36:26,32.9,68.2,7239.2
2026-08-31 11:36:56,33.1,69.3,7183.3
2026-08-31 11:37:26,32.9,71.2,7140.0
2026-08-31 11:37:56,32.9,70.9,6707.5
2026-08-31 11:38:26,32.8,71.1,6482.5
2026-08-31 11:38:56,32.8,71.2,6271.7
2026-08-31 11:39:26,32.8,70.1,5972.5
2026-08-31 11:39:56,32.7,70.2,5669.2
2026-08-31 11:40:26,32.7,69.9,5449.2
2026-08-31 11:40:56,32.7,70.3,5263.3
2026-08-31 11:41:26,32.6,69.9,5114.2
2026-08-31 11:41:56,32.7,70.0,4846.7
2026-08-31 11:42:26,32.5,69.6,4777.5
2026-08-31 11:42:56,32.5,69.4,4687.5
2026-08-31 11:43:26,32.4,69.9,4612.5
2026-08-31 11:43:56,32.5,69.6,4549.2
2026-08-31 11:44:26,32.4,70.1,4537.5
2026-08-31 11:44:56,32.4,69.7,4628.3
2026-08-31 11:45:26,32.4,69.6,4730.8
2026-08-31 11:45:56,32.4,68.2,4839.2
2026-08-31 11:46:26,32.4,69.8,5010.0
2026-08-31 11:46:56,32.3,69.0,5118.3
2026-08-31 11:47:26,32.3,69.0,5176.7
2026-08-31 11:47:56,32.3,67.9,5226.7
2026-08-31 11:48:26,32.2,68.9,5224.2
2026-08-31 11:48:56,32.3,69.4,5230.0
2026-08-31 11:49:26,32.2,70.0,5240.0
2026-08-31 11:49:56,32.2,68.8,5397.5
2026-08-31 11:50:26,32.3,69.5,5431.7
2026-08-31 11:50:56,32.1,68.8,5706.7
2026-08-31 11:51:26,32.1,69.6,5888.3
2026-08-31 11:51:56,32.2,68.7,6140.8
2026-08-31 11:52:26,32.1,68.7,6647.5
2026-08-31 11:52:56,32.1,69.8,6878.3
2026-08-31 11:53:26,32.2,70.2,7160.8
2026-08-31 11:53:56,32.3,68.9,7430.0
2026-08-31 11:54:26,32.2,70.0,7251.7
2026-08-31 11:54:56,32.3,69.3,7270.0
2026-08-31 11:55:26,32.3,68.4,7253.3
2026-08-31 11:55:56,32.3,68.6,7299.2
2026-08-31 11:56:26,32.3,69.9,7425.0
2026-08-31 11:56:56,32.4,71.1,7692.5
2026-08-31 11:57:26,32.4,69.0,7908.3
2026-08-31 11:57:56,32.3,69.1,8357.5
2026-08-31 11:58:26,32.5,69.3,9010.8
2026-08-31 11:58:56,32.5,68.6,9811.7
2026-08-31 11:59:26,32.4,68.3,10600.0
2026-08-31 11:59:56,32.5,67.8,11632.5
2026-08-31 12:00:26,32.6,67.4,12567.5
2026-08-31 12:00:56,32.7,66.7,13339.2
2026-08-31 12:01:26,32.8,67.0,13582.5
2026-08-31 12:01:56,32.8,66.6,13481.7
2026-08-31 12:02:26,32.9,66.8,12510.0
2026-08-31 12:02:56,33.0,66.6,11605.0
2026-08-31 12:03:26,33.0,67.0,11609.2
2026-08-31 12:03:56,33.1,66.6,11640.0
2026-08-31 12:04:26,33.0,66.8,11599.2
2026-08-31 12:04:56,33.1,66.2,11861.7
2026-08-31 12:05:26,33.1,66.0,11768.3
2026-08-31 12:05:56,33.1,67.4,11906.7
2026-08-31 12:06:26,33.2,66.7,12653.3
2026-08-31 12:06:56,33.2,65.8,12852.5
2026-08-31 12:07:26,33.3,66.1,13580.8
2026-08-31 12:07:56,33.3,66.3,13781.7
2026-08-31 12:08:26,33.3,67.2,14380.0
2026-08-31 12:08:56,33.3,65.7,14016.7
2026-08-31 12:09:26,33.4,64.6,13745.0
2026-08-31 12:09:56,33.4,65.3,13630.0
2026-08-31 12:10:26,33.3,65.8,13220.8
2026-08-31 12:10:56,33.4,64.9,13020.0
2026-08-31 12:11:26,33.3,67.1,13280.8
2026-08-31 12:11:56,33.5,65.2,13679.2
2026-08-31 12:12:26,33.4,65.1,13585.0
2026-08-31 12:12:56,33.5,65.4,13991.7
2026-08-31 12:13:26,33.5,65.0,14119.2
2026-08-31 12:13:56,33.5,66.2,14087.5
2026-08-31 12:14:26,33.5,64.1,13860.8
2026-08-31 12:14:56,33.5,65.3,13753.3
2026-08-31 12:15:26,33.5,65.5,13641.7
2026-08-31 12:15:56,33.6,65.5,13545.0
2026-08-31 12:16:26,33.6,66.6,13535.8
2026-08-31 12:16:56,33.7,66.3,13946.7
2026-08-31 12:17:26,33.7,66.9,13878.3
2026-08-31 12:17:56,33.6,66.4,14733.3
2026-08-31 12:18:26,33.6,65.7,15480.0
2026-08-31 12:18:56,33.7,64.9,15163.3
2026-08-31 12:19:26,33.8,64.7,14620.8
2026-08-31 12:19:56,34.0,64.8,13949.2
2026-08-31 12:20:26,33.9,65.3,13431.7
2026-08-31 12:20:56,34.0,65.0,13202.5
2026-08-31 12:21:26,34.0,65.2,13025.8
2026-08-31 12:21:56,33.8,66.9,13309.2
2026-08-31 12:22:26,33.9,65.7,13908.3
2026-08-31 12:22:56,34.0,65.3,14444.2
2026-08-31 12:23:26,34.1,65.8,14409.2
2026-08-31 12:23:56,34.2,65.5,14733.3
2026-08-31 12:24:26,34.3,65.0,15175.8
2026-08-31 12:24:56,34.4,66.3,15319.2
2026-08-31 12:25:26,34.6,65.0,15229.2
2026-08-31 12:25:56,34.6,64.6,15410.8
2026-08-31 12:26:26,34.8,65.3,15612.5
2026-08-31 12:26:56,34.8,65.4,16068.3
2026-08-31 12:27:26,35.0,65.7,15813.3
2026-08-31 12:27:56,35.1,64.6,15802.5
2026-08-31 12:28:26,35.2,63.7,15389.2
2026-08-31 12:28:56,35.1,62.6,15050.8
2026-08-31 12:29:26,35.3,61.2,15013.3
2026-08-31 12:29:56,35.4,61.5,14433.3
2026-08-31 12:30:26,35.5,61.9,13593.3
2026-08-31 12:30:56,35.5,62.7,12444.2
2026-08-31 12:31:26,35.3,62.2,11633.3
2026-08-31 12:31:56,35.2,62.1,11125.8
2026-08-31 12:32:26,35.2,62.5,10675.0
2026-08-31 12:32:56,35.0,62.9,10245.0
2026-08-31 12:33:26,35.0,63.4,9818.3
2026-08-31 12:33:56,34.8,63.3,9313.3
2026-08-31 12:34:26,34.7,63.5,9139.2
2026-08-31 12:34:56,34.7,62.7,9078.3
2026-08-31 12:35:26,34.5,64.2,9000.8
2026-08-31 12:35:56,34.5,64.0,8910.8
2026-08-31 12:36:26,34.4,64.7,8977.5
2026-08-31 12:36:56,34.4,65.1,9110.0
2026-08-31 12:37:26,34.3,64.7,9320.8
2026-08-31 12:37:56,34.3,65.8,9680.0
2026-08-31 12:38:26,34.2,65.8,9970.0
2026-08-31 12:38:56,34.1,65.7,10108.3
2026-08-31 12:39:26,34.1,65.5,10063.3
2026-08-31 12:39:56,34.0,65.9,10007.5
2026-08-31 12:40:26,34.2,66.2,10115.0
2026-08-31 12:40:56,34.0,68.2,9685.8
2026-08-31 12:41:26,33.9,66.9,9244.2
2026-08-31 12:41:56,33.8,66.8,9016.7
2026-08-31 12:42:26,33.8,67.0,8759.2
2026-08-31 12:42:56,33.7,66.2,8431.7
2026-08-31 12:43:26,33.7,66.8,8400.8
2026-08-31 12:43:56,33.5,68.1,8157.5
2026-08-31 12:44:26,33.6,67.1,7830.8
2026-08-31 12:44:56,33.4,67.7,7751.7
2026-08-31 12:45:26,33.5,67.2,7507.5
2026-08-31 12:45:56,33.3,66.4,7196.7
2026-08-31 12:46:26,33.4,67.4,7096.7
2026-08-31 12:46:56,33.3,67.2,6982.5
2026-08-31 12:47:26,33.3,69.1,6796.7
2026-08-31 12:47:56,33.3,67.9,6630.0
2026-08-31 12:48:26,33.2,68.6,6452.5
2026-08-31 12:48:56,33.2,68.5,6410.8
2026-08-31 12:49:26,33.2,69.6,6407.5
2026-08-31 12:49:56,33.2,68.6,6533.3
2026-08-31 12:50:26,33.1,69.0,6638.3
2026-08-31 12:50:56,33.1,68.8,6659.2
2026-08-31 12:51:26,33.1,68.7,6820.0
2026-08-31 12:51:56,33.0,68.3,6747.5
2026-08-31 12:52:26,33.0,69.1,6775.8
2026-08-31 12:52:56,33.0,69.5,6780.0
2026-08-31 12:53:26,33.0,70.4,6787.5
2026-08-31 12:53:56,32.9,70.3,6820.8
2026-08-31 12:54:26,33.0,69.0,6797.5
2026-08-31 12:54:56,32.9,68.9,6771.7
2026-08-31 12:55:26,32.9,69.7,6740.0
2026-08-31 12:55:56,33.0,69.8,6875.8
2026-08-31 12:56:26,32.8,70.3,6720.0
2026-08-31 12:56:56,33.0,70.4,6655.0
2026-08-31 12:57:26,32.8,69.2,6742.5
2026-08-31 12:57:56,32.8,68.1,6750.0
2026-08-31 12:58:26,32.8,69.4,6746.7
2026-08-31 12:58:56,32.7,69.2,6871.7
2026-08-31 12:59:26,32.8,70.2,6888.3
2026-08-31 12:59:56,32.8,69.5,6933.3
2026-08-31 13:00:26,32.8,69.6,7031.7
2026-08-31 13:00:56,32.8,70.6,7101.7
2026-08-31 13:01:26,32.8,69.4,7200.8
2026-08-31 13:01:56,32.8,69.9,7302.5
2026-08-31 13:02:26,32.8,69.2,7369.2
2026-08-31 13:02:56,32.8,70.7,7458.3
2026-08-31 13:03:26,32.8,71.7,7500.8
2026-08-31 13:03:56,32.7,70.9,7619.2
2026-08-31 13:04:26,32.8,69.2,7775.8
2026-08-31 13:04:56,32.8,69.2,7920.0
2026-08-31 13:05:26,32.6,69.0,8008.3
2026-08-31 13:05:56,32.7,70.2,8200.8
2026-08-31 13:06:26,32.6,68.8,8229.2
2026-08-31 13:06:56,32.7,70.6,8305.8
2026-08-31 13:07:26,32.8,70.9,8433.3
2026-08-31 13:07:56,32.7,70.6,8587.5
2026-08-31 13:08:26,32.8,70.2,8679.2
2026-08-31 13:08:56,32.9,69.2,8955.0
2026-08-31 13:09:26,32.8,70.4,9098.3
2026-08-31 13:09:56,32.7,69.1,9262.5
2026-08-31 13:10:26,32.8,68.3,9497.5
2026-08-31 13:10:56,32.8,68.9,9439.2
2026-08-31 13:11:26,32.7,68.6,9695.8
2026-08-31 13:11:56,32.8,69.2,9962.5
2026-08-31 13:12:26,32.8,70.1,10073.3
2026-08-31 13:12:56,32.8,70.2,10245.8
2026-08-31 13:13:26,32.8,70.2,10417.5
2026-08-31 13:13:56,32.7,69.2,10523.3
2026-08-31 13:14:26,32.8,70.0,10646.7
2026-08-31 13:14:56,32.8,71.8,10885.0
2026-08-31 13:15:26,32.9,71.2,11128.3
2026-08-31 13:15:56,32.8,69.7,11436.7
2026-08-31 13:16:26,32.8,70.2,11570.0
2026-08-31 13:16:56,32.7,71.5,11713.3
2026-08-31 13:17:26,32.8,72.1,11834.2
2026-08-31 13:17:56,32.8,71.1,11839.2
2026-08-31 13:18:26,32.8,70.9,11795.8
2026-08-31 13:18:56,32.9,70.3,11708.3
2026-08-31 13:19:26,32.8,71.3,11607.5
2026-08-31 13:19:56,33.0,72.4,11515.0
2026-08-31 13:20:26,33.0,71.6,11626.7
2026-08-31 13:20:56,33.0,71.3,11732.5
2026-08-31 13:21:26,33.0,69.9,11910.0
2026-08-31 13:21:56,33.0,70.8,11940.8
2026-08-31 13:22:26,33.0,70.2,11918.3
2026-08-31 13:22:56,33.2,70.0,11964.2
2026-08-31 13:23:26,33.2,70.6,12068.3
2026-08-31 13:23:56,33.3,70.4,11971.7
2026-08-31 13:24:26,33.3,70.2,12032.5
2026-08-31 13:24:56,33.3,68.5,12148.3
2026-08-31 13:25:26,33.3,70.2,12312.5
2026-08-31 13:25:56,33.4,70.9,12449.2
2026-08-31 13:26:26,33.4,68.9,12556.7
2026-08-31 13:26:56,33.4,70.1,12736.7
2026-08-31 13:27:26,33.4,68.2,12931.7
2026-08-31 13:27:56,33.5,68.3,13080.0
2026-08-31 13:28:26,33.5,68.1,12918.3
2026-08-31 13:28:56,33.6,67.1,12663.3
2026-08-31 13:29:26,33.5,66.6,13010.0
2026-08-31 13:29:56,33.5,67.3,12683.3
2026-08-31 13:30:26,33.6,67.2,12558.3
2026-08-31 13:30:56,33.6,67.9,12645.0
2026-08-31 13:31:26,33.6,67.4,12769.2
2026-08-31 13:31:56,33.7,66.6,12883.3
2026-08-31 13:32:26,33.6,68.2,13155.0
2026-08-31 13:32:56,33.6,68.4,12874.2
2026-08-31 13:33:26,33.7,68.1,12935.0
2026-08-31 13:33:56,33.7,67.8,13142.5
2026-08-31 13:34:26,33.7,68.5,13090.8
2026-08-31 13:34:56,33.8,67.2,13082.5
2026-08-31 13:35:26,33.8,67.8,13129.2
2026-08-31 13:35:56,33.9,67.0,13271.7
2026-08-31 13:36:26,34.0,68.0,13160.0
2026-08-31 13:36:56,34.1,67.7,13195.8
2026-08-31 13:37:26,34.2,68.2,12943.3
2026-08-31 13:37:56,34.4,67.9,13159.2
2026-08-31 13:38:26,34.5,66.6,12807.5
2026-08-31 13:38:56,34.5,66.7,13029.2
2026-08-31 13:39:26,34.7,65.8,12785.0
2026-08-31 13:39:56,34.7,65.3,12635.0
2026-08-31 13:40:26,34.7,65.5,12450.0
2026-08-31 13:40:56,34.8,64.5,12093.3
2026-08-31 13:41:26,35.0,65.7,11834.2
2026-08-31 13:41:56,34.8,65.4,11797.5
2026-08-31 13:42:26,35.0,64.6,11896.7
2026-08-31 13:42:56,35.0,64.5,11526.7
2026-08-31 13:43:26,35.0,63.7,11580.0
2026-08-31 13:43:56,35.0,64.9,11619.2
2026-08-31 13:44:26,35.1,64.1,11685.8
2026-08-31 13:44:56,35.0,64.2,11885.8
2026-08-31 13:45:26,35.0,64.4,11777.5
2026-08-31 13:45:56,35.0,65.0,11543.3
2026-08-31 13:46:26,34.9,64.0,11425.8
2026-08-31 13:46:56,34.9,65.2,11020.0
2026-08-31 13:47:26,34.9,65.2,11001.7
2026-08-31 13:47:56,34.9,66.1,10608.3
2026-08-31 13:48:26,34.9,64.7,10529.2
2026-08-31 13:48:56,34.9,65.6,10167.5
2026-08-31 13:49:26,34.9,64.6,10113.3
2026-08-31 13:49:56,34.8,65.8,10172.5
2026-08-31 13:50:26,34.8,65.9,10047.5
2026-08-31 13:50:56,34.8,65.1,9795.8
2026-08-31 13:51:26,34.9,64.8,9414.2
2026-08-31 13:51:56,34.8,65.8,9201.7
2026-08-31 13:52:26,34.9,65.1,9162.5
2026-08-31 13:52:56,34.8,65.3,8701.7
2026-08-31 13:53:26,34.9,65.0,8517.5
2026-08-31 13:53:56,34.9,64.0,8413.3
2026-08-31 13:54:26,34.9,64.2,8048.3
2026-08-31 13:54:56,35.0,64.2,7958.3
2026-08-31 13:55:26,35.0,64.3,7582.5
2026-08-31 13:55:56,35.0,64.6,7524.2
2026-08-31 13:56:26,35.0,66.6,7310.0
2026-08-31 13:56:56,34.9,65.6,7239.2
2026-08-31 13:57:26,34.9,65.0,7260.0
2026-08-31 13:57:56,34.9,66.5,7415.8
2026-08-31 13:58:26,34.9,66.6,7684.2
2026-08-31 13:58:56,34.9,67.4,7872.5
2026-08-31 13:59:26,35.0,66.4,8238.3
2026-08-31 13:59:56,35.1,64.9,8298.3
2026-08-31 14:00:26,35.1,66.4,8310.0
2026-08-31 14:00:56,35.0,65.4,8371.7
2026-08-31 14:01:26,35.0,65.4,8460.8
2026-08-31 14:01:56,35.0,65.3,8993.3
2026-08-31 14:02:26,35.2,65.1,9233.3
2026-08-31 14:02:56,35.2,65.0,9470.8
2026-08-31 14:03:26,35.2,65.1,9747.5
2026-08-31 14:03:56,35.2,64.2,9585.8
2026-08-31 14:04:26,35.1,64.8,9647.5
2026-08-31 14:04:56,35.2,65.0,10055.0
2026-08-31 14:05:26,35.2,65.9,10065.0
2026-08-31 14:05:56,35.1,64.3,10448.3
2026-08-31 14:06:26,35.1,64.5,10245.8
2026-08-31 14:06:56,35.2,65.5,10282.5
2026-08-31 14:07:26,35.1,64.9,10040.0
2026-08-31 14:07:56,35.2,63.2,9820.8
2026-08-31 14:08:26,35.2,63.2,9589.2
2026-08-31 14:08:56,35.2,63.4,9025.8
2026-08-31 14:09:26,35.2,64.4,8707.5
2026-08-31 14:09:56,35.1,64.7,8470.8
2026-08-31 14:10:26,35.1,64.4,8207.5
2026-08-31 14:10:56,35.0,64.5,8329.2
2026-08-31 14:11:26,34.9,65.0,8147.5
2026-08-31 14:11:56,34.8,65.7,7970.8
2026-08-31 14:12:26,34.9,65.5,8153.3
2026-08-31 14:12:56,34.8,65.9,7942.5
2026-08-31 14:13:26,34.8,66.4,7632.5
2026-08-31 14:13:56,34.7,66.6,7623.3
2026-08-31 14:14:26,34.7,65.7,7465.8
2026-08-31 14:14:56,34.5,66.1,7795.0
2026-08-31 14:15:26,34.4,66.2,7733.3
2026-08-31 14:15:56,34.5,65.4,8046.7
2026-08-31 14:16:26,34.4,64.7,8230.8
2026-08-31 14:16:56,34.4,65.4,8575.8
2026-08-31 14:17:26,34.3,65.7,8715.0
2026-08-31 14:17:56,34.3,67.1,8810.8
2026-08-31 14:18:26,34.3,67.3,9104.2
2026-08-31 14:18:56,34.3,66.8,9251.7
2026-08-31 14:19:26,34.3,66.4,9496.7
2026-08-31 14:19:56,34.3,67.1,9705.8
2026-08-31 14:20:26,34.3,65.9,9678.3
2026-08-31 14:20:56,34.3,66.0,9755.0
2026-08-31 14:21:26,34.3,65.9,9525.8
2026-08-31 14:21:56,34.3,65.3,9298.3
2026-08-31 14:22:26,34.2,65.0,9378.3
2026-08-31 14:22:56,34.2,64.0,9360.8
2026-08-31 14:23:26,34.1,65.0,9435.0
2026-08-31 14:23:56,34.1,65.3,9440.0
2026-08-31 14:24:26,34.2,65.3,8815.8
2026-08-31 14:24:56,34.1,64.6,8207.5
2026-08-31 14:25:26,34.1,63.7,8159.2
2026-08-31 14:25:56,34.0,63.9,8130.0
2026-08-31 14:26:26,34.1,65.1,8068.3
2026-08-31 14:26:56,34.1,64.4,8439.2
2026-08-31 14:27:26,34.0,64.3,8374.2
2026-08-31 14:27:56,34.0,64.3,8458.3
2026-08-31 14:28:26,34.0,65.8,8353.3
2026-08-31 14:28:56,34.1,65.6,8577.5
2026-08-31 14:29:26,34.1,65.8,9014.2
2026-08-31 14:29:56,34.1,66.2,9705.0
2026-08-31 14:30:26,34.0,64.0,9787.5
2026-08-31 14:30:56,34.2,64.2,9982.5
2026-08-31 14:31:26,34.3,64.4,10320.8
2026-08-31 14:31:56,34.3,63.2,10346.7
2026-08-31 14:32:26,34.3,63.4,10317.5
2026-08-31 14:32:56,34.4,64.2,10465.8
2026-08-31 14:33:26,34.6,63.9,10292.5
2026-08-31 14:33:56,34.6,63.8,10180.8
2026-08-31 14:34:26,34.6,63.2,9513.3
2026-08-31 14:34:56,34.6,64.3,9060.0
2026-08-31 14:35:26,34.6,63.7,9198.3
2026-08-31 14:35:56,34.7,62.4,8848.3
2026-08-31 14:36:26,34.8,63.4,8478.3
2026-08-31 14:36:56,34.7,64.0,8490.8
2026-08-31 14:37:26,34.8,63.1,8303.3
2026-08-31 14:37:56,34.8,64.1,8061.7
2026-08-31 14:38:26,34.6,63.3,7826.7
2026-08-31 14:38:56,34.6,64.7,7531.7
2026-08-31 14:39:26,34.6,64.2,7535.0
2026-08-31 14:39:56,34.6,64.6,7318.3
2026-08-31 14:40:26,34.5,64.8,7293.3
2026-08-31 14:40:56,34.5,65.1,7377.5
2026-08-31 14:41:26,34.6,66.4,7570.8
2026-08-31 14:41:56,34.5,65.5,7396.7
2026-08-31 14:42:26,34.5,65.8,7265.8
2026-08-31 14:42:56,34.3,66.0,7186.7
2026-08-31 14:43:26,34.4,65.6,7331.7
2026-08-31 14:43:56,34.3,65.6,7343.3
2026-08-31 14:44:26,34.3,65.3,7331.7
2026-08-31 14:44:56,34.2,64.6,7069.2
2026-08-31 14:45:26,34.1,65.4,6868.3
2026-08-31 14:45:56,34.2,64.3,6950.0
2026-08-31 14:46:26,34.2,66.0,7198.3
2026-08-31 14:46:56,34.0,65.6,7503.3
2026-08-31 14:47:26,34.1,64.6,7720.0
2026-08-31 14:47:56,34.1,64.5,7955.8
2026-08-31 14:48:26,34.0,64.4,8094.2
2026-08-31 14:48:56,34.0,65.1,8271.7
2026-08-31 14:49:26,34.0,65.2,8234.2
2026-08-31 14:49:56,34.2,65.4,8249.2
2026-08-31 14:50:26,34.0,64.9,8233.3
2026-08-31 14:50:56,34.1,66.6,8412.5
2026-08-31 14:51:26,34.0,65.9,8421.7
2026-08-31 14:51:56,34.1,65.4,8669.2
2026-08-31 14:52:26,34.0,64.7,8692.5
2026-08-31 14:52:56,34.1,64.5,8730.8
2026-08-31 14:53:26,34.0,64.1,8744.2
2026-08-31 14:53:56,34.1,64.6,8745.0
2026-08-31 14:54:26,34.0,65.1,8670.0
2026-08-31 14:54:56,34.1,65.6,8527.5
2026-08-31 14:55:26,34.0,66.1,8398.3
2026-08-31 14:55:56,34.0,65.9,8410.0
2026-08-31 14:56:26,34.0,66.3,8435.8
2026-08-31 14:56:56,34.1,66.0,8310.0
2026-08-31 14:57:26,34.0,66.3,8324.2
2026-08-31 14:57:56,34.0,65.8,8376.7
2026-08-31 14:58:26,34.0,65.7,8012.5
2026-08-31 14:58:56,34.0,65.5,7778.3
2026-08-31 14:59:26,34.1,64.3,7567.5
2026-08-31 14:59:56,34.0,64.9,7542.5
2026-08-31 15:00:26,34.0,64.6,7409.2
2026-08-31 15:00:56,33.9,64.2,7323.3
2026-08-31 15:01:26,33.9,65.0,7265.8
2026-08-31 15:01:56,34.0,65.4,7207.5
2026-08-31 15:02:26,33.9,65.2,7119.2
2026-08-31 15:02:56,33.8,65.3,7004.2
2026-08-31 15:03:26,33.9,65.8,6924.2
2026-08-31 15:03:56,33.9,65.2,6874.2
2026-08-31 15:04:26,33.8,65.8,7003.3
2026-08-31 15:04:56,33.9,65.6,7045.0
2026-08-31 15:05:26,33.8,66.4,7022.5
2026-08-31 15:05:56,33.7,65.3,7208.3
2026-08-31 15:06:26,33.9,66.4,7349.2
2026-08-31 15:06:56,33.7,67.6,7374.2
2026-08-31 15:07:26,33.8,66.7,7457.5
2026-08-31 15:07:56,33.7,67.2,7447.5
2026-08-31 15:08:26,33.7,67.6,7516.7
2026-08-31 15:08:56,33.6,68.0,7259.2
2026-08-31 15:09:26,33.6,66.8,7166.7
2026-08-31 15:09:56,33.7,67.5,7057.5
2026-08-31 15:10:26,33.6,68.4,6923.3
2026-08-31 15:10:56,33.6,68.5,6835.8
2026-08-31 15:11:26,33.6,67.3,6811.7
2026-08-31 15:11:56,33.6,68.3,6692.5
2026-08-31 15:12:26,33.6,69.0,6666.7
2026-08-31 15:12:56,33.6,70.6,6333.3
2026-08-31 15:13:26,33.5,69.5,6254.2
2026-08-31 15:13:56,33.6,68.7,6176.7
2026-08-31 15:14:26,33.6,68.3,5895.0
2026-08-31 15:14:56,33.5,68.7,5698.3
2026-08-31 15:15:26,33.5,69.4,5366.7
2026-08-31 15:15:56,33.5,68.8,5137.5
2026-08-31 15:16:26,33.5,69.5,4962.5
2026-08-31 15:16:56,33.5,69.9,4834.2
2026-08-31 15:17:26,33.5,68.9,4730.0
2026-08-31 15:17:56,33.5,69.2,4700.0
2026-08-31 15:18:26,33.5,69.3,4750.0
2026-08-31 15:18:56,33.5,69.3,4783.3
2026-08-31 15:19:26,33.4,68.1,4831.7
2026-08-31 15:19:56,33.3,69.8,4865.0
2026-08-31 15:20:26,33.5,69.6,4927.5
2026-08-31 15:20:56,33.4,68.6,5141.7
2026-08-31 15:21:26,33.3,68.3,5255.8
2026-08-31 15:21:56,33.3,68.9,5430.8
2026-08-31 15:22:26,33.3,68.8,5618.3
2026-08-31 15:22:56,33.3,68.7,5829.2
2026-08-31 15:23:26,33.3,69.2,6101.7
2026-08-31 15:23:56,33.3,69.9,6127.5
2026-08-31 15:24:26,33.3,68.8,6231.7
2026-08-31 15:24:56,33.3,68.3,6247.5
2026-08-31 15:25:26,33.3,68.7,6328.3
2026-08-31 15:25:56,33.3,70.0,6304.2
2026-08-31 15:26:26,33.4,70.0,6340.0
2026-08-31 15:26:56,33.4,69.5,6366.7
2026-08-31 15:27:26,33.3,70.3,6345.8
2026-08-31 15:27:56,33.3,69.6,6420.8
2026-08-31 15:28:26,33.4,70.3,6414.2
2026-08-31 15:28:56,33.4,70.3,6394.2
2026-08-31 15:29:26,33.4,70.4,6381.7
2026-08-31 15:29:56,33.4,69.8,6398.3
2026-08-31 15:30:26,33.3,69.5,6465.8
2026-08-31 15:30:56,33.3,71.2,6412.5
2026-08-31 15:31:26,33.3,70.6,6500.8
2026-08-31 15:31:56,33.4,70.3,6519.2
2026-08-31 15:32:26,33.3,71.1,6498.3
2026-08-31 15:32:56,33.3,71.0,6523.3
2026-08-31 15:33:26,33.2,70.2,6453.3
2026-08-31 15:33:56,33.3,70.4,6361.7
2026-08-31 15:34:26,33.3,70.4,6199.2
2026-08-31 15:34:56,33.3,71.4,6075.8
2026-08-31 15:35:26,33.3,71.0,5901.7
2026-08-31 15:35:56,33.3,70.4,5836.7
2026-08-31 15:36:26,33.3,71.2,5825.0
2026-08-31 15:36:56,33.4,71.6,5988.3
2026-08-31 15:37:26,33.3,71.9,6038.3
2026-08-31 15:37:56,33.3,71.1,6099.2
2026-08-31 15:38:26,33.3,71.0,5985.0
2026-08-31 15:38:56,33.2,71.9,5853.3
2026-08-31 15:39:26,33.2,71.7,5741.7
2026-08-31 15:39:56,33.2,72.1,5614.2
2026-08-31 15:40:26,33.3,72.4,5516.7
2026-08-31 15:40:56,33.2,73.4,5439.2
2026-08-31 15:41:26,33.2,74.1,5436.7
2026-08-31 15:41:56,33.2,74.5,5390.8
2026-08-31 15:42:26,33.2,72.4,5333.3
2026-08-31 15:42:56,33.2,72.9,5264.2
2026-08-31 15:43:26,33.2,72.6,5190.8
2026-08-31 15:43:56,33.2,73.1,5100.8
2026-08-31 15:44:26,33.1,74.0,5032.5
2026-08-31 15:44:56,33.1,73.7,4992.5
2026-08-31 15:45:26,33.1,73.8,4987.5
2026-08-31 15:45:56,33.1,73.2,5035.8
2026-08-31 15:46:26,33.1,73.5,4984.2
2026-08-31 15:46:56,33.0,73.2,5002.5
2026-08-31 15:47:26,33.1,73.3,5020.0
2026-08-31 15:47:56,33.2,72.2,5020.8
2026-08-31 15:48:26,33.0,73.2,5026.7
2026-08-31 15:48:56,33.1,73.8,5077.5
2026-08-31 15:49:26,33.1,73.4,5084.2
2026-08-31 15:49:56,33.0,72.4,5016.7
2026-08-31 15:50:26,33.0,73.0,4887.5
2026-08-31 15:50:56,33.1,72.2,4728.3
2026-08-31 15:51:26,33.0,71.8,4609.2
2026-08-31 15:51:56,33.0,72.5,4413.3
2026-08-31 15:52:26,33.0,73.4,4228.3
2026-08-31 15:52:56,33.0,73.5,4112.5
2026-08-31 15:53:26,32.9,72.6,4048.3
2026-08-31 15:53:56,32.9,72.7,3975.8
2026-08-31 15:54:26,33.0,73.1,3914.2
2026-08-31 15:54:56,33.0,73.1,3846.7
2026-08-31 15:55:26,33.0,74.2,3825.0
2026-08-31 15:55:56,33.0,73.1,3801.7
2026-08-31 15:56:26,32.9,72.1,3813.3
2026-08-31 15:56:56,32.8,73.0,3803.3
2026-08-31 15:57:26,32.8,73.2,3793.3
2026-08-31 15:57:56,32.9,74.1,3815.8
2026-08-31 15:58:26,32.9,73.7,3882.5
2026-08-31 15:58:56,32.7,73.4,4005.0
2026-08-31 15:59:26,32.9,73.4,4105.8
2026-08-31 15:59:56,32.9,75.0,4195.8
2026-08-31 16:00:26,32.8,74.9,4225.0
2026-08-31 16:00:56,32.8,73.9,4225.0
2026-08-31 16:01:26,32.9,73.5,4216.7
2026-08-31 16:01:56,32.8,73.2,4235.0
2026-08-31 16:02:26,32.8,74.8,4125.0
2026-08-31 16:02:56,32.8,75.0,4030.8
2026-08-31 16:03:26,32.8,74.9,3957.5
2026-08-31 16:03:56,32.8,75.4,3899.2
2026-08-31 16:04:26,32.8,75.6,3891.7
2026-08-31 16:04:56,32.7,75.4,3893.3
2026-08-31 16:05:26,32.7,75.9,3897.5
2026-08-31 16:05:56,32.8,75.1,3905.0
2026-08-31 16:06:26,32.7,74.7,3896.7
2026-08-31 16:06:56,32.7,74.0,3895.0
2026-08-31 16:07:26,32.7,72.4,3882.5
2026-08-31 16:07:56,32.6,72.5,3896.7
2026-08-31 16:08:26,32.6,72.8,3925.0
2026-08-31 16:08:56,32.6,72.5,3954.2
2026-08-31 16:09:26,32.7,73.9,3964.2
2026-08-31 16:09:56,32.6,73.2,3960.0
2026-08-31 16:10:26,32.6,73.5,3940.8
2026-08-31 16:10:56,32.6,74.3,3939.2
2026-08-31 16:11:26,32.5,75.3,3893.3
2026-08-31 16:11:56,32.5,75.1,3866.7
2026-08-31 16:12:26,32.5,74.5,3897.5
2026-08-31 16:12:56,32.6,74.1,3909.2
2026-08-31 16:13:26,32.5,74.7,3974.2
2026-08-31 16:13:56,32.5,75.2,4056.7
2026-08-31 16:14:26,32.5,75.6,4129.2
2026-08-31 16:14:56,32.5,75.3,4212.5
2026-08-31 16:15:26,32.5,75.8,4235.8
2026-08-31 16:15:56,32.6,75.9,4220.8
2026-08-31 16:16:26,32.5,77.7,4197.5
2026-08-31 16:16:56,32.6,78.2,4188.3
2026-08-31 16:17:26,32.7,78.2,4191.7
2026-08-31 16:17:56,32.6,78.5,4163.3
2026-08-31 16:18:26,32.6,78.8,4044.2
2026-08-31 16:18:56,32.6,78.4,3857.5
2026-08-31 16:19:26,32.7,76.8,3671.7
2026-08-31 16:19:56,32.6,77.7,3526.7
2026-08-31 16:20:26,32.6,78.2,3455.8
2026-08-31 16:20:56,32.7,78.2,3403.3
2026-08-31 16:21:26,32.7,78.2,3360.0
2026-08-31 16:21:56,32.6,78.0,3321.7
2026-08-31 16:22:26,32.5,78.5,3310.0
2026-08-31 16:22:56,32.6,79.5,3328.3
2026-08-31 16:23:26,32.5,79.6,3326.7
2026-08-31 16:23:56,32.6,77.4,3279.2
2026-08-31 16:24:26,32.5,78.3,3220.0
2026-08-31 16:24:56,32.5,78.4,3184.2
2026-08-31 16:25:26,32.5,79.0,3232.5
2026-08-31 16:25:56,32.6,78.9,3306.7
2026-08-31 16:26:26,32.5,76.2,3272.5
2026-08-31 16:26:56,32.6,77.6,3210.8
2026-08-31 16:27:26,32.6,78.9,3086.7
2026-08-31 16:27:56,32.6,78.9,3030.0
2026-08-31 16:28:26,32.6,79.3,2929.2
2026-08-31 16:28:56,32.7,78.7,2857.5
2026-08-31 16:29:26,32.7,79.0,2816.7
2026-08-31 16:29:56,32.6,77.1,2777.5
2026-08-31 16:30:26,32.6,78.1,2733.3
2026-08-31 16:30:56,32.6,77.5,2705.0
2026-08-31 16:31:26,32.5,77.9,2697.5
2026-08-31 16:31:56,32.4,78.2,2717.5
2026-08-31 16:32:26,32.5,79.2,2772.5
2026-08-31 16:32:56,32.4,79.2,2840.0
2026-08-31 16:33:26,32.3,78.3,2900.8
2026-08-31 16:33:56,32.4,78.7,2933.3
2026-08-31 16:34:26,32.3,79.0,2965.8
2026-08-31 16:34:56,32.3,77.5,2965.8
2026-08-31 16:35:26,32.3,78.3,2944.2
2026-08-31 16:35:56,32.3,78.3,2885.0
2026-08-31 16:36:26,32.3,80.2,2816.7
2026-08-31 16:36:56,32.3,79.1,2833.3
2026-08-31 16:37:26,32.3,78.2,2683.3
2026-08-31 16:37:56,32.3,77.4,2662.5
2026-08-31 16:38:26,32.3,78.8,2690.8
2026-08-31 16:38:56,32.3,76.6,2710.0
2026-08-31 16:39:26,32.3,78.0,2729.2
2026-08-31 16:39:56,32.3,79.0,2755.8
2026-08-31 16:40:26,32.2,78.6,2760.0
2026-08-31 16:40:56,32.2,78.3,2773.3
2026-08-31 16:41:26,32.2,78.6,2765.8
2026-08-31 16:41:56,32.2,78.8,2736.7
2026-08-31 16:42:26,32.2,78.5,2702.5
2026-08-31 16:42:56,32.1,78.1,2669.2
2026-08-31 16:43:26,32.0,78.0,2642.5
2026-08-31 16:43:56,32.0,77.1,2634.2
2026-08-31 16:44:26,32.1,76.6,2641.7
2026-08-31 16:44:56,32.0,78.3,2618.3
2026-08-31 16:45:26,32.1,77.1,2587.5
2026-08-31 16:45:56,32.0,76.4,2545.8
2026-08-31 16:46:26,32.1,77.3,2472.5
2026-08-31 16:46:56,32.0,77.8,2382.5
2026-08-31 16:47:26,32.0,78.8,2309.2
2026-08-31 16:47:56,32.0,78.1,2250.8
2026-08-31 16:48:26,32.0,77.5,2204.2
2026-08-31 16:48:56,32.0,78.0,2192.5
2026-08-31 16:49:26,31.9,78.4,2205.8
2026-08-31 16:49:56,31.9,78.1,2220.8
2026-08-31 16:50:26,31.9,78.3,2205.8
2026-08-31 16:50:56,31.9,79.6,2183.3
2026-08-31 16:51:26,31.9,78.8,2165.0
2026-08-31 16:51:56,31.9,77.6,2115.8
2026-08-31 16:52:26,32.0,77.9,2046.7
2026-08-31 16:52:56,31.9,77.4,1946.7
2026-08-31 16:53:26,31.8,76.9,1825.0
2026-08-31 16:53:56,31.8,77.1,1700.0
2026-08-31 16:54:26,31.7,78.3,1570.8
2026-08-31 16:54:56,31.7,77.9,1421.7
2026-08-31 16:55:26,31.7,76.4,1282.5
2026-08-31 16:55:56,31.7,77.4,1155.0
2026-08-31 16:56:26,31.8,76.9,1049.2
2026-08-31 16:56:56,31.6,77.9,961.7
2026-08-31 16:57:26,31.7,77.8,896.7
2026-08-31 16:57:56,31.7,77.0,852.5
2026-08-31 16:58:26,31.6,77.6,820.8
2026-08-31 16:58:56,31.5,78.2,789.2
2026-08-31 16:59:26,31.6,78.2,760.0
2026-08-31 16:59:56,31.5,76.9,721.7
2026-08-31 17:00:26,31.5,77.0,685.0
2026-08-31 17:00:56,31.5,77.1,648.3
2026-08-31 17:01:26,31.5,78.1,611.7
2026-08-31 17:01:56,31.6,77.3,576.7
2026-08-31 17:02:26,31.5,78.5,550.0
2026-08-31 17:02:56,31.6,78.7,526.7
2026-08-31 17:03:26,31.6,78.8,515.8
2026-08-31 17:03:56,31.6,77.8,512.5
2026-08-31 17:04:26,31.6,78.0,522.5
2026-08-31 17:04:56,31.5,77.9,548.3
2026-08-31 17:05:26,31.6,78.5,570.8
2026-08-31 17:05:56,31.6,78.1,596.7
2026-08-31 17:06:26,31.6,79.3,619.2
2026-08-31 17:06:56,31.6,78.2,645.0
2026-08-31 17:07:26,31.5,78.5,669.2
2026-08-31 17:07:56,31.5,79.1,692.5
2026-08-31 17:08:26,31.5,79.0,718.3
2026-08-31 17:08:56,31.6,79.4,743.3
2026-08-31 17:09:26,31.6,78.8,765.8
2026-08-31 17:09:56,31.5,79.8,771.7
2026-08-31 17:10:26,31.6,79.4,770.0
2026-08-31 17:10:56,31.5,79.9,760.8
2026-08-31 17:11:26,31.5,78.7,748.3
2026-08-31 17:11:56,31.5,78.5,730.8
2026-08-31 17:12:26,31.5,77.9,709.2
2026-08-31 17:12:56,31.5,79.7,674.2
2026-08-31 17:13:26,31.6,79.4,637.5
2026-08-31 17:13:56,31.5,79.0,605.8
2026-08-31 17:14:26,31.4,79.6,581.7
2026-08-31 17:14:56,31.4,80.3,570.8
2026-08-31 17:15:26,31.5,80.2,567.5
2026-08-31 17:15:56,31.5,79.6,569.2
2026-08-31 17:16:26,31.5,80.9,571.7
2026-08-31 17:16:56,31.5,80.6,577.5
2026-08-31 17:17:26,31.4,80.2,589.2
2026-08-31 17:17:56,31.5,80.6,605.8
2026-08-31 17:18:26,31.4,79.8,620.0
2026-08-31 17:18:56,31.5,80.7,626.7
2026-08-31 17:19:26,31.4,80.3,620.8
2026-08-31 17:19:56,31.5,80.6,610.8
2026-08-31 17:20:26,31.4,80.6,605.8
2026-08-31 17:20:56,31.4,80.8,608.3
2026-08-31 17:21:26,31.4,79.9,620.0
2026-08-31 17:21:56,31.4,79.8,631.7
2026-08-31 17:22:26,31.4,80.8,642.5
2026-08-31 17:22:56,31.4,80.9,652.5
2026-08-31 17:23:26,31.4,80.7,659.2
2026-08-31 17:23:56,31.3,80.6,668.3
2026-08-31 17:24:26,31.4,81.0,673.3
2026-08-31 17:24:56,31.3,81.2,669.2
2026-08-31 17:25:26,31.3,80.6,655.0
2026-08-31 17:25:56,31.3,80.3,632.5
2026-08-31 17:26:26,31.3,80.6,610.0
2026-08-31 17:26:56,31.3,81.1,590.0
2026-08-31 17:27:26,31.3,80.7,566.7
2026-08-31 17:27:56,31.3,80.2,540.8
2026-08-31 17:28:26,31.2,80.4,510.0
2026-08-31 17:28:56,31.3,80.4,475.8
2026-08-31 17:29:26,31.3,80.5,444.2
2026-08-31 17:29:56,31.2,81.0,413.3
2026-08-31 17:30:26,31.2,80.7,395.0
2026-08-31 17:30:56,31.2,81.2,383.3
2026-08-31 17:31:26,31.3,80.2,377.5
2026-08-31 17:31:56,31.2,80.3,370.8
2026-08-31 17:32:26,31.3,80.3,368.3
2026-08-31 17:32:56,31.3,82.1,366.7
2026-08-31 17:33:26,31.3,82.2,367.5
2026-08-31 17:33:56,31.2,81.1,368.3
2026-08-31 17:34:26,31.1,81.1,371.7
2026-08-31 17:34:56,31.1,82.4,378.3
2026-08-31 17:35:26,31.1,82.3,382.5
2026-08-31 17:35:56,31.2,81.3,385.8
2026-08-31 17:36:26,31.1,81.2,386.7
2026-08-31 17:36:56,31.2,82.3,385.0
2026-08-31 17:37:26,31.2,82.3,384.2
2026-08-31 17:37:56,31.2,82.5,388.3
2026-08-31 17:38:26,31.2,82.4,390.8
2026-08-31 17:38:56,31.2,82.9,394.2
2026-08-31 17:39:26,31.1,82.7,395.8
2026-08-31 17:39:56,31.1,82.8,395.0
2026-08-31 17:40:26,31.2,82.3,396.7
2026-08-31 17:40:56,31.1,82.6,399.2
2026-08-31 17:41:26,31.1,81.9,401.7
2026-08-31 17:41:56,31.1,81.5,407.5
2026-08-31 17:42:26,31.2,82.1,420.0
2026-08-31 17:42:56,31.1,82.5,439.2
2026-08-31 17:43:26,31.2,81.7,455.8
2026-08-31 17:43:56,31.2,82.1,469.2
2026-08-31 17:44:26,31.2,82.0,477.5
2026-08-31 17:44:56,31.1,82.7,474.2
2026-08-31 17:45:26,31.1,82.6,465.0
2026-08-31 17:45:56,31.2,82.2,449.2
2026-08-31 17:46:26,31.2,82.7,430.8
2026-08-31 17:46:56,31.3,83.8,406.7
2026-08-31 17:47:26,31.2,83.0,382.5
2026-08-31 17:47:56,31.2,83.3,360.0
2026-08-31 17:48:26,31.2,84.2,340.8
2026-08-31 17:48:56,31.2,84.8,322.5
2026-08-31 17:49:26,31.1,85.4,307.5
2026-08-31 17:49:56,31.1,85.8,299.2
2026-08-31 17:50:26,31.1,86.2,295.8
2026-08-31 17:50:56,31.1,84.2,294.2
2026-08-31 17:51:26,31.1,83.4,291.7
2026-08-31 17:51:56,31.1,85.1,285.8
2026-08-31 17:52:26,31.0,85.7,276.7
2026-08-31 17:52:56,31.1,84.1,265.8
2026-08-31 17:53:26,31.0,85.9,255.0
2026-08-31 17:53:56,31.0,84.2,244.2
2026-08-31 17:54:26,30.9,83.2,233.3
2026-08-31 17:54:56,31.0,83.3,222.5
2026-08-31 17:55:26,31.0,84.2,211.7
2026-08-31 17:55:56,30.9,84.3,204.2
2026-08-31 17:56:26,31.0,82.8,197.5
2026-08-31 17:56:56,31.0,82.6,189.2
2026-08-31 17:57:26,31.0,82.8,180.8
2026-08-31 17:57:56,31.0,83.0,171.7
2026-08-31 17:58:26,31.0,83.0,162.5
2026-08-31 17:58:56,30.9,82.9,152.5
2026-08-31 17:59:26,31.1,83.9,145.0
2026-08-31 17:59:56,31.0,84.4,137.5
2026-08-31 18:00:26,30.9,85.0,130.8
2026-08-31 18:00:56,31.0,85.5,125.8
2026-08-31 18:01:26,31.0,85.4,120.0
2026-08-31 18:01:56,30.9,84.3,115.0
2026-08-31 18:02:26,31.0,84.7,110.8
2026-08-31 18:02:56,31.0,85.0,105.0
2026-08-31 18:03:26,31.0,85.4,100.8
2026-08-31 18:03:56,30.9,86.3,95.0
2026-08-31 18:04:26,31.0,84.0,88.3
2026-08-31 18:04:56,30.9,83.6,80.8
2026-08-31 18:05:26,30.8,84.4,73.3
2026-08-31 18:05:56,30.9,84.6,65.8
2026-08-31 18:06:26,30.8,85.1,57.5
2026-08-31 18:06:56,30.9,86.0,49.2
2026-08-31 18:07:26,30.8,86.0,43.3
2026-08-31 18:07:56,30.8,86.3,40.0
2026-08-31 18:08:26,30.8,85.9,38.3
2026-08-31 18:08:56,30.7,86.1,35.8
2026-08-31 18:09:26,30.7,86.4,32.5
2026-08-31 18:09:56,30.8,86.7,29.2
2026-08-31 18:10:26,30.8,86.1,25.8
2026-08-31 18:10:56,30.7,86.3,23.3
2026-08-31 18:11:26,30.6,86.4,20.8
2026-08-31 18:11:56,30.7,86.5,19.2
2026-08-31 18:12:26,30.6,86.8,17.5
2026-08-31 18:12:56,30.6,87.0,16.7
2026-08-31 18:13:26,30.6,86.9,15.0
2026-08-31 18:13:56,30.6,86.9,13.3
2026-08-31 18:14:26,30.7,86.8,10.8
2026-08-31 18:14:56,30.6,86.5,10.0
2026-08-31 18:15:26,30.6,86.8,8.3
2026-08-31 18:15:56,30.6,87.2,7.5
2026-08-31 18:16:26,30.6,87.0,6.7
2026-08-31 18:16:56,30.6,87.1,5.8
2026-08-31 18:17:26,30.5,87.4,5.0
2026-08-31 18:17:56,30.7,87.5,4.2
2026-08-31 18:18:26,30.7,87.5,3.3
2026-08-31 18:18:56,30.7,87.7,3.3
2026-08-31 18:19:26,30.6,88.1,2.5
2026-08-31 18:19:56,30.7,87.7,2.5
2026-08-31 18:20:26,30.7,87.6,1.7
2026-08-31 18:20:56,30.7,88.5,1.7
2026-08-31 18:21:26,30.8,87.6,1.7
2026-08-31 18:21:56,30.6,87.6,1.7
2026-08-31 18:22:26,30.6,87.3,0.8
2026-08-31 18:22:56,30.5,87.3,0.8
2026-08-31 18:23:26,30.6,87.7,0.8
2026-08-31 18:23:56,30.5,87.9,0.8
2026-08-31 18:24:26,30.6,86.9,0.8
2026-08-31 18:24:56,30.5,85.6,0.8
2026-08-31 18:25:26,30.4,85.9,0.8
2026-08-31 18:25:56,30.5,86.0,0.0
2026-08-31 18:26:26,30.4,86.5,0.0
2026-08-31 18:26:56,30.4,87.1,0.0
2026-08-31 18:27:26,30.5,87.3,0.0
2026-08-31 18:27:56,30.5,87.2,0.0
2026-08-31 18:28:26,30.4,87.1,0.0
2026-08-31 18:28:56,30.5,87.5,0.0
2026-08-31 18:29:26,30.4,88.1,0.0
2026-08-31 18:29:56,30.4,88.5,0.0
2026-08-31 18:30:26,30.4,88.4,0.0
2026-08-31 18:30:56,30.4,87.1,0.0
2026-08-31 18:31:26,30.4,87.6,0.0
2026-08-31 18:31:56,30.4,87.7,0.0
2026-08-31 18:32:26,30.4,87.9,0.0
2026-08-31 18:32:56,30.3,88.2,0.0
2026-08-31 18:33:26,30.4,89.0,0.0
2026-08-31 18:33:56,30.4,89.2,0.0
2026-08-31 18:34:26,30.4,89.1,0.0
2026-08-31 18:34:56,30.4,88.4,0.0
2026-08-31 18:35:26,30.4,87.4,0.0
2026-08-31 18:35:56,30.3,87.3,0.0
2026-08-31 18:36:26,30.4,86.9,0.0
2026-08-31 18:36:56,30.5,87.0,0.0
2026-08-31 18:37:26,30.5,86.9,0.0
2026-08-31 18:37:56,30.4,87.2,0.0
2026-08-31 18:38:26,30.4,87.6,0.0
2026-08-31 18:38:56,30.4,87.4,0.0
2026-08-31 18:39:26,30.5,87.2,0.0
2026-08-31 18:39:56,30.4,87.2,0.0
2026-08-31 18:40:26,30.4,87.3,0.0
2026-08-31 18:40:56,30.3,87.8,0.0
2026-08-31 18:41:26,30.4,86.5,0.0
2026-08-31 18:41:56,30.3,86.9,0.0
2026-08-31 18:42:26,30.3,87.2,0.0
2026-08-31 18:42:56,30.4,87.2,0.0
2026-08-31 18:43:26,30.4,87.0,0.0
2026-08-31 18:43:56,30.4,87.5,0.0
2026-08-31 18:44:26,30.4,87.8,0.0
2026-08-31 18:44:56,30.3,87.9,0.0
2026-08-31 18:45:26,30.4,87.4,0.0
2026-08-31 18:45:56,30.3,87.1,0.0
2026-08-31 18:46:26,30.3,86.6,0.0
2026-08-31 18:46:56,30.3,86.5,0.0
2026-08-31 18:47:26,30.4,86.4,0.0
2026-08-31 18:47:56,30.4,87.6,0.0
2026-08-31 18:48:26,30.5,88.8,0.0
2026-08-31 18:48:56,30.3,89.4,0.0
2026-08-31 18:49:26,30.4,89.9,0.0
2026-08-31 18:49:56,30.4,90.0,0.0
2026-08-31 18:50:26,30.4,90.5,0.0
2026-08-31 18:50:56,30.4,91.3,0.0
2026-08-31 18:51:26,30.5,91.9,0.0
2026-08-31 18:51:56,30.4,91.8,0.0
2026-08-31 18:52:26,30.4,91.7,0.0
2026-08-31 18:52:56,30.4,91.4,0.0
2026-08-31 18:53:26,30.4,91.6,0.0
2026-08-31 18:53:56,30.4,91.3,0.0
2026-08-31 18:54:26,30.4,91.1,0.0
2026-08-31 18:54:56,30.4,91.1,0.0
2026-08-31 18:55:26,30.4,90.9,0.0
2026-08-31 18:55:56,30.3,90.7,0.0
2026-08-31 18:56:26,30.4,90.5,0.0
2026-08-31 18:56:56,30.2,90.3,0.0
2026-08-31 18:57:26,30.4,90.9,0.0
2026-08-31 18:57:56,30.2,91.2,0.0
2026-08-31 18:58:26,30.4,91.3,0.0
2026-08-31 18:58:56,30.3,90.4,0.0
2026-08-31 18:59:26,30.3,89.7,0.0
2026-08-31 18:59:56,30.3,89.8,0.0
2026-08-31 19:00:26,30.3,88.3,0.0
2026-08-31 19:00:56,30.3,87.8,0.0
2026-08-31 19:01:26,30.3,87.3,0.0
2026-08-31 19:01:56,30.3,86.5,0.0
2026-08-31 19:02:26,30.4,86.3,0.0
2026-08-31 19:02:56,30.3,85.8,0.0
2026-08-31 19:03:26,30.3,85.4,0.0
2026-08-31 19:03:56,30.3,85.2,0.0
2026-08-31 19:04:26,30.4,85.4,0.0
2026-08-31 19:04:56,30.4,85.6,0.0
2026-08-31 19:05:26,30.3,85.3,0.0
2026-08-31 19:05:56,30.4,85.2,0.0
2026-08-31 19:06:26,30.4,85.4,0.0
2026-08-31 19:06:56,30.4,85.6,0.0
2026-08-31 19:07:26,30.4,88.0,1.7
2026-08-31 19:07:56,30.4,88.9,1.7
2026-08-31 19:08:26,30.3,88.6,1.7
2026-08-31 19:08:56,30.4,88.7,1.7
2026-08-31 19:09:26,30.5,88.7,1.7
2026-08-31 19:09:56,30.5,88.5,1.7
2026-08-31 19:10:26,30.4,88.7,1.7
2026-08-31 19:10:56,30.3,89.0,1.7
2026-08-31 19:11:26,30.4,89.2,1.7
2026-08-31 19:11:56,30.3,89.4,1.7
2026-08-31 19:12:26,30.4,89.9,1.7
2026-08-31 19:12:56,30.4,90.2,1.7
2026-08-31 19:13:26,30.4,90.5,1.7
2026-08-31 19:13:56,30.3,90.7,1.7
2026-08-31 19:14:26,30.4,91.5,1.7
2026-08-31 19:14:56,30.3,92.1,1.7
2026-08-31 19:15:26,30.4,92.0,1.7
2026-08-31 19:15:56,30.3,92.4,1.7
2026-08-31 19:16:26,30.4,92.3,1.7
2026-08-31 19:16:56,30.4,92.0,1.7
2026-08-31 19:17:26,30.4,91.8,1.7
2026-08-31 19:17:56,30.3,92.1,1.7
2026-08-31 19:18:26,30.4,92.1,1.7
2026-08-31 19:18:56,30.4,92.3,1.7
2026-08-31 19:19:26,30.4,92.0,1.7
2026-08-31 19:19:56,30.3,92.0,1.7
2026-08-31 19:20:26,30.4,92.1,1.7
2026-08-31 19:20:56,30.4,92.0,1.7
2026-08-31 19:21:26,30.2,92.0,1.7
2026-08-31 19:21:56,30.3,91.8,1.7
2026-08-31 19:22:26,30.3,91.6,1.7
2026-08-31 19:22:56,30.2,91.9,1.7
2026-08-31 19:23:26,30.3,91.9,1.7
2026-08-31 19:23:56,30.3,91.6,1.7
2026-08-31 19:24:26,30.2,91.5,1.7
2026-08-31 19:24:56,30.3,90.6,1.7
2026-08-31 19:25:26,30.2,90.2,1.7
2026-08-31 19:25:56,30.3,90.6,1.7
2026-08-31 19:26:26,30.2,91.0,1.7
2026-08-31 19:26:56,30.3,91.8,1.7
2026-08-31 19:27:26,30.3,92.0,1.7
2026-08-31 19:27:56,30.2,91.8,1.7
2026-08-31 19:28:26,30.3,91.6,1.7
2026-08-31 19:28:56,30.2,91.2,0.0
2026-08-31 19:29:26,30.2,91.3,0.0
2026-08-31 19:29:56,30.2,91.6,0.0
2026-08-31 19:30:26,30.2,91.7,0.0
2026-08-31 19:30:56,30.2,91.8,0.0
2026-08-31 19:31:26,30.2,91.9,0.0
2026-08-31 19:31:56,30.2,92.0,0.0
2026-08-31 19:32:26,30.2,92.0,0.0
2026-08-31 19:32:56,30.2,92.1,0.0
2026-08-31 19:33:26,30.2,92.2,0.0
2026-08-31 19:33:56,30.2,92.4,0.0
2026-08-31 19:34:26,30.2,92.7,0.0
2026-08-31 19:34:56,30.1,91.9,0.0
2026-08-31 19:35:26,30.3,92.0,0.0
2026-08-31 19:35:56,30.1,92.1,0.0
2026-08-31 19:36:26,30.2,92.2,0.0
2026-08-31 19:36:56,30.2,93.1,0.0
2026-08-31 19:37:26,30.2,93.5,0.0
2026-08-31 19:37:56,30.1,93.9,0.0
2026-08-31 19:38:26,30.2,93.7,0.0
2026-08-31 19:38:56,30.1,93.4,0.0
2026-08-31 19:39:26,30.2,93.1,0.0
2026-08-31 19:39:56,30.1,92.9,0.0
2026-08-31 19:40:26,30.2,93.2,0.0
2026-08-31 19:40:56,30.2,93.2,0.0
2026-08-31 19:41:26,30.2,93.1,0.0
2026-08-31 19:41:56,30.1,93.1,0.0
2026-08-31 19:42:26,30.3,93.1,0.0
2026-08-31 19:42:56,30.1,92.9,0.0
2026-08-31 19:43:26,30.2,92.7,0.0
2026-08-31 19:43:56,30.2,92.3,0.0
2026-08-31 19:44:26,30.2,92.0,0.0
2026-08-31 19:44:56,30.2,92.0,0.0
2026-08-31 19:45:26,30.2,92.0,0.0
2026-08-31 19:45:56,30.1,92.0,0.0
2026-08-31 19:46:26,30.1,92.3,0.0
2026-08-31 19:46:56,30.1,92.1,0.0
2026-08-31 19:47:26,30.2,92.1,0.0
2026-08-31 19:47:56,30.2,91.5,0.0
2026-08-31 19:48:26,30.2,91.5,0.0
2026-08-31 19:48:56,30.2,91.6,0.0
2026-08-31 19:49:26,30.2,91.6,0.0
2026-08-31 19:49:56,30.1,91.8,0.0
2026-08-31 19:50:26,30.2,92.0,0.0
2026-08-31 19:50:56,30.1,91.9,0.0
2026-08-31 19:51:26,30.1,91.8,0.0
2026-08-31 19:51:56,30.1,91.9,0.0
2026-08-31 19:52:26,30.2,91.9,0.0
2026-08-31 19:52:56,30.1,92.0,0.0
2026-08-31 19:53:26,30.2,92.1,0.0
2026-08-31 19:53:56,30.2,92.8,0.0
2026-08-31 19:54:26,30.1,92.3,0.0
2026-08-31 19:54:56,30.1,91.8,0.0
2026-08-31 19:55:26,30.1,91.8,0.0
2026-08-31 19:55:56,30.1,91.7,0.0
2026-08-31 19:56:26,30.1,91.7,0.0
2026-08-31 19:56:56,30.2,91.5,0.0
2026-08-31 19:57:26,30.1,91.3,0.0
2026-08-31 19:57:56,30.1,91.1,0.0
2026-08-31 19:58:26,30.1,91.4,0.0
2026-08-31 19:58:56,30.2,91.0,0.0
2026-08-31 19:59:26,30.1,91.1,0.0
2026-08-31 19:59:56,30.1,91.2,0.0
2026-08-31 20:00:26,30.1,91.4,0.0
2026-08-31 20:00:56,30.1,91.5,0.0
2026-08-31 20:01:26,30.2,91.7,0.0
2026-08-31 20:01:56,30.1,91.9,0.0
2026-08-31 20:02:26,30.1,92.2,0.0
2026-08-31 20:02:56,30.1,92.5,0.0
2026-08-31 20:03:26,30.2,92.7,0.0
2026-08-31 20:03:56,30.1,92.9,0.0
2026-08-31 20:04:26,30.2,92.9,0.0
2026-08-31 20:04:56,30.2,93.1,0.0
2026-08-31 20:05:26,30.2,93.4,0.0
2026-08-31 20:05:56,30.1,93.5,0.0
2026-08-31 20:06:26,30.2,93.3,0.0
2026-08-31 20:06:56,30.2,93.1,0.0
2026-08-31 20:07:26,30.1,92.9,0.0
2026-08-31 20:07:56,30.1,92.9,0.0
2026-08-31 20:08:26,30.1,92.8,0.0
2026-08-31 20:08:56,30.1,92.8,0.0
2026-08-31 20:09:26,30.2,93.1,0.0
2026-08-31 20:09:56,30.1,92.9,0.0
2026-08-31 20:10:26,30.1,92.8,0.0
2026-08-31 20:10:56,30.1,92.6,0.0
2026-08-31 20:11:26,30.1,92.7,0.0
2026-08-31 20:11:56,30.0,92.7,0.0
2026-08-31 20:12:26,30.1,92.8,0.0
2026-08-31 20:12:56,30.2,92.7,0.0
2026-08-31 20:13:26,30.1,92.7,0.0
2026-08-31 20:13:56,30.1,93.4,0.0
2026-08-31 20:14:26,30.1,93.6,0.0
2026-08-31 20:14:56,30.1,93.2,0.0
2026-08-31 20:15:26,30.1,93.1,0.0
2026-08-31 20:15:56,30.1,93.3,0.0
2026-08-31 20:16:26,30.1,93.3,0.0
2026-08-31 20:16:56,30.1,93.1,0.0
2026-08-31 20:17:26,30.0,93.3,0.0
2026-08-31 20:17:56,30.1,93.5,0.0
2026-08-31 20:18:26,30.1,93.7,0.0
2026-08-31 20:18:56,30.1,94.2,0.0
2026-08-31 20:19:26,30.1,94.6,2.5
2026-08-31 20:19:56,30.2,94.3,2.5
2026-08-31 20:20:26,30.1,94.3,1.7
2026-08-31 20:20:56,30.1,94.6,1.7
2026-08-31 20:21:26,30.0,94.6,1.7
2026-08-31 20:21:56,30.0,94.4,1.7
2026-08-31 20:22:26,30.0,94.4,1.7
2026-08-31 20:22:56,30.0,94.5,1.7
2026-08-31 20:23:26,30.0,94.6,1.7
2026-08-31 20:23:56,30.1,94.6,1.7
2026-08-31 20:24:26,30.0,94.5,1.7
2026-08-31 20:24:56,30.1,94.5,1.7
2026-08-31 20:25:26,30.1,94.5,1.7
2026-08-31 20:25:56,30.0,94.5,1.7
2026-08-31 20:26:26,30.1,94.4,1.7
2026-08-31 20:26:56,30.1,94.4,1.7
2026-08-31 20:27:26,30.0,94.4,1.7
2026-08-31 20:27:56,30.1,94.3,1.7
2026-08-31 20:28:26,30.0,94.3,1.7
2026-08-31 20:28:56,30.0,94.4,1.7
2026-08-31 20:29:26,30.0,94.3,1.7
2026-08-31 20:29:56,30.0,94.3,1.7
2026-08-31 20:30:26,30.1,94.3,1.7
2026-08-31 20:30:56,30.0,94.4,1.7
2026-08-31 20:31:26,30.0,94.3,1.7
2026-08-31 20:31:56,30.0,94.4,1.7
2026-08-31 20:32:26,30.0,94.5,1.7
2026-08-31 20:32:56,30.0,94.7,1.7
2026-08-31 20:33:26,30.0,94.7,1.7
2026-08-31 20:33:56,30.1,94.8,1.7
2026-08-31 20:34:26,30.0,95.0,1.7
2026-08-31 20:34:56,30.1,95.3,1.7
2026-08-31 20:35:26,30.0,95.3,1.7
2026-08-31 20:35:56,30.1,95.2,1.7
2026-08-31 20:36:26,30.0,95.1,1.7
2026-08-31 20:36:56,30.1,95.1,1.7
2026-08-31 20:37:26,30.0,95.2,1.7
2026-08-31 20:37:56,30.1,95.1,1.7
2026-08-31 20:38:26,30.0,95.2,1.7
2026-08-31 20:38:56,30.1,95.1,1.7
2026-08-31 20:39:26,30.0,95.1,1.7
2026-08-31 20:39:56,30.1,95.1,1.7
2026-08-31 20:40:26,30.0,95.3,1.7
2026-08-31 20:40:56,30.1,95.7,1.7
2026-08-31 20:41:26,30.0,95.9,1.7
2026-08-31 20:41:56,30.1,96.2,1.7
2026-08-31 20:42:26,30.0,96.3,1.7
2026-08-31 20:42:56,30.1,96.5,1.7
2026-08-31 20:43:26,30.0,96.6,1.7
2026-08-31 20:43:56,30.1,96.5,1.7
2026-08-31 20:44:26,30.0,96.3,1.7
2026-08-31 20:44:56,30.1,96.1,1.7
2026-08-31 20:45:26,30.0,95.9,1.7
2026-08-31 20:45:56,30.1,95.5,1.7
2026-08-31 20:46:26,30.0,95.1,1.7
2026-08-31 20:46:56,30.0,94.8,1.7
2026-08-31 20:47:26,29.9,95.0,1.7
2026-08-31 20:47:56,29.9,95.1,1.7
2026-08-31 20:48:26,29.9,94.4,1.7
2026-08-31 20:48:56,29.9,94.2,1.7
2026-08-31 20:49:26,30.0,94.1,1.7
2026-08-31 20:49:56,30.0,94.2,1.7
2026-08-31 20:50:26,29.9,94.0,1.7
2026-08-31 20:50:56,30.0,94.4,1.7
2026-08-31 20:51:26,30.0,94.1,1.7
2026-08-31 20:51:56,30.0,93.9,1.7
2026-08-31 20:52:26,30.0,94.2,1.7
2026-08-31 20:52:56,30.1,94.0,1.7
2026-08-31 20:53:26,30.0,94.0,1.7
2026-08-31 20:53:56,30.1,94.4,1.7
2026-08-31 20:54:26,30.1,94.5,1.7
2026-08-31 20:54:56,30.1,93.9,1.7
2026-08-31 20:55:26,30.0,93.8,1.7
2026-08-31 20:55:56,30.0,93.8,1.7
2026-08-31 20:56:26,30.0,93.9,1.7
2026-08-31 20:56:56,30.1,94.0,1.7
2026-08-31 20:57:26,30.0,94.3,1.7
2026-08-31 20:57:56,30.0,94.4,1.7
2026-08-31 20:58:26,30.0,94.4,1.7
2026-08-31 20:58:56,30.1,94.3,1.7
2026-08-31 20:59:26,30.0,94.4,1.7
2026-08-31 20:59:56,30.0,94.5,1.7
2026-08-31 21:00:26,30.0,94.7,1.7
2026-08-31 21:00:56,30.1,95.0,1.7
2026-08-31 21:01:26,30.0,95.0,1.7
2026-08-31 21:01:56,30.1,95.1,1.7
2026-08-31 21:02:26,30.0,95.2,1.7
2026-08-31 21:02:56,29.9,95.0,1.7
2026-08-31 21:03:26,30.0,94.8,1.7
2026-08-31 21:03:56,30.0,94.8,1.7
2026-08-31 21:04:26,30.1,94.8,1.7
2026-08-31 21:04:56,29.9,94.9,1.7
2026-08-31 21:05:26,30.0,95.0,1.7
2026-08-31 21:05:56,29.9,95.1,1.7
2026-08-31 21:06:26,30.1,95.1,1.7
2026-08-31 21:06:56,30.0,95.0,1.7
2026-08-31 21:07:26,30.0,95.2,1.7
2026-08-31 21:07:56,30.0,95.2,1.7
2026-08-31 21:08:26,29.9,95.1,1.7
2026-08-31 21:08:56,29.9,95.3,1.7
2026-08-31 21:09:26,30.0,95.2,1.7
2026-08-31 21:09:56,30.0,95.1,1.7
2026-08-31 21:10:26,30.0,95.0,1.7
2026-08-31 21:10:56,30.0,94.9,1.7
2026-08-31 21:11:26,30.0,94.9,1.7
2026-08-31 21:11:56,29.9,95.1,1.7
2026-08-31 21:12:26,30.0,95.0,1.7
2026-08-31 21:12:56,30.0,95.0,1.7
2026-08-31 21:13:26,30.1,94.9,1.7
2026-08-31 21:13:56,30.0,94.8,1.7
2026-08-31 21:14:26,30.0,94.7,1.7
2026-08-31 21:14:56,30.0,94.8,1.7
2026-08-31 21:15:26,30.0,94.8,1.7
2026-08-31 21:15:56,29.9,94.9,1.7
2026-08-31 21:16:26,30.0,94.8,1.7
2026-08-31 21:16:56,30.0,94.9,1.7
2026-08-31 21:17:26,30.0,94.9,1.7
2026-08-31 21:17:56,30.0,94.8,1.7
2026-08-31 21:18:26,30.0,94.8,1.7
2026-08-31 21:18:56,30.0,94.8,1.7
2026-08-31 21:19:26,30.0,94.8,1.7
2026-08-31 21:19:56,30.0,94.8,1.7
2026-08-31 21:20:26,30.1,94.9,1.7
2026-08-31 21:20:56,30.0,94.9,1.7
2026-08-31 21:21:26,30.1,94.5,1.7
2026-08-31 21:21:56,29.9,94.4,1.7
2026-08-31 21:22:26,29.9,94.3,1.7
2026-08-31 21:22:56,29.9,94.2,1.7
2026-08-31 21:23:26,29.9,94.0,1.7
2026-08-31 21:23:56,29.9,93.9,1.7
2026-08-31 21:24:26,29.9,93.8,1.7
2026-08-31 21:24:56,29.9,93.8,1.7
2026-08-31 21:25:26,30.0,93.4,1.7
2026-08-31 21:25:56,29.9,93.4,1.7
2026-08-31 21:26:26,29.8,93.7,1.7
2026-08-31 21:26:56,29.9,93.5,1.7
2026-08-31 21:27:26,29.9,93.4,1.7
2026-08-31 21:27:56,30.0,93.6,1.7
2026-08-31 21:28:26,29.9,93.6,1.7
2026-08-31 21:28:56,29.9,93.5,1.7
2026-08-31 21:29:26,29.9,93.1,1.7
2026-08-31 21:29:56,29.9,93.2,1.7
2026-08-31 21:30:26,29.9,93.2,1.7
2026-08-31 21:30:56,29.9,93.1,1.7
2026-08-31 21:31:26,29.8,93.2,1.7
2026-08-31 21:31:56,30.0,93.3,1.7
2026-08-31 21:32:26,29.9,93.4,1.7
2026-08-31 21:32:56,29.9,93.3,1.7
2026-08-31 21:33:26,29.9,93.2,1.7
2026-08-31 21:33:56,29.9,93.1,1.7
2026-08-31 21:34:26,29.9,92.9,1.7
2026-08-31 21:34:56,29.8,92.6,1.7
2026-08-31 21:35:26,29.9,92.6,1.7
2026-08-31 21:35:56,29.8,92.6,1.7
2026-08-31 21:36:26,29.9,92.4,1.7
2026-08-31 21:36:56,29.8,92.4,1.7
2026-08-31 21:37:26,29.9,92.4,1.7
2026-08-31 21:37:56,29.8,92.4,1.7
2026-08-31 21:38:26,29.9,92.5,1.7
2026-08-31 21:38:56,29.9,92.6,1.7
2026-08-31 21:39:26,29.9,92.4,1.7
2026-08-31 21:39:56,29.8,92.0,1.7
2026-08-31 21:40:26,29.9,92.0,1.7
2026-08-31 21:40:56,29.8,91.7,1.7
2026-08-31 21:41:26,29.9,91.7,1.7
2026-08-31 21:41:56,29.8,92.0,1.7
2026-08-31 21:42:26,29.9,91.7,1.7
2026-08-31 21:42:56,29.9,91.7,1.7
2026-08-31 21:43:26,29.9,91.8,1.7
2026-08-31 21:43:56,29.8,91.7,1.7
2026-08-31 21:44:26,29.8,91.6,1.7
2026-08-31 21:44:56,29.7,91.6,1.7
2026-08-31 21:45:26,29.9,91.7,1.7
2026-08-31 21:45:56,29.7,91.8,1.7
2026-08-31 21:46:26,29.8,91.9,1.7
2026-08-31 21:46:56,29.7,91.8,1.7
2026-08-31 21:47:26,29.8,91.8,1.7
2026-08-31 21:47:56,29.7,91.7,1.7
2026-08-31 21:48:26,29.8,91.6,1.7
2026-08-31 21:48:56,29.7,91.4,1.7
2026-08-31 21:49:26,29.7,91.6,1.7
2026-08-31 21:49:56,29.9,91.4,1.7
2026-08-31 21:50:26,29.7,91.5,1.7
2026-08-31 21:50:56,29.8,91.9,1.7
2026-08-31 21:51:26,29.7,92.6,1.7
2026-08-31 21:51:56,29.7,93.1,1.7
2026-08-31 21:52:26,29.7,93.1,1.7
2026-08-31 21:52:56,29.9,92.8,1.7
2026-08-31 21:53:26,29.7,92.7,1.7
2026-08-31 21:53:56,29.8,92.6,1.7
2026-08-31 21:54:26,29.7,92.7,1.7
2026-08-31 21:54:56,29.7,93.1,1.7
2026-08-31 21:55:26,29.7,93.6,1.7
2026-08-31 21:55:56,29.9,93.7,1.7
2026-08-31 21:56:26,29.7,94.0,1.7
2026-08-31 21:56:56,29.6,93.8,1.7
2026-08-31 21:57:26,29.7,93.7,1.7
2026-08-31 21:57:56,29.7,93.4,1.7
2026-08-31 21:58:26,29.7,93.1,1.7
2026-08-31 21:58:56,29.8,93.6,1.7
2026-08-31 21:59:26,29.7,93.6,1.7
2026-08-31 21:59:56,29.8,93.2,1.7
2026-08-31 22:00:26,29.7,93.3,1.7
2026-08-31 22:00:56,29.6,92.4,1.7
2026-08-31 22:01:26,29.6,92.1,1.7
2026-08-31 22:01:56,29.6,92.4,1.7
2026-08-31 22:02:26,29.6,92.1,1.7
2026-08-31 22:02:56,29.5,92.2,1.7
2026-08-31 22:03:26,29.6,92.3,1.7
2026-08-31 22:03:56,29.5,92.7,1.7
2026-08-31 22:04:26,29.5,92.2,1.7
2026-08-31 22:04:56,29.5,91.7,1.7
2026-08-31 22:05:26,29.6,91.9,1.7
2026-08-31 22:05:56,29.6,92.2,1.7
2026-08-31 22:06:26,29.5,91.8,1.7
2026-08-31 22:06:56,29.5,91.1,1.7
2026-08-31 22:07:26,29.5,91.3,1.7
2026-08-31 22:07:56,29.5,91.3,1.7
2026-08-31 22:08:26,29.5,91.9,1.7
2026-08-31 22:08:56,29.5,91.7,1.7
2026-08-31 22:09:26,29.5,91.7,1.7
2026-08-31 22:09:56,29.5,91.1,1.7
2026-08-31 22:10:26,29.5,90.3,1.7
2026-08-31 22:10:56,29.5,90.1,1.7
2026-08-31 22:11:26,29.4,90.8,1.7
2026-08-31 22:11:56,29.5,90.3,1.7
2026-08-31 22:12:26,29.5,90.6,1.7
2026-08-31 22:12:56,29.5,90.2,1.7
2026-08-31 22:13:26,29.5,91.0,1.7
2026-08-31 22:13:56,29.5,91.3,1.7
2026-08-31 22:14:26,29.5,91.1,1.7
2026-08-31 22:14:56,29.5,90.9,1.7
2026-08-31 22:15:26,29.5,91.2,1.7
2026-08-31 22:15:56,29.5,91.6,1.7
2026-08-31 22:16:26,29.5,92.0,1.7
2026-08-31 22:16:56,29.4,92.1,1.7
2026-08-31 22:17:26,29.5,92.2,1.7
2026-08-31 22:17:56,29.5,91.8,1.7
2026-08-31 22:18:26,29.4,91.4,1.7
2026-08-31 22:18:56,29.5,92.0,0.0
2026-08-31 22:19:26,29.5,92.2,0.0
2026-08-31 22:19:56,29.5,92.1,0.0
2026-08-31 22:20:26,29.4,91.9,0.0
2026-08-31 22:20:56,29.5,91.9,0.0
2026-08-31 22:21:26,29.4,91.8,0.0
2026-08-31 22:21:56,29.4,92.3,0.0
2026-08-31 22:22:26,29.5,92.3,0.0
2026-08-31 22:22:56,29.4,92.5,0.0
2026-08-31 22:23:26,29.4,92.4,0.0
2026-08-31 22:23:56,29.5,92.7,0.0
2026-08-31 22:24:26,29.5,92.7,0.0
2026-08-31 22:24:56,29.4,92.7,0.0
2026-08-31 22:25:26,29.4,93.0,0.0
2026-08-31 22:25:56,29.5,92.7,0.0
2026-08-31 22:26:26,29.5,92.2,0.0
2026-08-31 22:26:56,29.4,92.2,0.0
2026-08-31 22:27:26,29.5,91.9,0.0
2026-08-31 22:27:56,29.4,91.5,0.0
2026-08-31 22:28:26,29.5,91.8,0.0
2026-08-31 22:28:56,29.4,92.6,0.0
2026-08-31 22:29:26,29.5,92.3,0.0
2026-08-31 22:29:56,29.5,91.9,0.0
2026-08-31 22:30:26,29.5,91.4,0.0
2026-08-31 22:30:56,29.4,91.1,0.0
2026-08-31 22:31:26,29.4,90.5,0.0
2026-08-31 22:31:56,29.4,90.1,0.0
2026-08-31 22:32:26,29.5,89.8,0.0
2026-08-31 22:32:56,29.4,90.5,0.0
2026-08-31 22:33:26,29.4,90.4,0.0
2026-08-31 22:33:56,29.5,90.9,0.0
2026-08-31 22:34:26,29.5,91.1,0.0
2026-08-31 22:34:56,29.5,89.8,0.0
2026-08-31 22:35:26,29.3,89.8,0.8
2026-08-31 22:35:56,29.6,89.7,2.5
2026-08-31 22:36:26,29.5,89.5,0.0
2026-08-31 22:36:56,29.4,88.8,0.0
2026-08-31 22:37:26,29.5,89.3,0.0
2026-08-31 22:37:56,29.4,89.5,0.0
2026-08-31 22:38:26,29.5,89.3,0.0
2026-08-31 22:38:56,29.5,89.4,0.0
2026-08-31 22:39:26,29.5,89.8,0.0
2026-08-31 22:39:56,29.4,89.9,0.0
2026-08-31 22:40:26,29.4,89.9,0.0
2026-08-31 22:40:56,29.4,89.8,0.0
2026-08-31 22:41:26,29.4,90.2,0.0
2026-08-31 22:41:56,29.4,90.5,0.0
2026-08-31 22:42:26,29.5,89.3,0.0
2026-08-31 22:42:56,29.4,89.4,0.0
2026-08-31 22:43:26,29.4,89.6,0.0
2026-08-31 22:43:56,29.4,89.8,0.0
2026-08-31 22:44:26,29.4,89.7,0.0
2026-08-31 22:44:56,29.5,90.5,0.0
2026-08-31 22:45:26,29.5,89.8,0.0
2026-08-31 22:45:56,29.4,90.0,0.0
2026-08-31 22:46:26,29.5,90.0,0.0
2026-08-31 22:46:56,29.4,89.6,0.0
2026-08-31 22:47:26,29.4,90.1,0.0
2026-08-31 22:47:56,29.5,90.4,0.0
2026-08-31 22:48:26,29.5,89.4,0.0
2026-08-31 22:48:56,29.4,89.0,0.0
2026-08-31 22:49:26,29.5,89.6,0.0
2026-08-31 22:49:56,29.4,90.3,0.0
2026-08-31 22:50:26,29.4,90.6,0.0
2026-08-31 22:50:56,29.4,89.9,0.0
2026-08-31 22:51:26,29.4,89.9,0.0
2026-08-31 22:51:56,29.4,89.7,0.0
2026-08-31 22:52:26,29.5,89.4,0.0
2026-08-31 22:52:56,29.5,89.6,0.0
2026-08-31 22:53:26,29.5,89.4,0.0
2026-08-31 22:53:56,29.4,89.1,0.0
2026-08-31 22:54:26,29.5,89.3,0.0
2026-08-31 22:54:56,29.5,89.9,0.0
2026-08-31 22:55:26,29.5,89.6,0.0
2026-08-31 22:55:56,29.5,89.9,0.0
2026-08-31 22:56:26,29.4,89.5,0.0
2026-08-31 22:56:56,29.4,90.0,0.0
2026-08-31 22:57:26,29.4,90.0,0.0
2026-08-31 22:57:56,29.4,89.9,0.0
2026-08-31 22:58:26,29.5,90.1,0.0
2026-08-31 22:58:56,29.4,89.8,0.0
2026-08-31 22:59:26,29.5,90.1,0.0
2026-08-31 22:59:56,29.4,89.7,0.0
2026-08-31 23:00:26,29.4,89.6,0.0
2026-08-31 23:00:56,29.3,89.8,0.0
2026-08-31 23:01:26,29.4,90.1,0.0
2026-08-31 23:01:56,29.4,90.1,0.0
2026-08-31 23:02:26,29.4,90.5,0.0
2026-08-31 23:02:56,29.4,89.6,0.0
2026-08-31 23:03:26,29.4,90.2,0.0
2026-08-31 23:03:56,29.4,90.5,0.0
2026-08-31 23:04:26,29.5,90.8,0.0
2026-08-31 23:04:56,29.4,90.7,0.0
2026-08-31 23:05:26,29.3,90.6,0.0
2026-08-31 23:05:56,29.4,90.4,0.0
2026-08-31 23:06:26,29.4,90.4,0.0
2026-08-31 23:06:56,29.4,90.3,0.0
2026-08-31 23:07:26,29.5,89.7,0.0
2026-08-31 23:07:56,29.4,89.9,0.0
2026-08-31 23:08:26,29.5,90.6,0.0
2026-08-31 23:08:56,29.4,90.9,0.0
2026-08-31 23:09:26,29.3,91.0,0.0
2026-08-31 23:09:56,29.4,90.0,0.0
2026-08-31 23:10:26,29.5,89.5,0.0
2026-08-31 23:10:56,29.4,90.3,0.0
2026-08-31 23:11:26,29.4,90.3,0.0
2026-08-31 23:11:56,29.4,90.9,0.0
2026-08-31 23:12:26,29.5,90.5,0.0
2026-08-31 23:12:56,29.3,90.1,0.0
2026-08-31 23:13:26,29.5,90.5,0.0
2026-08-31 23:13:56,29.4,90.6,0.0
2026-08-31 23:14:26,29.4,90.1,0.0
2026-08-31 23:14:56,29.3,89.4,0.0
2026-08-31 23:15:26,29.3,88.9,0.0
2026-08-31 23:15:56,29.4,89.0,0.0
2026-08-31 23:16:26,29.3,89.6,0.0
2026-08-31 23:16:56,29.4,89.6,0.0
2026-08-31 23:17:26,29.4,89.4,0.0
2026-08-31 23:17:56,29.4,89.3,0.0
2026-08-31 23:18:26,29.5,89.3,0.0
2026-08-31 23:18:56,29.4,89.6,0.0
2026-08-31 23:19:26,29.4,89.2,0.0
2026-08-31 23:19:56,29.4,89.6,0.0
2026-08-31 23:20:26,29.4,89.8,0.0
2026-08-31 23:20:56,29.4,90.4,0.0
2026-08-31 23:21:26,29.4,90.7,0.0
2026-08-31 23:21:56,29.4,90.6,0.0
2026-08-31 23:22:26,29.4,90.5,0.0
2026-08-31 23:22:56,29.4,90.4,0.0
2026-08-31 23:23:26,29.4,90.6,0.0
2026-08-31 23:23:56,29.4,90.7,0.0
2026-08-31 23:24:26,29.4,91.1,0.0
2026-08-31 23:24:56,29.4,90.7,0.0
2026-08-31 23:25:26,29.4,90.6,0.0
2026-08-31 23:25:56,29.4,90.8,0.0
2026-08-31 23:26:26,29.4,90.8,0.0
2026-08-31 23:26:56,29.4,91.3,0.0
2026-08-31 23:27:26,29.3,91.6,0.0
2026-08-31 23:27:56,29.4,90.7,0.0
2026-08-31 23:28:26,29.4,90.6,0.0
2026-08-31 23:28:56,29.3,90.9,0.0
2026-08-31 23:29:26,29.4,90.3,0.0
2026-08-31 23:29:56,29.4,90.3,0.0
2026-08-31 23:30:26,29.4,90.4,0.0
2026-08-31 23:30:56,29.3,90.5,0.0
2026-08-31 23:31:26,29.4,91.4,0.0
2026-08-31 23:31:56,29.4,91.1,0.0
2026-08-31 23:32:26,29.3,90.8,0.0
2026-08-31 23:32:56,29.3,90.8,0.0
2026-08-31 23:33:26,29.4,90.8,0.0
2026-08-31 23:33:56,29.3,91.2,0.0
2026-08-31 23:34:26,29.4,91.4,0.0
2026-08-31 23:34:56,29.4,91.7,0.0
2026-08-31 23:35:26,29.4,91.8,0.0
2026-08-31 23:35:56,29.4,92.3,0.0
2026-08-31 23:36:26,29.4,92.2,0.0
2026-08-31 23:36:56,29.3,92.6,0.0
2026-08-31 23:37:26,29.4,92.0,0.0
2026-08-31 23:37:56,29.3,92.0,0.0
2026-08-31 23:38:26,29.4,91.9,0.0
2026-08-31 23:38:56,29.3,91.3,0.0
2026-08-31 23:39:26,29.3,91.4,0.0
2026-08-31 23:39:56,29.4,91.9,0.0
2026-08-31 23:40:26,29.4,91.9,0.0
2026-08-31 23:40:56,29.3,92.0,0.0
2026-08-31 23:41:26,29.4,92.0,0.0
2026-08-31 23:41:56,29.4,91.8,0.0
2026-08-31 23:42:26,29.3,92.3,0.0
2026-08-31 23:42:56,29.4,92.4,0.0
2026-08-31 23:43:26,29.3,92.8,0.0
2026-08-31 23:43:56,29.4,93.1,0.0
2026-08-31 23:44:26,29.4,93.2,0.0
2026-08-31 23:44:56,29.4,93.2,0.0
2026-08-31 23:45:26,29.4,92.4,0.0
2026-08-31 23:45:56,29.4,92.3,0.0
2026-08-31 23:46:26,29.3,93.0,0.0
2026-08-31 23:46:56,29.4,92.9,0.0
2026-08-31 23:47:26,29.3,93.1,0.0
2026-08-31 23:47:56,29.2,93.3,0.0
2026-08-31 23:48:26,29.3,93.6,0.0
2026-08-31 23:48:56,29.3,93.7,0.0
2026-08-31 23:49:26,29.4,93.4,0.0
2026-08-31 23:49:56,29.3,93.4,0.0
2026-08-31 23:50:26,29.3,93.4,0.0
2026-08-31 23:50:56,29.3,93.3,0.0
2026-08-31 23:51:26,29.2,93.1,0.0
2026-08-31 23:51:56,29.4,93.1,0.0
2026-08-31 23:52:26,29.2,93.0,0.0
2026-08-31 23:52:56,29.2,93.0,0.0
2026-08-31 23:53:26,29.3,93.1,0.0
2026-08-31 23:53:56,29.2,92.8,0.0
2026-08-31 23:54:26,29.2,92.4,0.0
2026-08-31 23:54:56,29.2,92.6,0.0
2026-08-31 23:55:26,29.2,92.8,0.0
2026-08-31 23:55:56,29.2,92.8,0.0
2026-08-31 23:56:26,29.2,92.9,0.0
2026-08-31 23:56:56,29.2,92.8,0.0
2026-08-31 23:57:26,29.2,92.9,0.0
2026-08-31 23:57:56,29.2,92.6,0.0
2026-08-31 23:58:26,29.1,92.7,0.0
2026-08-31 23:58:56,29.2,92.7,0.0
2026-08-31 23:59:26,29.2,92.8,0.0
2026-08-31 23:59:56,29.2,93.2,0.0
2026-09-01 00:00:26,29.3,92.9,0.0
2026-09-01 00:00:56,29.3,93.1,0.0
2026-09-01 00:01:26,29.2,93.1,0.0
2026-09-01 00:01:56,29.2,93.1,0.0
2026-09-01 00:02:26,29.3,93.3,0.0
2026-09-01 00:02:56,29.2,93.3,0.0
2026-09-01 00:03:26,29.2,93.3,0.0
2026-09-01 00:03:56,29.2,93.4,0.0
2026-09-01 00:04:26,29.2,93.4,0.0
2026-09-01 00:04:56,29.2,93.6,0.0
2026-09-01 00:05:26,29.2,93.9,0.0
2026-09-01 00:05:56,29.2,94.1,0.0
2026-09-01 00:06:26,29.2,94.3,0.0
2026-09-01 00:06:56,29.2,94.7,0.0
2026-09-01 00:07:26,29.2,94.8,0.0
2026-09-01 00:07:56,29.2,94.4,0.0
2026-09-01 00:08:26,29.2,94.3,0.0
2026-09-01 00:08:56,29.2,94.3,0.0
2026-09-01 00:09:26,29.2,94.6,0.0
2026-09-01 00:09:56,29.2,94.6,0.0
2026-09-01 00:10:26,29.2,94.5,0.0
2026-09-01 00:10:56,29.2,94.5,0.0
2026-09-01 00:11:26,29.2,94.4,0.0
2026-09-01 00:11:56,29.3,94.5,0.0
2026-09-01 00:12:26,29.2,94.3,0.0
2026-09-01 00:12:56,29.1,94.3,0.0
2026-09-01 00:13:26,29.2,94.4,0.0
2026-09-01 00:13:56,29.1,94.4,0.0
2026-09-01 00:14:26,29.2,94.6,0.0
2026-09-01 00:14:56,29.1,94.6,0.0
2026-09-01 00:15:26,29.2,94.3,0.0
2026-09-01 00:15:56,29.1,94.3,0.0
2026-09-01 00:16:26,29.2,94.3,0.0
2026-09-01 00:16:56,29.1,94.6,0.0
2026-09-01 00:17:26,29.2,94.6,0.0
2026-09-01 00:17:56,29.1,94.6,0.0
2026-09-01 00:18:26,29.3,94.4,0.0
2026-09-01 00:18:56,29.1,94.3,0.0
2026-09-01 00:19:26,29.2,94.7,0.0
2026-09-01 00:19:56,29.1,95.0,0.0
2026-09-01 00:20:26,29.2,95.3,0.0
2026-09-01 00:20:56,29.2,95.4,0.0
2026-09-01 00:21:26,29.2,95.4,0.0
2026-09-01 00:21:56,29.1,95.4,0.0
2026-09-01 00:22:26,29.2,95.6,0.0
2026-09-01 00:22:56,29.2,95.6,0.0
2026-09-01 00:23:26,29.2,95.8,0.0
2026-09-01 00:23:56,29.2,95.9,0.0
2026-09-01 00:24:26,29.2,96.0,0.0
2026-09-01 00:24:56,29.2,95.9,0.0
2026-09-01 00:25:26,29.2,95.9,0.0
2026-09-01 00:25:56,29.2,96.0,0.0
2026-09-01 00:26:26,29.2,95.8,0.0
2026-09-01 00:26:56,29.3,95.7,0.0
2026-09-01 00:27:26,29.2,95.6,0.0
2026-09-01 00:27:56,29.1,95.6,0.0
2026-09-01 00:28:26,29.2,95.6,0.0
2026-09-01 00:28:56,29.2,95.3,0.0
2026-09-01 00:29:26,29.2,95.2,0.0
2026-09-01 00:29:56,29.1,95.0,0.0
2026-09-01 00:30:26,29.2,94.7,0.0
2026-09-01 00:30:56,29.1,94.8,0.0
2026-09-01 00:31:26,29.2,94.8,0.0
2026-09-01 00:31:56,29.1,95.1,0.0
2026-09-01 00:32:26,29.2,95.3,0.0
2026-09-01 00:32:56,29.1,95.6,0.0
2026-09-01 00:33:26,29.2,95.5,0.0
2026-09-01 00:33:56,29.1,95.3,0.0
2026-09-01 00:34:26,29.2,95.1,0.0
2026-09-01 00:34:56,29.2,94.6,0.0
2026-09-01 00:35:26,29.2,94.5,0.0
2026-09-01 00:35:56,29.2,94.6,0.0
2026-09-01 00:36:26,29.2,94.6,0.0
2026-09-01 00:36:56,29.2,94.9,0.0
2026-09-01 00:37:26,29.2,95.0,0.0
2026-09-01 00:37:56,29.1,95.1,0.0
2026-09-01 00:38:26,29.2,95.3,0.0
2026-09-01 00:38:56,29.1,95.5,0.0
2026-09-01 00:39:26,29.2,95.3,0.0
2026-09-01 00:39:56,29.2,95.1,0.0
2026-09-01 00:40:26,29.2,94.6,0.0
2026-09-01 00:40:56,29.2,94.2,0.0
2026-09-01 00:41:26,29.2,94.2,0.0
2026-09-01 00:41:56,29.2,94.2,0.0
2026-09-01 00:42:26,29.2,93.9,0.0
2026-09-01 00:42:56,29.1,94.0,0.0
2026-09-01 00:43:26,29.2,94.6,0.0
2026-09-01 00:43:56,29.1,94.3,0.0
2026-09-01 00:44:26,29.2,94.3,0.0
2026-09-01 00:44:56,29.2,94.0,0.0
2026-09-01 00:45:26,29.2,94.0,0.0
2026-09-01 00:45:56,29.2,94.2,0.0
2026-09-01 00:46:26,29.2,94.6,0.0
2026-09-01 00:46:56,29.2,94.7,0.0
2026-09-01 00:47:26,29.2,94.5,0.0
2026-09-01 00:47:56,29.2,94.4,0.0
2026-09-01 00:48:26,29.1,94.5,0.0
2026-09-01 00:48:56,29.2,94.5,0.0
2026-09-01 00:49:26,29.2,94.5,0.0
2026-09-01 00:49:56,29.1,94.5,0.0
2026-09-01 00:50:26,29.1,94.6,0.0
2026-09-01 00:50:56,29.2,94.4,0.0
2026-09-01 00:51:26,29.2,94.3,0.0
2026-09-01 00:51:56,29.2,94.2,0.0
2026-09-01 00:52:26,29.2,94.4,0.0
2026-09-01 00:52:56,29.2,94.2,0.0
2026-09-01 00:53:26,29.2,94.3,0.0
2026-09-01 00:53:56,29.2,94.3,0.0
2026-09-01 00:54:26,29.3,94.6,0.0
2026-09-01 00:54:56,29.2,94.8,0.0
2026-09-01 00:55:26,29.2,94.7,0.0
2026-09-01 00:55:56,29.2,94.7,0.0
2026-09-01 00:56:26,29.2,94.7,0.0
2026-09-01 00:56:56,29.1,94.9,0.0
2026-09-01 00:57:26,29.2,94.7,0.0
2026-09-01 00:57:56,29.2,95.0,0.0
2026-09-01 00:58:26,29.2,95.3,0.0
2026-09-01 00:58:56,29.1,95.1,0.0
2026-09-01 00:59:26,29.2,95.0,0.0
2026-09-01 00:59:56,29.1,95.0,0.0
2026-09-01 01:00:26,29.2,94.9,0.0
2026-09-01 01:00:56,29.2,94.7,0.0
2026-09-01 01:01:26,29.2,94.5,0.0
2026-09-01 01:01:56,29.1,94.7,0.0
2026-09-01 01:02:26,29.2,94.9,0.0
2026-09-01 01:02:56,29.2,94.9,0.0
2026-09-01 01:03:26,29.2,94.9,0.0
2026-09-01 01:03:56,29.2,94.9,0.0
2026-09-01 01:04:26,29.2,94.6,0.0
2026-09-01 01:04:56,29.2,94.6,0.0
2026-09-01 01:05:26,29.1,94.7,0.0
2026-09-01 01:05:56,29.2,94.9,0.0
2026-09-01 01:06:26,29.2,95.3,0.0
2026-09-01 01:06:56,29.2,95.0,0.0
2026-09-01 01:07:26,29.2,94.8,0.0
2026-09-01 01:07:56,29.2,94.5,0.0
2026-09-01 01:08:26,29.2,94.8,0.0
2026-09-01 01:08:56,29.2,94.8,0.0
2026-09-01 01:09:26,29.2,94.9,0.0
2026-09-01 01:09:56,29.2,95.0,0.0
2026-09-01 01:10:26,29.2,95.1,0.0
2026-09-01 01:10:56,29.2,95.1,0.0
2026-09-01 01:11:26,29.2,95.1,0.0
2026-09-01 01:11:56,29.2,95.1,0.0
2026-09-01 01:12:26,29.2,95.2,0.0
2026-09-01 01:12:56,29.1,95.2,0.0
2026-09-01 01:13:26,29.1,95.2,0.0
2026-09-01 01:13:56,29.2,95.2,0.0
2026-09-01 01:14:26,29.2,95.2,0.0
2026-09-01 01:14:56,29.2,95.1,0.0
2026-09-01 01:15:26,29.2,95.2,0.0
2026-09-01 01:15:56,29.2,95.2,0.0
2026-09-01 01:16:26,29.2,95.1,0.0
2026-09-01 01:16:56,29.2,94.7,0.0
2026-09-01 01:17:26,29.3,94.6,0.0
2026-09-01 01:17:56,29.3,94.9,0.0
2026-09-01 01:18:26,29.2,95.2,0.0
2026-09-01 01:18:56,29.2,95.4,0.0
2026-09-01 01:19:26,29.1,95.4,0.0
2026-09-01 01:19:56,29.2,95.7,0.0
2026-09-01 01:20:26,29.1,95.9,0.0
2026-09-01 01:20:56,29.2,95.8,0.0
2026-09-01 01:21:26,29.1,95.9,0.0
2026-09-01 01:21:56,29.2,95.9,0.0
2026-09-01 01:22:26,29.2,95.9,0.0
2026-09-01 01:22:56,29.2,95.9,0.0
2026-09-01 01:23:26,29.2,96.0,0.0
2026-09-01 01:23:56,29.2,96.0,0.0
2026-09-01 01:24:26,29.2,96.1,0.0
2026-09-01 01:24:56,29.1,96.2,0.0
2026-09-01 01:25:26,29.2,96.1,0.0
2026-09-01 01:25:56,29.1,96.1,0.0
2026-09-01 01:26:26,29.2,96.1,0.0
2026-09-01 01:26:56,29.2,96.3,0.0
2026-09-01 01:27:26,29.1,96.3,0.0
2026-09-01 01:27:56,29.2,96.1,0.0
2026-09-01 01:28:26,29.2,95.9,0.0
2026-09-01 01:28:56,29.2,95.8,0.0
2026-09-01 01:29:26,29.2,95.9,0.0
2026-09-01 01:29:56,29.3,95.9,0.0
2026-09-01 01:30:26,29.1,96.0,0.0
2026-09-01 01:30:56,29.1,96.0,0.0
2026-09-01 01:31:26,29.2,95.9,0.0
2026-09-01 01:31:56,29.2,95.7,0.0
2026-09-01 01:32:26,29.2,95.5,0.0
2026-09-01 01:32:56,29.2,95.5,0.0
2026-09-01 01:33:26,29.1,95.8,0.0
2026-09-01 01:33:56,29.2,95.8,0.0
2026-09-01 01:34:26,29.1,95.9,0.0
2026-09-01 01:34:56,29.2,95.9,0.0
2026-09-01 01:35:26,29.1,95.9,0.0
2026-09-01 01:35:56,29.1,95.9,0.0
2026-09-01 01:36:26,29.1,95.9,0.0
2026-09-01 01:36:56,29.2,95.7,0.0
2026-09-01 01:37:26,29.1,95.6,0.0
2026-09-01 01:37:56,29.2,95.5,0.0
2026-09-01 01:38:26,29.1,95.2,0.0
2026-09-01 01:38:56,29.3,95.4,0.0
2026-09-01 01:39:26,29.2,95.7,0.0
2026-09-01 01:39:56,29.1,95.9,0.0
2026-09-01 01:40:26,29.2,95.7,0.0
2026-09-01 01:40:56,29.2,95.7,0.0
2026-09-01 01:41:26,29.2,95.6,0.0
2026-09-01 01:41:56,29.2,95.4,0.0
2026-09-01 01:42:26,29.1,95.6,0.0
2026-09-01 01:42:56,29.2,95.4,0.0
2026-09-01 01:43:26,29.2,95.3,0.0
2026-09-01 01:43:56,29.2,95.1,0.0
2026-09-01 01:44:26,29.2,95.2,0.0
2026-09-01 01:44:56,29.2,95.3,0.0
2026-09-01 01:45:26,29.1,95.3,0.0
2026-09-01 01:45:56,29.1,95.3,0.0
2026-09-01 01:46:26,29.2,95.4,0.0
2026-09-01 01:46:56,29.2,95.6,0.0
2026-09-01 01:47:26,29.2,95.6,0.0
2026-09-01 01:47:56,29.2,95.4,0.0
2026-09-01 01:48:26,29.1,95.2,0.0
2026-09-01 01:48:56,29.2,95.1,0.0
2026-09-01 01:49:26,29.2,95.0,0.0
2026-09-01 01:49:56,29.3,95.0,0.0
2026-09-01 01:50:26,29.1,95.0,0.0
2026-09-01 01:50:56,29.2,95.1,0.0
2026-09-01 01:51:26,29.2,95.3,0.0
2026-09-01 01:51:56,29.2,95.0,0.0
2026-09-01 01:52:26,29.2,95.0,0.0
2026-09-01 01:52:56,29.2,95.3,0.0
2026-09-01 01:53:26,29.2,95.1,0.0
2026-09-01 01:53:56,29.2,95.2,0.0
2026-09-01 01:54:26,29.2,95.5,0.0
2026-09-01 01:54:56,29.2,95.4,0.0
2026-09-01 01:55:26,29.2,95.6,0.0
2026-09-01 01:55:56,29.2,95.5,0.0
2026-09-01 01:56:26,29.1,95.6,0.0
2026-09-01 01:56:56,29.2,95.6,0.0
2026-09-01 01:57:26,29.3,95.4,0.0
2026-09-01 01:57:56,29.2,95.4,0.0
2026-09-01 01:58:26,29.2,95.7,0.0
2026-09-01 01:58:56,29.2,95.7,0.0
2026-09-01 01:59:26,29.1,95.7,0.0
2026-09-01 01:59:56,29.2,95.8,0.0
2026-09-01 02:00:26,29.2,95.8,0.0
2026-09-01 02:00:56,29.1,95.8,0.0
2026-09-01 02:01:26,29.2,95.9,0.0
2026-09-01 02:01:56,29.2,95.8,0.0
2026-09-01 02:02:26,29.2,95.8,0.0
2026-09-01 02:02:56,29.2,95.8,0.0
2026-09-01 02:03:26,29.1,96.0,0.0
2026-09-01 02:03:56,29.2,95.9,0.0
2026-09-01 02:04:26,29.1,95.8,0.0
2026-09-01 02:04:56,29.1,95.8,0.0
2026-09-01 02:05:26,29.1,96.0,0.0
2026-09-01 02:05:56,29.2,96.0,0.0
2026-09-01 02:06:26,29.1,96.2,0.0
2026-09-01 02:06:56,29.2,96.3,0.0
2026-09-01 02:07:26,29.1,96.3,0.0
2026-09-01 02:07:56,29.2,96.2,0.0
2026-09-01 02:08:26,29.1,96.1,0.0
2026-09-01 02:08:56,29.1,96.2,0.0
2026-09-01 02:09:26,29.1,96.1,0.0
2026-09-01 02:09:56,29.1,95.9,0.0
2026-09-01 02:10:26,29.1,96.0,0.0
2026-09-01 02:10:56,29.2,96.2,0.0
2026-09-01 02:11:26,29.1,96.2,0.0
2026-09-01 02:11:56,29.1,96.2,0.0
2026-09-01 02:12:26,29.1,96.2,0.0
2026-09-01 02:12:56,29.1,96.1,0.0
2026-09-01 02:13:26,29.1,95.9,0.0
2026-09-01 02:13:56,29.1,95.9,0.0
2026-09-01 02:14:26,29.1,95.6,0.0
2026-09-01 02:14:56,29.2,95.7,0.0
2026-09-01 02:15:26,29.1,95.9,0.0
2026-09-01 02:15:56,29.1,96.0,0.0
2026-09-01 02:16:26,29.1,96.2,0.0
2026-09-01 02:16:56,29.1,96.2,0.0
2026-09-01 02:17:26,29.1,96.2,0.0
2026-09-01 02:17:56,29.1,96.3,0.0
2026-09-01 02:18:26,29.1,96.0,0.0
2026-09-01 02:18:56,29.1,95.9,0.0
2026-09-01 02:19:26,29.0,95.7,0.0
2026-09-01 02:19:56,29.1,95.6,0.0
2026-09-01 02:20:26,29.1,95.6,0.0
2026-09-01 02:20:56,29.2,95.5,0.0
2026-09-01 02:21:26,29.1,95.4,0.0
2026-09-01 02:21:56,29.1,95.4,0.0
2026-09-01 02:22:26,29.1,95.6,0.0
2026-09-01 02:22:56,29.1,95.7,0.0
2026-09-01 02:23:26,29.1,95.8,0.0
2026-09-01 02:23:56,29.2,95.9,0.0
2026-09-01 02:24:26,29.1,95.7,0.0
2026-09-01 02:24:56,29.1,95.7,0.0
2026-09-01 02:25:26,29.0,95.8,0.0
2026-09-01 02:25:56,29.2,95.9,0.0
2026-09-01 02:26:26,29.0,96.1,0.0
2026-09-01 02:26:56,29.1,96.1,0.0
2026-09-01 02:27:26,29.1,96.0,0.0
2026-09-01 02:27:56,29.1,96.0,0.0
2026-09-01 02:28:26,29.1,95.7,0.0
2026-09-01 02:28:56,29.1,95.7,0.0
2026-09-01 02:29:26,29.1,95.6,0.0
2026-09-01 02:29:56,29.1,95.5,0.0
2026-09-01 02:30:26,29.1,95.5,0.0
2026-09-01 02:30:56,29.1,95.9,0.0
2026-09-01 02:31:26,29.1,96.1,0.0
2026-09-01 02:31:56,29.1,96.3,0.0
2026-09-01 02:32:26,29.1,96.2,0.0
2026-09-01 02:32:56,29.1,96.2,0.0
2026-09-01 02:33:26,29.1,96.3,0.0
2026-09-01 02:33:56,29.1,96.5,0.0
2026-09-01 02:34:26,29.1,96.6,0.0
2026-09-01 02:34:56,29.1,96.5,0.0
2026-09-01 02:35:26,29.0,96.4,0.0
2026-09-01 02:35:56,29.1,96.4,0.0
2026-09-01 02:36:26,29.1,96.5,0.0
2026-09-01 02:36:56,29.1,96.5,0.0
2026-09-01 02:37:26,29.1,96.4,0.0
2026-09-01 02:37:56,29.1,96.5,0.0
2026-09-01 02:38:26,29.1,96.5,0.0
2026-09-01 02:38:56,29.1,96.5,0.0
2026-09-01 02:39:26,29.1,96.4,0.0
2026-09-01 02:39:56,29.1,96.4,0.0
2026-09-01 02:40:26,29.1,96.5,0.0
2026-09-01 02:40:56,29.1,96.6,0.0
2026-09-01 02:41:26,29.1,96.7,0.0
2026-09-01 02:41:56,29.2,96.6,0.0
2026-09-01 02:42:26,29.0,96.6,0.0
2026-09-01 02:42:56,29.1,96.5,0.0
2026-09-01 02:43:26,29.0,96.4,0.0
2026-09-01 02:43:56,29.1,96.4,0.0
2026-09-01 02:44:26,29.1,96.2,0.0
2026-09-01 02:44:56,29.1,96.1,0.0
2026-09-01 02:45:26,29.1,96.1,0.0
2026-09-01 02:45:56,29.1,96.0,0.0
2026-09-01 02:46:26,29.1,96.1,0.0
2026-09-01 02:46:56,29.1,96.1,0.0
2026-09-01 02:47:26,29.0,95.8,0.0
2026-09-01 02:47:56,29.0,95.7,0.0
2026-09-01 02:48:26,29.0,96.0,0.0
2026-09-01 02:48:56,29.2,96.0,0.0
2026-09-01 02:49:26,29.0,96.1,0.0
2026-09-01 02:49:56,29.1,95.8,0.0
2026-09-01 02:50:26,29.0,95.9,0.0
2026-09-01 02:50:56,29.1,96.0,0.0
2026-09-01 02:51:26,29.1,96.0,0.0
2026-09-01 02:51:56,29.1,95.7,0.0
2026-09-01 02:52:26,29.0,95.8,0.0
2026-09-01 02:52:56,29.1,95.8,0.0
2026-09-01 02:53:26,29.1,95.9,0.0
2026-09-01 02:53:56,29.1,95.9,0.0
2026-09-01 02:54:26,29.0,96.1,0.0
2026-09-01 02:54:56,29.1,96.1,0.0
2026-09-01 02:55:26,29.1,96.2,0.0
2026-09-01 02:55:56,29.1,96.1,0.0
2026-09-01 02:56:26,29.1,96.0,0.0
2026-09-01 02:56:56,29.1,96.0,0.0
2026-09-01 02:57:26,29.0,96.1,0.0
2026-09-01 02:57:56,29.1,96.0,0.0
2026-09-01 02:58:26,29.0,95.9,0.0
2026-09-01 02:58:56,29.0,95.8,0.0
2026-09-01 02:59:26,29.0,95.7,0.0
2026-09-01 02:59:56,29.0,95.9,0.0
2026-09-01 03:00:26,29.0,96.0,0.0
2026-09-01 03:00:56,29.0,96.1,0.0
2026-09-01 03:01:26,29.0,96.0,0.0
2026-09-01 03:01:56,29.0,96.0,0.0
2026-09-01 03:02:26,29.0,96.1,0.0
2026-09-01 03:02:56,29.0,96.0,0.0
2026-09-01 03:03:26,29.0,96.0,0.0
2026-09-01 03:03:56,29.1,96.1,0.0
2026-09-01 03:04:26,29.0,96.0,0.0
2026-09-01 03:04:56,29.1,96.1,0.0
2026-09-01 03:05:26,29.1,96.0,0.0
2026-09-01 03:05:56,29.0,96.0,0.0
2026-09-01 03:06:26,29.0,95.9,0.0
2026-09-01 03:06:56,29.0,96.0,0.0
2026-09-01 03:07:26,29.0,96.0,0.0
2026-09-01 03:07:56,29.0,96.0,0.0
2026-09-01 03:08:26,29.0,96.0,0.0
2026-09-01 03:08:56,29.0,96.1,0.0
2026-09-01 03:09:26,29.0,96.0,0.0
2026-09-01 03:09:56,29.0,96.0,0.0
2026-09-01 03:10:26,29.0,96.1,0.0
2026-09-01 03:10:56,29.0,96.2,0.0
2026-09-01 03:11:26,29.1,96.2,0.0
2026-09-01 03:11:56,29.0,95.8,0.0
2026-09-01 03:12:26,29.0,95.6,0.0
2026-09-01 03:12:56,29.0,95.8,0.0
2026-09-01 03:13:26,29.0,95.7,0.0
2026-09-01 03:13:56,29.0,95.7,0.0
2026-09-01 03:14:26,29.0,95.8,0.0
2026-09-01 03:14:56,29.0,96.0,0.0
2026-09-01 03:15:26,29.0,95.9,0.0
2026-09-01 03:15:56,29.0,95.8,0.0
2026-09-01 03:16:26,29.0,95.7,0.0
2026-09-01 03:16:56,29.0,95.9,0.0
2026-09-01 03:17:26,29.0,95.9,0.0
2026-09-01 03:17:56,29.0,95.9,0.0
2026-09-01 03:18:26,29.0,95.9,0.0
2026-09-01 03:18:56,29.0,95.8,0.0
2026-09-01 03:19:26,29.0,95.8,0.0
2026-09-01 03:19:56,29.0,95.9,0.0
2026-09-01 03:20:26,29.0,95.8,0.0
2026-09-01 03:20:56,29.0,95.8,0.0
2026-09-01 03:21:26,29.0,96.1,0.0
2026-09-01 03:21:56,29.0,96.2,0.0
2026-09-01 03:22:26,29.0,95.9,0.0
2026-09-01 03:22:56,29.0,96.0,0.0
2026-09-01 03:23:26,29.1,96.1,0.0
2026-09-01 03:23:56,29.0,95.9,0.0
2026-09-01 03:24:26,28.9,96.0,0.0
2026-09-01 03:24:56,29.0,95.9,0.0
2026-09-01 03:25:26,28.9,95.9,0.0
2026-09-01 03:25:56,28.9,95.6,0.0
2026-09-01 03:26:26,29.0,95.6,0.0
2026-09-01 03:26:56,29.0,95.7,0.0
2026-09-01 03:27:26,28.9,96.0,0.0
2026-09-01 03:27:56,29.0,96.1,0.0
2026-09-01 03:28:26,28.9,96.2,0.0
2026-09-01 03:28:56,28.9,96.3,0.0
2026-09-01 03:29:26,28.9,96.2,0.0
2026-09-01 03:29:56,28.9,95.9,0.0
2026-09-01 03:30:26,28.9,95.9,0.0
2026-09-01 03:30:56,28.9,96.0,0.0
2026-09-01 03:31:26,28.9,96.1,0.0
2026-09-01 03:31:56,28.9,96.1,0.0
2026-09-01 03:32:26,28.9,96.1,0.0
2026-09-01 03:32:56,29.0,96.1,0.0
2026-09-01 03:33:26,28.9,96.1,0.0
2026-09-01 03:33:56,28.9,96.1,0.0
2026-09-01 03:34:26,28.9,95.5,0.0
2026-09-01 03:34:56,28.9,95.6,0.0
2026-09-01 03:35:26,28.9,95.9,0.0
2026-09-01 03:35:56,29.0,95.8,0.0
2026-09-01 03:36:26,28.8,95.9,0.0
2026-09-01 03:36:56,28.9,95.7,0.0
2026-09-01 03:37:26,28.9,95.9,0.0
2026-09-01 03:37:56,28.9,95.9,0.0
2026-09-01 03:38:26,29.0,96.0,0.0
2026-09-01 03:38:56,28.9,96.1,0.0
2026-09-01 03:39:26,29.0,96.0,0.0
2026-09-01 03:39:56,29.0,96.0,0.0
2026-09-01 03:40:26,29.0,96.2,0.0
2026-09-01 03:40:56,28.9,96.2,0.0
2026-09-01 03:41:26,29.0,95.8,0.0
2026-09-01 03:41:56,28.9,95.8,0.0
2026-09-01 03:42:26,28.9,96.0,0.0
2026-09-01 03:42:56,28.9,96.2,0.0
2026-09-01 03:43:26,29.0,96.3,0.0
2026-09-01 03:43:56,28.9,95.9,0.0
2026-09-01 03:44:26,28.9,95.8,0.0
2026-09-01 03:44:56,28.9,96.1,0.0
2026-09-01 03:45:26,29.0,95.8,0.0
2026-09-01 03:45:56,28.9,95.7,0.0
2026-09-01 03:46:26,28.9,95.9,0.0
2026-09-01 03:46:56,28.9,96.1,0.0
2026-09-01 03:47:26,28.9,96.1,0.0
2026-09-01 03:47:56,28.9,95.9,0.0
2026-09-01 03:48:26,28.9,95.9,0.0
2026-09-01 03:48:56,28.9,96.0,0.0
2026-09-01 03:49:26,28.9,96.0,0.0
2026-09-01 03:49:56,28.8,96.1,0.0
2026-09-01 03:50:26,28.9,96.1,0.0
2026-09-01 03:50:56,28.9,96.2,0.0
2026-09-01 03:51:26,28.9,96.2,0.0
2026-09-01 03:51:56,29.0,96.1,0.0
2026-09-01 03:52:26,28.9,96.2,0.0
2026-09-01 03:52:56,29.0,96.2,0.0
2026-09-01 03:53:26,28.8,96.3,0.0
2026-09-01 03:53:56,28.9,96.0,0.0
2026-09-01 03:54:26,28.9,96.2,0.0
2026-09-01 03:54:56,29.0,96.2,0.0
2026-09-01 03:55:26,28.8,96.3,0.0
2026-09-01 03:55:56,28.8,96.4,0.0
2026-09-01 03:56:26,28.8,96.2,0.0
2026-09-01 03:56:56,28.9,96.2,0.0
2026-09-01 03:57:26,28.8,96.2,0.0
2026-09-01 03:57:56,28.8,96.3,0.0
2026-09-01 03:58:26,28.9,96.2,0.0
2026-09-01 03:58:56,28.9,96.3,0.0
2026-09-01 03:59:26,28.9,96.3,0.0
2026-09-01 03:59:56,28.9,96.4,0.0
2026-09-01 04:00:26,28.8,96.3,0.0
2026-09-01 04:00:56,28.8,96.3,0.0
2026-09-01 04:01:26,28.9,96.3,0.0
2026-09-01 04:01:56,28.8,96.3,0.0
2026-09-01 04:02:26,28.8,96.0,0.0
2026-09-01 04:02:56,28.8,96.0,0.0
2026-09-01 04:03:26,28.8,96.1,0.0
2026-09-01 04:03:56,28.9,96.1,0.0
2026-09-01 04:04:26,28.8,96.1,0.0
2026-09-01 04:04:56,28.8,96.1,0.0
2026-09-01 04:05:26,28.8,96.2,0.0
2026-09-01 04:05:56,28.8,96.2,0.0
2026-09-01 04:06:26,28.9,96.1,0.0
2026-09-01 04:06:56,28.8,96.0,0.0
2026-09-01 04:07:26,28.9,95.9,0.0
2026-09-01 04:07:56,28.8,95.9,0.0
2026-09-01 04:08:26,28.8,96.0,0.0
2026-09-01 04:08:56,28.8,95.9,0.0
2026-09-01 04:09:26,28.8,96.1,0.0
2026-09-01 04:09:56,28.9,96.0,0.0
2026-09-01 04:10:26,28.8,95.8,0.0
2026-09-01 04:10:56,28.8,95.8,0.0
2026-09-01 04:11:26,28.8,95.8,0.0
2026-09-01 04:11:56,28.8,96.2,0.0
2026-09-01 04:12:26,28.9,96.2,0.0
2026-09-01 04:12:56,28.8,96.1,0.0
2026-09-01 04:13:26,28.9,96.1,0.0
2026-09-01 04:13:56,28.8,96.1,0.0
2026-09-01 04:14:26,28.9,96.2,0.0
2026-09-01 04:14:56,28.8,95.9,0.0
2026-09-01 04:15:26,28.8,96.0,0.0
2026-09-01 04:15:56,28.8,96.1,0.0
2026-09-01 04:16:26,28.8,95.9,0.0
2026-09-01 04:16:56,28.9,95.9,0.0
2026-09-01 04:17:26,28.7,96.0,0.0
2026-09-01 04:17:56,28.8,96.1,0.0
2026-09-01 04:18:26,28.8,96.2,0.0
2026-09-01 04:18:56,28.7,96.2,0.0
2026-09-01 04:19:26,28.8,96.1,0.0
2026-09-01 04:19:56,28.8,96.1,0.0
2026-09-01 04:20:26,28.8,96.2,0.0
2026-09-01 04:20:56,28.8,96.2,0.0
2026-09-01 04:21:26,28.8,96.2,0.0
2026-09-01 04:21:56,28.8,96.2,0.0
2026-09-01 04:22:26,28.8,96.2,0.0
2026-09-01 04:22:56,28.8,96.1,0.0
2026-09-01 04:23:26,28.7,95.8,0.0
2026-09-01 04:23:56,28.7,95.9,0.0
2026-09-01 04:24:26,28.8,96.0,0.0
2026-09-01 04:24:56,28.8,96.1,0.0
2026-09-01 04:25:26,28.7,95.7,0.0
2026-09-01 04:25:56,28.8,95.9,0.0
2026-09-01 04:26:26,28.8,96.0,0.0
2026-09-01 04:26:56,28.8,96.1,0.0
2026-09-01 04:27:26,28.8,96.2,0.0
2026-09-01 04:27:56,28.8,96.3,0.0
2026-09-01 04:28:26,28.8,96.2,0.0
2026-09-01 04:28:56,28.7,96.0,0.0
2026-09-01 04:29:26,28.7,96.0,0.0
2026-09-01 04:29:56,28.8,96.0,0.0
2026-09-01 04:30:26,28.8,96.0,0.0
2026-09-01 04:30:56,28.8,95.9,0.0
2026-09-01 04:31:26,28.7,96.0,0.0
2026-09-01 04:31:56,28.7,95.9,0.0
2026-09-01 04:32:26,28.7,95.8,0.0
2026-09-01 04:32:56,28.7,95.9,0.0
2026-09-01 04:33:26,28.7,95.9,0.0
2026-09-01 04:33:56,28.7,96.0,0.0
2026-09-01 04:34:26,28.8,95.8,0.0
2026-09-01 04:34:56,28.7,95.8,0.0
2026-09-01 04:35:26,28.7,95.7,0.0
2026-09-01 04:35:56,28.7,95.8,0.0
2026-09-01 04:36:26,28.7,95.7,0.0
2026-09-01 04:36:56,28.7,95.7,0.0
2026-09-01 04:37:26,28.7,95.4,0.0
2026-09-01 04:37:56,28.7,95.6,0.0
2026-09-01 04:38:26,28.6,95.6,0.0
2026-09-01 04:38:56,28.7,95.7,0.0
2026-09-01 04:39:26,28.7,95.7,0.0
2026-09-01 04:39:56,28.7,95.8,0.0
2026-09-01 04:40:26,28.6,95.9,0.0
2026-09-01 04:40:56,28.7,95.9,0.0
2026-09-01 04:41:26,28.6,95.8,0.0
2026-09-01 04:41:56,28.6,95.7,0.0
2026-09-01 04:42:26,28.7,95.7,0.0
2026-09-01 04:42:56,28.7,95.8,0.0
2026-09-01 04:43:26,28.7,95.6,0.0
2026-09-01 04:43:56,28.7,95.8,0.0
2026-09-01 04:44:26,28.7,95.8,0.0
2026-09-01 04:44:56,28.6,95.7,0.0
2026-09-01 04:45:26,28.6,95.9,0.0
2026-09-01 04:45:56,28.7,95.9,0.0
2026-09-01 04:46:26,28.6,96.0,0.0
2026-09-01 04:46:56,28.6,96.0,0.0
2026-09-01 04:47:26,28.7,95.8,0.0
2026-09-01 04:47:56,28.6,95.8,0.0
2026-09-01 04:48:26,28.6,95.9,0.0
2026-09-01 04:48:56,28.6,96.0,0.0
2026-09-01 04:49:26,28.7,96.0,0.0
2026-09-01 04:49:56,28.7,96.0,0.0
2026-09-01 04:50:26,28.7,95.8,0.0
2026-09-01 04:50:56,28.7,95.7,0.0
2026-09-01 04:51:26,28.7,95.8,0.0
2026-09-01 04:51:56,28.7,96.0,0.0
2026-09-01 04:52:26,28.7,96.0,0.0
2026-09-01 04:52:56,28.7,96.1,0.0
2026-09-01 04:53:26,28.7,95.7,0.0
2026-09-01 04:53:56,28.7,95.6,0.0
2026-09-01 04:54:26,28.7,95.8,0.0
2026-09-01 04:54:56,28.7,95.4,0.0
2026-09-01 04:55:26,28.7,95.4,0.0
2026-09-01 04:55:56,28.7,95.6,0.0
2026-09-01 04:56:26,28.7,95.9,0.0
2026-09-01 04:56:56,28.6,95.9,0.0
2026-09-01 04:57:26,28.7,95.7,0.0
2026-09-01 04:57:56,28.6,95.5,0.0
2026-09-01 04:58:26,28.6,95.5,0.0
2026-09-01 04:58:56,28.6,95.4,0.0
2026-09-01 04:59:26,28.7,95.6,0.0
2026-09-01 04:59:56,28.6,95.8,0.0
2026-09-01 05:00:26,28.7,95.6,0.0
2026-09-01 05:00:56,28.7,95.6,0.0
2026-09-01 05:01:26,28.7,95.5,0.0
2026-09-01 05:01:56,28.7,95.6,0.0
2026-09-01 05:02:26,28.6,95.6,0.0
2026-09-01 05:02:56,28.6,95.8,0.0
2026-09-01 05:03:26,28.7,95.9,0.0
2026-09-01 05:03:56,28.7,95.7,0.0
2026-09-01 05:04:26,28.7,95.6,0.0
2026-09-01 05:04:56,28.7,95.6,0.0
2026-09-01 05:05:26,28.7,95.8,0.0
2026-09-01 05:05:56,28.7,95.8,0.0
2026-09-01 05:06:26,28.6,95.7,0.0
2026-09-01 05:06:56,28.6,95.6,0.0
2026-09-01 05:07:26,28.6,95.7,0.0
2026-09-01 05:07:56,28.7,95.7,0.0
2026-09-01 05:08:26,28.7,95.7,0.0
2026-09-01 05:08:56,28.7,95.7,0.0
2026-09-01 05:09:26,28.7,95.8,0.0
2026-09-01 05:09:56,28.6,95.6,0.0
2026-09-01 05:10:26,28.6,95.8,0.0
2026-09-01 05:10:56,28.7,95.9,0.0
2026-09-01 05:11:26,28.6,95.9,0.0
2026-09-01 05:11:56,28.7,96.0,0.0
2026-09-01 05:12:26,28.7,95.8,0.0
2026-09-01 05:12:56,28.7,95.9,0.0
2026-09-01 05:13:26,28.6,96.0,0.0
2026-09-01 05:13:56,28.7,95.8,0.0
2026-09-01 05:14:26,28.7,95.8,0.0
2026-09-01 05:14:56,28.7,95.9,0.0
2026-09-01 05:15:26,28.7,95.7,0.0
2026-09-01 05:15:56,28.6,95.7,0.0
2026-09-01 05:16:26,28.7,95.7,0.0
2026-09-01 05:16:56,28.6,95.6,0.0
2026-09-01 05:17:26,28.6,95.8,0.0
2026-09-01 05:17:56,28.7,95.9,0.0
2026-09-01 05:18:26,28.6,95.9,0.0
2026-09-01 05:18:56,28.7,95.7,0.0
2026-09-01 05:19:26,28.6,95.8,0.0
2026-09-01 05:19:56,28.7,95.8,0.0
2026-09-01 05:20:26,28.6,95.9,0.0
2026-09-01 05:20:56,28.6,95.9,0.0
2026-09-01 05:21:26,28.6,95.8,0.0
2026-09-01 05:21:56,28.7,95.9,0.0
2026-09-01 05:22:26,28.6,96.0,0.0
2026-09-01 05:22:56,28.6,96.0,0.0
2026-09-01 05:23:26,28.6,96.1,0.0
2026-09-01 05:23:56,28.6,96.1,0.0
2026-09-01 05:24:26,28.6,95.9,0.0
2026-09-01 05:24:56,28.6,95.8,0.0
2026-09-01 05:25:26,28.7,96.0,0.0
2026-09-01 05:25:56,28.6,96.1,0.0
2026-09-01 05:26:26,28.7,96.3,0.0
2026-09-01 05:26:56,28.6,96.3,0.0
2026-09-01 05:27:26,28.6,96.3,0.0
2026-09-01 05:27:56,28.6,96.3,0.0
2026-09-01 05:28:26,28.6,96.2,0.0
2026-09-01 05:28:56,28.6,96.4,0.0
2026-09-01 05:29:26,28.6,96.4,0.0
2026-09-01 05:29:56,28.7,96.3,0.0
2026-09-01 05:30:26,28.7,96.2,0.0
2026-09-01 05:30:56,28.6,96.4,0.0
2026-09-01 05:31:26,28.7,96.2,0.8
2026-09-01 05:31:56,28.6,96.3,0.8
2026-09-01 05:32:26,28.6,96.3,0.8
2026-09-01 05:32:56,28.7,96.4,0.8
2026-09-01 05:33:26,28.6,96.2,0.8
2026-09-01 05:33:56,28.7,96.1,0.8
2026-09-01 05:34:26,28.7,95.9,0.8
2026-09-01 05:34:56,28.6,96.1,0.8
2026-09-01 05:35:26,28.6,96.1,0.8
2026-09-01 05:35:56,28.6,96.0,0.8
2026-09-01 05:36:26,28.5,96.1,0.8
2026-09-01 05:36:56,28.6,96.1,0.8
2026-09-01 05:37:26,28.5,96.3,0.8
2026-09-01 05:37:56,28.6,96.2,1.7
2026-09-01 05:38:26,28.6,96.2,1.7
2026-09-01 05:38:56,28.6,96.1,1.7
2026-09-01 05:39:26,28.5,96.3,1.7
2026-09-01 05:39:56,28.6,96.3,1.7
2026-09-01 05:40:26,28.5,96.2,1.7
2026-09-01 05:40:56,28.6,96.1,1.7
2026-09-01 05:41:26,28.6,96.0,1.7
2026-09-01 05:41:56,28.5,96.1,2.5
2026-09-01 05:42:26,28.5,96.1,2.5
2026-09-01 05:42:56,28.5,96.2,2.5
2026-09-01 05:43:26,28.6,96.1,2.5
2026-09-01 05:43:56,28.5,96.0,3.3
2026-09-01 05:44:26,28.5,96.2,3.3
2026-09-01 05:44:56,28.5,96.2,3.3
2026-09-01 05:45:26,28.6,96.2,3.3
2026-09-01 05:45:56,28.6,96.3,4.2
2026-09-01 05:46:26,28.5,96.1,4.2
2026-09-01 05:46:56,28.6,96.2,4.2
2026-09-01 05:47:26,28.6,96.3,5.0
2026-09-01 05:47:56,28.6,96.2,5.0
2026-09-01 05:48:26,28.5,96.2,5.0
2026-09-01 05:48:56,28.6,96.2,5.8
2026-09-01 05:49:26,28.5,96.3,5.8
2026-09-01 05:49:56,28.5,96.4,6.7
2026-09-01 05:50:26,28.5,96.4,6.7
2026-09-01 05:50:56,28.6,96.4,6.7
2026-09-01 05:51:26,28.5,96.3,7.5
2026-09-01 05:51:56,28.5,96.4,7.5
2026-09-01 05:52:26,28.6,96.3,8.3
2026-09-01 05:52:56,28.5,96.3,9.2
2026-09-01 05:53:26,28.5,96.3,9.2
2026-09-01 05:53:56,28.5,96.2,10.0
2026-09-01 05:54:26,28.6,96.3,10.0
2026-09-01 05:54:56,28.5,96.3,10.8
2026-09-01 05:55:26,28.5,96.4,10.8
2026-09-01 05:55:56,28.5,96.4,11.7
2026-09-01 05:56:26,28.5,96.3,11.7
2026-09-01 05:56:56,28.5,96.3,12.5
2026-09-01 05:57:26,28.5,96.3,13.3
2026-09-01 05:57:56,28.5,96.5,13.3
2026-09-01 05:58:26,28.5,96.4,14.2
2026-09-01 05:58:56,28.5,96.4,15.0
2026-09-01 05:59:26,28.6,96.4,15.0
2026-09-01 05:59:56,28.5,96.3,15.8
2026-09-01 06:00:26,28.6,96.4,16.7
2026-09-01 06:00:56,28.5,96.3,16.7
2026-09-01 06:01:26,28.5,96.2,17.5
2026-09-01 06:01:56,28.5,96.3,18.3
2026-09-01 06:02:26,28.5,96.3,18.3
2026-09-01 06:02:56,28.5,96.4,19.2
2026-09-01 06:03:26,28.5,96.4,20.0
2026-09-01 06:03:56,28.5,96.2,20.8
2026-09-01 06:04:26,28.5,96.2,21.7
2026-09-01 06:04:56,28.5,96.2,22.5
2026-09-01 06:05:26,28.5,96.2,22.5
2026-09-01 06:05:56,28.4,96.4,23.3
2026-09-01 06:06:26,28.5,96.4,24.2
2026-09-01 06:06:56,28.5,96.5,25.0
2026-09-01 06:07:26,28.5,96.5,25.8
2026-09-01 06:07:56,28.5,96.5,26.7
2026-09-01 06:08:26,28.5,96.4,27.5
2026-09-01 06:08:56,28.5,96.3,27.5
2026-09-01 06:09:26,28.5,96.3,29.2
2026-09-01 06:09:56,28.5,96.3,29.2
2026-09-01 06:10:26,28.5,96.2,30.0
2026-09-01 06:10:56,28.5,96.0,30.8
2026-09-01 06:11:26,28.4,95.9,31.7
2026-09-01 06:11:56,28.5,96.0,32.5
2026-09-01 06:12:26,28.4,95.8,33.3
2026-09-01 06:12:56,28.5,95.9,34.2
2026-09-01 06:13:26,28.5,95.8,35.8
2026-09-01 06:13:56,28.5,95.9,36.7
2026-09-01 06:14:26,28.5,95.8,37.5
2026-09-01 06:14:56,28.5,96.0,38.3
2026-09-01 06:15:26,28.5,95.9,39.2
2026-09-01 06:15:56,28.5,96.0,40.8
2026-09-01 06:16:26,28.5,96.0,41.7
2026-09-01 06:16:56,28.5,96.0,42.5
2026-09-01 06:17:26,28.5,95.9,43.3
2026-09-01 06:17:56,28.4,96.0,44.2
2026-09-01 06:18:26,28.6,95.9,45.8
2026-09-01 06:18:56,28.5,95.6,46.7
2026-09-01 06:19:26,28.5,95.6,48.3
2026-09-01 06:19:56,28.4,95.5,49.2
2026-09-01 06:20:26,28.5,95.6,50.8
2026-09-01 06:20:56,28.4,95.5,51.7
2026-09-01 06:21:26,28.5,95.4,52.5
2026-09-01 06:21:56,28.4,95.5,55.8
2026-09-01 06:22:26,28.5,95.9,57.5
2026-09-01 06:22:56,28.5,95.8,60.0
2026-09-01 06:23:26,28.5,95.7,63.3
2026-09-01 06:23:56,28.5,95.6,65.0
2026-09-01 06:24:26,28.5,95.5,66.7
2026-09-01 06:24:56,28.5,95.7,68.3
2026-09-01 06:25:26,28.5,95.5,70.0
2026-09-01 06:25:56,28.5,95.5,70.8
2026-09-01 06:26:26,28.5,95.7,71.7
2026-09-01 06:26:56,28.5,95.7,70.8
2026-09-01 06:27:26,28.5,95.7,68.3
2026-09-01 06:27:56,28.6,95.5,69.2
2026-09-01 06:28:26,28.5,95.4,70.0
2026-09-01 06:28:56,28.5,95.3,72.5
2026-09-01 06:29:26,28.6,95.2,74.2
2026-09-01 06:29:56,28.5,95.4,71.7
2026-09-01 06:30:26,28.6,95.4,70.0
2026-09-01 06:30:56,28.6,95.4,70.0
2026-09-01 06:31:26,28.6,95.3,70.8
2026-09-01 06:31:56,28.6,95.3,71.7
2026-09-01 06:32:26,28.5,95.2,72.5
2026-09-01 06:32:56,28.6,95.3,73.3
2026-09-01 06:33:26,28.5,95.4,75.0
2026-09-01 06:33:56,28.5,95.4,77.5
2026-09-01 06:34:26,28.6,95.2,75.8
2026-09-01 06:34:56,28.6,95.2,80.0
2026-09-01 06:35:26,28.5,95.5,85.8
2026-09-01 06:35:56,28.6,95.5,87.5
2026-09-01 06:36:26,28.5,95.4,89.2
2026-09-01 06:36:56,28.6,95.3,90.8
2026-09-01 06:37:26,28.5,95.3,87.5
2026-09-01 06:37:56,28.6,95.2,85.0
2026-09-01 06:38:26,28.5,95.3,79.2
2026-09-01 06:38:56,28.6,95.3,80.8
2026-09-01 06:39:26,28.6,95.4,85.0
2026-09-01 06:39:56,28.6,95.3,92.5
2026-09-01 06:40:26,28.5,95.2,94.2
2026-09-01 06:40:56,28.6,94.8,94.2
2026-09-01 06:41:26,28.6,94.7,85.8
2026-09-01 06:41:56,28.6,94.8,82.5
2026-09-01 06:42:26,28.5,94.8,81.7
2026-09-01 06:42:56,28.6,94.7,83.3
2026-09-01 06:43:26,28.7,94.8,85.8
2026-09-01 06:43:56,28.6,94.7,86.7
2026-09-01 06:44:26,28.6,94.4,87.5
2026-09-01 06:44:56,28.7,94.5,88.3
2026-09-01 06:45:26,28.6,94.3,89.2
2026-09-01 06:45:56,28.6,94.3,90.8
2026-09-01 06:46:26,28.6,94.4,91.7
2026-09-01 06:46:56,28.7,94.3,93.3
2026-09-01 06:47:26,28.6,94.2,94.2
2026-09-01 06:47:56,28.6,94.2,95.0
2026-09-01 06:48:26,28.7,94.2,95.8
2026-09-01 06:48:56,28.6,94.3,97.5
2026-09-01 06:49:26,28.7,94.5,98.3
2026-09-01 06:49:56,28.7,94.7,98.3
2026-09-01 06:50:26,28.7,94.9,99.2
2026-09-01 06:50:56,28.7,94.8,99.2
2026-09-01 06:51:26,28.7,94.7,99.2
2026-09-01 06:51:56,28.7,94.8,98.3
2026-09-01 06:52:26,28.7,94.6,98.3
2026-09-01 06:52:56,28.7,94.8,98.3
2026-09-01 06:53:26,28.6,94.8,98.3
2026-09-01 06:53:56,28.6,94.8,98.3
2026-09-01 06:54:26,28.6,94.7,96.7
2026-09-01 06:54:56,28.6,94.6,96.7
2026-09-01 06:55:26,28.7,94.3,95.8
2026-09-01 06:55:56,28.7,94.4,96.7
2026-09-01 06:56:26,28.7,94.5,96.7
2026-09-01 06:56:56,28.8,93.9,98.3
2026-09-01 06:57:26,28.7,93.4,99.2
2026-09-01 06:57:56,28.7,93.6,99.2
2026-09-01 06:58:26,28.7,93.7,100.0
2026-09-01 06:58:56,28.7,93.7,100.0
2026-09-01 06:59:26,28.7,93.7,100.8
2026-09-01 06:59:56,28.8,93.5,101.7
2026-09-01 07:00:26,28.8,93.4,100.8
2026-09-01 07:00:56,28.8,93.0,100.8
2026-09-01 07:01:26,28.7,93.2,100.0
2026-09-01 07:01:56,28.7,93.4,100.8
2026-09-01 07:02:26,28.7,93.5,100.8
2026-09-01 07:02:56,28.8,93.1,101.7
2026-09-01 07:03:26,28.7,92.9,101.7
2026-09-01 07:03:56,28.7,92.1,102.5
2026-09-01 07:04:26,28.8,92.3,103.3
2026-09-01 07:04:56,28.8,92.9,103.3
2026-09-01 07:05:26,28.9,92.7,104.2
2026-09-01 07:05:56,28.8,92.8,105.0
2026-09-01 07:06:26,28.8,92.7,105.8
2026-09-01 07:06:56,28.8,92.9,108.3
2026-09-01 07:07:26,28.8,92.6,108.3
2026-09-01 07:07:56,28.8,92.4,109.2
2026-09-01 07:08:26,28.8,92.2,109.2
2026-09-01 07:08:56,28.7,91.1,111.7
2026-09-01 07:09:26,28.8,91.3,113.3
2026-09-01 07:09:56,28.8,91.7,114.2
2026-09-01 07:10:26,28.9,91.7,112.5
2026-09-01 07:10:56,28.8,91.7,112.5
2026-09-01 07:11:26,28.9,90.6,114.2
2026-09-01 07:11:56,28.8,90.7,115.0
2026-09-01 07:12:26,28.8,90.8,114.2
2026-09-01 07:12:56,28.8,91.3,115.8
2026-09-01 07:13:26,28.9,90.5,120.0
2026-09-01 07:13:56,28.8,90.3,121.7
2026-09-01 07:14:26,28.8,90.5,123.3
2026-09-01 07:14:56,28.8,90.5,124.2
2026-09-01 07:15:26,28.8,90.3,125.0
2026-09-01 07:15:56,28.9,90.5,125.8
2026-09-01 07:16:26,28.9,90.4,127.5
2026-09-01 07:16:56,28.9,90.6,128.3
2026-09-01 07:17:26,28.8,89.9,127.5
2026-09-01 07:17:56,28.9,90.7,125.0
2026-09-01 07:18:26,28.9,89.6,126.7
2026-09-01 07:18:56,28.8,89.0,127.5
2026-09-01 07:19:26,28.8,89.6,129.2
2026-09-01 07:19:56,28.8,89.7,134.2
2026-09-01 07:20:26,28.9,90.2,140.0
2026-09-01 07:20:56,28.8,90.1,142.5
2026-09-01 07:21:26,28.9,90.1,144.2
2026-09-01 07:21:56,28.9,90.1,146.7
2026-09-01 07:22:26,28.9,90.4,149.2
2026-09-01 07:22:56,28.9,90.6,149.2
2026-09-01 07:23:26,28.9,90.7,149.2
2026-09-01 07:23:56,28.9,90.4,147.5
2026-09-01 07:24:26,28.9,89.5,147.5
2026-09-01 07:24:56,28.9,88.2,145.0
2026-09-01 07:25:26,28.9,88.3,146.7
2026-09-01 07:25:56,28.9,88.4,144.2
2026-09-01 07:26:26,28.9,89.3,142.5
2026-09-01 07:26:56,28.9,90.0,142.5
2026-09-01 07:27:26,28.9,89.9,142.5
2026-09-01 07:27:56,28.9,89.8,142.5
2026-09-01 07:28:26,28.9,90.4,144.2
2026-09-01 07:28:56,28.9,89.8,141.7
2026-09-01 07:29:26,28.8,89.7,147.5
2026-09-01 07:29:56,28.9,89.9,150.0
2026-09-01 07:30:26,28.8,90.1,153.3
2026-09-01 07:30:56,28.9,89.0,146.7
2026-09-01 07:31:26,28.9,88.1,144.2
2026-09-01 07:31:56,28.9,88.1,145.0
2026-09-01 07:32:26,28.9,88.8,147.5
2026-09-01 07:32:56,28.9,89.4,145.8
2026-09-01 07:33:26,29.0,89.2,162.5
2026-09-01 07:33:56,28.9,88.3,171.7
2026-09-01 07:34:26,28.9,88.3,171.7
2026-09-01 07:34:56,28.9,87.5,175.0
2026-09-01 07:35:26,28.9,88.2,178.3
2026-09-01 07:35:56,28.9,88.7,175.0
2026-09-01 07:36:26,29.0,88.2,178.3
2026-09-01 07:36:56,28.9,88.7,180.0
2026-09-01 07:37:26,29.0,88.5,172.5
2026-09-01 07:37:56,28.9,88.6,176.7
2026-09-01 07:38:26,29.0,88.1,180.0
2026-09-01 07:38:56,28.9,88.1,186.7
2026-09-01 07:39:26,28.9,87.9,186.7
2026-09-01 07:39:56,29.0,87.6,190.8
2026-09-01 07:40:26,29.0,87.3,180.8
2026-09-01 07:40:56,28.9,87.6,183.3
2026-09-01 07:41:26,29.0,87.6,174.2
2026-09-01 07:41:56,28.9,87.3,188.3
2026-09-01 07:42:26,29.0,87.2,183.3
2026-09-01 07:42:56,29.0,86.5,184.2
2026-09-01 07:43:26,29.0,88.0,179.2
2026-09-01 07:43:56,29.0,88.9,172.5
2026-09-01 07:44:26,29.0,87.3,171.7
2026-09-01 07:44:56,28.9,87.4,159.2
2026-09-01 07:45:26,29.0,88.4,155.0
2026-09-01 07:45:56,29.0,88.2,154.2
2026-09-01 07:46:26,29.0,88.4,151.7
2026-09-01 07:46:56,28.9,87.7,150.8
2026-09-01 07:47:26,28.9,87.3,150.0
2026-09-01 07:47:56,29.0,87.9,148.3
2026-09-01 07:48:26,28.9,88.1,150.8
2026-09-01 07:48:56,29.0,87.8,152.5
2026-09-01 07:49:26,29.0,87.0,152.5
2026-09-01 07:49:56,28.9,86.2,153.3
2026-09-01 07:50:26,29.0,86.6,155.0
2026-09-01 07:50:56,28.9,86.6,155.0
2026-09-01 07:51:26,28.9,86.5,154.2
2026-09-01 07:51:56,29.0,86.3,154.2
2026-09-01 07:52:26,28.9,86.8,154.2
2026-09-01 07:52:56,29.0,87.1,155.0
2026-09-01 07:53:26,29.0,86.9,155.8
2026-09-01 07:53:56,29.0,86.7,155.8
2026-09-01 07:54:26,29.0,87.6,155.0
2026-09-01 07:54:56,29.0,87.6,155.8
2026-09-01 07:55:26,29.0,86.5,155.8
2026-09-01 07:55:56,28.9,86.8,155.0
2026-09-01 07:56:26,29.0,86.6,153.3
2026-09-01 07:56:56,29.1,86.6,151.7
2026-09-01 07:57:26,29.0,87.5,150.0
2026-09-01 07:57:56,29.1,87.3,147.5
2026-09-01 07:58:26,29.0,87.5,147.5
2026-09-01 07:58:56,29.1,86.5,145.8
2026-09-01 07:59:26,29.0,85.7,143.3
2026-09-01 07:59:56,29.0,86.8,144.2
2026-09-01 08:00:26,29.0,86.8,142.5
2026-09-01 08:00:56,29.1,85.9,141.7
2026-09-01 08:01:26,29.0,85.3,142.5
2026-09-01 08:01:56,29.1,84.0,140.8
2026-09-01 08:02:26,29.0,84.4,141.7
2026-09-01 08:02:56,29.0,84.9,141.7
2026-09-01 08:03:26,29.0,84.4,142.5
2026-09-01 08:03:56,29.1,84.0,144.2
2026-09-01 08:04:26,29.1,84.7,142.5
2026-09-01 08:04:56,29.2,84.4,143.3
2026-09-01 08:05:26,29.0,84.4,142.5
2026-09-01 08:05:56,29.0,84.9,142.5
2026-09-01 08:06:26,29.0,85.5,143.3
2026-09-01 08:06:56,29.1,85.5,145.0
2026-09-01 08:07:26,29.1,85.2,146.7
2026-09-01 08:07:56,29.1,86.1,148.3
2026-09-01 08:08:26,29.1,86.6,147.5
2026-09-01 08:08:56,29.1,85.3,152.5
2026-09-01 08:09:26,29.0,85.8,155.8
2026-09-01 08:09:56,29.1,85.3,156.7
2026-09-01 08:10:26,29.0,85.6,158.3
2026-09-01 08:10:56,29.1,86.6,159.2
2026-09-01 08:11:26,29.1,87.0,159.2
2026-09-01 08:11:56,29.1,84.9,163.3
2026-09-01 08:12:26,29.0,85.5,165.0
2026-09-01 08:12:56,29.1,85.4,168.3
2026-09-01 08:13:26,29.1,85.3,169.2
2026-09-01 08:13:56,29.1,84.1,170.8
2026-09-01 08:14:26,29.1,84.9,171.7
2026-09-01 08:14:56,29.2,84.9,170.0
2026-09-01 08:15:26,29.1,86.4,171.7
2026-09-01 08:15:56,29.2,86.1,173.3
2026-09-01 08:16:26,29.2,85.3,173.3
2026-09-01 08:16:56,29.1,84.7,173.3
2026-09-01 08:17:26,29.1,85.9,175.0
2026-09-01 08:17:56,29.2,84.6,175.8
2026-09-01 08:18:26,29.0,84.6,177.5
2026-09-01 08:18:56,29.2,84.4,178.3
2026-09-01 08:19:26,29.0,83.5,175.8
2026-09-01 08:19:56,29.2,83.0,180.8
2026-09-01 08:20:26,29.2,83.1,180.0
2026-09-01 08:20:56,29.2,83.2,180.0
2026-09-01 08:21:26,29.2,83.7,182.5
2026-09-01 08:21:56,29.1,83.1,185.8
2026-09-01 08:22:26,29.2,83.3,189.2
2026-09-01 08:22:56,29.1,83.6,191.7
2026-09-01 08:23:26,29.2,83.7,199.2
2026-09-01 08:23:56,29.1,84.1,220.0
2026-09-01 08:24:26,29.2,83.5,242.5
2026-09-01 08:24:56,29.1,84.1,221.7
2026-09-01 08:25:26,29.2,84.0,297.5
2026-09-01 08:25:56,29.1,83.9,290.0
2026-09-01 08:26:26,29.2,84.0,305.8
2026-09-01 08:26:56,29.1,83.5,283.3
2026-09-01 08:27:26,29.3,83.0,298.3
2026-09-01 08:27:56,29.2,82.0,309.2
2026-09-01 08:28:26,29.3,83.0,285.0
2026-09-01 08:28:56,29.2,82.3,309.2
2026-09-01 08:29:26,29.3,82.5,308.3
2026-09-01 08:29:56,29.3,82.0,310.8
2026-09-01 08:30:26,29.3,81.9,309.2
2026-09-01 08:30:56,29.3,82.4,311.7
2026-09-01 08:31:26,29.3,83.1,315.0
2026-09-01 08:31:56,29.3,83.2,315.8
2026-09-01 08:32:26,29.3,82.0,315.8
2026-09-01 08:32:56,29.3,82.1,317.5
2026-09-01 08:33:26,29.3,82.0,317.5
2026-09-01 08:33:56,29.3,82.4,319.2
2026-09-01 08:34:26,29.4,82.3,319.2
2026-09-01 08:34:56,29.3,82.9,319.2
2026-09-01 08:35:26,29.3,82.8,316.7
2026-09-01 08:35:56,29.3,81.3,319.2
2026-09-01 08:36:26,29.5,80.6,319.2
2026-09-01 08:36:56,29.4,81.3,326.7
2026-09-01 08:37:26,29.5,82.2,327.5
2026-09-01 08:37:56,29.4,81.9,326.7
2026-09-01 08:38:26,29.5,82.0,330.0
2026-09-01 08:38:56,29.5,82.0,335.0
2026-09-01 08:39:26,29.4,81.3,335.8
2026-09-01 08:39:56,29.4,81.8,337.5
2026-09-01 08:40:26,29.4,81.0,330.0
2026-09-01 08:40:56,29.4,79.4,335.8
2026-09-01 08:41:26,29.5,79.5,339.2
2026-09-01 08:41:56,29.5,79.3,343.3
2026-09-01 08:42:26,29.5,79.9,348.3
2026-09-01 08:42:56,29.5,79.4,351.7
2026-09-01 08:43:26,29.6,79.2,351.7
2026-09-01 08:43:56,29.6,79.7,348.3
2026-09-01 08:44:26,29.6,80.9,357.5
2026-09-01 08:44:56,29.6,79.8,356.7
2026-09-01 08:45:26,29.6,79.0,335.0
2026-09-01 08:45:56,29.6,81.0,345.0
2026-09-01 08:46:26,29.6,80.4,364.2
2026-09-01 08:46:56,29.7,80.6,360.8
2026-09-01 08:47:26,29.6,79.4,360.0
2026-09-01 08:47:56,29.6,78.8,364.2
2026-09-01 08:48:26,29.6,78.1,363.3
2026-09-01 08:48:56,29.6,80.3,362.5
2026-09-01 08:49:26,29.6,79.8,365.0
2026-09-01 08:49:56,29.7,78.6,369.2
2026-09-01 08:50:26,29.7,80.7,370.8
2026-09-01 08:50:56,29.7,79.7,373.3
2026-09-01 08:51:26,29.7,79.5,377.5
2026-09-01 08:51:56,29.7,81.8,380.0
2026-09-01 08:52:26,29.8,79.9,376.7
2026-09-01 08:52:56,29.7,78.6,460.8
2026-09-01 08:53:26,29.8,75.9,473.3
2026-09-01 08:53:56,30.0,75.6,473.3
2026-09-01 08:54:26,30.5,73.7,473.3
2026-09-01 08:54:56,30.8,71.6,470.8
2026-09-01 08:55:26,31.1,70.8,471.7
2026-09-01 08:55:56,31.4,70.7,469.2
2026-09-01 08:56:26,31.7,70.5,473.3
2026-09-01 08:56:56,32.1,70.2,473.3
2026-09-01 08:57:26,32.2,70.2,476.7
2026-09-01 08:57:56,32.5,70.3,477.5
2026-09-01 08:58:26,32.7,67.8,472.5
2026-09-01 08:58:56,32.8,67.2,471.7
2026-09-01 08:59:26,32.9,67.6,468.3
2026-09-01 08:59:56,33.1,66.7,465.8
2026-09-01 09:00:26,33.3,65.1,465.8
2026-09-01 09:00:56,33.3,63.7,467.5
2026-09-01 09:01:26,33.4,64.0,468.3
2026-09-01 09:01:56,33.5,65.0,470.0
2026-09-01 09:02:26,33.7,63.4,465.8
2026-09-01 09:02:56,33.7,64.5,465.8
2026-09-01 09:03:26,33.7,64.9,460.0
2026-09-01 09:03:56,33.8,64.7,459.2
2026-09-01 09:04:26,33.9,65.2,460.8
2026-09-01 09:04:56,33.8,63.4,460.0
2026-09-01 09:05:26,33.9,63.3,465.0
2026-09-01 09:05:56,33.9,62.1,467.5
2026-09-01 09:06:26,33.9,62.2,467.5
2026-09-01 09:06:56,34.0,63.8,465.0
2026-09-01 09:07:26,34.1,63.0,463.3
2026-09-01 09:07:56,34.0,61.7,460.8
2026-09-01 09:08:26,34.1,63.1,455.8
2026-09-01 09:08:56,34.2,61.1,448.3
2026-09-01 09:09:26,34.3,62.0,448.3
2026-09-01 09:09:56,34.3,61.5,447.5
2026-09-01 09:10:26,34.2,63.5,442.5
2026-09-01 09:10:56,34.3,63.1,443.3
2026-09-01 09:11:26,34.4,63.0,446.7
2026-09-01 09:11:56,34.5,64.0,440.8
2026-09-01 09:12:26,34.4,61.5,435.0
2026-09-01 09:12:56,34.5,62.9,414.2
2026-09-01 09:13:26,34.5,62.3,396.7
2026-09-01 09:13:56,34.5,60.1,391.7
2026-09-01 09:14:26,34.4,60.8,394.2
2026-09-01 09:14:56,34.4,60.6,391.7
2026-09-01 09:15:26,34.3,60.8,418.3
2026-09-01 09:15:56,34.4,60.8,440.8
2026-09-01 09:16:26,34.4,59.6,451.7
2026-09-01 09:16:56,34.3,59.9,456.7
2026-09-01 09:17:26,34.4,60.5,454.2
2026-09-01 09:17:56,34.5,59.2,460.8
2026-09-01 09:18:26,34.4,60.8,464.2
2026-09-01 09:18:56,34.4,61.3,462.5
2026-09-01 09:19:26,34.5,60.8,464.2
2026-09-01 09:19:56,34.6,61.8,461.7
2026-09-01 09:20:26,34.5,61.0,460.8
2026-09-01 09:20:56,34.6,62.0,457.5
2026-09-01 09:21:26,34.5,60.7,455.8
2026-09-01 09:21:56,34.5,59.7,465.0
2026-09-01 09:22:26,34.6,60.1,462.5
2026-09-01 09:22:56,34.6,60.0,461.7
2026-09-01 09:23:26,34.6,61.6,459.2
2026-09-01 09:23:56,34.6,61.2,462.5
2026-09-01 09:24:26,34.6,60.2,460.0
2026-09-01 09:24:56,34.7,60.6,460.0
2026-09-01 09:25:26,34.7,59.3,459.2
2026-09-01 09:25:56,34.8,60.0,456.7
2026-09-01 09:26:26,34.8,61.9,455.8
2026-09-01 09:26:56,34.7,60.5,455.8
2026-09-01 09:27:26,34.7,59.3,454.2
2026-09-01 09:27:56,34.8,59.3,454.2
2026-09-01 09:28:26,34.8,61.4,456.7
2026-09-01 09:28:56,34.8,60.3,458.3
2026-09-01 09:29:26,34.8,60.5,458.3
2026-09-01 09:29:56,34.9,58.8,459.2
2026-09-01 09:30:26,34.9,57.5,463.3
2026-09-01 09:30:56,34.9,58.7,460.8
2026-09-01 09:31:26,34.9,58.2,445.0
2026-09-01 09:31:56,34.9,59.8,431.7
2026-09-01 09:32:26,34.9,57.9,448.3
2026-09-01 09:32:56,34.9,57.8,465.0
2026-09-01 09:33:26,34.9,60.5,470.0
2026-09-01 09:33:56,34.8,58.1,464.2
2026-09-01 09:34:26,34.7,58.0,452.5
2026-09-01 09:34:56,34.8,57.8,466.7
2026-09-01 09:35:26,34.8,58.3,458.3
2026-09-01 09:35:56,34.8,57.4,446.7
2026-09-01 09:36:26,34.8,58.9,424.2
2026-09-01 09:36:56,34.8,60.2,458.3
2026-09-01 09:37:26,34.8,59.8,463.3
2026-09-01 09:37:56,34.8,59.5,462.5
2026-09-01 09:38:26,34.8,57.7,459.2
2026-09-01 09:38:56,34.8,59.2,458.3
2026-09-01 09:39:26,34.8,59.9,453.3
2026-09-01 09:39:56,34.9,58.8,457.5
2026-09-01 09:40:26,34.9,58.1,454.2
2026-09-01 09:40:56,34.9,57.5,450.0
2026-09-01 09:41:26,34.9,58.6,444.2
2026-09-01 09:41:56,35.0,58.6,451.7
2026-09-01 09:42:26,35.1,58.0,457.5
2026-09-01 09:42:56,35.0,57.3,456.7
2026-09-01 09:43:26,35.1,57.3,454.2
2026-09-01 09:43:56,35.1,58.6,451.7
2026-09-01 09:44:26,35.0,58.8,450.0
2026-09-01 09:44:56,35.0,59.6,441.7
2026-09-01 09:45:26,35.1,58.2,444.2
2026-09-01 09:45:56,35.0,59.2,440.0
2026-09-01 09:46:26,35.0,57.7,431.7
2026-09-01 09:46:56,35.1,57.2,431.7
2026-09-01 09:47:26,35.1,59.2,430.8
2026-09-01 09:47:56,35.1,58.8,424.2
2026-09-01 09:48:26,35.1,59.5,428.3
2026-09-01 09:48:56,35.1,58.6,430.0
2026-09-01 09:49:26,35.0,57.3,430.8
2026-09-01 09:49:56,35.1,57.6,430.0
2026-09-01 09:50:26,35.1,57.9,423.3
2026-09-01 09:50:56,35.0,57.7,438.3
2026-09-01 09:51:26,35.0,57.7,435.0
2026-09-01 09:51:56,35.0,56.8,433.3
2026-09-01 09:52:26,35.1,57.8,434.2
2026-09-01 09:52:56,35.0,56.1,425.8
2026-09-01 09:53:26,35.0,56.9,431.7
2026-09-01 09:53:56,35.0,57.5,439.2
2026-09-01 09:54:26,35.0,56.4,452.5
2026-09-01 09:54:56,35.0,55.8,446.7
2026-09-01 09:55:26,35.0,55.5,443.3
2026-09-01 09:55:56,35.0,55.9,441.7
2026-09-01 09:56:26,35.0,57.5,437.5
2026-09-01 09:56:56,35.0,56.9,437.5
2026-09-01 09:57:26,35.1,59.5,435.8
2026-09-01 09:57:56,35.1,59.8,437.5
2026-09-01 09:58:26,35.0,57.1,436.7
2026-09-01 09:58:56,34.9,56.7,442.5
2026-09-01 09:59:26,35.0,56.5,445.0
2026-09-01 09:59:56,35.0,58.1,442.5
2026-09-01 10:00:26,35.0,58.5,440.8
2026-09-01 10:00:56,35.0,59.1,439.2
2026-09-01 10:01:26,35.1,59.2,436.7
2026-09-01 10:01:56,35.1,59.7,435.0
2026-09-01 10:02:26,35.2,58.2,420.0
2026-09-01 10:02:56,35.2,59.5,420.8
2026-09-01 10:03:26,35.3,58.7,422.5
2026-09-01 10:03:56,35.1,60.0,425.0
2026-09-01 10:04:26,35.1,59.0,425.8
2026-09-01 10:04:56,35.2,58.9,430.0
2026-09-01 10:05:26,35.1,57.3,425.0
2026-09-01 10:05:56,35.1,58.9,420.8
2026-09-01 10:06:26,35.1,59.7,422.5
2026-09-01 10:06:56,35.2,57.5,416.7
2026-09-01 10:07:26,35.1,57.6,410.8
2026-09-01 10:07:56,35.2,58.4,410.8
2026-09-01 10:08:26,35.1,56.8,413.3
2026-09-01 10:08:56,35.2,56.2,407.5
2026-09-01 10:09:26,35.2,55.9,390.0
2026-09-01 10:09:56,35.2,54.8,425.8
2026-09-01 10:10:26,35.2,55.0,428.3
2026-09-01 10:10:56,35.2,54.7,422.5
2026-09-01 10:11:26,35.2,54.4,415.0
2026-09-01 10:11:56,35.2,56.0,407.5
2026-09-01 10:12:26,35.1,57.5,404.2
2026-09-01 10:12:56,35.2,55.7,413.3
2026-09-01 10:13:26,35.1,56.9,411.7
2026-09-01 10:13:56,35.2,56.7,416.7
2026-09-01 10:14:26,35.1,56.5,420.8
2026-09-01 10:14:56,35.0,54.7,429.2
2026-09-01 10:15:26,34.9,55.4,434.2
2026-09-01 10:15:56,34.8,55.4,445.0
2026-09-01 10:16:26,35.0,55.0,444.2
2026-09-01 10:16:56,34.8,55.9,447.5
2026-09-01 10:17:26,34.9,57.1,454.2
2026-09-01 10:17:56,34.8,59.0,451.7
2026-09-01 10:18:26,35.0,56.2,454.2
2026-09-01 10:18:56,35.0,57.7,454.2
2026-09-01 10:19:26,35.1,56.4,452.5
2026-09-01 10:19:56,35.0,56.6,451.7
2026-09-01 10:20:26,35.1,57.0,442.5
2026-09-01 10:20:56,35.0,55.5,440.8
2026-09-01 10:21:26,35.0,57.5,442.5
2026-09-01 10:21:56,35.1,57.4,439.2
2026-09-01 10:22:26,35.1,59.5,430.8
2026-09-01 10:22:56,35.2,59.2,423.3
2026-09-01 10:23:26,35.1,57.6,422.5
2026-09-01 10:23:56,35.1,57.4,429.2
2026-09-01 10:24:26,35.0,56.8,431.7
2026-09-01 10:24:56,34.8,55.8,440.0
2026-09-01 10:25:26,34.9,57.6,446.7
2026-09-01 10:25:56,34.9,58.7,441.7
2026-09-01 10:26:26,34.9,59.0,440.8
2026-09-01 10:26:56,34.8,58.3,440.8
2026-09-01 10:27:26,34.9,59.2,443.3
2026-09-01 10:27:56,34.8,60.2,450.8
2026-09-01 10:28:26,34.8,59.7,451.7
2026-09-01 10:28:56,34.9,58.8,457.5
2026-09-01 10:29:26,34.9,61.2,455.8
2026-09-01 10:29:56,34.8,59.0,446.7
2026-09-01 10:30:26,34.9,60.3,443.3
2026-09-01 10:30:56,35.0,58.9,447.5
2026-09-01 10:31:26,35.0,59.5,449.2
2026-09-01 10:31:56,35.1,57.7,455.0
2026-09-01 10:32:26,35.1,58.4,458.3
2026-09-01 10:32:56,35.1,60.0,461.7
2026-09-01 10:33:26,35.2,61.0,465.0
2026-09-01 10:33:56,35.1,57.8,466.7
2026-09-01 10:34:26,35.1,57.9,464.2
2026-09-01 10:34:56,35.1,56.1,467.5
2026-09-01 10:35:26,35.0,57.4,469.2
2026-09-01 10:35:56,35.0,57.8,474.2
2026-09-01 10:36:26,35.1,55.3,494.2
2026-09-01 10:36:56,35.0,55.6,530.0
2026-09-01 10:37:26,35.1,58.8,595.0
2026-09-01 10:37:56,35.2,57.5,660.0
2026-09-01 10:38:26,35.1,57.6,655.0
2026-09-01 10:38:56,35.2,57.6,598.3
2026-09-01 10:39:26,35.1,58.6,511.7
2026-09-01 10:39:56,35.1,57.6,459.2
2026-09-01 10:40:26,35.1,56.6,442.5
2026-09-01 10:40:56,35.1,56.2,436.7
2026-09-01 10:41:26,35.1,56.1,430.8
2026-09-01 10:41:56,35.1,55.8,432.5
2026-09-01 10:42:26,35.1,55.9,429.2
2026-09-01 10:42:56,35.2,57.6,429.2
2026-09-01 10:43:26,35.1,56.0,420.8
2026-09-01 10:43:56,35.1,55.0,420.0
2026-09-01 10:44:26,35.0,56.1,420.0
2026-09-01 10:44:56,34.9,57.0,417.5
2026-09-01 10:45:26,35.1,57.0,423.3
2026-09-01 10:45:56,35.1,57.4,425.0
2026-09-01 10:46:26,35.1,58.5,424.2
2026-09-01 10:46:56,35.1,57.3,418.3
2026-09-01 10:47:26,35.1,56.2,419.2
2026-09-01 10:47:56,35.1,56.2,416.7
2026-09-01 10:48:26,35.0,56.3,413.3
2026-09-01 10:48:56,34.9,56.6,414.2
2026-09-01 10:49:26,35.0,55.5,409.2
2026-09-01 10:49:56,35.0,56.5,409.2
2026-09-01 10:50:26,35.0,56.8,409.2
2026-09-01 10:50:56,34.9,55.1,414.2
2026-09-01 10:51:26,35.0,56.6,416.7
2026-09-01 10:51:56,35.0,57.3,420.8
2026-09-01 10:52:26,35.1,55.9,420.8
2026-09-01 10:52:56,35.2,54.9,418.3
2026-09-01 10:53:26,35.0,55.2,415.0
2026-09-01 10:53:56,35.1,56.0,405.8
2026-09-01 10:54:26,35.1,56.4,413.3
2026-09-01 10:54:56,35.1,57.9,417.5
2026-09-01 10:55:26,35.2,57.9,422.5
2026-09-01 10:55:56,35.2,58.8,416.7
2026-09-01 10:56:26,35.2,55.7,420.0
2026-09-01 10:56:56,35.2,55.0,415.8
2026-09-01 10:57:26,35.0,56.8,418.3
2026-09-01 10:57:56,35.1,57.2,423.3
2026-09-01 10:58:26,35.1,55.6,425.0
2026-09-01 10:58:56,35.1,56.4,425.0
2026-09-01 10:59:26,35.1,56.5,430.8
2026-09-01 10:59:56,35.2,54.6,429.2
2026-09-01 11:00:26,35.3,56.0,425.8
2026-09-01 11:00:56,35.4,56.9,423.3
2026-09-01 11:01:26,35.6,55.4,430.8
2026-09-01 11:01:56,35.5,57.4,420.8
2026-09-01 11:02:26,35.6,55.6,418.3
2026-09-01 11:02:56,35.6,56.7,416.7
2026-09-01 11:03:26,35.7,56.9,416.7
2026-09-01 11:03:56,35.7,58.0,418.3
2026-09-01 11:04:26,35.8,57.2,417.5
2026-09-01 11:04:56,35.7,58.0,417.5
2026-09-01 11:05:26,35.8,56.5,417.5
2026-09-01 11:05:56,35.7,55.7,419.2
2026-09-01 11:06:26,35.7,56.4,418.3
2026-09-01 11:06:56,35.7,56.9,420.0
2026-09-01 11:07:26,35.8,57.5,419.2
2026-09-01 11:07:56,35.9,54.9,421.7
2026-09-01 11:08:26,36.0,55.6,429.2
2026-09-01 11:08:56,36.0,55.4,429.2
2026-09-01 11:09:26,35.9,56.9,424.2
2026-09-01 11:09:56,36.0,55.6,430.0
2026-09-01 11:10:26,36.0,54.5,428.3
2026-09-01 11:10:56,35.9,54.4,430.8
2026-09-01 11:11:26,35.9,54.1,433.3
2026-09-01 11:11:56,36.0,53.7,431.7
2026-09-01 11:12:26,35.9,53.8,435.8
2026-09-01 11:12:56,35.9,55.0,432.5
2026-09-01 11:13:26,36.0,54.5,432.5
2026-09-01 11:13:56,35.8,53.0,431.7
2026-09-01 11:14:26,35.8,52.0,437.5
2026-09-01 11:14:56,35.7,53.3,435.0
2026-09-01 11:15:26,35.7,55.2,436.7
2026-09-01 11:15:56,35.7,54.5,431.7
2026-09-01 11:16:26,35.6,54.8,433.3
2026-09-01 11:16:56,35.6,56.4,431.7
2026-09-01 11:17:26,35.7,53.6,430.0
2026-09-01 11:17:56,35.6,54.1,425.8
2026-09-01 11:18:26,35.6,55.8,432.5
2026-09-01 11:18:56,35.6,53.3,428.3
2026-09-01 11:19:26,35.5,54.4,429.2
2026-09-01 11:19:56,35.5,53.3,430.0
2026-09-01 11:20:26,35.5,54.5,425.0
2026-09-01 11:20:56,35.4,53.7,425.0
2026-09-01 11:21:26,35.5,54.5,428.3
2026-09-01 11:21:56,35.3,57.0,420.8
2026-09-01 11:22:26,35.4,53.9,424.2
2026-09-01 11:22:56,35.5,53.2,424.2
2026-09-01 11:23:26,35.4,54.8,429.2
2026-09-01 11:23:56,35.4,55.3,435.0
2026-09-01 11:24:26,35.4,55.7,432.5
2026-09-01 11:24:56,35.3,54.3,441.7
2026-09-01 11:25:26,35.3,54.2,435.8
2026-09-01 11:25:56,35.2,54.6,433.3
2026-09-01 11:26:26,35.3,55.3,434.2
2026-09-01 11:26:56,35.2,53.3,431.7
2026-09-01 11:27:26,35.2,54.3,430.8
2026-09-01 11:27:56,35.1,56.1,433.3
2026-09-01 11:28:26,35.1,56.9,425.8
2026-09-01 11:28:56,35.2,57.2,435.0
2026-09-01 11:29:26,35.0,58.7,433.3
2026-09-01 11:29:56,35.1,58.8,431.7
2026-09-01 11:30:26,35.1,60.0,433.3
2026-09-01 11:30:56,35.1,60.1,432.5
2026-09-01 11:31:26,35.1,61.2,433.3
2026-09-01 11:31:56,35.2,59.5,431.7
2026-09-01 11:32:26,35.1,58.1,425.8
2026-09-01 11:32:56,35.2,60.1,428.3
2026-09-01 11:33:26,35.2,61.1,428.3
2026-09-01 11:33:56,35.3,60.2,425.8
2026-09-01 11:34:26,35.3,60.4,420.8
2026-09-01 11:34:56,35.3,58.3,420.8
2026-09-01 11:35:26,35.3,56.2,417.5
2026-09-01 11:35:56,35.3,59.0,420.0
2026-09-01 11:36:26,35.3,59.2,417.5
2026-09-01 11:36:56,35.3,57.9,420.0
2026-09-01 11:37:26,35.3,57.4,410.8
2026-09-01 11:37:56,35.2,56.5,408.3
2026-09-01 11:38:26,35.1,56.4,410.0
2026-09-01 11:38:56,35.1,58.5,410.8
2026-09-01 11:39:26,35.0,57.0,414.2
2026-09-01 11:39:56,35.0,55.4,411.7
2026-09-01 11:40:26,35.0,56.7,414.2
2026-09-01 11:40:56,35.0,57.4,409.2
2026-09-01 11:41:26,35.0,57.6,415.0
2026-09-01 11:41:56,35.0,57.4,414.2
2026-09-01 11:42:26,34.9,58.5,411.7
2026-09-01 11:42:56,34.9,57.1,412.5
2026-09-01 11:43:26,34.8,57.8,417.5
2026-09-01 11:43:56,34.8,55.6,415.8
2026-09-01 11:44:26,34.9,56.5,415.0
2026-09-01 11:44:56,34.8,56.1,415.0
2026-09-01 11:45:26,34.8,55.3,417.5
2026-09-01 11:45:56,34.8,55.6,415.0
2026-09-01 11:46:26,34.9,55.7,420.0
2026-09-01 11:46:56,34.9,54.4,428.3
2026-09-01 11:47:26,35.0,54.7,425.0
2026-09-01 11:47:56,34.9,54.0,424.2
2026-09-01 11:48:26,35.0,54.1,425.0
2026-09-01 11:48:56,35.0,54.7,423.3
2026-09-01 11:49:26,35.1,55.0,430.8
2026-09-01 11:49:56,35.0,54.3,425.0
2026-09-01 11:50:26,35.0,55.6,427.5
2026-09-01 11:50:56,35.1,56.2,433.3
2026-09-01 11:51:26,35.1,56.4,434.2
2026-09-01 11:51:56,35.2,56.3,436.7
2026-09-01 11:52:26,35.2,54.4,433.3
2026-09-01 11:52:56,35.2,56.5,431.7
2026-09-01 11:53:26,35.2,55.8,430.8
2026-09-01 11:53:56,35.2,55.6,438.3
2026-09-01 11:54:26,35.2,55.9,440.8
2026-09-01 11:54:56,35.2,54.3,441.7
2026-09-01 11:55:26,35.0,55.0,445.8
2026-09-01 11:55:56,35.0,54.9,436.7
2026-09-01 11:56:26,34.9,54.4,440.8
2026-09-01 11:56:56,34.7,53.6,439.2
2026-09-01 11:57:26,34.7,53.9,442.5
2026-09-01 11:57:56,34.6,55.3,444.2
2026-09-01 11:58:26,34.6,55.8,435.8
2026-09-01 11:58:56,34.6,55.0,438.3
2026-09-01 11:59:26,34.6,56.1,440.8
2026-09-01 11:59:56,34.6,54.9,441.7
2026-09-01 12:00:26,34.7,52.6,430.0
2026-09-01 12:00:56,34.7,53.9,440.8
2026-09-01 12:01:26,34.7,54.0,430.0
2026-09-01 12:01:56,34.8,54.9,440.0
2026-09-01 12:02:26,34.7,57.7,437.5
2026-09-01 12:02:56,34.7,55.0,440.0
2026-09-01 12:03:26,34.7,55.0,440.8
2026-09-01 12:03:56,34.7,55.1,442.5
2026-09-01 12:04:26,34.7,55.5,450.0
2026-09-01 12:04:56,34.7,54.5,430.8
2026-09-01 12:05:26,34.8,55.0,449.2
2026-09-01 12:05:56,34.8,54.2,451.7
2026-09-01 12:06:26,34.8,54.7,454.2
2026-09-01 12:06:56,34.9,54.2,455.8
2026-09-01 12:07:26,35.0,53.5,448.3
2026-09-01 12:07:56,35.1,53.2,454.2
2026-09-01 12:08:26,35.0,53.1,446.7
2026-09-01 12:08:56,35.0,54.1,443.3
2026-09-01 12:09:26,35.1,56.4,455.0
2026-09-01 12:09:56,35.0,56.3,455.0
2026-09-01 12:10:26,35.0,54.9,456.7
2026-09-01 12:10:56,35.2,57.6,456.7
2026-09-01 12:11:26,35.0,57.2,459.2
2026-09-01 12:11:56,35.1,56.6,456.7
2026-09-01 12:12:26,35.0,56.7,456.7
2026-09-01 12:12:56,34.9,56.1,462.5
2026-09-01 12:13:26,34.9,57.5,460.0
2026-09-01 12:13:56,34.8,55.0,463.3
2026-09-01 12:14:26,34.9,55.8,468.3
2026-09-01 12:14:56,34.8,55.7,474.2
2026-09-01 12:15:26,34.8,57.0,419.2
2026-09-01 12:15:56,34.7,56.4,420.0
2026-09-01 12:16:26,34.7,56.0,436.7
2026-09-01 12:16:56,34.8,55.3,429.2
2026-09-01 12:17:26,34.7,57.7,438.3
2026-09-01 12:17:56,34.7,57.2,436.7
2026-09-01 12:18:26,34.7,57.3,443.3
2026-09-01 12:18:56,34.8,56.0,434.2
2026-09-01 12:19:26,34.7,56.1,430.0
2026-09-01 12:19:56,34.7,56.0,428.3
2026-09-01 12:20:26,34.7,54.7,424.2
2026-09-01 12:20:56,34.6,55.7,430.0
2026-09-01 12:21:26,34.6,55.7,423.3
2026-09-01 12:21:56,34.5,55.9,440.0
2026-09-01 12:22:26,34.6,56.4,433.3
2026-09-01 12:22:56,34.5,55.8,419.2
2026-09-01 12:23:26,34.6,56.1,424.2
2026-09-01 12:23:56,34.5,56.2,440.0
2026-09-01 12:24:26,34.6,56.7,445.0
2026-09-01 12:24:56,34.7,57.6,439.2
2026-09-01 12:25:26,34.7,58.4,430.0
2026-09-01 12:25:56,34.7,57.6,431.7
2026-09-01 12:26:26,34.7,59.4,437.5
2026-09-01 12:26:56,34.7,58.5,431.7
2026-09-01 12:27:26,34.7,57.5,431.7
2026-09-01 12:27:56,34.8,56.3,440.0
2026-09-01 12:28:26,34.7,56.8,445.8
2026-09-01 12:28:56,34.8,58.1,456.7
2026-09-01 12:29:26,34.6,57.8,445.8
2026-09-01 12:29:56,34.7,59.0,444.2
2026-09-01 12:30:26,34.8,57.9,448.3
2026-09-01 12:30:56,34.8,56.5,445.8
2026-09-01 12:31:26,34.8,55.8,448.3
2026-09-01 12:31:56,34.8,56.5,444.2
2026-09-01 12:32:26,34.8,58.0,443.3
2026-09-01 12:32:56,34.8,57.8,434.2
2026-09-01 12:33:26,34.9,56.5,450.8
2026-09-01 12:33:56,34.8,55.8,453.3
2026-09-01 12:34:26,34.8,56.5,456.7
2026-09-01 12:34:56,34.7,56.2,437.5
2026-09-01 12:35:26,34.8,55.3,450.8
2026-09-01 12:35:56,34.7,55.2,451.7
2026-09-01 12:36:26,34.8,55.4,453.3
2026-09-01 12:36:56,34.7,55.7,456.7
2026-09-01 12:37:26,34.7,56.3,455.0
2026-09-01 12:37:56,34.7,57.2,450.0
2026-09-01 12:38:26,34.7,56.6,438.3
2026-09-01 12:38:56,34.7,56.4,439.2
2026-09-01 12:39:26,34.7,57.3,431.7
2026-09-01 12:39:56,34.7,56.0,428.3
2026-09-01 12:40:26,34.8,54.9,436.7
2026-09-01 12:40:56,34.7,56.7,432.5
2026-09-01 12:41:26,34.7,57.4,440.0
2026-09-01 12:41:56,34.7,58.7,438.3
2026-09-01 12:42:26,34.8,56.9,435.8
2026-09-01 12:42:56,34.7,57.9,440.8
2026-09-01 12:43:26,34.8,58.5,440.0
2026-09-01 12:43:56,34.8,58.9,442.5
2026-09-01 12:44:26,34.9,55.3,445.8
2026-09-01 12:44:56,34.7,56.3,430.0
2026-09-01 12:45:26,34.8,53.9,452.5
2026-09-01 12:45:56,34.8,55.0,450.8
2026-09-01 12:46:26,34.8,54.2,456.7
2026-09-01 12:46:56,34.8,56.3,456.7
2026-09-01 12:47:26,34.8,56.3,458.3
2026-09-01 12:47:56,34.8,57.7,455.8
2026-09-01 12:48:26,34.8,57.0,449.2
2026-09-01 12:48:56,34.8,56.1,460.8
2026-09-01 12:49:26,34.9,56.0,460.0
2026-09-01 12:49:56,34.9,55.8,459.2
2026-09-01 12:50:26,34.9,56.0,465.8
2026-09-01 12:50:56,34.8,55.9,470.0
2026-09-01 12:51:26,34.9,53.9,465.0
2026-09-01 12:51:56,34.8,53.4,485.8
2026-09-01 12:52:26,34.9,53.8,485.8
2026-09-01 12:52:56,34.7,54.8,475.0
2026-09-01 12:53:26,34.9,55.7,457.5
2026-09-01 12:53:56,34.8,55.6,447.5
2026-09-01 12:54:26,34.9,55.5,472.5
2026-09-01 12:54:56,34.9,55.5,472.5
2026-09-01 12:55:26,34.9,55.4,474.2
2026-09-01 12:55:56,34.8,53.7,470.8
2026-09-01 12:56:26,34.9,53.7,465.8
2026-09-01 12:56:56,34.9,56.4,472.5
2026-09-01 12:57:26,34.9,55.3,477.5
2026-09-01 12:57:56,35.0,55.5,485.8
2026-09-01 12:58:26,35.0,57.7,479.2
2026-09-01 12:58:56,35.0,56.4,491.7
2026-09-01 12:59:26,35.1,56.4,491.7
2026-09-01 12:59:56,34.9,55.7,485.0
2026-09-01 13:00:26,35.0,55.1,475.8
2026-09-01 13:00:56,34.9,54.5,475.0
2026-09-01 13:01:26,35.0,54.0,477.5
2026-09-01 13:01:56,35.0,56.6,469.2
2026-09-01 13:02:26,35.0,56.0,486.7
2026-09-01 13:02:56,35.0,55.3,481.7
2026-09-01 13:03:26,34.9,55.8,483.3
2026-09-01 13:03:56,34.9,55.3,484.2
2026-09-01 13:04:26,34.9,55.8,483.3
2026-09-01 13:04:56,34.8,57.3,484.2
2026-09-01 13:05:26,34.8,57.4,479.2
2026-09-01 13:05:56,34.7,56.4,475.0
2026-09-01 13:06:26,34.7,57.2,479.2
2026-09-01 13:06:56,34.7,57.1,486.7
2026-09-01 13:07:26,34.7,57.4,486.7
2026-09-01 13:07:56,34.8,57.5,490.0
2026-09-01 13:08:26,34.7,57.4,485.8
2026-09-01 13:08:56,34.7,57.4,484.2
2026-09-01 13:09:26,34.8,57.1,488.3
2026-09-01 13:09:56,34.9,57.4,481.7
2026-09-01 13:10:26,34.9,58.1,485.8
2026-09-01 13:10:56,34.9,55.8,466.7
2026-09-01 13:11:26,34.9,57.2,474.2
2026-09-01 13:11:56,34.9,56.0,474.2
2026-09-01 13:12:26,34.9,55.7,479.2
2026-09-01 13:12:56,34.9,54.5,485.8
2026-09-01 13:13:26,34.8,54.3,464.2
2026-09-01 13:13:56,34.7,54.5,469.2
2026-09-01 13:14:26,34.8,55.2,485.0
2026-09-01 13:14:56,34.8,55.1,492.5
2026-09-01 13:15:26,34.8,56.5,492.5
2026-09-01 13:15:56,34.8,58.0,493.3
2026-09-01 13:16:26,34.7,59.4,489.2
2026-09-01 13:16:56,34.9,58.8,485.8
2026-09-01 13:17:26,34.8,60.2,485.0
2026-09-01 13:17:56,34.8,60.3,487.5
2026-09-01 13:18:26,34.9,60.1,487.5
2026-09-01 13:18:56,34.9,59.1,483.3
2026-09-01 13:19:26,34.8,55.5,488.3
2026-09-01 13:19:56,34.7,57.0,491.7
2026-09-01 13:20:26,34.7,55.9,498.3
2026-09-01 13:20:56,34.7,56.9,499.2
2026-09-01 13:21:26,34.7,57.0,500.0
2026-09-01 13:21:56,34.7,58.2,501.7
2026-09-01 13:22:26,34.7,56.0,502.5
2026-09-01 13:22:56,34.6,57.9,489.2
2026-09-01 13:23:26,34.6,57.0,497.5
2026-09-01 13:23:56,34.8,56.2,496.7
2026-09-01 13:24:26,34.7,57.5,500.0
2026-09-01 13:24:56,34.8,56.5,499.2
2026-09-01 13:25:26,34.8,59.0,504.2
2026-09-01 13:25:56,34.8,57.0,515.8
2026-09-01 13:26:26,34.8,57.6,506.7
2026-09-01 13:26:56,34.8,56.1,521.7
2026-09-01 13:27:26,34.9,57.9,525.0
2026-09-01 13:27:56,34.9,58.2,528.3
2026-09-01 13:28:26,35.0,58.5,528.3
2026-09-01 13:28:56,34.9,57.0,529.2
2026-09-01 13:29:26,34.9,56.6,524.2
2026-09-01 13:29:56,34.9,56.8,525.0
2026-09-01 13:30:26,35.0,58.1,529.2
2026-09-01 13:30:56,35.1,57.6,540.0
2026-09-01 13:31:26,35.0,57.3,538.3
2026-09-01 13:31:56,35.1,58.8,541.7
2026-09-01 13:32:26,35.1,56.5,545.8
2026-09-01 13:32:56,35.1,57.3,547.5
2026-09-01 13:33:26,35.1,57.5,548.3
2026-09-01 13:33:56,35.1,56.9,544.2
2026-09-01 13:34:26,35.1,56.7,554.2
2026-09-01 13:34:56,35.0,57.6,572.5
2026-09-01 13:35:26,35.1,58.6,575.8
2026-09-01 13:35:56,35.2,59.2,577.5
2026-09-01 13:36:26,35.1,58.0,567.5
2026-09-01 13:36:56,35.2,55.6,575.0
2026-09-01 13:37:26,35.1,57.1,580.8
2026-09-01 13:37:56,35.2,57.9,579.2
2026-09-01 13:38:26,35.2,57.8,581.7
2026-09-01 13:38:56,35.3,58.3,590.0
2026-09-01 13:39:26,35.3,57.7,598.3
2026-09-01 13:39:56,35.4,58.5,591.7
2026-09-01 13:40:26,35.5,58.8,590.8
2026-09-01 13:40:56,35.5,58.7,588.3
2026-09-01 13:41:26,35.5,57.3,581.7
2026-09-01 13:41:56,35.4,58.1,582.5
2026-09-01 13:42:26,35.5,59.5,574.2
2026-09-01 13:42:56,35.4,58.9,575.0
2026-09-01 13:43:26,35.4,58.4,578.3
2026-09-01 13:43:56,35.5,58.2,577.5
2026-09-01 13:44:26,35.4,57.9,579.2
2026-09-01 13:44:56,35.5,56.0,576.7
2026-09-01 13:45:26,35.5,59.2,573.3
2026-09-01 13:45:56,35.5,58.1,580.8
2026-09-01 13:46:26,35.5,60.7,585.8
2026-09-01 13:46:56,35.6,57.5,580.0
2026-09-01 13:47:26,35.6,57.3,571.7
2026-09-01 13:47:56,35.6,57.1,561.7
2026-09-01 13:48:26,35.7,56.0,565.0
2026-09-01 13:48:56,35.6,53.8,567.5
2026-09-01 13:49:26,35.7,57.6,556.7
2026-09-01 13:49:56,35.6,57.2,571.7
2026-09-01 13:50:26,35.7,58.4,570.8
2026-09-01 13:50:56,35.6,58.4,575.0
2026-09-01 13:51:26,35.6,60.5,575.8
2026-09-01 13:51:56,35.7,59.1,575.0
2026-09-01 13:52:26,35.6,61.1,567.5
2026-09-01 13:52:56,35.6,60.7,570.0
2026-09-01 13:53:26,35.6,59.3,568.3
2026-09-01 13:53:56,35.6,57.1,583.3
2026-09-01 13:54:26,35.6,57.5,584.2
2026-09-01 13:54:56,35.7,56.2,600.0
2026-09-01 13:55:26,35.7,57.1,597.5
2026-09-01 13:55:56,35.7,58.2,609.2
2026-09-01 13:56:26,35.7,56.5,620.0
2026-09-01 13:56:56,35.8,56.4,622.5
2026-09-01 13:57:26,35.8,55.8,620.0
2026-09-01 13:57:56,35.8,57.0,624.2
2026-09-01 13:58:26,35.9,57.9,628.3
2026-09-01 13:58:56,35.8,56.9,636.7
2026-09-01 13:59:26,36.0,55.9,635.0
2026-09-01 13:59:56,35.9,53.7,633.3
2026-09-01 14:00:26,36.0,56.8,628.3
2026-09-01 14:00:56,36.0,55.3,626.7
2026-09-01 14:01:26,35.9,54.8,627.5
2026-09-01 14:01:56,36.0,56.4,629.2
2026-09-01 14:02:26,35.9,56.0,625.0
2026-09-01 14:02:56,36.0,56.7,623.3
2026-09-01 14:03:26,35.9,56.0,630.8
2026-09-01 14:03:56,36.0,58.5,627.5
2026-09-01 14:04:26,36.0,59.6,627.5
2026-09-01 14:04:56,36.0,57.1,631.7
2026-09-01 14:05:26,36.1,56.8,628.3
2026-09-01 14:05:56,36.0,54.4,628.3
2026-09-01 14:06:26,36.1,54.5,620.0
2026-09-01 14:06:56,36.3,53.5,620.0
2026-09-01 14:07:26,36.3,54.8,617.5
2026-09-01 14:07:56,36.2,56.3,620.8
2026-09-01 14:08:26,36.3,56.4,626.7
2026-09-01 14:08:56,36.2,55.3,630.8
2026-09-01 14:09:26,36.3,58.5,643.3
2026-09-01 14:09:56,36.3,56.1,645.8
2026-09-01 14:10:26,36.3,57.0,654.2
2026-09-01 14:10:56,36.2,56.2,647.5
2026-09-01 14:11:26,36.3,54.8,644.2
2026-09-01 14:11:56,36.2,55.9,646.7
2026-09-01 14:12:26,36.2,55.8,645.0
2026-09-01 14:12:56,36.2,55.1,650.0
2026-09-01 14:13:26,36.3,56.7,652.5
2026-09-01 14:13:56,36.3,55.5,660.0
2026-09-01 14:14:26,36.3,56.5,661.7
2026-09-01 14:14:56,36.4,54.6,660.0
2026-09-01 14:15:26,36.3,56.0,659.2
2026-09-01 14:15:56,36.3,55.9,655.8
2026-09-01 14:16:26,36.3,56.8,654.2
2026-09-01 14:16:56,36.3,58.2,646.7
2026-09-01 14:17:26,36.3,57.6,645.0
2026-09-01 14:17:56,36.4,57.5,632.5
2026-09-01 14:18:26,36.3,58.5,631.7
2026-09-01 14:18:56,36.4,59.3,628.3
2026-09-01 14:19:26,36.3,58.5,623.3
2026-09-01 14:19:56,36.4,59.8,613.3
2026-09-01 14:20:26,36.3,57.2,601.7
2026-09-01 14:20:56,36.4,59.6,602.5
2026-09-01 14:21:26,36.5,58.5,608.3
2026-09-01 14:21:56,36.5,56.9,625.0
2026-09-01 14:22:26,36.5,58.3,629.2
2026-09-01 14:22:56,36.5,55.8,633.3
2026-09-01 14:23:26,36.5,57.4,636.7
2026-09-01 14:23:56,36.6,57.4,645.8
2026-09-01 14:24:26,36.6,56.4,650.0
2026-09-01 14:24:56,36.5,55.1,650.0
2026-09-01 14:25:26,36.5,57.8,645.8
2026-09-01 14:25:56,36.5,55.4,647.5
2026-09-01 14:26:26,36.4,56.3,641.7
2026-09-01 14:26:56,36.5,58.0,638.3
2026-09-01 14:27:26,36.5,59.1,638.3
2026-09-01 14:27:56,36.5,54.0,647.5
2026-09-01 14:28:26,36.4,56.0,653.3
2026-09-01 14:28:56,36.4,57.1,655.0
2026-09-01 14:29:26,36.4,57.3,652.5
2026-09-01 14:29:56,36.5,56.0,647.5
2026-09-01 14:30:26,36.5,58.0,634.2
2026-09-01 14:30:56,36.5,57.4,635.8
2026-09-01 14:31:26,36.5,57.1,630.0
2026-09-01 14:31:56,36.4,55.8,622.5
2026-09-01 14:32:26,36.5,57.7,613.3
2026-09-01 14:32:56,36.4,55.9,605.0
2026-09-01 14:33:26,36.4,55.0,601.7
2026-09-01 14:33:56,36.6,55.9,595.8
2026-09-01 14:34:26,36.5,56.0,592.5
2026-09-01 14:34:56,36.6,55.4,588.3
2026-09-01 14:35:26,36.6,56.0,595.0
2026-09-01 14:35:56,36.6,58.1,594.2
2026-09-01 14:36:26,36.7,57.9,598.3
2026-09-01 14:36:56,36.6,56.3,598.3
2026-09-01 14:37:26,36.6,58.1,598.3
2026-09-01 14:37:56,36.7,57.5,602.5
2026-09-01 14:38:26,36.7,57.5,595.8
2026-09-01 14:38:56,36.8,58.1,591.7
2026-09-01 14:39:26,36.7,58.7,592.5
2026-09-01 14:39:56,36.7,56.0,595.0
2026-09-01 14:40:26,36.7,56.4,595.0
2026-09-01 14:40:56,36.7,57.2,595.0
2026-09-01 14:41:26,36.8,58.6,570.0
2026-09-01 14:41:56,36.6,56.5,590.8
2026-09-01 14:42:26,36.6,55.0,589.2
2026-09-01 14:42:56,36.6,55.0,579.2
2026-09-01 14:43:26,36.5,55.3,578.3
2026-09-01 14:43:56,36.7,54.4,574.2
2026-09-01 14:44:26,36.6,54.9,565.8
2026-09-01 14:44:56,36.7,56.3,565.8
2026-09-01 14:45:26,36.5,55.0,557.5
2026-09-01 14:45:56,36.4,55.7,564.2
2026-09-01 14:46:26,36.3,55.2,564.2
2026-09-01 14:46:56,36.3,54.9,555.0
2026-09-01 14:47:26,36.3,54.3,561.7
2026-09-01 14:47:56,36.3,54.1,565.0
2026-09-01 14:48:26,36.3,53.8,560.8
2026-09-01 14:48:56,36.4,53.9,568.3
2026-09-01 14:49:26,36.3,53.8,564.2
2026-09-01 14:49:56,36.4,53.2,573.3
2026-09-01 14:50:26,36.4,53.6,582.5
2026-09-01 14:50:56,36.4,52.5,588.3
2026-09-01 14:51:26,36.4,53.2,585.8
2026-09-01 14:51:56,36.4,53.1,596.7
2026-09-01 14:52:26,36.4,54.4,588.3
2026-09-01 14:52:56,36.4,54.6,580.8
2026-09-01 14:53:26,36.4,56.3,584.2
2026-09-01 14:53:56,36.4,56.1,576.7
2026-09-01 14:54:26,36.4,55.3,573.3
2026-09-01 14:54:56,36.4,55.2,570.8
2026-09-01 14:55:26,36.3,54.7,570.8
2026-09-01 14:55:56,36.4,55.6,579.2
2026-09-01 14:56:26,36.4,54.0,581.7
2026-09-01 14:56:56,36.4,53.4,575.8
2026-09-01 14:57:26,36.3,53.1,583.3
2026-09-01 14:57:56,36.4,53.5,581.7
2026-09-01 14:58:26,36.3,53.8,579.2
2026-09-01 14:58:56,36.5,53.3,575.0
2026-09-01 14:59:26,36.5,53.6,572.5
2026-09-01 14:59:56,36.4,54.5,570.0
2026-09-01 15:00:26,36.5,54.7,562.5
2026-09-01 15:00:56,36.5,55.2,568.3
2026-09-01 15:01:26,36.3,54.3,575.0
2026-09-01 15:01:56,36.3,54.3,574.2
2026-09-01 15:02:26,36.3,54.8,573.3
2026-09-01 15:02:56,36.4,56.6,555.0
2026-09-01 15:03:26,36.2,55.3,560.0
2026-09-01 15:03:56,36.3,56.7,557.5
2026-09-01 15:04:26,36.3,57.1,553.3
2026-09-01 15:04:56,36.2,56.7,555.8
2026-09-01 15:05:26,36.3,54.7,560.8
2026-09-01 15:05:56,36.3,54.9,565.0
2026-09-01 15:06:26,36.3,58.4,564.2
2026-09-01 15:06:56,36.3,56.4,563.3
2026-09-01 15:07:26,36.3,54.7,570.8
2026-09-01 15:07:56,36.2,54.9,558.3
2026-09-01 15:08:26,36.1,54.9,547.5
2026-09-01 15:08:56,36.2,54.3,561.7
2026-09-01 15:09:26,36.1,54.4,555.0
2026-09-01 15:09:56,36.1,55.4,557.5
2026-09-01 15:10:26,36.1,56.4,554.2
2026-09-01 15:10:56,36.3,55.1,549.2
2026-09-01 15:11:26,36.2,54.0,553.3
2026-09-01 15:11:56,36.2,53.9,553.3
2026-09-01 15:12:26,36.3,53.5,554.2
2026-09-01 15:12:56,36.2,55.8,552.5
2026-09-01 15:13:26,36.3,58.7,553.3
2026-09-01 15:13:56,36.2,59.0,550.8
2026-09-01 15:14:26,36.2,59.0,548.3
2026-09-01 15:14:56,36.2,59.1,540.0
2026-09-01 15:15:26,36.1,59.5,542.5
2026-09-01 15:15:56,36.0,57.5,540.0
2026-09-01 15:16:26,36.0,57.3,540.8
2026-09-01 15:16:56,36.0,58.8,537.5
2026-09-01 15:17:26,36.1,57.5,539.2
2026-09-01 15:17:56,36.1,57.0,535.8
2026-09-01 15:18:26,36.2,56.5,530.8
2026-09-01 15:18:56,36.1,56.5,528.3
2026-09-01 15:19:26,36.0,58.2,525.0
2026-09-01 15:19:56,36.0,58.5,522.5
2026-09-01 15:20:26,35.9,58.6,520.8
2026-09-01 15:20:56,35.8,58.7,520.8
2026-09-01 15:21:26,35.8,59.5,521.7
2026-09-01 15:21:56,35.8,57.2,521.7
2026-09-01 15:22:26,35.7,59.8,520.0
2026-09-01 15:22:56,35.9,59.4,503.3
2026-09-01 15:23:26,35.8,57.9,515.0
2026-09-01 15:23:56,35.8,58.8,508.3
2026-09-01 15:24:26,35.8,57.5,506.7
2026-09-01 15:24:56,35.7,56.6,505.0
2026-09-01 15:25:26,35.7,56.0,504.2
2026-09-01 15:25:56,35.7,59.0,507.5
2026-09-01 15:26:26,35.7,56.7,505.8
2026-09-01 15:26:56,35.6,57.3,505.8
2026-09-01 15:27:26,35.8,60.0,500.8
2026-09-01 15:27:56,35.8,59.2,506.7
2026-09-01 15:28:26,35.8,60.1,507.5
2026-09-01 15:28:56,35.8,57.8,505.8
2026-09-01 15:29:26,35.8,57.4,498.3
2026-09-01 15:29:56,35.8,57.4,497.5
2026-09-01 15:30:26,35.8,59.8,485.0
2026-09-01 15:30:56,35.9,58.2,495.8
2026-09-01 15:31:26,35.8,56.9,491.7
2026-09-01 15:31:56,35.9,56.9,496.7
2026-09-01 15:32:26,35.9,58.6,494.2
2026-09-01 15:32:56,35.9,58.2,495.8
2026-09-01 15:33:26,36.0,56.5,502.5
2026-09-01 15:33:56,35.9,56.5,506.7
2026-09-01 15:34:26,35.9,58.7,503.3
2026-09-01 15:34:56,35.9,57.5,500.0
2026-09-01 15:35:26,35.9,58.0,499.2
2026-09-01 15:35:56,35.8,60.1,500.8
2026-09-01 15:36:26,35.8,59.7,499.2
2026-09-01 15:36:56,35.7,60.1,499.2
2026-09-01 15:37:26,35.7,60.7,494.2
2026-09-01 15:37:56,35.7,59.4,493.3
2026-09-01 15:38:26,35.7,59.4,493.3
2026-09-01 15:38:56,35.7,59.4,490.0
2026-09-01 15:39:26,35.7,58.0,486.7
2026-09-01 15:39:56,35.7,60.7,486.7
2026-09-01 15:40:26,35.7,59.1,492.5
2026-09-01 15:40:56,35.6,58.5,491.7
2026-09-01 15:41:26,35.7,59.5,485.8
2026-09-01 15:41:56,35.6,59.8,480.0
2026-09-01 15:42:26,35.6,58.8,478.3
2026-09-01 15:42:56,35.5,60.5,479.2
2026-09-01 15:43:26,35.4,59.6,470.8
2026-09-01 15:43:56,35.3,59.3,470.0
2026-09-01 15:44:26,35.4,58.2,471.7
2026-09-01 15:44:56,35.4,58.0,476.7
2026-09-01 15:45:26,35.4,56.5,481.7
2026-09-01 15:45:56,35.5,57.9,485.8
2026-09-01 15:46:26,35.5,56.6,488.3
2026-09-01 15:46:56,35.6,57.1,478.3
2026-09-01 15:47:26,35.6,56.8,468.3
2026-09-01 15:47:56,35.6,56.5,462.5
2026-09-01 15:48:26,35.5,56.5,4795.8
2026-09-01 15:48:56,35.6,57.3,4886.7
2026-09-01 15:49:26,35.6,58.5,4937.5
2026-09-01 15:49:56,35.5,56.1,4815.8
2026-09-01 15:50:26,35.5,56.3,4804.2
2026-09-01 15:50:56,35.4,55.4,4784.2
2026-09-01 15:51:26,35.4,55.9,4770.8
2026-09-01 15:51:56,35.5,56.2,4752.5
2026-09-01 15:52:26,35.5,55.6,4751.7
2026-09-01 15:52:56,35.5,56.6,4752.5
2026-09-01 15:53:26,35.4,55.5,4746.7
2026-09-01 15:53:56,35.5,56.6,4850.8
2026-09-01 15:54:26,35.5,58.4,4751.7
2026-09-01 15:54:56,35.5,58.7,4660.8
2026-09-01 15:55:26,35.5,57.2,4643.3
2026-09-01 15:55:56,35.4,58.4,4624.2
2026-09-01 15:56:26,35.4,57.1,4599.2
2026-09-01 15:56:56,35.4,58.2,4565.8
2026-09-01 15:57:26,35.4,58.3,4545.0
2026-09-01 15:57:56,35.4,59.6,4516.7
2026-09-01 15:58:26,35.4,60.3,4491.7
2026-09-01 15:58:56,35.4,60.3,4477.5
2026-09-01 15:59:26,35.3,60.7,4449.2
2026-09-01 15:59:56,35.3,60.8,4423.3
2026-09-01 16:00:26,35.2,62.2,4413.3
2026-09-01 16:00:56,35.2,63.0,4373.3
2026-09-01 16:01:26,35.2,62.3,4342.5
2026-09-01 16:01:56,35.1,61.7,4340.0
2026-09-01 16:02:26,35.2,62.6,4317.5
2026-09-01 16:02:56,35.0,60.0,4323.3
2026-09-01 16:03:26,35.1,62.7,4278.3
2026-09-01 16:03:56,35.0,60.1,4262.5
2026-09-01 16:04:26,35.1,61.0,4235.0
2026-09-01 16:04:56,35.1,61.2,4223.3
2026-09-01 16:05:26,35.0,62.1,4202.5
2026-09-01 16:05:56,35.1,59.4,4185.8
2026-09-01 16:06:26,35.1,59.9,4165.8
2026-09-01 16:06:56,35.0,62.8,4155.8
2026-09-01 16:07:26,35.1,61.9,4130.8
2026-09-01 16:07:56,35.1,61.3,4113.3
2026-09-01 16:08:26,35.2,62.0,4095.0
2026-09-01 16:08:56,35.2,62.4,4096.7
2026-09-01 16:09:26,35.2,60.3,4078.3
2026-09-01 16:09:56,35.2,61.4,4051.7
2026-09-01 16:10:26,35.1,62.3,4032.5
2026-09-01 16:10:56,35.0,61.7,4016.7
2026-09-01 16:11:26,35.0,60.1,3993.3
2026-09-01 16:11:56,35.0,61.7,3975.8
2026-09-01 16:12:26,35.0,62.4,3943.3
2026-09-01 16:12:56,35.0,62.9,3919.2
2026-09-01 16:13:26,34.9,62.2,3901.7
2026-09-01 16:13:56,34.9,64.4,3867.5
2026-09-01 16:14:26,34.9,64.4,3871.7
2026-09-01 16:14:56,34.8,63.5,3856.7
2026-09-01 16:15:26,34.8,63.5,3855.0
2026-09-01 16:15:56,34.7,63.9,3816.7
2026-09-01 16:16:26,34.8,64.7,3797.5
2026-09-01 16:16:56,34.8,63.9,3779.2
2026-09-01 16:17:26,34.8,62.7,3810.8
2026-09-01 16:17:56,34.8,61.7,3745.8
2026-09-01 16:18:26,34.9,61.3,3716.7
2026-09-01 16:18:56,34.8,62.8,3685.0
2026-09-01 16:19:26,34.8,60.7,3657.5
2026-09-01 16:19:56,34.9,61.6,3635.0
2026-09-01 16:20:26,34.8,61.0,3595.8
2026-09-01 16:20:56,34.9,61.5,3572.5
2026-09-01 16:21:26,34.8,61.0,3542.5
2026-09-01 16:21:56,34.8,62.1,3515.0
2026-09-01 16:22:26,34.8,62.4,3501.7
2026-09-01 16:22:56,34.7,63.2,3456.7
2026-09-01 16:23:26,34.8,62.9,3432.5
2026-09-01 16:23:56,34.7,63.4,3402.5
2026-09-01 16:24:26,34.7,62.4,3386.7
2026-09-01 16:24:56,34.6,63.6,3368.3
2026-09-01 16:25:26,34.6,63.6,3330.8
2026-09-01 16:25:56,34.6,63.3,3298.3
2026-09-01 16:26:26,34.6,65.4,3275.8
2026-09-01 16:26:56,34.5,64.7,3250.0
2026-09-01 16:27:26,34.4,63.9,3224.2
2026-09-01 16:27:56,34.4,62.7,3206.7
2026-09-01 16:28:26,34.4,63.8,3172.5
2026-09-01 16:28:56,34.4,63.5,3143.3
2026-09-01 16:29:26,34.3,63.8,3115.8
2026-09-01 16:29:56,34.4,64.7,3092.5
2026-09-01 16:30:26,34.4,64.9,3063.3
2026-09-01 16:30:56,34.3,64.1,3039.2
2026-09-01 16:31:26,34.4,63.6,3017.5
2026-09-01 16:31:56,34.3,63.2,2989.2
2026-09-01 16:32:26,34.4,63.7,2963.3
2026-09-01 16:32:56,34.3,64.1,2937.5
2026-09-01 16:33:26,34.3,64.4,2914.2
2026-09-01 16:33:56,34.3,64.5,2893.3
2026-09-01 16:34:26,34.3,65.5,2860.0
2026-09-01 16:34:56,34.3,64.8,2835.0
2026-09-01 16:35:26,34.3,65.7,2807.5
2026-09-01 16:35:56,34.3,65.7,2782.5
2026-09-01 16:36:26,34.3,65.3,2756.7
2026-09-01 16:36:56,34.3,64.1,2730.8
2026-09-01 16:37:26,34.3,64.9,2703.3
2026-09-01 16:37:56,34.3,65.0,2681.7
2026-09-01 16:38:26,34.3,65.5,2650.8
2026-09-01 16:38:56,34.3,66.3,2628.3
2026-09-01 16:39:26,34.3,64.1,2600.8
2026-09-01 16:39:56,34.3,63.3,2581.7
2026-09-01 16:40:26,34.3,65.0,2558.3
2026-09-01 16:40:56,34.2,65.1,2535.8
2026-09-01 16:41:26,34.2,64.8,2514.2
2026-09-01 16:41:56,34.3,65.1,2493.3
2026-09-01 16:42:26,34.2,64.9,2470.8
2026-09-01 16:42:56,34.3,65.3,2451.7
2026-09-01 16:43:26,34.3,65.8,2432.5
2026-09-01 16:43:56,34.3,66.7,2408.3
2026-09-01 16:44:26,34.3,65.9,2385.0
2026-09-01 16:44:56,34.3,65.3,2360.0
2026-09-01 16:45:26,34.3,65.8,2335.8
2026-09-01 16:45:56,34.2,65.8,2319.2
2026-09-01 16:46:26,34.3,65.9,2300.8
2026-09-01 16:46:56,34.3,65.8,2278.3
2026-09-01 16:47:26,34.3,65.7,2259.2
2026-09-01 16:47:56,34.3,65.9,2240.0
2026-09-01 16:48:26,34.3,66.8,2217.5
2026-09-01 16:48:56,34.3,67.2,2199.2
2026-09-01 16:49:26,34.2,66.8,2179.2
2026-09-01 16:49:56,34.2,66.4,2163.3
2026-09-01 16:50:26,34.2,65.7,2146.7
2026-09-01 16:50:56,34.2,65.7,2130.0
2026-09-01 16:51:26,34.2,66.1,2116.7
2026-09-01 16:51:56,34.3,66.7,2100.8
2026-09-01 16:52:26,34.2,66.8,2085.8
2026-09-01 16:52:56,34.2,68.5,2073.3
2026-09-01 16:53:26,34.2,69.5,2065.0
2026-09-01 16:53:56,34.3,64.9,2059.2
2026-09-01 16:54:26,34.1,65.4,2050.8
2026-09-01 16:54:56,34.1,66.6,2042.5
2026-09-01 16:55:26,34.1,66.5,2029.2
2026-09-01 16:55:56,34.2,67.4,2016.7
2026-09-01 16:56:26,34.1,66.6,2010.8
2026-09-01 16:56:56,34.1,66.9,2005.8
2026-09-01 16:57:26,34.2,68.6,2001.7
2026-09-01 16:57:56,34.3,68.8,2000.0
2026-09-01 16:58:26,34.2,67.6,1994.2
2026-09-01 16:58:56,34.2,65.4,1987.5
2026-09-01 16:59:26,34.3,65.2,1978.3
2026-09-01 16:59:56,34.2,65.4,1968.3
2026-09-01 17:00:26,34.3,65.4,1959.2
2026-09-01 17:00:56,34.3,65.6,1950.0
2026-09-01 17:01:26,34.4,65.6,1933.3
2026-09-01 17:01:56,34.4,65.8,1910.8
2026-09-01 17:02:26,34.4,65.9,1895.0
2026-09-01 17:02:56,34.4,65.0,1881.7
2026-09-01 17:03:26,34.5,64.7,1870.0
2026-09-01 17:03:56,34.4,64.9,1858.3
2026-09-01 17:04:26,34.5,64.9,1848.3
2026-09-01 17:04:56,34.5,65.3,1840.0
2026-09-01 17:05:26,34.5,65.8,1829.2
2026-09-01 17:05:56,34.5,64.8,1818.3
2026-09-01 17:06:26,34.5,64.6,1807.5
2026-09-01 17:06:56,34.5,64.8,1794.2
2026-09-01 17:07:26,34.6,65.1,1781.7
2026-09-01 17:07:56,34.6,65.6,1772.5
2026-09-01 17:08:26,34.5,65.8,1756.7
2026-09-01 17:08:56,34.6,65.8,1729.2
2026-09-01 17:09:26,34.6,65.3,1734.2
2026-09-01 17:09:56,34.6,65.3,1738.3
2026-09-01 17:10:26,34.6,65.2,1737.5
2026-09-01 17:10:56,34.7,65.7,1730.8
2026-09-01 17:11:26,34.6,65.7,1715.8
2026-09-01 17:11:56,34.6,65.4,1705.0
2026-09-01 17:12:26,34.7,65.3,1702.5
2026-09-01 17:12:56,34.8,66.2,1700.8
2026-09-01 17:13:26,34.7,66.0,1696.7
2026-09-01 17:13:56,34.8,66.6,1680.8
2026-09-01 17:14:26,34.7,64.8,1670.0
2026-09-01 17:14:56,34.8,67.2,1649.2
2026-09-01 17:15:26,34.7,67.7,1629.2
2026-09-01 17:15:56,34.8,68.9,1616.7
2026-09-01 17:16:26,34.7,68.0,1600.0
2026-09-01 17:16:56,34.6,67.4,1590.8
2026-09-01 17:17:26,34.6,67.4,1585.0
2026-09-01 17:17:56,34.7,67.2,1575.8
2026-09-01 17:18:26,34.6,66.8,1566.7
2026-09-01 17:18:56,34.7,66.2,1559.2
2026-09-01 17:19:26,34.7,66.5,1555.0
2026-09-01 17:19:56,34.7,66.1,1545.0
2026-09-01 17:20:26,34.7,66.2,1530.8
2026-09-01 17:20:56,34.7,66.9,1505.8
2026-09-01 17:21:26,34.6,66.9,1480.0
2026-09-01 17:21:56,34.7,66.4,1467.5
2026-09-01 17:22:26,34.6,66.8,1438.3
2026-09-01 17:22:56,34.6,66.9,1416.7
2026-09-01 17:23:26,34.7,67.3,1391.7
2026-09-01 17:23:56,34.6,66.9,1370.0
2026-09-01 17:24:26,34.6,67.5,1355.8
2026-09-01 17:24:56,34.6,67.7,1337.5
2026-09-01 17:25:26,34.6,67.1,1318.3
2026-09-01 17:25:56,34.5,65.9,1295.0
2026-09-01 17:26:26,34.5,64.0,1281.7
2026-09-01 17:26:56,34.5,66.6,1245.0
2026-09-01 17:27:26,34.4,65.8,1230.8
2026-09-01 17:27:56,34.5,65.1,1202.5
2026-09-01 17:28:26,34.5,62.1,1170.8
2026-09-01 17:28:56,34.4,63.0,1155.0
2026-09-01 17:29:26,34.3,62.6,1132.5
2026-09-01 17:29:56,34.3,63.9,1109.2
2026-09-01 17:30:26,34.2,64.9,1087.5
2026-09-01 17:30:56,34.3,65.7,1064.2
2026-09-01 17:31:26,34.2,65.6,1044.2
2026-09-01 17:31:56,34.2,63.2,1023.3
2026-09-01 17:32:26,34.0,64.2,1003.3
2026-09-01 17:32:56,34.1,63.6,983.3
2026-09-01 17:33:26,34.0,64.4,967.5
2026-09-01 17:33:56,34.1,66.1,943.3
2026-09-01 17:34:26,33.9,65.8,924.2
2026-09-01 17:34:56,34.0,66.1,912.5
2026-09-01 17:35:26,34.0,66.5,900.0
2026-09-01 17:35:56,34.0,64.5,886.7
2026-09-01 17:36:26,33.9,63.8,880.0
2026-09-01 17:36:56,33.9,65.6,867.5
2026-09-01 17:37:26,33.8,66.1,845.8
2026-09-01 17:37:56,33.9,64.1,829.2
2026-09-01 17:38:26,33.8,64.5,810.0
2026-09-01 17:38:56,33.8,65.9,790.8
2026-09-01 17:39:26,33.7,64.3,778.3
2026-09-01 17:39:56,33.7,66.3,764.2
2026-09-01 17:40:26,33.6,65.5,754.2
2026-09-01 17:40:56,33.7,64.7,736.7
2026-09-01 17:41:26,33.6,64.8,727.5
2026-09-01 17:41:56,33.5,67.6,710.8
2026-09-01 17:42:26,33.5,66.8,687.5
2026-09-01 17:42:56,33.5,64.9,671.7
2026-09-01 17:43:26,33.3,65.9,655.8
2026-09-01 17:43:56,33.3,66.1,639.2
2026-09-01 17:44:26,33.3,65.5,623.3
2026-09-01 17:44:56,33.3,65.5,610.8
2026-09-01 17:45:26,33.2,66.4,596.7
2026-09-01 17:45:56,33.2,66.3,581.7
2026-09-01 17:46:26,33.2,67.8,569.2
2026-09-01 17:46:56,33.1,67.4,557.5
2026-09-01 17:47:26,33.1,67.0,545.0
2026-09-01 17:47:56,33.1,67.3,530.0
2026-09-01 17:48:26,33.0,67.0,515.8
2026-09-01 17:48:56,33.0,68.3,500.8
2026-09-01 17:49:26,33.0,67.6,487.5
2026-09-01 17:49:56,32.9,67.3,473.3
2026-09-01 17:50:26,32.9,67.3,461.7
2026-09-01 17:50:56,32.8,66.9,448.3
2026-09-01 17:51:26,32.9,66.8,435.0
2026-09-01 17:51:56,32.8,67.2,421.7
2026-09-01 17:52:26,32.8,66.6,409.2
2026-09-01 17:52:56,32.7,66.7,397.5
2026-09-01 17:53:26,32.8,66.6,387.5
2026-09-01 17:53:56,32.7,66.5,375.8
2026-09-01 17:54:26,32.7,66.4,367.5
2026-09-01 17:54:56,32.7,66.6,359.2
2026-09-01 17:55:26,32.6,67.0,352.5
2026-09-01 17:55:56,32.7,67.2,345.0
2026-09-01 17:56:26,32.7,67.4,337.5
2026-09-01 17:56:56,32.7,68.4,328.3
2026-09-01 17:57:26,32.7,68.8,317.5
2026-09-01 17:57:56,32.7,68.4,310.8
2026-09-01 17:58:26,32.7,68.7,305.0
2026-09-01 17:58:56,32.6,68.5,300.8
2026-09-01 17:59:26,32.6,68.3,293.3
2026-09-01 17:59:56,32.6,68.4,284.2
2026-09-01 18:00:26,32.5,67.5,276.7
2026-09-01 18:00:56,32.5,67.2,268.3
2026-09-01 18:01:26,32.5,67.7,258.3
2026-09-01 18:01:56,32.5,67.6,251.7
2026-09-01 18:02:26,32.4,68.4,242.5
2026-09-01 18:02:56,32.4,68.3,235.0
2026-09-01 18:03:26,32.3,68.5,226.7
2026-09-01 18:03:56,32.3,68.9,219.2
2026-09-01 18:04:26,32.2,68.7,207.5
2026-09-01 18:04:56,32.3,69.2,200.8
2026-09-01 18:05:26,32.1,69.6,190.8
2026-09-01 18:05:56,32.1,69.4,181.7
2026-09-01 18:06:26,32.0,69.8,171.7
2026-09-01 18:06:56,32.1,69.2,160.8
2026-09-01 18:07:26,32.1,69.2,150.0
2026-09-01 18:07:56,32.1,68.8,140.0
2026-09-01 18:08:26,32.1,69.1,128.3
2026-09-01 18:08:56,32.0,69.1,117.5
2026-09-01 18:09:26,32.1,69.2,104.2
2026-09-01 18:09:56,32.2,69.3,93.3
2026-09-01 18:10:26,32.1,69.6,85.0
2026-09-01 18:10:56,32.2,69.6,77.5
2026-09-01 18:11:26,32.1,70.0,70.0
2026-09-01 18:11:56,32.0,70.3,63.3
2026-09-01 18:12:26,32.1,70.0,57.5
2026-09-01 18:12:56,32.0,70.5,50.8
2026-09-01 18:13:26,32.1,70.3,45.8
2026-09-01 18:13:56,32.0,70.2,40.8
2026-09-01 18:14:26,32.0,70.5,37.5
2026-09-01 18:14:56,32.1,70.7,34.2
2026-09-01 18:15:26,32.0,70.8,30.8
2026-09-01 18:15:56,32.0,71.0,28.3
2026-09-01 18:16:26,32.0,71.2,25.8
2026-09-01 18:16:56,31.9,71.5,24.2
2026-09-01 18:17:26,32.0,71.5,21.7
2026-09-01 18:17:56,31.9,71.6,20.8
2026-09-01 18:18:26,31.9,71.6,19.2
2026-09-01 18:18:56,31.8,71.6,18.3
2026-09-01 18:19:26,31.7,71.7,16.7
2026-09-01 18:19:56,31.7,72.0,15.0
2026-09-01 18:20:26,31.8,71.8,13.3
2026-09-01 18:20:56,31.7,71.5,11.7
2026-09-01 18:21:26,31.6,72.2,10.0
2026-09-01 18:21:56,31.6,71.7,9.2
2026-09-01 18:22:26,31.6,71.6,7.5
2026-09-01 18:22:56,31.7,71.7,6.7
2026-09-01 18:23:26,31.6,72.2,5.8
2026-09-01 18:23:56,31.6,71.8,5.0
2026-09-01 18:24:26,31.6,71.7,5.0
2026-09-01 18:24:56,31.5,71.6,4.2
2026-09-01 18:25:26,31.6,71.6,3.3
2026-09-01 18:25:56,31.6,71.7,3.3
2026-09-01 18:26:26,31.6,71.8,2.5
2026-09-01 18:26:56,31.5,71.8,2.5
2026-09-01 18:27:26,31.5,71.9,1.7
2026-09-01 18:27:56,31.5,72.2,1.7
2026-09-01 18:28:26,31.5,72.2,1.7
2026-09-01 18:28:56,31.5,72.5,1.7
2026-09-01 18:29:26,31.5,72.7,1.7
2026-09-01 18:29:56,31.5,72.8,0.8
2026-09-01 18:30:26,31.6,72.9,0.8
2026-09-01 18:30:56,31.5,73.0,0.8
2026-09-01 18:31:26,31.4,73.2,0.8
2026-09-01 18:31:56,31.5,73.2,0.8
2026-09-01 18:32:26,31.4,73.5,0.8
2026-09-01 18:32:56,31.5,73.4,0.8
2026-09-01 18:33:26,31.3,73.5,0.8
2026-09-01 18:33:56,31.5,73.4,0.8
2026-09-01 18:34:26,31.4,74.0,0.8
2026-09-01 18:34:56,31.4,74.0,0.8
2026-09-01 18:35:26,31.4,74.1,0.8
2026-09-01 18:35:56,31.4,74.0,0.0
2026-09-01 18:36:26,31.4,73.9,0.0
2026-09-01 18:36:56,31.5,73.7,0.0
2026-09-01 18:37:26,31.4,73.9,0.0
2026-09-01 18:37:56,31.5,73.5,0.0
2026-09-01 18:38:26,31.5,74.2,0.0
2026-09-01 18:38:56,31.3,73.6,0.0
2026-09-01 18:39:26,31.3,73.9,0.0
2026-09-01 18:39:56,31.3,74.1,0.0
2026-09-01 18:40:26,31.3,74.1,0.0
2026-09-01 18:40:56,31.2,74.0,0.0
2026-09-01 18:41:26,31.3,74.1,0.0
2026-09-01 18:41:56,31.3,74.3,0.0
2026-09-01 18:42:26,31.3,74.2,0.0
2026-09-01 18:42:56,31.3,74.1,0.0
2026-09-01 18:43:26,31.3,74.3,0.0
2026-09-01 18:43:56,31.2,73.8,0.0
2026-09-01 18:44:26,31.2,73.7,0.0
2026-09-01 18:44:56,31.1,73.2,0.0
2026-09-01 18:45:26,31.2,74.0,0.0
2026-09-01 18:45:56,31.1,74.0,0.0
2026-09-01 18:46:26,31.1,74.2,0.0
2026-09-01 18:46:56,31.0,73.5,0.0
2026-09-01 18:47:26,31.1,73.4,0.0
2026-09-01 18:47:56,31.1,73.4,0.0
2026-09-01 18:48:26,31.0,73.6,0.0
2026-09-01 18:48:56,31.1,73.3,0.0
2026-09-01 18:49:26,31.0,73.3,0.0
2026-09-01 18:49:56,31.1,74.1,0.0
2026-09-01 18:50:26,31.0,73.2,0.0
2026-09-01 18:50:56,31.0,72.5,0.0
2026-09-01 18:51:26,31.0,72.8,0.0
2026-09-01 18:51:56,31.0,72.7,0.0
2026-09-01 18:52:26,31.0,72.4,0.0
2026-09-01 18:52:56,31.0,72.5,0.0
2026-09-01 18:53:26,31.0,72.6,0.0
2026-09-01 18:53:56,31.0,72.4,0.0
2026-09-01 18:54:26,31.0,72.8,0.0
2026-09-01 18:54:56,31.0,72.2,0.0
2026-09-01 18:55:26,31.0,72.5,0.0
2026-09-01 18:55:56,31.0,71.8,0.0
2026-09-01 18:56:25,30.9,72.0,0.0
2026-09-01 18:56:55,30.8,72.3,0.0
2026-09-01 18:57:25,30.9,71.7,0.0
2026-09-01 18:57:55,31.0,72.0,0.0
2026-09-01 18:58:25,31.0,72.2,0.0
2026-09-01 18:58:55,31.0,72.3,0.0
2026-09-01 18:59:25,31.0,72.4,0.0
2026-09-01 18:59:55,31.0,72.4,0.0
2026-09-01 19:00:25,30.9,72.8,0.0
2026-09-01 19:00:55,31.0,72.4,0.0
2026-09-01 19:01:25,30.9,72.3,0.0
2026-09-01 19:01:55,31.0,72.7,0.0
2026-09-01 19:02:25,30.9,72.7,0.0
2026-09-01 19:02:55,30.8,72.7,0.0
2026-09-01 19:03:25,30.8,73.7,0.0
2026-09-01 19:03:55,30.9,73.2,0.0
2026-09-01 19:04:25,30.8,72.1,0.0
2026-09-01 19:04:55,30.7,72.6,0.0
2026-09-01 19:05:25,30.8,72.5,0.0
2026-09-01 19:05:55,30.7,72.6,0.0
2026-09-01 19:06:25,30.8,72.7,0.0
2026-09-01 19:06:55,30.7,72.3,0.0
2026-09-01 19:07:25,30.7,72.2,0.0
2026-09-01 19:07:55,30.7,72.6,0.0
2026-09-01 19:08:25,30.7,72.5,0.0
2026-09-01 19:08:55,30.6,72.7,0.0
2026-09-01 19:09:25,30.6,73.0,0.0
2026-09-01 19:09:55,30.7,73.0,0.0
2026-09-01 19:10:25,30.7,72.8,0.0
2026-09-01 19:10:55,30.6,73.2,0.0
2026-09-01 19:11:25,30.7,73.2,0.0
2026-09-01 19:11:55,30.6,72.8,0.0
2026-09-01 19:12:25,30.6,72.5,0.0
2026-09-01 19:12:55,30.6,73.0,0.0
2026-09-01 19:13:25,30.5,73.1,0.0
2026-09-01 19:13:55,30.6,72.9,0.0
2026-09-01 19:14:25,30.6,72.7,0.0
2026-09-01 19:14:55,30.5,73.0,0.0
2026-09-01 19:15:25,30.6,73.3,0.0
2026-09-01 19:15:55,30.6,73.0,0.0
2026-09-01 19:16:25,30.6,73.5,0.0
2026-09-01 19:16:55,30.6,73.4,0.0
2026-09-01 19:17:25,30.6,73.5,0.0
2026-09-01 19:17:55,30.6,73.5,0.0
2026-09-01 19:18:25,30.6,73.5,0.0
2026-09-01 19:18:55,30.5,73.5,0.0
2026-09-01 19:19:25,30.6,74.3,0.0
2026-09-01 19:19:55,30.6,74.1,0.0
2026-09-01 19:20:25,30.5,74.2,0.0
2026-09-01 19:20:55,30.5,74.4,0.0
2026-09-01 19:21:25,30.4,74.3,0.0
2026-09-01 19:21:55,30.4,74.3,0.0
2026-09-01 19:22:25,30.5,74.4,0.0
2026-09-01 19:22:55,30.5,74.4,0.0
2026-09-01 19:23:25,30.5,74.7,0.0
2026-09-01 19:23:55,30.3,75.0,0.0
2026-09-01 19:24:25,30.5,75.1,0.0
2026-09-01 19:24:55,30.4,75.0,0.0
2026-09-01 19:25:25,30.4,75.1,0.0
2026-09-01 19:25:55,30.3,75.3,0.0
2026-09-01 19:26:25,30.3,75.3,0.0
2026-09-01 19:26:55,30.4,75.2,0.0
2026-09-01 19:27:25,30.4,75.2,0.0
2026-09-01 19:27:55,30.4,75.5,0.0
2026-09-01 19:28:25,30.3,75.4,0.0
2026-09-01 19:28:55,30.3,75.0,0.0
2026-09-01 19:29:25,30.3,75.0,0.0
2026-09-01 19:29:55,30.3,75.2,0.0
2026-09-01 19:30:25,30.3,75.4,0.0
2026-09-01 19:30:55,30.3,75.3,0.0
2026-09-01 19:31:25,30.2,75.4,0.0
2026-09-01 19:31:55,30.2,75.6,0.0
2026-09-01 19:32:25,30.2,75.6,0.0
2026-09-01 19:32:55,30.2,75.5,0.0
2026-09-01 19:33:25,30.3,75.7,0.0
2026-09-01 19:33:55,30.2,75.6,0.0
2026-09-01 19:34:25,30.3,76.6,0.0
2026-09-01 19:34:55,30.3,76.3,0.0
2026-09-01 19:35:25,30.2,76.1,0.0
2026-09-01 19:35:55,30.2,76.6,0.0
2026-09-01 19:36:25,30.2,76.1,0.0
2026-09-01 19:36:55,30.4,76.3,0.0
2026-09-01 19:37:25,30.2,76.1,0.0
2026-09-01 19:37:55,30.3,76.2,0.0
2026-09-01 19:38:25,30.2,76.0,0.0
2026-09-01 19:38:55,30.3,75.6,0.0
2026-09-01 19:39:25,30.3,75.6,0.0
2026-09-01 19:39:55,30.3,75.9,0.0
2026-09-01 19:40:25,30.3,75.6,0.0
2026-09-01 19:40:55,30.2,75.4,0.0
2026-09-01 19:41:25,30.2,75.5,0.0
2026-09-01 19:41:55,30.2,75.5,0.0
2026-09-01 19:42:25,30.2,75.4,0.0
2026-09-01 19:42:55,30.2,75.7,0.0
2026-09-01 19:43:25,30.2,75.9,0.0
2026-09-01 19:43:55,30.1,76.3,0.0
2026-09-01 19:44:25,30.2,76.3,0.0
2026-09-01 19:44:55,30.1,76.6,0.0
2026-09-01 19:45:25,30.2,76.7,0.0
2026-09-01 19:45:55,30.2,77.0,0.0
2026-09-01 19:46:25,30.1,77.1,0.0
2026-09-01 19:46:55,30.1,77.0,0.0
2026-09-01 19:47:25,30.1,77.1,0.0
2026-09-01 19:47:55,30.1,77.2,0.0
2026-09-01 19:48:25,30.0,77.3,0.0
2026-09-01 19:48:55,30.0,77.5,0.0
2026-09-01 19:49:25,30.1,77.3,0.0
2026-09-01 19:49:55,29.9,77.4,0.0
2026-09-01 19:50:25,30.1,77.3,0.0
2026-09-01 19:50:55,30.0,77.2,0.0
2026-09-01 19:51:25,30.0,77.2,0.0
2026-09-01 19:51:55,30.1,77.3,0.0
2026-09-01 19:52:25,29.9,77.4,0.0
2026-09-01 19:52:55,30.0,77.4,0.0
2026-09-01 19:53:25,30.0,77.4,0.0
2026-09-01 19:53:55,30.0,77.4,0.0
2026-09-01 19:54:25,29.9,77.4,0.0
2026-09-01 19:54:55,29.9,77.3,0.0
2026-09-01 19:55:25,29.9,77.3,0.0
2026-09-01 19:55:55,30.0,77.5,0.0
2026-09-01 19:56:25,29.9,77.6,0.0
2026-09-01 19:56:55,29.9,77.5,0.0
2026-09-01 19:57:25,30.0,77.4,0.0
2026-09-01 19:57:55,30.0,77.4,0.0
2026-09-01 19:58:25,30.0,77.4,0.0
2026-09-01 19:58:55,29.9,77.4,0.0
2026-09-01 19:59:25,29.9,77.6,0.0
2026-09-01 19:59:55,29.9,77.6,0.0
2026-09-01 20:00:25,29.9,77.7,0.0
2026-09-01 20:00:55,29.9,77.9,0.0
2026-09-01 20:01:25,29.9,78.0,0.0
2026-09-01 20:01:55,30.0,78.0,0.0
2026-09-01 20:02:25,29.9,78.0,0.0
2026-09-01 20:02:55,29.9,78.4,0.0
2026-09-01 20:03:25,29.9,78.4,0.0
2026-09-01 20:03:55,29.8,78.3,0.0
2026-09-01 20:04:25,29.8,78.3,0.0
2026-09-01 20:04:55,29.8,78.4,0.0
2026-09-01 20:05:25,29.8,78.4,0.0
2026-09-01 20:05:55,29.9,78.4,0.0
2026-09-01 20:06:25,29.8,78.6,0.0
2026-09-01 20:06:55,29.8,78.5,0.0
2026-09-01 20:07:25,29.8,78.4,0.0
2026-09-01 20:07:55,29.9,78.3,0.0
2026-09-01 20:08:25,29.8,78.3,0.0
2026-09-01 20:08:55,29.8,78.3,0.0
2026-09-01 20:09:25,29.8,78.3,0.0
2026-09-01 20:09:55,29.9,78.7,0.0
2026-09-01 20:10:25,29.7,78.4,0.0
2026-09-01 20:10:55,29.8,78.7,0.0
2026-09-01 20:11:25,29.7,78.9,0.0
2026-09-01 20:11:55,29.8,79.1,0.0
2026-09-01 20:12:25,29.8,78.9,0.0
2026-09-01 20:12:55,29.8,79.7,0.0
2026-09-01 20:13:25,29.8,79.5,0.0
2026-09-01 20:13:55,29.8,79.9,0.0
2026-09-01 20:14:25,29.8,79.8,0.0
2026-09-01 20:14:55,29.8,80.1,0.0
2026-09-01 20:15:25,29.8,80.9,0.0
2026-09-01 20:15:55,29.9,80.9,0.0
2026-09-01 20:16:25,29.9,80.5,0.0
2026-09-01 20:16:55,29.7,80.1,0.0
2026-09-01 20:17:25,29.9,80.2,0.0
2026-09-01 20:17:55,29.8,80.0,0.0
2026-09-01 20:18:25,29.8,79.7,0.0
2026-09-01 20:18:55,29.9,79.6,0.0
2026-09-01 20:19:25,29.8,79.4,0.0
2026-09-01 20:19:55,29.9,79.4,0.0
2026-09-01 20:20:25,29.8,79.5,0.0
2026-09-01 20:20:55,29.9,79.4,0.0
2026-09-01 20:21:25,29.8,79.5,0.0
2026-09-01 20:21:55,29.9,79.5,0.0
2026-09-01 20:22:25,29.7,79.5,0.0
2026-09-01 20:22:55,29.7,79.6,0.0
2026-09-01 20:23:25,29.7,79.7,0.0
2026-09-01 20:23:55,29.7,80.0,0.0
2026-09-01 20:24:25,29.8,79.9,0.0
2026-09-01 20:24:55,29.7,80.0,0.0
2026-09-01 20:25:25,29.7,79.9,0.0
2026-09-01 20:25:55,29.7,79.9,0.0
2026-09-01 20:26:25,29.7,79.9,0.0
2026-09-01 20:26:55,29.8,79.8,0.0
2026-09-01 20:27:25,29.7,79.8,0.0
2026-09-01 20:27:55,29.8,79.9,0.0
2026-09-01 20:28:25,29.7,80.1,0.0
2026-09-01 20:28:55,29.8,80.3,0.0
2026-09-01 20:29:25,29.7,80.3,0.0
2026-09-01 20:29:55,29.8,80.5,0.0
2026-09-01 20:30:25,29.7,80.7,0.0
2026-09-01 20:30:55,29.6,80.8,0.0
2026-09-01 20:31:25,29.6,80.8,0.0
2026-09-01 20:31:55,29.6,80.9,0.0
2026-09-01 20:32:25,29.7,81.1,0.0
2026-09-01 20:32:55,29.6,80.9,0.0
2026-09-01 20:33:25,29.6,80.7,0.0
2026-09-01 20:33:55,29.6,80.8,0.0
2026-09-01 20:34:25,29.6,80.9,0.0
2026-09-01 20:34:55,29.6,80.7,0.0
2026-09-01 20:35:25,29.6,81.0,0.0
2026-09-01 20:35:55,29.6,81.0,0.0
2026-09-01 20:36:25,29.5,80.8,0.0
2026-09-01 20:36:55,29.6,80.9,0.0
2026-09-01 20:37:25,29.5,81.2,0.0
2026-09-01 20:37:55,29.6,81.4,0.0
2026-09-01 20:38:25,29.6,81.3,0.0
2026-09-01 20:38:55,29.5,81.4,0.0
2026-09-01 20:39:25,29.5,81.5,0.0
2026-09-01 20:39:55,29.6,81.4,0.0
2026-09-01 20:40:25,29.5,81.1,0.0
2026-09-01 20:40:55,29.5,81.6,0.0
2026-09-01 20:41:25,29.5,81.3,0.0
2026-09-01 20:41:55,29.5,81.4,0.0
2026-09-01 20:42:25,29.5,81.2,0.0
2026-09-01 20:42:55,29.5,81.1,0.0
2026-09-01 20:43:25,29.5,81.1,0.0
2026-09-01 20:43:55,29.6,81.2,0.0
2026-09-01 20:44:25,29.5,81.6,0.0
2026-09-01 20:44:55,29.6,81.6,0.0
2026-09-01 20:45:25,29.6,81.8,0.0
2026-09-01 20:45:55,29.5,81.8,0.0
2026-09-01 20:46:25,29.6,81.7,0.0
2026-09-01 20:46:55,29.6,81.9,0.0
2026-09-01 20:47:25,29.6,81.8,0.0
2026-09-01 20:47:55,29.6,82.0,0.0
2026-09-01 20:48:25,29.6,82.5,0.0
2026-09-01 20:48:55,29.6,82.1,0.0
2026-09-01 20:49:25,29.6,81.8,0.0
2026-09-01 20:49:55,29.6,81.9,0.0
2026-09-01 20:50:25,29.7,82.6,0.0
2026-09-01 20:50:55,29.6,82.6,0.0
2026-09-01 20:51:25,29.6,82.2,0.0
2026-09-01 20:51:55,29.6,82.0,0.0
2026-09-01 20:52:25,29.6,82.5,0.0
2026-09-01 20:52:55,29.6,82.6,0.0
2026-09-01 20:53:25,29.7,83.0,0.0
2026-09-01 20:53:55,29.6,83.2,0.0
2026-09-01 20:54:25,29.7,83.0,0.0
2026-09-01 20:54:55,29.6,82.7,0.0
2026-09-01 20:55:25,29.6,83.2,0.0
2026-09-01 20:55:55,29.7,83.0,0.0
2026-09-01 20:56:25,29.6,82.7,0.0
2026-09-01 20:56:55,29.6,82.8,0.0
2026-09-01 20:57:25,29.7,82.8,0.0
2026-09-01 20:57:55,29.6,82.5,0.0
2026-09-01 20:58:25,29.7,82.5,0.0
2026-09-01 20:58:55,29.6,83.2,0.0
2026-09-01 20:59:25,29.7,83.0,0.0
2026-09-01 20:59:55,29.7,83.2,0.0
2026-09-01 21:00:25,29.7,83.1,0.0
2026-09-01 21:00:55,29.6,83.6,0.0
2026-09-01 21:01:25,29.7,84.2,0.0
2026-09-01 21:01:55,29.6,84.1,0.0
2026-09-01 21:02:25,29.7,83.8,0.0
2026-09-01 21:02:55,29.6,83.5,0.0
2026-09-01 21:03:25,29.6,83.9,0.0
2026-09-01 21:03:55,29.6,83.6,0.0
2026-09-01 21:04:25,29.6,83.5,0.0
2026-09-01 21:04:55,29.5,83.6,0.0
2026-09-01 21:05:25,29.5,83.3,0.0
2026-09-01 21:05:55,29.6,83.2,0.0
2026-09-01 21:06:25,29.5,83.5,0.0
2026-09-01 21:06:55,29.6,83.8,0.0
2026-09-01 21:07:25,29.5,84.1,0.0
2026-09-01 21:07:55,29.7,83.8,0.0
2026-09-01 21:08:25,29.5,83.7,0.0
2026-09-01 21:08:55,29.5,83.6,0.0
2026-09-01 21:09:25,29.5,83.2,0.0
2026-09-01 21:09:55,29.6,82.6,0.0
2026-09-01 21:10:25,29.6,82.7,0.0
2026-09-01 21:10:55,29.5,82.1,0.0
2026-09-01 21:11:25,29.5,82.0,0.0
2026-09-01 21:11:55,29.5,81.1,0.0
2026-09-01 21:12:25,29.5,80.7,0.0
2026-09-01 21:12:55,29.5,81.0,0.0
2026-09-01 21:13:25,29.5,80.9,0.0
2026-09-01 21:13:55,29.4,80.9,0.0
2026-09-01 21:14:25,29.5,80.7,0.0
2026-09-01 21:14:55,29.5,80.4,0.0
2026-09-01 21:15:25,29.5,80.6,0.0
2026-09-01 21:15:55,29.5,80.6,0.0
2026-09-01 21:16:25,29.5,80.7,0.0
2026-09-01 21:16:55,29.5,81.3,0.0
2026-09-01 21:17:25,29.5,81.2,0.0
2026-09-01 21:17:55,29.5,80.8,0.0
2026-09-01 21:18:25,29.4,80.8,0.0
2026-09-01 21:18:55,29.3,81.0,0.0
2026-09-01 21:19:25,29.3,80.9,0.0
2026-09-01 21:19:55,29.3,80.9,0.0
2026-09-01 21:20:25,29.3,80.7,0.0
2026-09-01 21:20:55,29.3,80.8,0.0
2026-09-01 21:21:25,29.2,80.8,0.0
2026-09-01 21:21:55,29.3,80.8,0.0
2026-09-01 21:22:25,29.3,80.8,0.0
2026-09-01 21:22:55,29.3,80.9,0.0
2026-09-01 21:23:25,29.3,81.6,0.0
2026-09-01 21:23:55,29.3,81.7,0.0
2026-09-01 21:24:25,29.3,82.4,0.0
2026-09-01 21:24:55,29.3,82.7,0.0
2026-09-01 21:25:25,29.2,83.1,0.0
2026-09-01 21:25:55,29.3,83.5,0.0
2026-09-01 21:26:25,29.3,83.2,0.0
2026-09-01 21:26:55,29.3,83.2,0.0
2026-09-01 21:27:25,29.3,83.1,0.0
2026-09-01 21:27:55,29.3,82.9,0.0
2026-09-01 21:28:25,29.3,82.9,0.0
2026-09-01 21:28:55,29.3,82.7,0.0
2026-09-01 21:29:25,29.3,82.6,0.0
2026-09-01 21:29:55,29.3,82.5,0.0
2026-09-01 21:30:25,29.3,82.4,0.0
2026-09-01 21:30:55,29.3,82.7,0.0
2026-09-01 21:31:25,29.3,83.2,0.0
2026-09-01 21:31:55,29.3,83.4,0.0
2026-09-01 21:32:25,29.2,84.1,0.0
2026-09-01 21:32:55,29.3,83.8,0.0
2026-09-01 21:33:25,29.3,84.2,0.0
2026-09-01 21:33:55,29.2,85.5,0.0
2026-09-01 21:34:25,29.3,84.9,0.0
2026-09-01 21:34:55,29.2,85.4,0.0
2026-09-01 21:35:25,29.3,84.7,0.0
2026-09-01 21:35:55,29.3,84.9,0.0
2026-09-01 21:36:25,29.2,84.8,0.0
2026-09-01 21:36:55,29.3,85.3,0.0
2026-09-01 21:37:25,29.2,85.3,0.0
2026-09-01 21:37:55,29.2,84.9,0.0
2026-09-01 21:38:25,29.1,85.2,0.0
2026-09-01 21:38:55,29.2,85.0,0.0
2026-09-01 21:39:25,29.2,85.1,0.0
2026-09-01 21:39:55,29.2,85.0,0.0
2026-09-01 21:40:25,29.2,85.1,0.0
2026-09-01 21:40:55,29.2,84.8,0.0
2026-09-01 21:41:25,29.2,84.1,0.0
2026-09-01 21:41:55,29.2,83.7,0.0
2026-09-01 21:42:25,29.2,83.5,0.0
2026-09-01 21:42:55,29.3,83.5,0.0
2026-09-01 21:43:25,29.2,83.3,0.0
2026-09-01 21:43:55,29.1,83.1,0.0
2026-09-01 21:44:25,29.2,83.0,0.0
2026-09-01 21:44:55,29.1,82.9,0.0
2026-09-01 21:45:25,29.1,83.2,0.0
2026-09-01 21:45:55,29.3,83.2,0.0
2026-09-01 21:46:25,29.1,82.5,0.0
2026-09-01 21:46:55,29.0,82.9,0.0
2026-09-01 21:47:25,29.0,83.1,0.0
2026-09-01 21:47:55,29.1,83.0,0.0
2026-09-01 21:48:25,29.0,83.2,0.0
2026-09-01 21:48:55,29.0,83.0,0.0
2026-09-01 21:49:25,29.0,83.0,0.0
2026-09-01 21:49:55,29.0,82.8,0.0
2026-09-01 21:50:25,29.0,82.6,0.0
2026-09-01 21:50:55,29.1,82.3,0.0
2026-09-01 21:51:25,29.0,82.2,0.0
2026-09-01 21:51:55,29.1,81.6,0.0
2026-09-01 21:52:25,29.1,81.4,0.0
2026-09-01 21:52:55,29.0,81.6,0.0
2026-09-01 21:53:25,29.0,81.9,0.0
2026-09-01 21:53:55,29.0,82.3,0.0
2026-09-01 21:54:25,29.0,82.3,0.0
2026-09-01 21:54:55,29.0,82.3,0.0
2026-09-01 21:55:25,28.9,82.4,0.0
2026-09-01 21:55:55,29.0,82.3,0.0
2026-09-01 21:56:25,29.0,82.4,0.0
2026-09-01 21:56:55,29.0,82.3,0.0
2026-09-01 21:57:25,28.9,82.6,0.0
2026-09-01 21:57:55,29.0,82.3,0.0
2026-09-01 21:58:25,28.9,82.5,0.0
2026-09-01 21:58:55,28.9,82.3,0.0
2026-09-01 21:59:25,29.0,82.2,0.0
2026-09-01 21:59:55,28.9,82.1,0.0
2026-09-01 22:00:25,28.9,82.3,0.0
2026-09-01 22:00:55,28.9,82.1,0.0
2026-09-01 22:01:25,28.9,82.3,0.0
2026-09-01 22:01:55,28.8,82.0,0.0
2026-09-01 22:02:25,28.8,82.1,0.0
2026-09-01 22:02:55,28.9,82.1,0.0
2026-09-01 22:03:25,28.8,81.8,0.0
2026-09-01 22:03:55,28.8,83.0,0.0
2026-09-01 22:04:25,28.8,83.1,0.0
2026-09-01 22:04:55,28.8,83.0,0.0
2026-09-01 22:05:25,28.9,83.1,0.0
2026-09-01 22:05:55,28.8,82.9,0.0
2026-09-01 22:06:25,28.8,82.8,0.0
2026-09-01 22:06:55,28.8,82.7,0.0
2026-09-01 22:07:25,28.8,83.0,0.0
2026-09-01 22:07:55,28.8,83.3,0.0
2026-09-01 22:08:25,28.8,83.2,0.0
2026-09-01 22:08:55,28.8,83.5,0.0
2026-09-01 22:09:25,28.8,83.1,0.0
2026-09-01 22:09:55,28.8,83.1,0.0
2026-09-01 22:10:25,28.8,83.2,0.0
2026-09-01 22:10:55,28.8,83.5,0.0
2026-09-01 22:11:25,28.8,84.1,0.0
2026-09-01 22:11:55,28.8,84.4,0.0
2026-09-01 22:12:25,28.8,83.9,0.0
2026-09-01 22:12:55,28.8,84.1,0.0
2026-09-01 22:13:25,28.8,84.1,0.0
2026-09-01 22:13:55,28.8,84.1,0.0
2026-09-01 22:14:25,28.8,84.4,0.0
2026-09-01 22:14:55,28.8,84.6,0.0
2026-09-01 22:15:25,28.8,84.3,0.0
2026-09-01 22:15:55,28.8,83.9,0.0
2026-09-01 22:16:25,28.8,83.8,0.0
2026-09-01 22:16:55,28.8,83.7,0.0
2026-09-01 22:17:25,28.8,83.9,0.0
2026-09-01 22:17:55,28.8,84.3,0.0
2026-09-01 22:18:25,28.8,84.8,0.0
2026-09-01 22:18:55,28.9,85.3,0.0
2026-09-01 22:19:25,28.9,85.2,0.0
2026-09-01 22:19:55,28.8,85.3,0.0
2026-09-01 22:20:25,28.9,85.5,0.0
2026-09-01 22:20:55,28.8,85.6,0.0
2026-09-01 22:21:25,28.8,85.5,0.0
2026-09-01 22:21:55,28.7,85.1,0.0
2026-09-01 22:22:25,28.9,85.0,0.0
2026-09-01 22:22:55,28.8,84.9,0.0
2026-09-01 22:23:25,28.9,85.2,0.0
2026-09-01 22:23:55,28.8,85.2,0.0
2026-09-01 22:24:25,28.8,85.7,0.0
2026-09-01 22:24:55,28.8,85.6,0.0
2026-09-01 22:25:25,28.9,85.5,0.0
2026-09-01 22:25:55,28.8,86.1,0.0
2026-09-01 22:26:25,28.9,86.4,0.0
2026-09-01 22:26:55,28.8,85.9,0.0
2026-09-01 22:27:25,28.8,85.9,0.0
2026-09-01 22:27:55,28.8,86.1,0.0
2026-09-01 22:28:25,28.8,86.1,0.0
2026-09-01 22:28:55,28.7,86.1,0.0
2026-09-01 22:29:25,28.8,85.9,0.0
2026-09-01 22:29:55,28.7,85.7,0.0
2026-09-01 22:30:25,28.7,85.7,0.0
2026-09-01 22:30:55,28.7,85.7,0.0
2026-09-01 22:31:25,28.7,85.8,0.0
2026-09-01 22:31:55,28.8,86.0,0.0
2026-09-01 22:32:25,28.7,86.6,0.0
2026-09-01 22:32:55,28.8,86.4,0.0
2026-09-01 22:33:25,28.8,86.2,0.0
2026-09-01 22:33:55,28.7,86.4,0.0
2026-09-01 22:34:25,28.8,86.0,0.0
2026-09-01 22:34:55,28.7,85.8,0.0
2026-09-01 22:35:25,28.7,85.6,0.0
2026-09-01 22:35:55,28.8,85.7,0.0
2026-09-01 22:36:25,28.7,85.4,0.0
2026-09-01 22:36:55,28.7,85.7,0.0
2026-09-01 22:37:25,28.8,86.0,0.0
2026-09-01 22:37:55,28.7,85.6,0.0
2026-09-01 22:38:25,28.8,85.2,0.0
2026-09-01 22:38:55,28.8,85.1,0.0
2026-09-01 22:39:25,28.8,85.0,0.0
2026-09-01 22:39:55,28.7,84.9,0.0
2026-09-01 22:40:25,28.7,85.0,0.0
2026-09-01 22:40:55,28.7,84.9,0.0
2026-09-01 22:41:25,28.7,84.8,0.0
2026-09-01 22:41:55,28.7,85.0,0.0
2026-09-01 22:42:25,28.7,85.0,0.0
2026-09-01 22:42:55,28.6,85.0,0.0
2026-09-01 22:43:25,28.6,85.2,0.0
2026-09-01 22:43:55,28.8,84.9,0.0
2026-09-01 22:44:25,28.7,84.8,0.0
2026-09-01 22:44:55,28.7,84.9,0.0
2026-09-01 22:45:25,28.8,84.9,0.0
2026-09-01 22:45:55,28.7,85.2,0.0
2026-09-01 22:46:25,28.7,85.5,0.0
2026-09-01 22:46:55,28.7,86.1,0.0
2026-09-01 22:47:25,28.7,86.2,0.0
2026-09-01 22:47:55,28.7,87.0,0.0
2026-09-01 22:48:25,28.7,87.6,0.0
2026-09-01 22:48:55,28.7,88.8,0.0
2026-09-01 22:49:25,28.9,89.1,0.0
2026-09-01 22:49:55,28.7,89.0,0.0
2026-09-01 22:50:25,28.8,88.5,0.0
2026-09-01 22:50:55,28.7,88.2,0.0
2026-09-01 22:51:25,28.7,88.3,0.0
2026-09-01 22:51:55,28.7,87.8,0.0
2026-09-01 22:52:25,28.7,87.3,0.0
2026-09-01 22:52:55,28.7,86.8,0.0
2026-09-01 22:53:25,28.7,86.6,0.0
2026-09-01 22:53:55,28.8,86.6,0.0
2026-09-01 22:54:25,28.7,87.1,0.0
2026-09-01 22:54:55,28.8,87.4,0.0
2026-09-01 22:55:25,28.7,88.1,0.0
2026-09-01 22:55:55,28.7,88.2,0.0
2026-09-01 22:56:25,28.7,87.8,0.0
2026-09-01 22:56:55,28.6,87.3,0.0
2026-09-01 22:57:25,28.6,87.0,0.0
2026-09-01 22:57:55,28.7,87.2,0.0
2026-09-01 22:58:25,28.7,87.1,0.0
2026-09-01 22:58:55,28.7,87.3,0.0
2026-09-01 22:59:25,28.7,86.8,0.0
2026-09-01 22:59:55,28.7,86.7,0.0
2026-09-01 23:00:25,28.6,86.6,0.0
2026-09-01 23:00:55,28.6,86.4,0.0
2026-09-01 23:01:25,28.6,87.2,0.0
2026-09-01 23:01:55,28.5,87.7,0.0
2026-09-01 23:02:25,28.6,87.6,0.0
2026-09-01 23:02:55,28.6,86.8,0.0
2026-09-01 23:03:25,28.6,86.4,0.0
2026-09-01 23:03:55,28.6,86.6,0.0
2026-09-01 23:04:25,28.7,86.6,0.0
2026-09-01 23:04:55,28.7,86.3,0.0
2026-09-01 23:05:25,28.7,86.4,0.0
2026-09-01 23:05:55,28.7,86.4,0.0
2026-09-01 23:06:25,28.6,87.0,0.0
2026-09-01 23:06:55,28.7,87.4,0.0
2026-09-01 23:07:25,28.6,87.1,0.0
2026-09-01 23:07:55,28.6,86.8,0.0
2026-09-01 23:08:25,28.6,87.4,0.0
2026-09-01 23:08:55,28.6,87.4,0.0
2026-09-01 23:09:25,28.7,87.2,0.0
2026-09-01 23:09:55,28.7,87.3,0.0
2026-09-01 23:10:25,28.6,87.1,0.0
2026-09-01 23:10:55,28.7,86.2,0.0
2026-09-01 23:11:25,28.7,86.4,0.0
2026-09-01 23:11:55,28.7,86.3,0.0
2026-09-01 23:12:25,28.6,86.0,0.0
2026-09-01 23:12:55,28.6,85.7,0.0
2026-09-01 23:13:25,28.6,85.6,0.0
2026-09-01 23:13:55,28.6,85.7,0.0
2026-09-01 23:14:25,28.7,86.2,0.0
2026-09-01 23:14:55,28.7,85.6,0.0
2026-09-01 23:15:25,28.6,85.6,0.0
2026-09-01 23:15:55,28.7,85.7,0.0
2026-09-01 23:16:25,28.7,85.6,0.0
2026-09-01 23:16:55,28.8,85.1,0.0
2026-09-01 23:17:25,28.6,85.2,0.0
2026-09-01 23:17:55,28.7,85.1,0.0
2026-09-01 23:18:25,28.6,85.2,0.0
2026-09-01 23:18:55,28.6,85.4,0.0
2026-09-01 23:19:25,28.6,85.4,0.0
2026-09-01 23:19:55,28.7,85.3,0.0
2026-09-01 23:20:25,28.6,85.3,0.0
2026-09-01 23:20:55,28.6,85.7,0.0
2026-09-01 23:21:25,28.6,85.8,0.0
2026-09-01 23:21:55,28.7,85.7,0.0
2026-09-01 23:22:25,28.6,86.1,0.0
2026-09-01 23:22:55,28.6,85.9,0.0
2026-09-01 23:23:25,28.6,86.2,0.0
2026-09-01 23:23:55,28.7,85.9,0.0
2026-09-01 23:24:25,28.6,85.9,0.0
2026-09-01 23:24:55,28.6,86.0,0.0
2026-09-01 23:25:25,28.6,86.1,0.0
2026-09-01 23:25:55,28.6,86.1,0.0
2026-09-01 23:26:25,28.7,86.3,0.0
2026-09-01 23:26:55,28.6,87.4,0.0
2026-09-01 23:27:25,28.6,86.8,0.0
2026-09-01 23:27:55,28.7,86.8,0.0
2026-09-01 23:28:25,28.7,87.3,0.0
2026-09-01 23:28:55,28.6,87.7,0.0
2026-09-01 23:29:25,28.6,87.3,0.0
2026-09-01 23:29:55,28.6,87.6,0.0
2026-09-01 23:30:25,28.6,87.7,0.0
2026-09-01 23:30:55,28.6,87.5,0.0
2026-09-01 23:31:25,28.6,87.4,0.0
2026-09-01 23:31:55,28.5,87.1,0.0
2026-09-01 23:32:25,28.5,87.5,0.0
2026-09-01 23:32:55,28.6,88.0,0.0
2026-09-01 23:33:25,28.5,88.4,0.0
2026-09-01 23:33:55,28.5,88.1,0.0
2026-09-01 23:34:25,28.5,88.2,0.0
2026-09-01 23:34:55,28.5,88.2,0.0
2026-09-01 23:35:25,28.5,88.1,0.0
2026-09-01 23:35:55,28.5,88.1,0.0
2026-09-01 23:36:25,28.5,88.5,0.0
2026-09-01 23:36:55,28.5,88.5,0.0
2026-09-01 23:37:25,28.4,88.7,0.0
2026-09-01 23:37:55,28.5,89.0,0.0
2026-09-01 23:38:25,28.4,89.2,0.0
2026-09-01 23:38:55,28.4,89.0,0.0
2026-09-01 23:39:25,28.4,88.9,0.0
2026-09-01 23:39:55,28.4,89.1,0.0
2026-09-01 23:40:25,28.3,89.2,0.0
2026-09-01 23:40:55,28.3,89.4,0.0
2026-09-01 23:41:25,28.4,89.5,0.0
2026-09-01 23:41:55,28.3,89.7,0.0
2026-09-01 23:42:25,28.3,89.8,0.0
2026-09-01 23:42:55,28.4,89.7,0.0
2026-09-01 23:43:25,28.4,90.2,0.0
2026-09-01 23:43:55,28.4,90.4,0.0
2026-09-01 23:44:25,28.3,90.8,0.0
2026-09-01 23:44:55,28.3,90.6,0.0
2026-09-01 23:45:25,28.3,90.9,0.0
2026-09-01 23:45:55,28.3,90.5,0.0
2026-09-01 23:46:25,28.4,90.6,0.0
2026-09-01 23:46:55,28.4,90.9,0.0
2026-09-01 23:47:25,28.4,90.4,0.0
2026-09-01 23:47:55,28.2,90.4,0.0
2026-09-01 23:48:25,28.3,90.3,0.0
2026-09-01 23:48:55,28.3,90.5,0.0
2026-09-01 23:49:25,28.4,90.9,0.0
2026-09-01 23:49:55,28.3,90.9,0.0
2026-09-01 23:50:25,28.3,90.7,0.0
2026-09-01 23:50:55,28.3,91.3,0.0
2026-09-01 23:51:25,28.3,91.7,0.0
2026-09-01 23:51:55,28.3,91.6,0.0
2026-09-01 23:52:25,28.3,91.3,0.0
2026-09-01 23:52:55,28.3,91.1,0.0
2026-09-01 23:53:25,28.3,91.0,0.0
2026-09-01 23:53:55,28.3,90.9,0.0
2026-09-01 23:54:25,28.3,91.2,0.0
2026-09-01 23:54:55,28.3,91.0,0.0
2026-09-01 23:55:25,28.3,90.9,0.0
2026-09-01 23:55:55,28.2,91.1,0.0
2026-09-01 23:56:25,28.2,91.0,0.0
2026-09-01 23:56:55,28.2,90.9,0.0
2026-09-01 23:57:25,28.3,90.9,0.0
2026-09-01 23:57:55,28.3,90.7,0.0
2026-09-01 23:58:25,28.3,90.7,0.0
2026-09-01 23:58:55,28.2,90.5,0.0
2026-09-01 23:59:25,28.3,90.6,0.0
2026-09-01 23:59:55,28.3,90.8,0.0
2026-09-02 00:00:25,28.3,90.7,0.0
2026-09-02 00:00:55,28.2,90.7,0.0
2026-09-02 00:01:25,28.3,90.6,0.0
2026-09-02 00:01:55,28.3,90.5,0.0
2026-09-02 00:02:25,28.3,90.6,0.0
2026-09-02 00:02:55,28.3,90.8,0.0
2026-09-02 00:03:25,28.3,90.6,0.0
2026-09-02 00:03:55,28.2,90.7,0.0
2026-09-02 00:04:25,28.3,91.0,0.0
2026-09-02 00:04:55,28.3,91.8,0.0
2026-09-02 00:05:25,28.4,91.7,0.0
2026-09-02 00:05:55,28.3,91.5,0.0
2026-09-02 00:06:25,28.3,91.2,0.0
2026-09-02 00:06:55,28.3,91.2,0.0
2026-09-02 00:07:25,28.4,91.2,0.0
2026-09-02 00:07:55,28.3,90.9,0.0
2026-09-02 00:08:25,28.4,90.9,0.0
2026-09-02 00:08:55,28.3,90.9,0.0
2026-09-02 00:09:25,28.4,90.9,0.0
2026-09-02 00:09:55,28.2,91.1,0.0
2026-09-02 00:10:25,28.2,91.0,0.0
2026-09-02 00:10:55,28.3,91.0,0.0
2026-09-02 00:11:25,28.3,91.1,0.0
2026-09-02 00:11:55,28.3,90.8,0.0
2026-09-02 00:12:25,28.4,90.6,0.0
2026-09-02 00:12:55,28.3,90.5,0.0
2026-09-02 00:13:25,28.4,90.6,0.0
2026-09-02 00:13:55,28.3,90.6,0.0
2026-09-02 00:14:25,28.4,90.8,0.0
2026-09-02 00:14:55,28.3,90.4,0.0
2026-09-02 00:15:25,28.3,90.2,0.0
2026-09-02 00:16:03,28.2,90.3,0.0
2026-09-02 00:16:33,28.4,90.9,0.0
2026-09-02 00:17:03,28.2,90.9,0.0
2026-09-02 00:17:33,28.3,90.6,0.0
2026-09-02 00:18:03,28.3,90.4,0.0
2026-09-02 00:18:33,28.3,90.5,0.0
2026-09-02 00:19:03,28.3,90.4,0.0
2026-09-02 00:19:33,28.2,90.5,0.0
2026-09-02 00:20:03,28.3,90.2,0.0
2026-09-02 00:20:33,28.2,90.2,0.0
2026-09-02 00:21:03,28.3,90.4,0.0
2026-09-02 00:21:33,28.2,90.1,0.0
2026-09-02 00:22:03,28.2,90.1,0.0
2026-09-02 00:22:33,28.3,90.1,0.0
2026-09-02 00:23:03,28.3,90.1,0.0
2026-09-02 00:23:33,28.3,90.0,0.0
2026-09-02 00:24:03,28.2,90.0,0.0
2026-09-02 00:24:33,28.2,89.9,0.0
2026-09-02 00:25:03,28.2,90.2,0.0
2026-09-02 00:25:33,28.3,90.3,0.0
2026-09-02 00:26:03,28.3,90.6,0.0
2026-09-02 00:26:33,28.2,90.7,0.0
2026-09-02 00:27:03,28.3,91.2,0.0
2026-09-02 00:27:33,28.2,91.8,0.0
2026-09-02 00:28:03,28.3,91.4,0.0
2026-09-02 00:28:33,28.2,91.6,0.0
2026-09-02 00:29:03,28.2,91.3,0.0
2026-09-02 00:29:33,28.3,91.7,0.0
2026-09-02 00:30:03,28.2,91.6,0.0
2026-09-02 00:30:33,28.2,91.5,0.0
2026-09-02 00:31:03,28.3,91.1,0.0
2026-09-02 00:31:33,28.2,90.8,0.0
2026-09-02 00:32:03,28.2,90.8,0.0
2026-09-02 00:32:33,28.3,91.0,0.0
2026-09-02 00:33:03,28.3,91.1,0.0
2026-09-02 00:33:33,28.2,91.5,0.0
2026-09-02 00:34:03,28.2,91.7,0.0
2026-09-02 00:34:33,28.2,91.7,0.0
2026-09-02 00:35:03,28.2,91.7,0.0
2026-09-02 00:35:33,28.3,91.3,0.0
2026-09-02 00:36:03,28.3,91.0,0.0
2026-09-02 00:36:33,28.3,90.9,0.0
2026-09-02 00:37:03,28.3,91.2,0.0
2026-09-02 00:37:33,28.3,91.1,0.0
2026-09-02 00:38:03,28.3,90.8,0.0
2026-09-02 00:38:33,28.3,91.3,0.0
2026-09-02 00:39:03,28.3,91.6,0.0
2026-09-02 00:39:33,28.3,91.7,0.0
2026-09-02 00:40:03,28.3,91.8,0.0
2026-09-02 00:40:33,28.2,91.7,0.0
2026-09-02 00:41:03,28.3,91.5,0.0
2026-09-02 00:41:33,28.4,91.4,0.0
2026-09-02 00:42:03,28.3,91.5,0.0
2026-09-02 00:42:33,28.3,91.4,0.0
2026-09-02 00:43:03,28.3,91.4,0.0
2026-09-02 00:43:33,28.4,91.5,0.0
2026-09-02 00:44:03,28.4,91.4,0.0
2026-09-02 00:44:33,28.3,91.6,0.0
2026-09-02 00:45:03,28.4,91.7,0.0
2026-09-02 00:45:33,28.3,91.6,0.0
2026-09-02 00:46:03,28.3,91.8,0.0
2026-09-02 00:46:33,28.3,92.0,0.0
2026-09-02 00:47:03,28.3,91.7,0.0
2026-09-02 00:47:33,28.3,91.6,0.0
2026-09-02 00:48:03,28.4,91.5,0.0
2026-09-02 00:48:33,28.3,91.8,0.0
2026-09-02 00:49:03,28.3,92.2,0.0
2026-09-02 00:49:33,28.4,92.5,0.0
2026-09-02 00:50:03,28.4,93.3,0.0
2026-09-02 00:50:33,28.3,93.3,0.0
2026-09-02 00:51:03,28.3,93.4,0.0
2026-09-02 00:51:33,28.3,93.5,0.0
2026-09-02 00:52:03,28.4,93.0,0.0
2026-09-02 00:52:33,28.3,92.7,0.0
2026-09-02 00:53:03,28.4,92.3,0.0
2026-09-02 00:53:33,28.2,92.2,0.0
2026-09-02 00:54:03,28.4,92.2,0.0
2026-09-02 00:54:33,28.3,92.3,0.0
2026-09-02 00:55:03,28.3,92.1,0.0
2026-09-02 00:55:33,28.3,92.1,0.0
2026-09-02 00:56:03,28.3,92.3,0.0
2026-09-02 00:56:33,28.3,92.4,0.0
2026-09-02 00:57:03,28.3,92.1,0.0
2026-09-02 00:57:33,28.3,92.0,0.0
2026-09-02 00:58:03,28.3,92.0,0.0
2026-09-02 00:58:33,28.4,91.8,0.0
2026-09-02 00:59:03,28.4,91.8,0.0
2026-09-02 00:59:33,28.3,91.8,0.0
2026-09-02 01:00:03,28.3,91.4,0.0
2026-09-02 01:00:33,28.3,91.1,0.0
2026-09-02 01:01:03,28.3,91.0,0.0
2026-09-02 01:01:33,28.3,90.9,0.0
2026-09-02 01:02:03,28.3,90.9,0.0
2026-09-02 01:02:33,28.3,90.9,0.0
2026-09-02 01:03:03,28.4,90.8,0.0
2026-09-02 01:03:33,28.4,90.7,0.0
2026-09-02 01:04:03,28.2,90.7,0.0
2026-09-02 01:04:33,28.3,90.7,0.0
2026-09-02 01:05:03,28.3,90.7,0.0
2026-09-02 01:05:33,28.3,90.6,0.0
2026-09-02 01:06:03,28.2,90.3,0.0
2026-09-02 01:06:33,28.2,90.3,0.0
2026-09-02 01:07:03,28.2,90.2,0.0
2026-09-02 01:07:33,28.3,90.0,0.0
2026-09-02 01:08:00,28.3,90.1,0.0
2026-09-02 01:08:30,28.2,90.1,0.0
2026-09-02 01:09:00,28.3,90.2,0.0
2026-09-02 01:09:30,28.3,90.6,0.0
2026-09-02 01:10:00,28.3,90.8,0.0
2026-09-02 01:10:30,28.3,90.5,0.0
2026-09-02 01:11:00,28.3,90.4,0.0
2026-09-02 01:11:30,28.2,90.4,0.0
2026-09-02 01:12:00,28.3,90.7,0.0
2026-09-02 01:12:30,28.2,90.8,0.0
2026-09-02 01:13:00,28.3,90.6,0.0
2026-09-02 01:13:30,28.3,90.7,0.0
2026-09-02 01:14:00,28.3,91.0,0.0
2026-09-02 01:14:30,28.3,91.3,0.0
2026-09-02 01:15:00,28.3,91.1,0.0
2026-09-02 01:15:30,28.2,91.1,0.0
2026-09-02 01:16:00,28.3,90.8,0.0
2026-09-02 01:16:30,28.2,90.9,0.0
2026-09-02 01:17:00,28.3,90.8,0.0
2026-09-02 01:17:30,28.3,91.0,0.0
2026-09-02 01:18:00,28.3,90.9,0.0
2026-09-02 01:18:30,28.3,90.8,0.0
2026-09-02 01:19:00,28.3,90.7,0.0
2026-09-02 01:19:30,28.3,91.1,0.0
2026-09-02 01:20:00,28.3,91.2,0.0
2026-09-02 01:20:30,28.3,91.4,0.0
2026-09-02 01:21:00,28.3,92.3,0.0
2026-09-02 01:21:30,28.3,91.8,0.0
2026-09-02 01:22:00,28.3,92.2,0.0
2026-09-02 01:22:30,28.3,91.9,0.0
2026-09-02 01:23:00,28.3,92.0,0.0
2026-09-02 01:23:30,28.2,92.1,0.0
2026-09-02 01:24:00,28.3,92.3,0.0
2026-09-02 01:24:30,28.3,92.1,0.0
2026-09-02 01:25:00,28.3,92.0,0.0
2026-09-02 01:25:30,28.3,92.3,0.0
2026-09-02 01:26:00,28.3,92.2,0.0
2026-09-02 01:26:30,28.2,92.1,0.0
2026-09-02 01:27:00,28.3,92.2,0.0
2026-09-02 01:27:30,28.3,92.1,0.0
2026-09-02 01:28:00,28.3,92.2,0.0
2026-09-02 01:28:30,28.3,91.8,0.0
2026-09-02 01:29:00,28.2,92.1,0.0
2026-09-02 01:29:30,28.3,92.0,0.0
2026-09-02 01:30:00,28.2,91.6,0.0
2026-09-02 01:30:30,28.3,91.3,0.0
2026-09-02 01:31:00,28.3,91.3,0.0
2026-09-02 01:31:30,28.3,91.7,0.0
2026-09-02 01:32:00,28.2,91.5,0.0
2026-09-02 01:32:30,28.3,91.5,0.0
2026-09-02 01:33:00,28.3,90.6,0.0
2026-09-02 01:33:30,28.2,90.2,0.0
2026-09-02 01:34:00,28.3,89.6,0.0
2026-09-02 01:34:30,28.2,89.8,0.0
2026-09-02 01:35:00,28.2,89.8,0.0
2026-09-02 01:35:30,28.3,89.5,0.0
2026-09-02 01:36:00,28.3,89.5,0.0
2026-09-02 01:36:30,28.2,89.7,0.0
2026-09-02 01:37:00,28.3,89.6,0.0
2026-09-02 01:37:30,28.3,89.6,0.0
2026-09-02 01:38:00,28.3,89.6,0.0
2026-09-02 01:38:30,28.2,89.4,0.0
2026-09-02 01:39:00,28.2,89.7,0.0
2026-09-02 01:39:30,28.3,89.4,0.0
2026-09-02 01:40:00,28.2,89.2,0.0
2026-09-02 01:40:30,28.2,89.2,0.0
2026-09-02 01:41:00,28.2,89.7,0.0
2026-09-02 01:41:30,28.2,90.2,0.0
2026-09-02 01:42:00,28.2,90.1,0.0
2026-09-02 01:42:30,28.2,89.9,0.0
2026-09-02 01:43:00,28.3,89.9,0.0
2026-09-02 01:43:30,28.2,90.0,0.0
2026-09-02 01:44:00,28.3,89.6,0.0
2026-09-02 01:44:30,28.2,89.2,0.0
2026-09-02 01:45:00,28.3,89.2,0.0
2026-09-02 01:45:30,28.3,89.7,0.0
2026-09-02 01:46:00,28.2,90.0,0.0
2026-09-02 01:46:30,28.3,90.2,0.0
2026-09-02 01:47:00,28.3,90.3,0.0
2026-09-02 01:47:30,28.3,90.1,0.0
2026-09-02 01:48:00,28.2,90.0,0.0
2026-09-02 01:48:30,28.3,89.9,0.0
2026-09-02 01:49:00,28.2,89.8,0.0
2026-09-02 01:49:30,28.2,90.0,0.0
2026-09-02 01:50:00,28.3,89.0,0.0
2026-09-02 01:50:30,28.3,88.7,0.0
2026-09-02 01:51:00,28.2,88.6,0.0
2026-09-02 01:51:30,28.3,88.7,0.0
2026-09-02 01:52:00,28.3,88.7,0.0
2026-09-02 01:52:30,28.3,88.8,0.0
2026-09-02 01:53:00,28.3,88.7,0.0
2026-09-02 01:53:30,28.2,88.8,0.0
2026-09-02 01:54:00,28.2,89.0,0.0
2026-09-02 01:54:30,28.3,89.1,0.0
2026-09-02 01:55:00,28.3,89.3,0.0
2026-09-02 01:55:30,28.3,89.3,0.0
2026-09-02 01:56:00,28.3,89.3,0.0
2026-09-02 01:56:30,28.3,89.2,0.0
2026-09-02 01:57:00,28.2,89.2,0.0
2026-09-02 01:57:30,28.2,88.9,0.0
2026-09-02 01:58:00,28.2,88.7,0.0
2026-09-02 01:58:30,28.2,88.6,0.0
2026-09-02 01:59:00,28.2,88.6,0.0
2026-09-02 01:59:30,28.2,88.6,0.0
2026-09-02 02:00:00,28.2,88.6,0.0
2026-09-02 02:00:30,28.3,88.7,0.0
2026-09-02 02:01:00,28.3,89.0,0.0
2026-09-02 02:01:30,28.2,89.3,0.0
2026-09-02 02:02:00,28.2,89.2,0.0
2026-09-02 02:02:30,28.2,89.2,0.0
2026-09-02 02:03:00,28.2,89.3,0.0
2026-09-02 02:03:30,28.3,89.1,0.0
2026-09-02 02:04:00,28.2,89.3,0.0
2026-09-02 02:04:30,28.2,89.2,0.0
2026-09-02 02:05:00,28.2,89.4,0.0
2026-09-02 02:05:30,28.2,89.6,0.0
2026-09-02 02:06:00,28.2,89.6,0.0
2026-09-02 02:06:30,28.2,89.7,0.0
2026-09-02 02:07:00,28.2,89.7,0.0
2026-09-02 02:07:30,28.3,89.7,0.0
2026-09-02 02:08:00,28.1,89.8,0.0
2026-09-02 02:08:30,28.2,89.9,0.0
2026-09-02 02:09:00,28.2,90.2,0.0
2026-09-02 02:09:30,28.2,90.1,0.0
2026-09-02 02:10:00,28.2,90.3,0.0
2026-09-02 02:10:30,28.2,90.3,0.0
2026-09-02 02:11:00,28.2,90.2,0.0
2026-09-02 02:11:30,28.2,90.3,0.0
2026-09-02 02:12:00,28.3,90.6,0.0
2026-09-02 02:12:30,28.2,90.9,0.0
2026-09-02 02:13:00,28.2,91.5,0.0
2026-09-02 02:13:30,28.3,91.3,0.0
2026-09-02 02:14:00,28.2,91.7,0.0
2026-09-02 02:14:30,28.3,91.6,0.0
2026-09-02 02:15:00,28.2,91.5,0.0
2026-09-02 02:15:30,28.2,91.7,0.0
2026-09-02 02:16:00,28.2,91.7,0.0
2026-09-02 02:16:30,28.3,91.7,0.0
2026-09-02 02:17:00,28.2,91.6,0.0
2026-09-02 02:17:30,28.2,91.4,0.0
2026-09-02 02:18:00,28.2,91.2,0.0
2026-09-02 02:18:30,28.3,91.5,0.0
2026-09-02 02:19:00,28.3,91.6,0.0
2026-09-02 02:19:30,28.2,91.9,0.0
2026-09-02 02:20:00,28.2,91.7,0.0
2026-09-02 02:20:30,28.3,91.4,0.0
2026-09-02 02:21:00,28.2,91.5,0.0
2026-09-02 02:21:30,28.2,91.2,0.0
2026-09-02 02:22:00,28.2,91.2,0.0
2026-09-02 02:22:30,28.1,91.3,0.0
2026-09-02 02:23:00,28.2,91.2,0.0
2026-09-02 02:23:30,28.1,91.1,0.0
2026-09-02 02:24:00,28.2,91.0,0.0
2026-09-02 02:24:30,28.1,90.8,0.0
2026-09-02 02:25:00,28.1,90.8,0.0
2026-09-02 02:25:30,28.1,90.9,0.0
2026-09-02 02:26:00,28.2,90.7,0.0
2026-09-02 02:26:30,28.1,90.6,0.0
2026-09-02 02:27:00,28.1,90.7,0.0
2026-09-02 02:27:30,28.2,90.7,0.0
2026-09-02 02:28:00,28.2,90.6,0.0
2026-09-02 02:28:30,28.1,90.5,0.0
2026-09-02 02:29:00,28.2,90.4,0.0
2026-09-02 02:29:30,28.1,90.4,0.0
2026-09-02 02:30:00,28.1,90.7,0.0
2026-09-02 02:30:30,28.2,91.0,0.0
2026-09-02 02:31:00,28.1,91.2,0.0
2026-09-02 02:31:30,28.1,91.0,0.0
2026-09-02 02:32:00,28.1,90.8,0.0
2026-09-02 02:32:30,28.1,90.8,0.0
2026-09-02 02:33:00,28.1,90.7,0.0
2026-09-02 02:33:30,28.1,90.7,0.0
2026-09-02 02:34:00,28.1,90.9,0.0
2026-09-02 02:34:30,28.2,91.1,0.0
2026-09-02 02:35:00,28.1,91.6,0.0
2026-09-02 02:35:30,28.1,91.9,0.0
2026-09-02 02:36:00,28.2,92.3,0.0
2026-09-02 02:36:30,28.1,92.5,0.0
2026-09-02 02:37:00,28.1,93.0,0.0
2026-09-02 02:37:30,28.2,93.1,0.0
2026-09-02 02:38:00,28.2,93.4,0.0
2026-09-02 02:38:30,28.1,93.4,0.0
2026-09-02 02:39:00,28.2,93.4,0.0
2026-09-02 02:39:30,28.1,93.7,0.0
2026-09-02 02:40:00,28.2,93.9,0.0
2026-09-02 02:40:30,28.1,94.1,0.0
2026-09-02 02:41:00,28.2,93.9,0.0
2026-09-02 02:41:30,28.1,93.7,0.0
2026-09-02 02:42:00,28.2,93.6,0.0
2026-09-02 02:42:30,28.1,93.2,0.0
2026-09-02 02:43:00,28.1,92.9,0.0
2026-09-02 02:43:30,28.1,92.8,0.0
2026-09-02 02:44:00,28.1,92.8,0.0
2026-09-02 02:44:30,28.1,92.8,0.0
2026-09-02 02:45:00,28.1,93.0,0.0
2026-09-02 02:45:30,28.2,93.2,0.0
2026-09-02 02:46:00,28.1,93.1,0.0
2026-09-02 02:46:30,28.2,92.8,0.0
2026-09-02 02:47:00,28.1,92.5,0.0
2026-09-02 02:47:30,28.2,92.5,0.0
2026-09-02 02:48:00,28.1,92.4,0.0
2026-09-02 02:48:30,28.1,92.5,0.0
2026-09-02 02:49:00,28.1,92.9,0.0
2026-09-02 02:49:30,28.1,92.8,0.0
2026-09-02 02:50:00,28.1,92.9,0.0
2026-09-02 02:50:30,28.1,93.1,0.0
2026-09-02 02:51:00,28.1,93.1,0.0
2026-09-02 02:51:30,28.1,92.8,0.0
2026-09-02 02:52:00,28.1,92.5,0.0
2026-09-02 02:52:30,28.1,92.2,0.0
2026-09-02 02:53:00,28.1,92.1,0.0
2026-09-02 02:53:30,28.1,92.2,0.0
2026-09-02 02:54:00,28.1,92.4,0.0
2026-09-02 02:54:30,28.1,92.5,0.0
2026-09-02 02:55:00,28.1,92.4,0.0
2026-09-02 02:55:30,28.1,92.4,0.0
2026-09-02 02:56:00,28.1,92.3,0.0
2026-09-02 02:56:30,28.1,92.2,0.0
2026-09-02 02:57:00,28.1,92.3,0.0
2026-09-02 02:57:30,28.0,92.3,0.0
2026-09-02 02:58:00,28.1,92.3,0.0
2026-09-02 02:58:30,28.0,92.1,0.0
2026-09-02 02:59:00,28.0,92.0,0.0
2026-09-02 02:59:30,28.0,91.9,0.0
2026-09-02 03:00:00,28.0,91.7,0.0
2026-09-02 03:00:30,28.0,91.6,0.0
2026-09-02 03:01:00,28.0,91.7,0.0
2026-09-02 03:01:30,28.0,91.9,0.0
2026-09-02 03:02:00,28.0,91.9,0.0
2026-09-02 03:02:30,28.0,91.9,0.0
2026-09-02 03:03:00,28.0,91.7,0.0
2026-09-02 03:03:30,28.0,91.7,0.0
2026-09-02 03:04:00,28.0,91.6,0.0
2026-09-02 03:04:30,28.0,91.6,0.0
2026-09-02 03:05:00,27.9,91.7,0.0
2026-09-02 03:05:30,27.9,91.8,0.0
2026-09-02 03:06:00,28.0,91.7,0.0
2026-09-02 03:06:30,27.9,91.7,0.0
2026-09-02 03:07:00,27.9,91.7,0.0
2026-09-02 03:07:30,27.9,91.7,0.0
2026-09-02 03:08:00,27.9,91.9,0.0
2026-09-02 03:08:30,28.0,91.9,0.0
2026-09-02 03:09:00,28.0,91.9,0.0
2026-09-02 03:09:30,28.0,91.8,0.0
2026-09-02 03:10:00,27.9,91.8,0.0
2026-09-02 03:10:30,27.9,91.8,0.0
2026-09-02 03:11:00,27.9,92.0,0.0
2026-09-02 03:11:30,27.9,91.9,0.0
2026-09-02 03:12:00,27.9,91.8,0.0
2026-09-02 03:12:30,27.9,92.2,0.0
2026-09-02 03:13:00,27.9,92.3,0.0
2026-09-02 03:13:30,27.9,92.0,0.0
2026-09-02 03:14:00,27.9,91.9,0.0
2026-09-02 03:14:30,27.9,91.8,0.0
2026-09-02 03:15:00,27.9,91.9,0.0
2026-09-02 03:15:30,27.9,91.9,0.0
2026-09-02 03:16:00,27.9,91.9,0.0
2026-09-02 03:16:30,27.9,92.1,0.0
2026-09-02 03:17:00,27.9,92.1,0.0
2026-09-02 03:17:30,27.9,92.2,0.0
2026-09-02 03:18:00,28.0,92.1,0.0
2026-09-02 03:18:30,27.9,92.3,0.0
2026-09-02 03:19:00,27.9,92.5,0.0
2026-09-02 03:19:30,27.9,92.8,0.0
2026-09-02 03:20:00,27.8,92.7,0.0
2026-09-02 03:20:30,27.9,92.8,0.0
2026-09-02 03:21:00,27.8,92.7,0.0
2026-09-02 03:21:30,27.8,92.6,0.0
2026-09-02 03:22:00,27.8,92.6,0.0
2026-09-02 03:22:30,27.9,92.4,0.0
2026-09-02 03:23:00,27.8,92.8,0.0
2026-09-02 03:23:30,27.9,93.9,0.0
2026-09-02 03:24:00,27.8,93.6,0.0
2026-09-02 03:24:30,27.8,93.1,0.0
2026-09-02 03:25:00,27.9,93.2,0.0
2026-09-02 03:25:30,27.9,93.4,0.0
2026-09-02 03:26:00,27.8,93.4,0.0
2026-09-02 03:26:30,27.8,93.1,0.0
2026-09-02 03:27:00,27.8,93.4,0.0
2026-09-02 03:27:30,27.9,93.6,0.0
2026-09-02 03:28:00,27.8,93.3,0.0
2026-09-02 03:28:30,27.7,93.0,0.0
2026-09-02 03:29:00,27.8,93.0,0.0
2026-09-02 03:29:30,27.8,92.8,0.0
2026-09-02 03:30:00,27.8,92.8,0.0
2026-09-02 03:30:30,27.8,92.9,0.0
2026-09-02 03:31:00,27.8,93.0,0.0
2026-09-02 03:31:30,27.8,93.0,0.0
2026-09-02 03:32:00,27.8,93.4,0.0
2026-09-02 03:32:30,27.8,93.3,0.0
2026-09-02 03:33:00,27.8,93.3,0.0
2026-09-02 03:33:30,27.8,93.2,0.0
2026-09-02 03:34:00,27.8,93.2,0.0
2026-09-02 03:34:30,27.7,93.1,0.0
2026-09-02 03:35:00,27.7,93.2,0.0
2026-09-02 03:35:30,27.8,93.0,0.0
2026-09-02 03:36:00,27.8,92.8,0.0
2026-09-02 03:36:30,27.8,92.7,0.0
2026-09-02 03:37:00,27.8,92.6,0.0
2026-09-02 03:37:30,27.8,92.6,0.0
2026-09-02 03:38:00,27.8,92.7,0.0
2026-09-02 03:38:30,27.7,92.6,0.0
2026-09-02 03:39:00,27.8,92.5,0.0
2026-09-02 03:39:30,27.7,92.5,0.0
2026-09-02 03:40:00,27.7,92.4,0.0
2026-09-02 03:40:30,27.8,92.3,0.0
2026-09-02 03:41:00,27.7,92.5,0.0
2026-09-02 03:41:30,27.8,92.6,0.0
2026-09-02 03:42:00,27.7,92.5,0.0
2026-09-02 03:42:30,27.8,92.4,0.0
2026-09-02 03:43:00,27.7,92.7,0.0
2026-09-02 03:43:30,27.7,93.0,0.0
2026-09-02 03:44:00,27.7,93.5,0.0
2026-09-02 03:44:30,27.8,93.3,0.0
2026-09-02 03:45:00,27.7,93.2,0.0
2026-09-02 03:45:30,27.7,93.3,0.0
2026-09-02 03:46:00,27.7,93.1,0.0
2026-09-02 03:46:30,27.6,92.9,0.0
2026-09-02 03:47:00,27.7,92.8,0.0
2026-09-02 03:47:30,27.6,92.7,0.0
2026-09-02 03:48:00,27.7,92.8,0.0
2026-09-02 03:48:30,27.6,92.8,0.0
2026-09-02 03:49:00,27.7,92.9,0.0
2026-09-02 03:49:30,27.6,92.9,0.0
2026-09-02 03:50:00,27.8,92.9,0.0
2026-09-02 03:50:30,27.7,93.0,0.0
2026-09-02 03:51:00,27.7,93.1,0.0
2026-09-02 03:51:30,27.6,93.1,0.0
2026-09-02 03:52:00,27.7,92.9,0.0
2026-09-02 03:52:30,27.6,93.0,0.0
2026-09-02 03:53:00,27.7,93.2,0.0
2026-09-02 03:53:30,27.6,93.2,0.0
2026-09-02 03:54:00,27.7,93.1,0.0
2026-09-02 03:54:30,27.6,92.8,0.0
2026-09-02 03:55:00,27.6,92.8,0.0
2026-09-02 03:55:30,27.7,92.7,0.0
2026-09-02 03:56:00,27.6,92.6,0.0
2026-09-02 03:56:30,27.7,92.6,0.0
2026-09-02 03:57:00,27.6,92.7,0.0
2026-09-02 03:57:30,27.6,92.6,0.0
2026-09-02 03:58:00,27.6,92.7,0.0
2026-09-02 03:58:30,27.7,92.8,0.0
2026-09-02 03:59:00,27.6,92.8,0.0
2026-09-02 03:59:30,27.6,92.7,0.0
2026-09-02 04:00:00,27.6,92.6,0.0
2026-09-02 04:00:30,27.7,92.6,0.0
2026-09-02 04:01:00,27.6,92.6,0.0
2026-09-02 04:01:30,27.7,92.5,0.0
2026-09-02 04:02:00,27.6,93.0,0.0
2026-09-02 04:02:30,27.6,93.2,0.0
2026-09-02 04:03:00,27.6,93.0,0.0
2026-09-02 04:03:30,27.7,92.9,0.0
2026-09-02 04:04:00,27.6,93.0,0.0
2026-09-02 04:04:30,27.6,92.9,0.0
2026-09-02 04:05:00,27.6,92.9,0.0
2026-09-02 04:05:30,27.6,93.1,0.0
2026-09-02 04:06:00,27.6,93.2,0.0
2026-09-02 04:06:30,27.6,93.2,0.0
2026-09-02 04:07:00,27.6,93.2,0.0
2026-09-02 04:07:30,27.6,93.8,0.0
2026-09-02 04:08:00,27.6,94.0,0.0
2026-09-02 04:08:30,27.7,93.8,0.0
2026-09-02 04:09:00,27.6,93.6,0.0
2026-09-02 04:09:30,27.5,93.9,0.0
2026-09-02 04:10:00,27.6,93.9,0.0
2026-09-02 04:10:30,27.6,93.6,0.0
2026-09-02 04:11:00,27.6,93.7,0.0
2026-09-02 04:11:30,27.7,93.8,0.0
2026-09-02 04:12:00,27.6,94.1,0.0
2026-09-02 04:12:30,27.6,94.0,0.0
2026-09-02 04:13:00,27.6,93.8,0.0
2026-09-02 04:13:30,27.6,93.6,0.0
2026-09-02 04:14:00,27.6,93.5,0.0
2026-09-02 04:14:30,27.6,93.4,0.0
2026-09-02 04:15:00,27.6,93.3,0.0
2026-09-02 04:15:30,27.7,93.2,0.0
2026-09-02 04:16:00,27.6,93.1,0.0
2026-09-02 04:16:30,27.6,93.2,0.0
2026-09-02 04:17:00,27.6,93.1,0.0
2026-09-02 04:17:30,27.6,93.4,0.0
2026-09-02 04:18:00,27.6,93.3,0.0
2026-09-02 04:18:30,27.6,93.3,0.0
2026-09-02 04:19:00,27.6,93.4,0.0
2026-09-02 04:19:30,27.7,93.8,0.0
2026-09-02 04:20:00,27.5,94.1,0.0
2026-09-02 04:20:30,27.6,94.2,0.0
2026-09-02 04:21:00,27.5,93.7,0.0
2026-09-02 04:21:30,27.6,93.5,0.0
2026-09-02 04:22:00,27.5,93.4,0.0
2026-09-02 04:22:30,27.6,93.3,0.0
2026-09-02 04:23:00,27.6,93.6,0.0
2026-09-02 04:23:30,27.5,93.6,0.0
2026-09-02 04:24:00,27.5,93.6,0.0
2026-09-02 04:24:30,27.6,93.4,0.0
2026-09-02 04:25:00,27.6,93.6,0.0
2026-09-02 04:25:30,27.6,93.7,0.0
2026-09-02 04:26:00,27.6,93.7,0.0
2026-09-02 04:26:30,27.5,93.6,0.0
2026-09-02 04:27:00,27.5,93.7,0.0
2026-09-02 04:27:30,27.5,94.0,0.0
2026-09-02 04:28:00,27.6,93.7,0.0
2026-09-02 04:28:30,27.5,93.5,0.0
2026-09-02 04:29:00,27.4,93.7,0.0
2026-09-02 04:29:30,27.5,93.8,0.0
2026-09-02 04:30:00,27.5,94.1,0.0
2026-09-02 04:30:30,27.4,94.0,0.0
2026-09-02 04:31:00,27.4,93.8,0.0
2026-09-02 04:31:30,27.4,93.6,0.0
2026-09-02 04:32:00,27.5,93.6,0.0
2026-09-02 04:32:30,27.4,93.5,0.0
2026-09-02 04:33:00,27.5,93.5,0.0
2026-09-02 04:33:30,27.4,93.7,0.0
2026-09-02 04:34:00,27.5,93.8,0.0
2026-09-02 04:34:30,27.4,93.6,0.0
2026-09-02 04:35:00,27.4,93.6,0.0
2026-09-02 04:35:30,27.4,93.6,0.0
2026-09-02 04:36:00,27.4,93.5,0.0
2026-09-02 04:36:30,27.4,93.7,0.0
2026-09-02 04:37:00,27.5,93.9,0.0
2026-09-02 04:37:30,27.4,94.2,0.0
2026-09-02 04:38:00,27.4,94.4,0.0
2026-09-02 04:38:30,27.5,94.1,0.0
2026-09-02 04:39:00,27.4,94.0,0.0
2026-09-02 04:39:30,27.5,93.9,0.0
2026-09-02 04:40:00,27.4,93.8,0.0
2026-09-02 04:40:30,27.5,93.9,0.0
2026-09-02 04:41:00,27.4,93.9,0.0
2026-09-02 04:41:30,27.5,94.1,0.0
2026-09-02 04:42:00,27.4,94.2,0.0
2026-09-02 04:42:30,27.4,94.6,0.0
2026-09-02 04:43:00,27.4,94.6,0.0
2026-09-02 04:43:30,27.4,94.7,0.0
2026-09-02 04:44:00,27.4,94.8,0.0
2026-09-02 04:44:30,27.3,94.7,0.0
2026-09-02 04:45:00,27.3,94.5,0.0
2026-09-02 04:45:30,27.3,94.5,0.0
2026-09-02 04:46:00,27.4,94.3,0.0
2026-09-02 04:46:30,27.3,94.3,0.0
2026-09-02 04:47:00,27.3,94.2,0.0
2026-09-02 04:47:30,27.3,94.1,0.0
2026-09-02 04:48:00,27.3,94.4,0.0
2026-09-02 04:48:30,27.3,94.6,0.0
2026-09-02 04:49:00,27.3,94.6,0.0
2026-09-02 04:49:30,27.2,94.4,0.0
2026-09-02 04:50:00,27.3,94.3,0.0
2026-09-02 04:50:30,27.3,94.2,0.0
2026-09-02 04:51:00,27.3,94.1,0.0
2026-09-02 04:51:30,27.2,94.0,0.0
2026-09-02 04:52:00,27.2,93.9,0.0
2026-09-02 04:52:30,27.2,94.0,0.0
2026-09-02 04:53:00,27.3,93.9,0.0
2026-09-02 04:53:30,27.2,94.0,0.0
2026-09-02 04:54:00,27.3,94.2,0.0
2026-09-02 04:54:30,27.3,94.7,0.0
2026-09-02 04:55:00,27.3,94.5,0.0
2026-09-02 04:55:30,27.2,94.3,0.0
2026-09-02 04:56:00,27.3,94.7,0.0
2026-09-02 04:56:30,27.2,94.4,0.0
2026-09-02 04:57:00,27.3,94.2,0.0
2026-09-02 04:57:30,27.2,94.5,0.0
2026-09-02 04:58:00,27.2,94.8,0.0
2026-09-02 04:58:30,27.3,94.6,0.0
2026-09-02 04:59:00,27.4,94.5,0.0
2026-09-02 04:59:30,27.2,95.0,0.0
2026-09-02 05:00:00,27.3,95.1,0.0
2026-09-02 05:00:30,27.2,95.0,0.0
2026-09-02 05:01:00,27.2,94.6,0.0
2026-09-02 05:01:30,27.2,94.4,0.0
2026-09-02 05:02:00,27.2,94.3,0.0
2026-09-02 05:02:30,27.2,94.6,0.0
2026-09-02 05:03:00,27.2,95.1,0.0
2026-09-02 05:03:30,27.2,94.9,0.0
2026-09-02 05:04:00,27.3,94.9,0.0
2026-09-02 05:04:30,27.2,94.8,0.0
2026-09-02 05:05:00,27.2,94.9,0.0
2026-09-02 05:05:30,27.2,94.9,0.0
2026-09-02 05:06:00,27.3,94.8,0.0
2026-09-02 05:06:30,27.2,94.8,0.0
2026-09-02 05:07:00,27.2,94.6,0.0
2026-09-02 05:07:30,27.2,94.5,0.0
2026-09-02 05:08:00,27.2,94.4,0.0
2026-09-02 05:08:30,27.2,94.6,0.0
2026-09-02 05:09:00,27.2,94.5,0.0
2026-09-02 05:09:30,27.2,94.4,0.0
2026-09-02 05:10:00,27.2,94.3,0.0
2026-09-02 05:10:30,27.2,94.3,0.0
2026-09-02 05:11:00,27.2,94.3,0.0
2026-09-02 05:11:30,27.2,94.5,0.0
2026-09-02 05:12:00,27.3,94.6,0.0
2026-09-02 05:12:30,27.2,95.2,0.0
2026-09-02 05:13:00,27.4,95.0,0.0
2026-09-02 05:13:30,27.2,94.9,0.0
2026-09-02 05:14:00,27.3,94.9,0.0
2026-09-02 05:14:30,27.2,95.4,0.8
2026-09-02 05:15:00,27.2,95.2,0.8
2026-09-02 05:15:30,27.2,94.8,0.8
2026-09-02 05:16:00,27.2,94.8,0.8
2026-09-02 05:16:30,27.2,94.7,0.8
2026-09-02 05:17:00,27.2,95.1,0.8
2026-09-02 05:17:30,27.2,95.4,0.8
2026-09-02 05:18:00,27.3,95.6,0.8
2026-09-02 05:18:30,27.3,95.3,0.8
2026-09-02 05:19:00,27.3,95.4,0.8
2026-09-02 05:19:30,27.3,95.1,1.7
2026-09-02 05:20:00,27.2,95.2,1.7
2026-09-02 05:20:30,27.3,95.0,1.7
2026-09-02 05:21:00,27.3,94.9,1.7
2026-09-02 05:21:30,27.2,95.1,2.5
2026-09-02 05:22:00,27.3,95.0,2.5
2026-09-02 05:22:30,27.3,94.9,3.3
2026-09-02 05:23:00,27.2,95.1,4.2
2026-09-02 05:23:30,27.3,94.9,5.0
2026-09-02 05:24:00,27.3,94.9,5.8
2026-09-02 05:24:30,27.3,95.0,6.7
2026-09-02 05:25:00,27.2,94.9,7.5
2026-09-02 05:25:30,27.2,95.2,9.2
2026-09-02 05:26:00,27.3,95.1,10.0
2026-09-02 05:26:30,27.2,94.8,11.7
2026-09-02 05:27:00,27.2,94.8,13.3
2026-09-02 05:27:30,27.2,95.2,15.8
2026-09-02 05:28:00,27.2,95.4,17.5
2026-09-02 05:28:30,27.2,95.3,20.0
2026-09-02 05:29:00,27.2,95.5,23.3
2026-09-02 05:29:30,27.3,95.4,25.8
2026-09-02 05:30:00,27.3,95.3,28.3
2026-09-02 05:30:30,27.3,95.3,31.7
2026-09-02 05:31:00,27.3,95.3,35.0
2026-09-02 05:31:30,27.3,95.2,38.3
2026-09-02 05:32:00,27.3,95.2,42.5
2026-09-02 05:32:30,27.2,95.3,45.8
2026-09-02 05:33:00,27.3,95.1,50.8
2026-09-02 05:33:30,27.2,95.0,56.7
2026-09-02 05:34:00,27.3,94.9,60.8
2026-09-02 05:34:30,27.2,95.0,66.7
2026-09-02 05:35:00,27.3,95.0,71.7
2026-09-02 05:35:30,27.2,94.9,77.5
2026-09-02 05:36:00,27.3,94.9,83.3
2026-09-02 05:36:30,27.3,94.7,90.0
2026-09-02 05:37:00,27.3,94.7,96.7
2026-09-02 05:37:30,27.2,94.7,103.3
2026-09-02 05:38:00,27.2,94.9,111.7
2026-09-02 05:38:30,27.3,95.0,119.2
2026-09-02 05:39:00,27.2,94.9,125.8
2026-09-02 05:39:30,27.2,94.9,134.2
2026-09-02 05:40:00,27.2,94.9,140.8
2026-09-02 05:40:30,27.2,94.7,149.2
2026-09-02 05:41:00,27.2,94.9,157.5
2026-09-02 05:41:30,27.2,94.8,168.3
2026-09-02 05:42:00,27.2,94.8,179.2
2026-09-02 05:42:30,27.2,94.8,190.0
2026-09-02 05:43:00,27.3,94.9,203.3
2026-09-02 05:43:30,27.3,94.9,220.8
2026-09-02 05:44:00,27.2,94.9,237.5
2026-09-02 05:44:30,27.2,94.8,252.5
2026-09-02 05:45:00,27.2,94.7,270.0
2026-09-02 05:45:30,27.2,94.7,285.8
2026-09-02 05:46:00,27.2,94.7,300.8
2026-09-02 05:46:30,27.2,94.6,315.8
2026-09-02 05:47:00,27.2,94.6,332.5
2026-09-02 05:47:30,27.3,94.6,347.5
2026-09-02 05:48:00,27.2,94.6,361.7
2026-09-02 05:48:30,27.2,94.7,378.3
2026-09-02 05:49:00,27.2,94.7,394.2
2026-09-02 05:49:30,27.2,94.7,410.0
2026-09-02 05:50:00,27.2,94.9,430.8
2026-09-02 05:50:30,27.2,94.9,449.2
2026-09-02 05:51:00,27.2,94.8,467.5
2026-09-02 05:51:30,27.2,94.7,487.5
2026-09-02 05:52:00,27.2,94.7,507.5
2026-09-02 05:52:30,27.3,94.9,528.3
2026-09-02 05:53:00,27.2,95.0,551.7
2026-09-02 05:53:30,27.2,95.2,574.2
2026-09-02 05:54:00,27.2,95.3,597.5
2026-09-02 05:54:30,27.2,95.3,619.2
2026-09-02 05:55:00,27.3,95.4,642.5
2026-09-02 05:55:30,27.2,95.5,662.5
2026-09-02 05:56:00,27.3,95.5,682.5
2026-09-02 05:56:30,27.3,95.7,705.0
2026-09-02 05:57:00,27.3,95.6,725.0
2026-09-02 05:57:30,27.3,95.4,745.8
2026-09-02 05:58:00,27.3,95.6,767.5
2026-09-02 05:58:30,27.3,95.7,786.7
2026-09-02 05:59:00,27.3,95.7,805.0
2026-09-02 05:59:30,27.3,95.4,826.7
2026-09-02 06:00:00,27.3,95.3,845.0
2026-09-02 06:00:30,27.3,95.4,862.5
2026-09-02 06:01:00,27.3,95.5,875.0
2026-09-02 06:01:30,27.3,95.6,890.0
2026-09-02 06:02:00,27.3,95.8,903.3
2026-09-02 06:02:30,27.3,95.8,920.8
2026-09-02 06:03:00,27.4,95.6,931.7
2026-09-02 06:03:30,27.3,95.5,951.7
2026-09-02 06:04:00,27.4,95.5,976.7
2026-09-02 06:04:30,27.4,95.6,1008.3
2026-09-02 06:05:00,27.3,95.5,1042.5
2026-09-02 06:05:30,27.3,95.3,1080.8
2026-09-02 06:06:00,27.4,95.0,1106.7
2026-09-02 06:06:30,27.4,95.0,1137.5
2026-09-02 06:07:00,27.4,95.0,1163.3
2026-09-02 06:07:30,27.3,94.9,1196.7
2026-09-02 06:08:00,27.4,94.9,1214.2
2026-09-02 06:08:30,27.3,94.8,1235.8
2026-09-02 06:09:00,27.3,94.9,1255.8
2026-09-02 06:09:30,27.3,94.8,1290.0
2026-09-02 06:10:00,27.4,94.7,1324.2
2026-09-02 06:10:30,27.3,94.7,1330.8
2026-09-02 06:11:00,27.4,94.7,1338.3
2026-09-02 06:11:30,27.5,94.7,1358.3
2026-09-02 06:12:00,27.5,94.7,1377.5
2026-09-02 06:12:30,27.5,94.6,1406.7
2026-09-02 06:13:00,27.4,94.6,1439.2
2026-09-02 06:13:30,27.4,94.4,1469.2
2026-09-02 06:14:00,27.5,94.4,1528.3
2026-09-02 06:14:30,27.4,94.4,1580.8
2026-09-02 06:15:00,27.5,94.5,1610.8
2026-09-02 06:15:30,27.5,94.5,1658.3
2026-09-02 06:16:00,27.4,94.5,1715.0
2026-09-02 06:16:30,27.4,94.5,1759.2
2026-09-02 06:17:00,27.4,94.4,1824.2
2026-09-02 06:17:30,27.5,94.3,1887.5
2026-09-02 06:18:00,27.4,94.2,1962.5
2026-09-02 06:18:30,27.5,94.3,2032.5
2026-09-02 06:19:00,27.4,94.3,2095.0
2026-09-02 06:19:30,27.4,94.2,2167.5
2026-09-02 06:20:00,27.4,94.1,2190.0
2026-09-02 06:20:30,27.5,93.8,2220.8
2026-09-02 06:21:00,27.4,93.4,2255.8
2026-09-02 06:21:30,27.4,93.4,2285.8
2026-09-02 06:22:00,27.4,93.5,2317.5
2026-09-02 06:22:30,27.5,93.4,2338.3
2026-09-02 06:23:00,27.5,93.3,2369.2
2026-09-02 06:23:30,27.5,93.4,2390.8
2026-09-02 06:24:00,27.5,93.3,2406.7
2026-09-02 06:24:30,27.5,93.3,2422.5
2026-09-02 06:25:00,27.5,93.3,2425.0
2026-09-02 06:25:30,27.4,93.3,2426.7
2026-09-02 06:26:00,27.5,93.2,2424.2
2026-09-02 06:26:30,27.5,93.0,2409.2
2026-09-02 06:27:00,27.5,93.0,2378.3
2026-09-02 06:27:30,27.4,93.0,2338.3
2026-09-02 06:28:00,27.5,92.8,2296.7
2026-09-02 06:28:30,27.5,92.8,2256.7
2026-09-02 06:29:00,27.6,92.9,2219.2
2026-09-02 06:29:30,27.5,92.5,2200.0
2026-09-02 06:30:00,27.5,92.7,2160.0
2026-09-02 06:30:30,27.5,92.7,2138.3
2026-09-02 06:31:00,27.5,92.6,2126.7
2026-09-02 06:31:30,27.5,92.4,2131.7
2026-09-02 06:32:00,27.5,92.3,2136.7
2026-09-02 06:32:30,27.5,92.2,2135.8
2026-09-02 06:33:00,27.5,92.0,2130.8
2026-09-02 06:33:30,27.5,91.6,2125.0
2026-09-02 06:34:00,27.5,91.8,2140.0
2026-09-02 06:34:30,27.5,91.8,2165.0
2026-09-02 06:35:00,27.5,91.8,2185.0
2026-09-02 06:35:30,27.6,91.7,2190.8
2026-09-02 06:36:00,27.5,91.5,2216.7
2026-09-02 06:36:30,27.5,91.5,2222.5
2026-09-02 06:37:00,27.6,91.5,2235.0
2026-09-02 06:37:30,27.5,91.4,2238.3
2026-09-02 06:38:00,27.6,91.4,2259.2
2026-09-02 06:38:30,27.5,91.4,2284.2
2026-09-02 06:39:00,27.6,91.3,2300.8
2026-09-02 06:39:30,27.5,91.4,2303.3
2026-09-02 06:40:00,27.6,91.4,2321.7
2026-09-02 06:40:30,27.5,91.3,2355.8
2026-09-02 06:41:00,27.6,91.3,2344.2
2026-09-02 06:41:30,27.6,91.2,2355.8
2026-09-02 06:42:00,27.6,91.2,2384.2
2026-09-02 06:42:30,27.6,91.3,2397.5
2026-09-02 06:43:00,27.5,91.0,2432.5
2026-09-02 06:43:30,27.5,90.6,2461.7
2026-09-02 06:44:00,27.6,90.7,2470.0
2026-09-02 06:44:30,27.6,90.3,2472.5
2026-09-02 06:45:00,27.6,90.4,2465.0
2026-09-02 06:45:30,27.6,90.5,2472.5
2026-09-02 06:46:00,27.6,90.5,2532.5
2026-09-02 06:46:30,27.6,90.1,2544.2
2026-09-02 06:47:00,27.6,90.1,2544.2
2026-09-02 06:47:30,27.6,89.9,2579.2
2026-09-02 06:48:00,27.6,88.9,2605.0
2026-09-02 06:48:30,27.7,88.3,2636.7
2026-09-02 06:49:00,27.7,88.6,2651.7
2026-09-02 06:49:30,27.7,89.0,2671.7
2026-09-02 06:50:00,27.7,89.1,2687.5
2026-09-02 06:50:30,27.7,88.7,2712.5
2026-09-02 06:51:00,27.8,87.9,2735.0
2026-09-02 06:51:30,27.7,88.2,2750.0
2026-09-02 06:52:00,27.7,88.6,2780.8
2026-09-02 06:52:30,27.7,88.6,2781.7
2026-09-02 06:53:00,27.7,88.4,2802.5
2026-09-02 06:53:30,27.8,88.3,2779.2
2026-09-02 06:54:00,27.7,88.2,2803.3
2026-09-02 06:54:30,27.8,88.2,2837.5
2026-09-02 06:55:00,27.8,87.9,2855.0
2026-09-02 06:55:30,27.8,87.7,2872.5
2026-09-02 06:56:00,27.8,87.4,2899.2
2026-09-02 06:56:30,27.7,86.5,2917.5
2026-09-02 06:57:00,27.8,86.5,2916.7
2026-09-02 06:57:30,27.8,87.1,2950.0
2026-09-02 06:58:00,27.7,86.5,2975.8
2026-09-02 06:58:30,27.9,86.0,2952.5
2026-09-02 06:59:00,27.8,85.8,2973.3
2026-09-02 06:59:30,27.9,85.6,2985.8
2026-09-02 07:00:00,27.9,86.0,2988.3
2026-09-02 07:00:30,27.8,85.3,3004.2
2026-09-02 07:01:00,27.8,85.4,3016.7
2026-09-02 07:01:30,27.8,84.9,3044.2
2026-09-02 07:02:00,27.9,84.6,3046.7
2026-09-02 07:02:30,27.9,84.5,3062.5
2026-09-02 07:03:00,27.9,84.5,3085.0
2026-09-02 07:03:30,27.9,84.3,3096.7
2026-09-02 07:04:00,27.9,84.5,3160.8
2026-09-02 07:04:30,27.9,84.2,3188.3
2026-09-02 07:05:00,27.9,83.6,3226.7
2026-09-02 07:05:30,27.9,82.8,3236.7
2026-09-02 07:06:00,28.1,82.5,3268.3
2026-09-02 07:06:30,27.9,83.2,3264.2
2026-09-02 07:07:00,27.9,83.0,3268.3
2026-09-02 07:07:30,27.9,83.0,3287.5
2026-09-02 07:08:00,28.0,82.5,3350.8
2026-09-02 07:08:30,27.9,82.3,3365.8
2026-09-02 07:09:00,28.0,82.3,3364.2
2026-09-02 07:09:30,28.0,82.0,3379.2
2026-09-02 07:10:00,28.1,82.4,3450.0
2026-09-02 07:10:30,28.0,82.6,3450.0
2026-09-02 07:11:00,28.0,82.3,3476.7
2026-09-02 07:11:30,28.1,82.5,3505.0
2026-09-02 07:12:00,28.1,82.9,3488.3
2026-09-02 07:12:30,28.1,83.3,3480.8
2026-09-02 07:13:00,28.1,82.8,3502.5
2026-09-02 07:13:30,28.1,82.3,3520.0
2026-09-02 07:14:00,28.2,82.6,3555.0
2026-09-02 07:14:30,28.1,81.8,3603.3
2026-09-02 07:15:00,28.2,81.6,3609.2
2026-09-02 07:15:30,28.2,81.3,3675.8
2026-09-02 07:16:00,28.1,81.6,3770.0
2026-09-02 07:16:30,28.2,81.9,4016.7
2026-09-02 07:17:00,28.2,81.7,4410.0
2026-09-02 07:17:30,28.2,81.9,7752.5
2026-09-02 07:18:00,28.3,82.1,13618.3
2026-09-02 07:18:30,28.2,82.0,19654.2
2026-09-02 07:19:00,28.3,82.3,23792.5
2026-09-02 07:19:30,28.3,81.7,24476.7
2026-09-02 07:20:00,28.2,81.0,24715.0
2026-09-02 07:20:30,28.2,80.6,24861.7
2026-09-02 07:21:00,28.3,80.9,25108.3
2026-09-02 07:21:30,28.4,81.2,25193.3
2026-09-02 07:22:00,28.3,81.2,25398.3
2026-09-02 07:22:30,28.4,80.7,25534.2
2026-09-02 07:23:00,28.4,80.7,25703.3
2026-09-02 07:23:30,28.5,81.8,26005.8
2026-09-02 07:24:00,28.6,82.0,26247.5
2026-09-02 07:24:30,28.6,81.3,26389.2
2026-09-02 07:25:00,28.7,78.9,26568.3
2026-09-02 07:25:30,28.7,80.1,26814.2
2026-09-02 07:26:00,28.9,80.3,27104.2
2026-09-02 07:26:30,28.9,80.1,27090.8
2026-09-02 07:27:00,29.1,80.7,27320.0
2026-09-02 07:27:30,29.2,80.0,27681.7
2026-09-02 07:28:00,29.3,78.2,27820.0
2026-09-02 07:28:30,29.5,76.9,28079.2
2026-09-02 07:29:00,29.6,78.0,28182.5
2026-09-02 07:29:30,29.7,77.0,28584.2
2026-09-02 07:30:00,29.8,76.5,28691.7
2026-09-02 07:30:30,30.0,75.5,28766.7
2026-09-02 07:31:00,30.1,75.8,29107.5
2026-09-02 07:31:30,30.3,75.1,29260.0
2026-09-02 07:32:00,30.4,74.0,29401.7
2026-09-02 07:32:30,30.4,75.7,29859.2
2026-09-02 07:33:00,30.6,73.9,30000.0
2026-09-02 07:33:30,30.8,73.8,30135.0
2026-09-02 07:34:00,30.9,72.6,30372.5
2026-09-02 07:34:30,31.0,72.9,30605.8
2026-09-02 07:35:00,31.1,72.2,30827.5
2026-09-02 07:35:30,31.3,72.9,31063.3
2026-09-02 07:36:00,31.3,72.6,31139.2
2026-09-02 07:36:30,31.5,71.9,31361.7
2026-09-02 07:37:00,31.6,71.0,31402.5
2026-09-02 07:37:30,31.7,69.8,31665.0
2026-09-02 07:38:00,31.9,68.7,31911.7
2026-09-02 07:38:30,32.0,69.5,32180.0
2026-09-02 07:39:00,31.9,69.4,32403.3
2026-09-02 07:39:30,32.0,67.9,32480.8
2026-09-02 07:40:00,32.2,67.2,32783.3
2026-09-02 07:40:30,32.2,68.2,33015.0
2026-09-02 07:41:00,32.3,67.8,33257.5
2026-09-02 07:41:30,32.4,67.9,33431.7
2026-09-02 07:42:00,32.6,66.6,33673.3
2026-09-02 07:42:30,32.5,67.9,33931.7
2026-09-02 07:43:00,32.6,66.8,34028.3
2026-09-02 07:43:30,32.7,67.4,34414.2
2026-09-02 07:44:00,32.7,66.8,34696.7
2026-09-02 07:44:30,32.8,65.2,34864.2
2026-09-02 07:45:00,33.0,65.3,35241.7
2026-09-02 07:45:30,33.0,64.4,35316.7
2026-09-02 07:46:00,32.9,63.6,35410.0
2026-09-02 07:46:30,33.0,64.4,35714.2
2026-09-02 07:47:00,32.7,65.1,36037.5
2026-09-02 07:47:30,32.6,64.5,36315.0
2026-09-02 07:48:00,32.7,64.3,36371.7
2026-09-02 07:48:30,32.7,63.4,36647.5
2026-09-02 07:49:00,32.7,65.1,36885.8
2026-09-02 07:49:30,32.8,64.5,37166.7
2026-09-02 07:50:00,32.8,63.8,37407.5
2026-09-02 07:50:30,32.7,63.0,37415.0
2026-09-02 07:51:00,32.7,63.0,37673.3
2026-09-02 07:51:30,32.7,63.3,37841.7
2026-09-02 07:52:00,32.6,63.0,37940.8
2026-09-02 07:52:30,32.5,64.3,38159.2
2026-09-02 07:53:00,32.5,64.1,38439.2
2026-09-02 07:53:30,32.5,62.5,38891.7
2026-09-02 07:54:00,32.4,64.6,39194.2
2026-09-02 07:54:30,32.5,62.5,39270.0
2026-09-02 07:55:00,32.5,63.1,39400.8
2026-09-02 07:55:30,32.5,64.4,39717.5
2026-09-02 07:56:00,32.5,63.5,39989.2
2026-09-02 07:56:30,32.5,64.2,40159.2
2026-09-02 07:57:00,32.5,64.3,40393.3
2026-09-02 07:57:30,32.6,63.8,40635.8
2026-09-02 07:58:00,32.7,63.2,40907.5
2026-09-02 07:58:30,32.8,63.9,41040.0
2026-09-02 07:59:00,32.7,62.5,41336.7
2026-09-02 07:59:30,32.8,63.5,41360.8
2026-09-02 08:00:00,32.8,63.0,41569.2
2026-09-02 08:00:30,32.7,62.9,41815.0
2026-09-02 08:01:00,32.6,63.8,41963.3
2026-09-02 08:01:30,32.5,63.3,42229.2
2026-09-02 08:02:00,32.5,64.6,42412.5
2026-09-02 08:02:30,32.5,65.1,42508.3
2026-09-02 08:03:00,32.5,65.2,43010.0
2026-09-02 08:03:30,32.7,65.2,43254.2
2026-09-02 08:04:00,32.8,65.2,43229.2
2026-09-02 08:04:30,33.0,62.5,43255.0
2026-09-02 08:05:00,33.2,63.5,43683.3
2026-09-02 08:05:30,33.2,62.2,43531.7
2026-09-02 08:06:00,33.2,63.4,43925.8
2026-09-02 08:06:30,33.1,64.4,43856.7
2026-09-02 08:07:00,33.0,65.1,44475.8
2026-09-02 08:07:30,33.1,64.5,44683.3
2026-09-02 08:08:00,33.1,64.4,44932.5
2026-09-02 08:08:30,33.2,63.7,44930.0
2026-09-02 08:09:00,33.4,62.2,45134.2
2026-09-02 08:09:30,33.3,61.6,45467.5
2026-09-02 08:10:00,33.3,63.0,45567.5
2026-09-02 08:10:30,33.5,63.6,45905.0
2026-09-02 08:11:00,33.6,63.1,46094.2
2026-09-02 08:11:30,33.8,62.2,46455.0
2026-09-02 08:12:00,34.0,62.5,46570.0
2026-09-02 08:12:30,34.0,62.9,47041.7
2026-09-02 08:13:00,34.0,62.3,47157.5
2026-09-02 08:13:30,34.2,62.4,47515.0
2026-09-02 08:14:00,34.3,63.4,47945.0
2026-09-02 08:14:30,34.2,63.5,48360.8
2026-09-02 08:15:00,34.2,63.0,48669.2
2026-09-02 08:15:30,34.4,62.9,48542.5
2026-09-02 08:16:00,34.5,62.9,49115.0
2026-09-02 08:16:30,34.5,61.3,49309.2
2026-09-02 08:17:00,34.4,62.0,49536.7
2026-09-02 08:17:30,34.4,59.8,49638.3
2026-09-02 08:18:00,34.5,61.4,49726.7
2026-09-02 08:18:30,34.5,59.9,49695.8
2026-09-02 08:19:00,34.6,60.5,50196.7
2026-09-02 08:19:30,34.5,59.1,50273.3
2026-09-02 08:20:00,34.6,59.5,50525.0
2026-09-02 08:20:30,34.7,58.9,50880.8
2026-09-02 08:21:00,34.7,57.9,51201.7
2026-09-02 08:21:30,34.8,57.1,51595.8
2026-09-02 08:22:00,34.8,57.8,51724.2
2026-09-02 08:22:30,34.7,57.3,51605.0
2026-09-02 08:23:00,34.5,56.3,51664.2
2026-09-02 08:23:30,34.5,56.3,52230.0
2026-09-02 08:24:00,34.4,57.1,52467.5
2026-09-02 08:24:30,34.3,56.7,52476.7
2026-09-02 08:25:00,34.3,56.6,53436.7
2026-09-02 08:25:30,34.3,58.5,53601.7
2026-09-02 08:26:00,34.4,58.3,53690.8
2026-09-02 08:26:30,34.6,57.0,53497.5
2026-09-02 08:27:00,34.6,57.5,53815.0
2026-09-02 08:27:30,34.7,57.3,54267.5
2026-09-02 08:28:00,34.7,58.1,54528.3
2026-09-02 08:28:30,34.7,59.0,54612.5
2026-09-02 08:29:00,34.8,58.4,54612.5
2026-09-02 08:29:30,34.8,56.2,54612.5
2026-09-02 08:30:00,34.8,55.3,54612.5
2026-09-02 08:30:30,34.8,55.4,54612.5
2026-09-02 08:31:00,34.7,55.7,54612.5
2026-09-02 08:31:30,34.8,55.3,54612.5
2026-09-02 08:32:00,34.8,56.8,54612.5
2026-09-02 08:32:30,34.7,55.7,54612.5
2026-09-02 08:33:00,34.8,56.0,54612.5
2026-09-02 08:33:30,34.8,56.1,54612.5
2026-09-02 08:34:00,34.8,55.6,54612.5
2026-09-02 08:34:30,34.8,55.3,54612.5
2026-09-02 08:35:00,34.9,55.5,54612.5
2026-09-02 08:35:30,35.0,54.6,54612.5
2026-09-02 08:36:00,34.9,54.3,54612.5
2026-09-02 08:36:30,35.0,54.1,54612.5
2026-09-02 08:37:00,34.9,56.1,54612.5
2026-09-02 08:37:30,34.7,56.1,54612.5
2026-09-02 08:38:00,34.8,56.4,54612.5
2026-09-02 08:38:30,34.9,56.8,54612.5
2026-09-02 08:39:00,34.9,55.8,54612.5
2026-09-02 08:39:30,35.0,56.1,54612.5
2026-09-02 08:40:00,34.9,55.0,54612.5
2026-09-02 08:40:30,34.8,55.5,54612.5
2026-09-02 08:41:00,34.6,55.1,54612.5
2026-09-02 08:41:30,34.5,56.3,54612.5
2026-09-02 08:42:00,34.6,56.3,54612.5
2026-09-02 08:42:30,34.6,55.4,54612.5
2026-09-02 08:43:00,34.7,55.0,54612.5
2026-09-02 08:43:30,34.8,55.5,54612.5
2026-09-02 08:44:00,34.8,55.6,54612.5
2026-09-02 08:44:30,34.8,55.3,54612.5
2026-09-02 08:45:00,34.8,57.0,54612.5
2026-09-02 08:45:30,34.9,55.8,54612.5
2026-09-02 08:46:00,35.0,55.4,54612.5
2026-09-02 08:46:30,35.1,54.8,54612.5
2026-09-02 08:47:00,35.1,54.8,54612.5
2026-09-02 08:47:30,35.1,53.6,54612.5
2026-09-02 08:48:00,35.2,54.3,54612.5
2026-09-02 08:48:30,35.0,54.9,54612.5
2026-09-02 08:49:00,35.1,55.8,54612.5
2026-09-02 08:49:30,35.1,54.3,54612.5
2026-09-02 08:50:00,35.1,56.3,54612.5
2026-09-02 08:50:30,35.1,56.8,54612.5
2026-09-02 08:51:00,35.1,55.4,54612.5
2026-09-02 08:51:30,35.1,54.8,54612.5
2026-09-02 08:52:00,35.1,55.3,54612.5
2026-09-02 08:52:30,35.1,53.9,54612.5
2026-09-02 08:53:00,35.1,54.4,54612.5
2026-09-02 08:53:30,35.2,54.0,54612.5
2026-09-02 08:54:00,35.1,55.1,54612.5
2026-09-02 08:54:30,34.8,54.9,54612.5
2026-09-02 08:55:00,34.7,55.2,54612.5
2026-09-02 08:55:30,34.7,56.1,54612.5
2026-09-02 08:56:00,34.8,56.1,54612.5
2026-09-02 08:56:30,34.8,54.3,54612.5
2026-09-02 08:57:00,35.0,54.2,54612.5
2026-09-02 08:57:30,35.1,55.0,54612.5
2026-09-02 08:58:00,35.1,54.8,54612.5
2026-09-02 08:58:30,35.1,54.5,54612.5
2026-09-02 08:59:00,35.1,55.3,54612.5
2026-09-02 08:59:30,35.1,55.1,54612.5
2026-09-02 09:00:00,35.1,54.0,54612.5
2026-09-02 09:00:30,35.1,54.9,54612.5
2026-09-02 09:01:00,35.2,53.8,54612.5
2026-09-02 09:01:30,35.3,54.0,54612.5
2026-09-02 09:02:00,35.3,53.5,54612.5
2026-09-02 09:02:30,35.3,55.2,54612.5
2026-09-02 09:03:00,35.1,56.5,54612.5
2026-09-02 09:03:30,35.2,54.9,54612.5
2026-09-02 09:04:00,35.3,54.6,54612.5
2026-09-02 09:04:30,35.4,56.1,54612.5
2026-09-02 09:05:00,35.5,54.7,54612.5
2026-09-02 09:05:30,35.5,55.1,54612.5
2026-09-02 09:06:00,35.5,54.2,54612.5
2026-09-02 09:06:30,35.5,53.4,54612.5
2026-09-02 09:07:00,35.5,54.7,54612.5
2026-09-02 09:07:30,35.4,55.2,54612.5
2026-09-02 09:08:00,35.3,55.5,54612.5
2026-09-02 09:08:30,35.3,54.1,54612.5
2026-09-02 09:09:00,35.3,55.2,54612.5
2026-09-02 09:09:30,35.5,55.9,54612.5
2026-09-02 09:10:00,35.5,54.8,54612.5
2026-09-02 09:10:30,35.7,54.5,54612.5
2026-09-02 09:11:00,35.7,54.7,54612.5
2026-09-02 09:11:30,35.8,53.8,54612.5
2026-09-02 09:12:00,35.8,53.0,54612.5
2026-09-02 09:12:30,35.9,53.7,54612.5
2026-09-02 09:13:00,35.8,52.6,54612.5
2026-09-02 09:13:30,35.9,52.3,54612.5
2026-09-02 09:14:00,35.7,52.7,54612.5
2026-09-02 09:14:30,35.5,54.1,54612.5
2026-09-02 09:15:00,35.6,54.7,54612.5
2026-09-02 09:15:30,35.6,55.2,54612.5
2026-09-02 09:16:00,35.7,55.6,54612.5
2026-09-02 09:16:30,35.8,54.3,54612.5
2026-09-02 09:17:00,35.9,54.3,54612.5
2026-09-02 09:17:30,36.0,53.7,54612.5
2026-09-02 09:18:00,36.0,53.0,54612.5
2026-09-02 09:18:30,36.0,53.6,54612.5
2026-09-02 09:19:00,36.1,52.8,54612.5
2026-09-02 09:19:30,36.2,53.6,54612.5
2026-09-02 09:20:00,36.1,53.8,54612.5
2026-09-02 09:20:30,36.1,53.3,54612.5
2026-09-02 09:21:00,36.1,52.8,54612.5
2026-09-02 09:21:30,36.0,51.7,54612.5
2026-09-02 09:22:00,35.9,51.5,54612.5
2026-09-02 09:22:30,35.9,51.0,54612.5
2026-09-02 09:23:00,35.7,51.7,54612.5
2026-09-02 09:23:30,35.5,51.5,54612.5
2026-09-02 09:24:00,35.6,51.7,54612.5
2026-09-02 09:24:30,35.6,52.4,54612.5
2026-09-02 09:25:00,35.6,52.0,54612.5
2026-09-02 09:25:30,35.8,53.7,54612.5
2026-09-02 09:26:00,35.8,54.4,54612.5
2026-09-02 09:26:30,35.7,55.0,54612.5
2026-09-02 09:27:00,35.7,55.9,54612.5
2026-09-02 09:27:30,35.7,54.4,54612.5
2026-09-02 09:28:00,35.7,55.1,54612.5
2026-09-02 09:28:30,35.6,54.0,54612.5
2026-09-02 09:29:00,35.7,52.4,54612.5
2026-09-02 09:29:30,35.7,51.8,54612.5
2026-09-02 09:30:00,35.6,52.9,54612.5
2026-09-02 09:30:30,35.5,53.4,54612.5
2026-09-02 09:31:00,35.5,54.4,54612.5
2026-09-02 09:31:30,35.5,53.1,54612.5
2026-09-02 09:32:00,35.6,52.5,54612.5
2026-09-02 09:32:30,35.6,53.0,54612.5
2026-09-02 09:33:00,35.6,52.9,54612.5
2026-09-02 09:33:30,35.5,52.8,54612.5
2026-09-02 09:34:00,35.5,52.6,54612.5
2026-09-02 09:34:30,35.5,54.3,54612.5
2026-09-02 09:35:00,35.5,56.3,54612.5
2026-09-02 09:35:30,35.5,54.7,54612.5
2026-09-02 09:36:00,35.7,53.3,54612.5
2026-09-02 09:36:30,35.8,53.0,2024.2
2026-09-02 09:37:00,35.8,53.0,1330.0
2026-09-02 09:37:30,35.5,53.5,1367.5
2026-09-02 09:38:19,35.2,56.4,1420.0
2026-09-02 09:38:49,34.5,57.8,1456.7
2026-09-02 09:39:20,34.1,59.6,1462.5
2026-09-02 09:39:50,33.8,59.6,1423.3
2026-09-02 09:40:20,33.4,60.5,1430.8
2026-09-02 09:40:50,33.3,61.2,1431.7
2026-09-02 09:41:20,32.9,63.3,1414.2
2026-09-02 09:41:50,32.7,63.3,1419.2
2026-09-02 09:42:20,32.5,63.9,1421.7
2026-09-02 09:42:50,32.3,64.8,1400.8
2026-09-02 09:43:21,32.2,64.1,1397.5
2026-09-02 09:43:51,32.0,64.7,1392.5
2026-09-02 09:44:21,31.9,63.7,1403.3
2026-09-02 09:44:51,31.8,64.6,1395.0
2026-09-02 09:45:21,31.6,65.6,1413.3
2026-09-02 09:45:51,31.6,65.9,1420.0
2026-09-02 09:46:21,31.6,65.4,1415.0
2026-09-02 09:46:51,31.4,65.8,1405.8
2026-09-02 09:47:22,31.3,64.4,1410.0
2026-09-02 09:49:00,31.2,64.7,1259.2
2026-09-02 09:49:30,31.2,64.0,1249.2
2026-09-02 09:50:00,31.3,63.2,1265.0
2026-09-02 09:50:30,31.1,64.8,1250.0
2026-09-02 09:51:00,31.1,64.1,1249.2
2026-09-02 09:51:30,31.1,64.8,1300.8
2026-09-02 09:52:00,31.2,63.7,1265.8
2026-09-02 09:52:30,31.1,64.1,1240.0
2026-09-02 09:53:00,31.1,63.9,1247.5
2026-09-02 09:53:30,31.1,64.1,1289.2
2026-09-02 09:54:00,31.1,64.7,1260.8
2026-09-02 09:54:30,31.1,65.3,1276.7
2026-09-02 09:55:00,31.1,64.9,1275.8
2026-09-02 09:55:30,31.1,64.4,1259.2
2026-09-02 09:56:00,31.1,66.3,1257.5
2026-09-02 09:56:30,31.0,67.2,1262.5
2026-09-02 09:57:00,31.1,65.7,1265.8
2026-09-02 09:57:30,31.1,66.7,1275.8
2026-09-02 09:58:00,31.1,65.9,1246.7
2026-09-02 09:58:30,31.1,64.5,1265.0
2026-09-02 09:59:00,31.0,65.2,1266.7
2026-09-02 09:59:30,31.0,64.3,1255.8
2026-09-02 10:00:00,31.1,63.7,1274.2
2026-09-02 10:00:30,31.1,65.6,1263.3
2026-09-02 10:01:00,31.0,66.6,1284.2
2026-09-02 10:01:30,31.1,66.4,1290.8
2026-09-02 10:02:00,31.1,64.8,1260.0
2026-09-02 10:02:30,31.1,65.4,1295.8
2026-09-02 10:03:00,31.1,65.8,1295.0
2026-09-02 10:03:30,31.1,65.7,1295.8
2026-09-02 10:04:00,31.1,64.9,1306.7
2026-09-02 10:04:30,31.1,66.7,1303.3
2026-09-02 10:05:00,31.1,67.9,1298.3
2026-09-02 10:05:30,31.2,66.7,1297.5
2026-09-02 10:06:00,31.1,66.8,1276.7
2026-09-02 10:06:30,31.1,67.6,1285.8
2026-09-02 10:07:00,31.2,67.4,1306.7
2026-09-02 10:07:30,31.2,66.9,1305.0
2026-09-02 10:08:00,31.3,67.7,1310.0
2026-09-02 10:08:30,31.2,66.5,1304.2
2026-09-02 10:09:00,31.3,65.9,1297.5
2026-09-02 10:09:30,31.4,64.6,1274.2
2026-09-02 10:10:00,31.3,65.5,1286.7
2026-09-02 10:10:30,31.3,65.8,1287.5
2026-09-02 10:11:00,31.3,66.6,1300.0
2026-09-02 10:11:30,31.3,65.2,1306.7
2026-09-02 10:12:00,31.3,64.7,1301.7
2026-09-02 10:12:30,31.4,64.8,1297.5
2026-09-02 10:13:00,31.4,64.6,1288.3
2026-09-02 10:13:30,31.4,65.3,1314.2
2026-09-02 22:08:46,32.2,70.4,56.7
2026-09-02 22:09:16,32.2,68.4,64.2
2026-09-02 22:11:11,32.2,63.7,32.5
2026-09-02 22:11:41,32.3,64.4,31.7
2026-09-02 22:12:11,32.3,65.1,32.5
2026-09-02 22:12:41,32.3,63.8,31.7
2026-09-02 22:13:11,32.3,63.8,31.7
2026-09-02 22:13:41,32.2,63.7,32.5
2026-09-02 22:14:11,32.3,63.5,31.7
2026-09-02 22:14:41,32.2,63.7,32.5
2026-09-02 22:15:11,32.4,64.5,33.3
2026-09-02 22:15:41,32.3,64.6,33.3
2026-09-02 22:16:11,32.3,65.5,32.5
2026-09-02 22:16:41,32.3,64.5,32.5
2026-09-02 22:17:11,32.2,64.1,33.3
2026-09-02 22:17:41,32.2,62.9,32.5
2026-09-02 22:18:11,32.3,63.7,33.3
2026-09-02 22:18:41,32.2,64.3,32.5
2026-09-02 22:19:11,32.3,64.1,22.5
2026-09-02 22:19:41,32.2,64.6,27.5
2026-09-02 22:20:13,32.2,63.1,28.3
2026-09-02 22:20:43,32.1,64.7,27.5
2026-09-02 22:21:13,32.1,62.7,27.5
2026-09-02 22:21:43,32.2,63.8,27.5
2026-09-02 22:22:13,32.1,62.4,28.3
2026-09-02 22:22:43,32.1,66.2,28.3
2026-09-02 22:23:13,32.2,63.3,28.3
2026-09-02 22:23:43,32.2,63.4,28.3
2026-09-02 22:24:13,32.1,64.1,28.3
2026-09-02 22:24:43,32.2,64.5,28.3
2026-09-02 22:25:13,32.2,65.1,27.5
2026-09-02 22:25:43,32.1,63.4,28.3
2026-09-02 22:26:13,32.1,65.1,28.3
2026-09-02 22:26:43,32.2,63.5,28.3
2026-09-02 22:27:13,32.1,63.7,28.3
2026-09-02 22:27:43,32.2,63.6,27.5
2026-09-02 22:28:13,32.1,63.5,28.3
2026-09-02 22:28:43,32.2,62.8,27.5
2026-09-02 22:29:13,32.2,62.9,28.3
2026-09-02 22:29:43,32.2,63.0,26.7
2026-09-02 22:30:13,32.1,65.3,27.5
2026-09-02 22:30:43,32.2,65.3,27.5
2026-09-02 22:31:13,32.1,66.9,27.5
2026-09-02 22:31:43,32.1,65.7,26.7
2026-09-02 22:32:13,32.1,67.9,26.7
2026-09-02 22:32:43,32.3,67.4,26.7
2026-09-02 22:33:13,32.2,65.2,26.7
2026-09-02 22:33:43,32.1,65.3,26.7
2026-09-02 22:34:13,32.1,64.4,26.7
2026-09-02 22:34:43,32.0,67.2,27.5
2026-09-02 22:35:13,32.1,66.9,26.7
2026-09-02 22:35:43,32.1,66.9,26.7
2026-09-02 22:36:13,32.2,67.1,27.5
2026-09-02 22:36:43,32.1,67.8,26.7
2026-09-02 22:37:13,32.0,68.0,27.5
2026-09-02 22:37:43,32.1,67.1,26.7
2026-09-02 22:38:13,32.1,67.6,26.7
2026-09-02 22:38:43,32.0,67.1,27.5
2026-09-02 22:39:13,32.0,67.5,26.7
2026-09-02 22:39:43,32.1,67.8,26.7
2026-09-02 22:40:13,32.0,67.6,26.7
2026-09-02 22:40:43,32.1,66.8,26.7
2026-09-02 22:41:13,32.0,67.3,26.7
2026-09-02 22:41:43,32.1,67.2,25.8
2026-09-02 22:42:13,32.1,67.5,25.8
2026-09-02 22:42:43,32.1,65.0,25.8
2026-09-02 22:43:13,32.0,65.3,25.8
2026-09-02 22:43:43,32.0,66.8,25.8
2026-09-02 22:44:13,32.1,66.1,26.7
2026-09-02 22:44:43,32.0,65.8,26.7
2026-09-02 22:45:13,32.1,66.4,26.7
2026-09-02 22:45:43,32.0,67.0,26.7
2026-09-02 22:46:13,32.1,65.0,26.7
2026-09-02 22:46:43,32.0,66.3,26.7
2026-09-02 22:47:13,32.1,65.9,25.8
2026-09-02 22:47:43,32.0,66.2,26.7
2026-09-02 22:48:13,32.0,66.8,26.7
2026-09-02 22:48:43,32.0,66.5,26.7
2026-09-02 22:49:13,32.0,66.4,26.7
2026-09-02 22:49:43,32.0,66.3,25.8
2026-09-02 22:50:13,32.0,66.1,26.7
2026-09-02 22:50:43,32.0,65.6,23.3
2026-09-02 22:51:13,32.0,66.2,22.5
2026-09-02 22:51:43,31.9,67.2,23.3
2026-09-02 22:52:13,32.0,67.2,23.3
2026-09-02 22:52:43,31.9,67.4,23.3
2026-09-02 22:53:13,32.0,67.4,23.3
2026-09-02 22:53:43,31.9,67.0,23.3
2026-09-02 22:54:13,31.8,66.4,23.3
2026-09-02 22:54:43,31.8,66.8,23.3
2026-09-02 22:55:13,31.9,66.8,22.5
2026-09-02 22:55:43,31.8,66.8,23.3
2026-09-02 22:56:13,31.8,66.7,22.5
2026-09-02 22:56:43,31.7,66.9,23.3
2026-09-02 22:57:13,31.7,66.9,23.3
2026-09-02 22:57:43,31.7,67.4,23.3
2026-09-02 22:58:13,31.7,67.4,23.3
2026-09-02 22:58:43,31.7,67.7,23.3
2026-09-02 22:59:13,31.6,67.4,23.3
2026-09-02 22:59:43,31.7,67.7,23.3
2026-09-02 23:00:13,31.6,68.4,23.3
2026-09-02 23:00:43,31.6,68.8,23.3
2026-09-02 23:01:13,31.7,69.0,23.3
2026-09-02 23:01:43,31.6,67.3,23.3
2026-09-02 23:02:13,31.7,67.5,23.3
2026-09-02 23:02:43,31.6,68.4,22.5
2026-09-02 23:03:13,31.6,69.0,22.5
2026-09-02 23:03:43,31.5,69.4,22.5
2026-09-02 23:04:13,31.7,68.9,22.5
2026-09-02 23:04:43,31.6,67.0,23.3
2026-09-02 23:05:13,31.7,67.3,22.5
2026-09-02 23:05:43,31.6,67.2,23.3
2026-09-02 23:06:13,31.6,67.0,23.3
2026-09-02 23:06:43,31.5,66.3,23.3
2026-09-02 23:07:13,31.7,67.2,23.3
2026-09-02 23:07:43,31.6,66.9,22.5
2026-09-02 23:08:13,31.6,67.5,23.3
2026-09-02 23:08:43,31.6,67.9,23.3
2026-09-02 23:09:13,31.6,67.9,23.3
2026-09-02 23:09:43,31.7,68.3,22.5
2026-09-02 23:10:13,31.6,68.8,23.3
2026-09-02 23:10:43,31.6,68.7,23.3
2026-09-02 23:11:13,31.6,68.6,23.3
2026-09-02 23:11:43,31.6,68.3,23.3
2026-09-02 23:12:13,31.6,67.5,23.3
2026-09-02 23:12:43,31.6,68.1,23.3
2026-09-02 23:13:13,31.6,68.0,23.3
2026-09-02 23:13:43,31.6,67.8,23.3
2026-09-02 23:14:13,31.7,69.3,23.3
2026-09-02 23:14:43,31.6,69.9,23.3
2026-09-02 23:15:13,31.7,70.0,23.3
2026-09-02 23:15:43,31.7,67.4,23.3
2026-09-02 23:16:13,31.7,70.7,25.0
2026-09-02 23:16:43,31.7,68.2,27.5
2026-09-02 23:17:13,31.7,67.6,27.5
2026-09-02 23:17:43,31.8,69.9,27.5
2026-09-02 23:18:13,31.8,68.6,27.5
2026-09-02 23:18:43,31.8,67.9,23.3
2026-09-02 23:19:13,31.8,67.1,23.3
2026-09-02 23:19:43,31.8,67.7,23.3
2026-09-02 23:20:13,31.8,66.3,23.3
2026-09-02 23:20:43,31.7,65.7,22.5
2026-09-02 23:21:13,31.7,68.5,23.3
2026-09-02 23:21:43,31.7,67.9,25.0
2026-09-02 23:22:13,31.8,66.6,22.5
2026-09-02 23:22:43,31.7,68.8,22.5
2026-09-02 23:23:13,31.7,67.0,22.5
2026-09-02 23:23:43,31.8,68.7,23.3
2026-09-02 23:24:13,31.8,67.7,23.3
2026-09-02 23:24:43,31.8,69.2,23.3
2026-09-02 23:25:13,31.8,69.3,22.5
2026-09-02 23:25:43,31.8,68.0,23.3
2026-09-02 23:26:13,31.8,68.9,23.3
2026-09-02 23:26:43,31.8,66.8,23.3
2026-09-02 23:27:13,31.8,68.2,23.3
2026-09-02 23:27:43,31.8,68.5,23.3
2026-09-02 23:28:13,31.8,68.3,23.3
2026-09-02 23:28:43,31.8,69.1,23.3
2026-09-02 23:29:13,31.7,69.1,23.3
2026-09-02 23:29:43,31.8,70.5,23.3
2026-09-02 23:30:13,31.8,69.1,23.3
2026-09-02 23:30:43,31.7,68.7,23.3
2026-09-02 23:31:13,31.7,69.1,23.3
2026-09-02 23:31:43,31.8,68.6,23.3
2026-09-02 23:32:13,31.8,68.3,23.3
2026-09-02 23:32:43,31.7,68.5,23.3
2026-09-02 23:33:13,31.6,68.8,23.3
2026-09-02 23:33:43,31.7,68.1,23.3
2026-09-02 23:34:13,31.7,67.6,23.3
2026-09-02 23:34:43,31.7,67.1,23.3
2026-09-02 23:35:13,31.6,67.7,23.3
2026-09-02 23:35:43,31.7,68.4,23.3
2026-09-02 23:36:13,31.6,67.1,23.3
2026-09-02 23:36:43,31.7,68.2,23.3
2026-09-02 23:37:13,31.6,65.9,23.3
2026-09-02 23:37:43,31.7,65.2,23.3
2026-09-02 23:38:13,31.8,65.6,23.3
2026-09-02 23:38:43,31.7,65.6,23.3
2026-09-02 23:39:13,31.7,64.8,23.3
2026-09-02 23:39:43,31.8,65.4,22.5
2026-09-02 23:40:13,31.7,65.5,23.3
2026-09-02 23:40:43,31.7,65.5,23.3
2026-09-02 23:41:13,31.7,66.0,23.3
2026-09-02 23:41:43,31.7,65.9,23.3
2026-09-02 23:42:13,31.7,66.6,23.3
2026-09-02 23:42:43,31.7,65.6,23.3
2026-09-02 23:43:13,31.7,67.2,23.3
2026-09-02 23:43:43,31.7,69.0,23.3
2026-09-02 23:44:13,31.6,69.9,23.3
2026-09-02 23:44:43,31.7,66.5,22.5
2026-09-02 23:45:13,31.7,65.5,23.3
2026-09-02 23:45:43,31.7,65.9,23.3
2026-09-02 23:46:13,31.8,65.3,22.5
2026-09-02 23:46:43,31.7,65.8,22.5
2026-09-02 23:47:13,31.7,67.2,22.5
2026-09-02 23:47:43,31.7,67.5,23.3
2026-09-02 23:48:13,31.8,67.5,22.5
2026-09-02 23:48:43,31.9,65.8,23.3
2026-09-02 23:49:13,31.8,66.6,22.5
2026-09-02 23:49:43,31.7,65.4,23.3
2026-09-02 23:50:13,31.8,68.8,23.3
2026-09-02 23:50:43,31.9,67.8,23.3
2026-09-02 23:51:13,31.9,68.2,23.3
2026-09-02 23:51:43,31.9,64.2,23.3
2026-09-02 23:52:13,32.0,64.5,22.5
2026-09-02 23:52:43,31.9,64.7,23.3
2026-09-02 23:53:13,32.0,65.3,23.3
2026-09-02 23:53:43,31.9,65.2,23.3
2026-09-02 23:54:13,32.0,63.2,22.5
2026-09-02 23:54:43,32.0,62.9,22.5
2026-09-02 23:55:13,32.0,63.2,22.5
2026-09-02 23:55:43,32.0,63.3,22.5
2026-09-02 23:56:13,31.9,62.9,22.5
2026-09-02 23:56:43,32.0,63.7,22.5
2026-09-02 23:57:13,31.9,64.4,23.3
2026-09-02 23:57:43,31.8,64.6,22.5
2026-09-02 23:58:13,31.8,64.4,22.5
2026-09-02 23:58:43,31.7,64.9,23.3
2026-09-02 23:59:13,31.8,63.9,23.3
2026-09-02 23:59:43,31.7,65.5,23.3
2026-09-03 00:00:13,31.6,64.2,22.5
2026-09-03 00:00:43,31.7,64.5,22.5
2026-09-03 00:01:13,31.6,64.1,22.5
2026-09-03 00:01:43,31.7,63.8,22.5
2026-09-03 00:02:13,31.6,64.1,22.5
2026-09-03 00:02:43,31.7,64.7,22.5
2026-09-03 00:03:13,31.7,64.4,22.5
2026-09-03 00:03:43,31.7,64.3,22.5
2026-09-03 00:04:13,31.6,64.7,22.5
2026-09-03 00:04:43,31.7,65.7,22.5
2026-09-03 00:05:13,31.8,66.0,23.3
2026-09-03 00:05:43,31.8,66.7,23.3
2026-09-03 00:06:13,31.8,64.2,22.5
2026-09-03 00:06:43,31.8,63.6,22.5
2026-09-03 00:07:13,31.8,65.7,23.3
2026-09-03 00:07:43,31.7,64.3,23.3
2026-09-03 00:08:13,31.8,63.9,23.3
2026-09-03 00:08:43,31.7,65.1,22.5
2026-09-03 00:09:13,31.8,65.2,22.5
2026-09-03 00:09:43,31.8,64.3,22.5
2026-09-03 00:10:13,31.7,64.6,22.5
2026-09-03 00:10:43,31.8,64.5,23.3
2026-09-03 00:11:13,31.8,64.3,23.3
2026-09-03 00:11:43,31.7,64.9,22.5
2026-09-03 00:12:13,31.7,66.2,23.3
2026-09-03 00:12:43,31.7,65.2,22.5
2026-09-03 00:13:13,31.6,67.0,23.3
2026-09-03 00:13:43,31.7,65.6,22.5
2026-09-03 00:14:13,31.6,65.0,22.5
2026-09-03 00:14:43,31.8,64.1,22.5
2026-09-03 00:15:13,31.7,62.3,22.5
2026-09-03 00:15:43,31.7,65.3,22.5
2026-09-03 00:16:13,31.7,65.9,22.5
2026-09-03 00:16:43,31.7,65.9,23.3
2026-09-03 00:17:13,31.7,65.0,22.5
2026-09-03 00:17:43,31.7,64.8,22.5
2026-09-03 00:18:13,31.7,66.0,22.5
2026-09-03 00:18:43,31.7,65.2,22.5
2026-09-03 00:19:13,31.8,66.1,22.5
2026-09-03 00:19:43,31.7,65.8,22.5
2026-09-03 00:20:13,31.7,64.8,23.3
2026-09-03 00:20:43,31.7,64.3,23.3
2026-09-03 00:21:13,31.6,66.2,23.3
2026-09-03 00:21:43,31.7,66.4,23.3
2026-09-03 00:22:13,31.6,64.9,23.3
2026-09-03 00:22:43,31.7,64.9,23.3
2026-09-03 00:23:13,31.7,66.3,23.3
2026-09-03 00:23:43,31.7,65.3,23.3
2026-09-03 00:24:13,31.7,65.9,23.3
2026-09-03 00:24:43,31.7,65.7,23.3
2026-09-03 00:25:13,31.6,65.0,23.3
2026-09-03 00:25:43,31.6,65.5,23.3
2026-09-03 00:26:13,31.6,65.7,22.5
2026-09-03 00:26:43,31.6,65.7,23.3
2026-09-03 00:27:13,31.6,66.5,23.3
2026-09-03 00:27:43,31.6,66.5,23.3
2026-09-03 00:28:13,31.7,65.9,22.5
2026-09-03 00:28:43,31.6,66.2,23.3
2026-09-03 00:29:13,31.5,66.8,23.3
2026-09-03 00:29:43,31.6,66.1,23.3
2026-09-03 00:30:13,31.5,66.3,23.3
2026-09-03 00:30:43,31.6,66.8,23.3
2026-09-03 00:31:13,31.5,66.6,22.5
2026-09-03 00:31:43,31.6,66.4,23.3
2026-09-03 00:32:13,31.5,67.6,23.3
2026-09-03 00:32:43,31.5,67.0,23.3
2026-09-03 00:33:13,31.6,67.0,23.3
2026-09-03 00:33:43,31.6,65.2,22.5
2026-09-03 00:34:13,31.6,64.5,23.3
2026-09-03 00:34:43,31.6,63.9,23.3
2026-09-03 00:35:13,31.6,64.2,23.3
2026-09-03 00:35:43,31.5,65.1,23.3
2026-09-03 00:36:13,31.7,65.2,22.5
2026-09-03 00:36:43,31.6,65.4,22.5
2026-09-03 00:37:13,31.6,65.7,22.5
2026-09-03 00:37:43,31.6,66.2,22.5
2026-09-03 00:38:13,31.6,66.1,23.3
2026-09-03 00:38:43,31.6,65.6,22.5
2026-09-03 00:39:13,31.6,65.2,23.3
2026-09-03 00:39:43,31.6,65.0,23.3
2026-09-03 00:40:13,31.5,64.4,23.3
2026-09-03 00:40:43,31.5,64.8,23.3
2026-09-03 00:41:13,31.5,64.1,22.5
2026-09-03 00:41:43,31.6,65.0,22.5
2026-09-03 00:42:13,31.5,66.3,23.3
2026-09-03 00:42:43,31.6,65.3,22.5
2026-09-03 00:43:13,31.5,65.7,23.3
2026-09-03 00:43:43,31.5,66.0,23.3
2026-09-03 00:44:13,31.6,67.2,22.5
2026-09-03 00:44:43,31.6,65.4,22.5
2026-09-03 00:45:13,31.5,68.1,23.3
2026-09-03 00:45:43,31.5,63.9,22.5
2026-09-03 00:46:13,31.6,64.9,23.3
2026-09-03 00:46:43,31.5,66.2,23.3
2026-09-03 00:47:13,31.6,64.7,23.3
2026-09-03 00:47:43,31.6,66.3,23.3
2026-09-03 00:48:13,31.6,64.6,23.3
2026-09-03 00:48:43,31.6,66.4,23.3
2026-09-03 00:49:13,31.5,67.1,23.3
2026-09-03 00:49:43,31.6,65.7,23.3
2026-09-03 00:50:13,31.6,67.1,23.3
2026-09-03 00:50:43,31.6,65.3,23.3
2026-09-03 00:51:13,31.5,66.1,23.3
2026-09-03 00:51:43,31.5,67.6,23.3
2026-09-03 00:52:13,31.6,67.3,23.3
2026-09-03 00:52:43,31.6,66.2,23.3
2026-09-03 00:53:13,31.5,66.0,23.3
2026-09-03 00:53:43,31.6,66.7,23.3
2026-09-03 00:54:13,31.5,66.3,23.3
2026-09-03 00:54:43,31.6,67.8,23.3
2026-09-03 00:55:13,31.6,66.5,23.3
2026-09-03 00:55:43,31.5,66.7,22.5
2026-09-03 00:56:13,31.6,67.7,23.3
2026-09-03 00:56:43,31.6,64.8,22.5
2026-09-03 00:57:13,31.5,65.1,25.0
2026-09-03 00:57:43,31.6,64.7,1.7
2026-09-03 00:58:13,31.5,64.1,0.0
2026-09-03 00:58:43,31.5,63.8,0.0
2026-09-03 00:59:13,31.6,64.9,0.0
2026-09-03 00:59:43,31.6,66.0,0.0
2026-09-03 01:00:13,31.5,64.6,0.0
2026-09-03 01:00:43,31.6,64.8,0.0
2026-09-03 01:01:13,31.6,64.2,0.0
2026-09-03 01:01:43,31.5,63.6,0.0
2026-09-03 01:02:13,31.6,65.2,0.0
2026-09-03 01:02:43,31.5,65.7,0.0
2026-09-03 01:03:13,31.6,65.2,0.0
2026-09-03 01:03:43,31.5,65.0,0.0
2026-09-03 01:04:13,31.6,65.1,0.0
2026-09-03 01:04:43,31.5,66.2,0.0
2026-09-03 01:05:13,31.5,66.0,0.0
2026-09-03 01:05:43,31.6,64.9,0.0
2026-09-03 01:06:13,31.5,64.2,0.0
2026-09-03 01:06:43,31.6,65.5,0.0
2026-09-03 01:07:13,31.7,64.4,0.0
2026-09-03 01:07:43,31.6,63.9,0.0
2026-09-03 01:08:13,31.7,64.2,0.0
2026-09-03 01:08:43,31.5,65.2,0.0
2026-09-03 01:09:13,31.6,65.1,0.0
2026-09-03 01:09:43,31.5,64.0,0.0
2026-09-03 01:10:13,31.5,64.2,0.0
2026-09-03 01:10:43,31.5,63.3,0.0
2026-09-03 01:11:13,31.6,65.3,0.0
2026-09-03 01:11:43,31.5,62.7,0.0
2026-09-03 01:12:13,31.6,63.7,0.0
2026-09-03 01:12:43,31.4,64.0,0.0
2026-09-03 01:13:13,31.6,65.4,0.0
2026-09-03 01:13:43,31.5,63.7,0.0
2026-09-03 01:14:13,31.6,64.6,0.0
2026-09-03 01:14:43,31.4,65.9,0.0
2026-09-03 01:15:13,31.4,65.1,0.0
2026-09-03 01:15:43,31.5,66.1,0.0
2026-09-03 01:16:13,31.5,65.3,0.0
2026-09-03 01:16:43,31.4,65.4,0.0
2026-09-03 01:17:13,31.4,64.1,0.0
2026-09-03 01:17:43,31.4,65.6,0.0
2026-09-03 01:18:13,31.4,66.3,0.0
2026-09-03 01:18:43,31.4,66.2,0.0
2026-09-03 01:19:13,31.4,66.3,0.0
2026-09-03 01:19:43,31.4,66.0,0.0
2026-09-03 01:20:13,31.5,62.7,0.0
2026-09-03 01:20:43,31.5,64.2,0.0
2026-09-03 01:21:13,31.4,62.7,0.0
2026-09-03 01:21:43,31.6,63.8,0.0
2026-09-03 01:22:13,31.4,65.1,0.0
2026-09-03 01:22:43,31.4,65.1,0.0
2026-09-03 01:23:13,31.5,65.4,0.0
2026-09-03 01:23:43,31.5,64.9,0.0
2026-09-03 01:24:13,31.4,64.9,0.0
2026-09-03 01:24:43,31.5,65.4,0.0
2026-09-03 01:25:13,31.5,63.7,0.0
2026-09-03 01:25:43,31.4,64.4,0.0
2026-09-03 01:26:13,31.4,64.2,0.0
2026-09-03 01:26:43,31.4,64.2,0.0
2026-09-03 01:27:13,31.4,63.3,0.0
2026-09-03 01:27:43,31.4,63.5,0.0
2026-09-03 01:28:13,31.4,63.2,0.0
2026-09-03 01:28:43,31.4,64.1,0.0
2026-09-03 01:29:13,31.4,64.3,0.0
2026-09-03 01:29:43,31.4,62.7,0.0
2026-09-03 01:30:13,31.4,64.0,0.0
2026-09-03 01:30:43,31.4,66.6,0.0
2026-09-03 01:31:13,31.4,64.5,0.0
2026-09-03 01:31:43,31.4,63.2,0.0
2026-09-03 01:32:13,31.5,63.8,0.0
2026-09-03 01:32:43,31.4,64.5,0.0
2026-09-03 01:33:13,31.4,64.7,0.0
2026-09-03 01:33:43,31.4,65.1,0.0
2026-09-03 01:34:13,31.4,63.3,1.7
2026-09-03 01:34:43,31.4,64.7,1.7
2026-09-03 01:35:13,31.4,63.7,1.7
2026-09-03 01:35:43,31.5,62.5,0.0
2026-09-03 01:36:13,31.5,64.2,0.0
2026-09-03 01:36:43,31.6,66.5,0.0
2026-09-03 01:37:13,31.5,66.0,0.0
2026-09-03 01:37:43,31.4,64.7,0.0
2026-09-03 01:38:13,31.4,63.2,0.0
2026-09-03 01:38:43,31.4,63.4,0.0
2026-09-03 01:39:13,31.5,63.9,0.0
2026-09-03 01:39:43,31.4,65.0,0.0
2026-09-03 01:40:13,31.6,64.3,0.0
2026-09-03 01:40:43,31.6,61.9,0.0
2026-09-03 01:41:13,31.4,62.3,0.0
2026-09-03 01:41:43,31.5,62.9,0.0
2026-09-03 01:42:13,31.5,63.6,0.0
2026-09-03 01:42:43,31.4,63.5,0.0
2026-09-03 01:43:13,31.5,63.7,0.0
2026-09-03 01:43:43,31.5,67.9,0.0
2026-09-03 01:44:13,31.6,67.7,0.0
2026-09-03 01:44:43,31.5,66.8,0.0
2026-09-03 01:45:13,31.6,65.2,0.0
2026-09-03 01:45:43,31.5,66.0,0.0
2026-09-03 01:46:13,31.6,66.9,0.0
2026-09-03 01:46:43,31.6,66.8,0.0
2026-09-03 01:47:13,31.5,68.6,0.0
2026-09-03 01:47:43,31.6,65.7,0.0
2026-09-03 01:48:13,31.5,63.4,0.0
2026-09-03 01:48:43,31.6,65.9,0.0
2026-09-03 01:49:13,31.5,64.3,0.0
2026-09-03 01:49:43,31.6,64.3,0.0
2026-09-03 01:50:13,31.6,66.3,0.0
2026-09-03 01:50:43,31.5,66.7,0.0
2026-09-03 01:51:13,31.6,67.2,0.0
2026-09-03 01:51:43,31.6,65.1,0.0
2026-09-03 01:52:13,31.7,66.6,0.0
2026-09-03 01:52:43,31.5,68.1,0.0
2026-09-03 01:53:13,31.6,67.4,0.0
2026-09-03 01:53:43,31.5,68.1,0.0
2026-09-03 01:54:13,31.6,67.1,0.0
2026-09-03 01:54:43,31.6,68.3,0.0
2026-09-03 01:55:13,31.5,67.6,0.0
2026-09-03 01:55:43,31.6,67.6,0.0
2026-09-03 01:56:13,31.6,67.1,0.0
2026-09-03 01:56:43,31.5,67.2,0.0
2026-09-03 01:57:13,31.5,67.7,0.0
2026-09-03 01:57:43,31.6,67.6,0.0
2026-09-03 01:58:13,31.6,67.7,0.0
2026-09-03 01:58:43,31.5,67.5,0.0
2026-09-03 01:59:13,31.6,68.5,0.0
2026-09-03 01:59:43,31.6,68.9,0.0
2026-09-03 02:00:13,31.6,68.5,0.0
2026-09-03 02:00:43,31.5,68.5,0.0
2026-09-03 02:01:13,31.7,68.6,0.0
2026-09-03 02:01:43,31.6,68.7,0.0
2026-09-03 02:02:13,31.6,68.8,0.0
2026-09-03 02:02:43,31.5,68.9,0.0
2026-09-03 02:03:13,31.5,69.2,0.0
2026-09-03 02:03:43,31.4,69.3,0.0
2026-09-03 02:04:13,31.5,69.1,0.0
2026-09-03 02:04:43,31.5,69.1,0.0
2026-09-03 02:05:13,31.4,69.9,0.0
2026-09-03 02:05:43,31.4,69.6,0.0
2026-09-03 02:06:13,31.4,70.2,0.0
2026-09-03 02:06:43,31.4,69.5,0.0
2026-09-03 02:07:13,31.4,69.6,0.0
2026-09-03 02:07:43,31.5,69.9,0.0
2026-09-03 02:08:13,31.4,70.1,0.0
2026-09-03 02:08:43,31.5,70.2,0.0
2026-09-03 02:09:13,31.4,69.9,0.0
2026-09-03 02:09:43,31.4,70.1,0.0
2026-09-03 02:10:13,31.5,69.8,0.0
2026-09-03 02:10:43,31.4,70.0,0.0
2026-09-03 02:11:13,31.5,70.1,0.0
2026-09-03 02:11:43,31.4,69.9,0.0
2026-09-03 02:12:13,31.5,70.0,0.0
2026-09-03 02:12:43,31.4,69.8,0.0
2026-09-03 02:13:13,31.4,70.0,0.0
2026-09-03 02:13:43,31.3,70.1,0.0
2026-09-03 02:14:13,31.3,70.3,0.0
2026-09-03 02:14:43,31.3,70.6,0.0
2026-09-03 02:15:13,31.3,70.6,0.0
2026-09-03 02:15:43,31.4,70.7,0.0
2026-09-03 02:16:13,31.3,70.9,0.0
2026-09-03 02:16:43,31.3,71.0,0.0
2026-09-03 02:17:13,31.3,71.0,0.0
2026-09-03 02:17:43,31.3,71.0,0.0
2026-09-03 02:18:13,31.3,70.8,0.0
2026-09-03 02:18:43,31.2,70.8,0.0
2026-09-03 02:19:13,31.3,70.6,0.0
2026-09-03 02:19:43,31.2,70.6,0.0
2026-09-03 02:20:13,31.3,70.6,0.0
2026-09-03 02:20:43,31.2,70.6,0.0
2026-09-03 02:21:13,31.3,70.8,0.0
2026-09-03 02:21:43,31.2,70.8,0.0
2026-09-03 02:22:13,31.2,71.2,0.0
2026-09-03 02:22:43,31.2,71.1,0.0
2026-09-03 02:23:13,31.3,70.9,0.0
2026-09-03 02:23:43,31.2,71.1,0.0
2026-09-03 02:24:13,31.3,71.2,0.0
2026-09-03 02:24:43,31.2,71.3,0.0
2026-09-03 02:25:13,31.3,71.0,0.0
2026-09-03 02:25:43,31.2,70.9,0.0
2026-09-03 02:26:13,31.3,70.8,0.0
2026-09-03 02:26:43,31.2,70.5,0.0
2026-09-03 02:27:13,31.3,70.5,0.0
2026-09-03 02:27:43,31.3,70.5,0.0
2026-09-03 02:28:13,31.3,71.0,0.0
2026-09-03 02:28:43,31.2,71.0,0.0
2026-09-03 02:29:13,31.3,70.6,0.0
2026-09-03 02:29:43,31.2,71.1,0.0
2026-09-03 02:30:13,31.3,71.4,0.0
2026-09-03 02:30:43,31.2,70.8,0.0
2026-09-03 02:31:13,31.3,71.1,0.0
2026-09-03 02:31:43,31.2,70.5,0.0
2026-09-03 02:32:13,31.3,70.6,0.0
2026-09-03 02:32:43,31.3,71.0,0.0
2026-09-03 02:33:13,31.3,71.5,0.0
2026-09-03 02:33:43,31.3,70.6,0.0
2026-09-03 02:34:13,31.3,70.5,0.0
2026-09-03 02:34:43,31.3,71.1,0.0
2026-09-03 02:35:13,31.3,70.8,0.0
2026-09-03 02:35:43,31.3,70.4,0.0
2026-09-03 02:36:13,31.2,70.3,0.0
2026-09-03 02:36:43,31.3,70.4,0.0
2026-09-03 02:37:13,31.3,70.3,0.0
2026-09-03 02:37:43,31.2,70.3,0.0
2026-09-03 02:38:13,31.3,70.3,0.0
2026-09-03 02:38:43,31.2,70.4,0.0
2026-09-03 02:39:13,31.3,71.0,0.0
2026-09-03 02:39:43,31.3,70.8,0.0
2026-09-03 02:40:13,31.2,70.6,0.0
2026-09-03 02:40:43,31.2,71.5,0.0
2026-09-03 02:41:13,31.1,70.9,0.0
2026-09-03 02:41:43,31.3,70.9,0.0
2026-09-03 02:42:13,31.4,70.8,0.0
2026-09-03 02:42:43,31.2,71.4,0.0
2026-09-03 02:43:13,31.3,70.8,0.0
2026-09-03 02:43:43,31.2,70.7,0.0
2026-09-03 02:44:13,31.3,70.5,0.0
2026-09-03 02:44:43,31.2,71.4,0.0
2026-09-03 02:45:13,31.2,70.4,0.0
2026-09-03 02:45:43,31.3,70.3,0.0
2026-09-03 02:46:13,31.2,70.3,0.0
2026-09-03 02:46:43,31.2,70.3,0.0
2026-09-03 02:47:13,31.2,70.8,0.0
2026-09-03 02:47:43,31.2,70.5,0.0
2026-09-03 02:48:13,31.2,70.7,0.0
2026-09-03 02:48:43,31.2,70.3,0.0
2026-09-03 02:49:13,31.1,70.4,0.0
2026-09-03 02:49:43,31.1,70.8,0.0
2026-09-03 02:50:13,31.2,70.7,0.0
2026-09-03 02:50:43,31.1,70.4,0.0
2026-09-03 02:51:13,31.2,70.5,0.0
2026-09-03 02:51:43,31.1,70.6,0.0
2026-09-03 02:52:13,31.2,70.5,0.0
2026-09-03 02:52:43,31.1,70.6,0.0
2026-09-03 02:53:13,31.2,70.6,0.0
2026-09-03 02:53:43,31.1,70.6,0.0
2026-09-03 02:54:13,31.1,70.7,0.0
2026-09-03 02:54:43,31.1,71.0,0.0
2026-09-03 02:55:13,31.1,71.1,0.0
2026-09-03 02:55:43,31.1,71.3,0.0
2026-09-03 02:56:13,31.1,71.1,0.0
2026-09-03 02:56:43,31.1,71.2,0.0
2026-09-03 02:57:13,31.1,71.0,0.0
2026-09-03 02:57:43,31.2,71.1,0.0
2026-09-03 02:58:13,31.1,71.1,0.0
2026-09-03 02:58:43,31.1,71.6,0.0
2026-09-03 02:59:13,31.1,71.0,0.0
2026-09-03 02:59:43,31.1,71.0,0.0
2026-09-03 03:00:13,31.2,71.2,0.0
2026-09-03 03:00:43,31.1,71.2,0.0
2026-09-03 03:01:13,31.1,71.3,0.0
2026-09-03 03:01:43,31.1,71.3,0.0
2026-09-03 03:02:13,31.1,71.6,0.0
2026-09-03 03:02:43,31.1,72.1,0.0
2026-09-03 03:03:13,31.1,71.8,0.0
2026-09-03 03:03:43,31.0,71.6,0.0
2026-09-03 03:04:13,31.1,71.7,0.0
2026-09-03 03:04:43,31.1,71.6,0.0
2026-09-03 03:05:13,31.1,71.6,0.0
2026-09-03 03:05:43,31.1,71.3,0.0
2026-09-03 03:06:13,31.1,71.2,0.0
2026-09-03 03:06:43,31.0,71.8,0.0
2026-09-03 03:07:13,31.1,71.3,0.0
2026-09-03 03:07:43,31.0,71.0,0.0
2026-09-03 03:08:13,31.1,71.5,0.0
2026-09-03 03:08:43,31.0,71.2,0.0
2026-09-03 03:09:13,31.1,71.2,0.0
2026-09-03 03:09:43,31.1,71.1,0.0
2026-09-03 03:10:13,31.1,71.4,0.0
2026-09-03 03:10:43,31.0,71.5,0.0
2026-09-03 03:11:13,31.1,71.2,0.0
2026-09-03 03:11:43,31.0,71.2,0.0
2026-09-03 03:12:13,31.0,71.9,0.0
2026-09-03 03:12:43,31.1,70.5,0.0
2026-09-03 03:13:13,31.0,70.1,0.0
2026-09-03 03:13:43,31.0,70.1,0.0
2026-09-03 03:14:13,31.0,70.2,0.0
2026-09-03 03:14:43,31.0,70.1,0.0
2026-09-03 03:15:13,31.0,70.2,0.0
2026-09-03 03:15:43,30.9,70.1,0.0
2026-09-03 03:16:13,31.0,70.6,0.0
2026-09-03 03:16:43,31.0,70.3,0.0
2026-09-03 03:17:13,31.0,70.4,0.0
2026-09-03 03:17:43,31.0,70.0,0.0
2026-09-03 03:18:13,31.0,70.1,0.0
2026-09-03 03:18:43,31.0,70.2,0.0
2026-09-03 03:19:13,30.9,70.2,0.0
2026-09-03 03:19:43,30.9,70.5,0.0
2026-09-03 03:20:13,30.9,70.3,0.0
2026-09-03 03:20:43,31.0,70.5,0.0
2026-09-03 03:21:13,30.9,70.3,0.0
2026-09-03 03:21:43,31.0,70.1,0.0
2026-09-03 03:22:13,30.9,71.0,0.0
2026-09-03 03:22:43,30.9,70.3,0.0
2026-09-03 03:23:13,30.9,70.8,0.0
2026-09-03 03:23:43,31.0,70.7,0.0
2026-09-03 03:24:13,31.0,70.7,0.0
2026-09-03 03:24:43,31.0,70.4,0.0
2026-09-03 03:25:13,31.0,70.6,0.0
2026-09-03 03:25:43,31.0,71.2,0.0
2026-09-03 03:26:13,31.0,70.4,0.0
2026-09-03 03:26:43,31.0,70.3,0.0
2026-09-03 03:27:13,31.0,71.0,0.0
2026-09-03 03:27:43,31.0,70.3,0.0
2026-09-03 03:28:13,31.1,71.3,0.0
2026-09-03 03:28:43,31.0,71.2,0.0
2026-09-03 03:29:13,31.1,71.0,0.0
2026-09-03 03:29:43,31.0,70.9,0.0
2026-09-03 03:30:13,31.1,71.8,0.0
2026-09-03 03:30:43,31.0,71.1,0.0
2026-09-03 03:31:13,31.1,71.9,0.0
2026-09-03 03:31:43,31.1,71.0,0.0
2026-09-03 03:32:13,31.1,70.6,0.0
2026-09-03 03:32:43,31.1,70.3,0.0
2026-09-03 03:33:13,31.1,69.9,0.0
2026-09-03 03:33:43,31.0,69.8,0.0
2026-09-03 03:34:13,31.1,70.7,0.0
2026-09-03 03:34:43,31.0,69.8,0.0
2026-09-03 03:35:13,31.1,70.0,0.0
2026-09-03 03:35:43,31.0,70.2,0.0
2026-09-03 03:36:13,31.1,70.2,0.0
2026-09-03 03:36:43,31.1,70.6,0.0
2026-09-03 03:37:13,31.0,70.1,0.0
2026-09-03 03:37:43,31.0,70.1,0.0
2026-09-03 03:38:13,31.0,70.2,0.0
2026-09-03 03:38:43,31.0,70.0,0.0
2026-09-03 03:39:13,31.1,70.1,0.0
2026-09-03 03:39:43,31.0,70.1,0.0
2026-09-03 03:40:13,31.0,70.1,0.0
2026-09-03 03:40:43,31.0,70.3,0.0
2026-09-03 03:41:13,31.0,70.1,0.0
2026-09-03 03:41:43,31.0,70.1,0.0
2026-09-03 03:42:13,31.0,70.1,0.0
2026-09-03 03:42:43,31.0,70.2,0.0
2026-09-03 03:43:13,31.0,70.2,0.0
2026-09-03 03:43:43,31.0,70.2,0.0
2026-09-03 03:44:13,31.0,70.4,0.0
2026-09-03 03:44:43,31.0,70.4,0.0
2026-09-03 03:45:13,31.0,70.4,0.0
2026-09-03 03:45:43,30.9,71.0,0.0
2026-09-03 03:46:13,30.9,70.8,0.0
2026-09-03 03:46:43,30.9,70.5,0.0
2026-09-03 03:47:13,30.9,71.1,0.0
2026-09-03 03:47:43,30.9,70.6,0.0
2026-09-03 03:48:13,30.9,70.7,0.0
2026-09-03 03:48:43,30.9,71.2,0.0
2026-09-03 03:49:13,30.9,71.0,0.0
2026-09-03 03:49:43,31.0,71.3,0.0
2026-09-03 03:50:13,30.9,71.2,0.0
2026-09-03 03:50:43,31.0,71.3,0.0
2026-09-03 03:51:13,30.8,71.3,0.0
2026-09-03 03:51:43,30.9,71.5,0.0
2026-09-03 03:52:13,30.8,71.7,0.0
2026-09-03 03:52:43,30.9,71.8,0.0
2026-09-03 03:53:13,30.9,71.9,0.0
2026-09-03 03:53:43,30.8,71.8,0.0
2026-09-03 03:54:13,30.8,72.0,0.0
2026-09-03 03:54:43,30.8,72.1,0.0
2026-09-03 03:55:13,30.9,72.2,0.0
2026-09-03 03:55:43,30.8,72.3,0.0
2026-09-03 03:56:13,30.8,72.3,0.0
2026-09-03 03:56:43,30.8,72.5,0.0
2026-09-03 03:57:13,30.8,72.5,0.0
2026-09-03 03:57:43,30.8,72.5,0.0
2026-09-03 03:58:13,30.9,72.5,0.0
2026-09-03 03:58:43,30.8,72.6,0.0
2026-09-03 03:59:13,30.8,72.5,0.0
2026-09-03 03:59:43,30.7,72.5,0.0
2026-09-03 04:00:13,30.8,72.3,0.0
2026-09-03 04:00:43,30.8,72.2,0.0
2026-09-03 04:01:13,30.7,72.2,0.0
2026-09-03 04:01:43,30.8,72.0,0.0
2026-09-03 04:02:13,30.7,71.9,0.0
2026-09-03 04:02:43,30.8,71.9,0.0
2026-09-03 04:03:13,30.7,72.0,0.0
2026-09-03 04:03:43,30.7,71.8,0.0
2026-09-03 04:04:13,30.7,71.7,0.0
2026-09-03 04:04:43,30.7,71.6,0.0
2026-09-03 04:05:13,30.7,71.5,0.0
2026-09-03 04:05:43,30.7,71.6,0.0
2026-09-03 04:06:13,30.8,71.7,0.0
2026-09-03 04:06:43,30.7,71.8,0.0
2026-09-03 04:07:13,30.8,71.7,0.0
2026-09-03 04:07:43,30.7,71.6,0.0
2026-09-03 04:08:13,30.8,71.7,0.0
2026-09-03 04:08:43,30.7,71.6,0.0
2026-09-03 04:09:13,30.7,71.4,0.0
2026-09-03 04:09:43,30.9,71.7,0.0
2026-09-03 04:10:13,30.8,71.6,0.0
2026-09-03 04:10:43,30.7,71.5,0.0
2026-09-03 04:11:13,30.7,71.5,0.0
2026-09-03 04:11:43,30.8,71.4,0.0
2026-09-03 04:12:13,30.7,71.6,0.0
2026-09-03 04:12:43,30.8,71.8,0.0
2026-09-03 04:13:13,30.8,71.8,0.0
2026-09-03 04:13:43,30.7,72.0,0.0
2026-09-03 04:14:13,30.8,71.8,0.0
2026-09-03 04:14:43,30.7,71.7,0.0
2026-09-03 04:15:13,30.8,72.1,0.0
2026-09-03 04:15:43,30.7,71.9,0.0
2026-09-03 04:16:13,30.8,72.0,0.0
2026-09-03 04:16:43,30.7,72.1,0.0
2026-09-03 04:17:13,30.8,71.8,0.0
2026-09-03 04:17:43,30.8,71.6,0.0
2026-09-03 04:18:13,30.8,71.5,0.0
2026-09-03 04:18:43,30.7,71.0,0.0
2026-09-03 04:19:13,30.8,71.1,0.0
2026-09-03 04:19:43,30.7,70.9,0.0
2026-09-03 04:20:13,30.6,71.1,0.0
2026-09-03 04:20:43,30.7,71.3,0.0
2026-09-03 04:21:13,30.7,71.6,0.0
2026-09-03 04:21:43,30.8,71.6,0.0
2026-09-03 04:22:13,30.7,71.4,0.0
2026-09-03 04:22:43,30.8,71.3,0.0
2026-09-03 04:23:13,30.8,70.9,0.0
2026-09-03 04:23:43,30.7,70.8,0.0
2026-09-03 04:24:13,30.6,71.1,0.0
2026-09-03 04:24:43,30.8,71.2,0.0
2026-09-03 04:25:13,30.8,71.1,0.0
2026-09-03 04:25:43,30.6,71.5,0.0
2026-09-03 04:26:13,30.7,71.3,0.0
2026-09-03 04:26:43,30.7,71.4,0.0
2026-09-03 04:27:13,30.8,71.5,0.0
2026-09-03 04:27:43,30.7,71.3,0.0
2026-09-03 04:28:13,30.8,71.3,0.0
2026-09-03 04:28:43,30.7,70.9,0.0
2026-09-03 04:29:13,30.6,71.2,0.0
2026-09-03 04:29:43,30.8,70.9,0.0
2026-09-03 04:30:13,30.8,70.6,0.0
2026-09-03 04:30:43,30.7,70.5,0.0
2026-09-03 04:31:13,30.7,70.6,0.0
2026-09-03 04:31:43,30.7,70.6,0.0
2026-09-03 04:32:13,30.7,70.5,0.0
2026-09-03 04:32:43,30.6,70.6,0.0
2026-09-03 04:33:13,30.7,70.6,0.0
2026-09-03 04:33:43,30.6,70.5,0.0
2026-09-03 04:34:13,30.7,70.6,0.0
2026-09-03 04:34:43,30.6,70.7,0.0
2026-09-03 04:35:13,30.7,71.2,0.0
2026-09-03 04:35:43,30.6,71.7,0.0
2026-09-03 04:36:13,30.6,70.6,0.0
2026-09-03 04:36:43,30.6,72.4,0.0
2026-09-03 04:37:13,30.6,70.8,0.0
2026-09-03 04:37:43,30.7,70.4,0.0
2026-09-03 04:38:13,30.7,70.8,0.0
2026-09-03 04:38:43,30.7,70.7,0.0
2026-09-03 04:39:13,30.7,71.0,0.0
2026-09-03 04:39:43,30.7,70.8,0.0
2026-09-03 04:40:13,30.7,70.6,0.0
2026-09-03 04:40:43,30.7,70.6,0.0
2026-09-03 04:41:13,30.8,70.1,0.0
2026-09-03 04:41:43,30.8,70.1,0.0
2026-09-03 04:42:13,30.7,70.0,0.0
2026-09-03 04:42:43,30.8,69.9,0.0
2026-09-03 04:43:13,30.9,70.3,0.0
2026-09-03 04:43:43,30.8,70.1,0.0
2026-09-03 04:44:13,30.8,69.9,0.0
2026-09-03 04:44:43,30.8,69.9,0.0
2026-09-03 04:45:13,30.7,70.0,0.0
2026-09-03 04:45:43,30.8,70.3,0.0
2026-09-03 04:46:13,30.7,70.1,0.0
2026-09-03 04:46:43,30.8,70.2,0.0
2026-09-03 04:47:13,30.8,71.1,0.0
2026-09-03 04:47:43,30.7,70.6,0.0
2026-09-03 04:48:13,30.7,71.2,0.0
2026-09-03 04:48:43,30.7,70.9,0.0
2026-09-03 04:49:13,30.7,70.8,0.0
2026-09-03 04:49:43,30.8,70.6,0.0
2026-09-03 04:50:13,30.8,71.1,0.0
2026-09-03 04:50:43,30.8,70.8,0.0
2026-09-03 04:51:13,30.7,70.9,0.0
2026-09-03 04:51:43,30.8,70.3,0.0
2026-09-03 04:52:13,30.7,70.1,0.0
2026-09-03 04:52:43,30.7,70.9,0.0
2026-09-03 04:53:13,30.7,71.0,0.0
2026-09-03 04:53:43,30.8,70.5,0.0
2026-09-03 04:54:13,30.7,70.5,0.0
2026-09-03 04:54:43,30.8,70.5,0.0
2026-09-03 04:55:13,30.8,70.7,0.0
2026-09-03 04:55:43,30.8,70.6,0.0
2026-09-03 04:56:13,30.7,70.8,0.0
2026-09-03 04:56:43,30.8,71.0,0.0
2026-09-03 04:57:13,30.8,71.2,0.0
2026-09-03 04:57:43,30.8,70.3,0.0
2026-09-03 04:58:13,30.8,69.9,0.0
2026-09-03 04:58:43,30.7,69.9,0.0
2026-09-03 04:59:13,30.7,70.2,0.0
2026-09-03 04:59:43,30.7,70.1,0.0
2026-09-03 05:00:13,30.7,70.4,0.0
2026-09-03 05:00:43,30.7,70.2,0.0
2026-09-03 05:01:13,30.8,70.7,0.0
2026-09-03 05:01:43,30.8,71.0,0.0
2026-09-03 05:02:13,30.8,70.5,0.0
2026-09-03 05:02:43,30.8,70.4,0.0
2026-09-03 05:03:13,30.8,71.0,0.0
2026-09-03 05:03:43,30.8,70.2,0.0
2026-09-03 05:04:13,30.8,70.1,0.0
2026-09-03 05:04:43,30.7,70.1,0.0
2026-09-03 05:05:13,30.8,70.0,0.0
2026-09-03 05:05:43,30.7,69.7,0.0
2026-09-03 05:06:13,30.8,69.7,0.0
2026-09-03 05:06:43,30.7,69.8,0.0
2026-09-03 05:07:13,30.7,70.2,0.0
2026-09-03 05:07:43,30.8,69.9,0.0
2026-09-03 05:08:13,30.7,69.9,0.0
2026-09-03 05:08:43,30.7,70.0,0.0
2026-09-03 05:09:13,30.6,70.2,0.0
2026-09-03 05:09:43,30.8,70.1,0.0
2026-09-03 05:10:13,30.6,70.3,0.0
2026-09-03 05:10:43,30.8,70.8,0.0
2026-09-03 05:11:13,30.7,70.7,0.0
2026-09-03 05:11:43,30.7,70.4,0.0
2026-09-03 05:12:13,30.7,70.2,0.0
2026-09-03 05:12:43,30.7,70.3,0.0
2026-09-03 05:13:13,30.7,70.6,0.0
2026-09-03 05:13:43,30.5,71.0,0.0
2026-09-03 05:14:13,30.6,70.8,0.0
2026-09-03 05:14:43,30.7,70.8,0.0
2026-09-03 05:15:13,30.6,70.5,0.0
2026-09-03 05:15:43,30.7,70.4,0.0
2026-09-03 05:16:13,30.7,70.3,0.0
2026-09-03 05:16:43,30.7,70.8,0.0
2026-09-03 05:17:13,30.6,70.6,0.0
2026-09-03 05:17:43,30.7,70.6,0.0
2026-09-03 05:18:13,30.6,70.4,0.0
2026-09-03 05:18:43,30.8,70.4,0.0
2026-09-03 05:19:13,30.6,70.4,0.0
2026-09-03 05:19:43,30.7,70.1,0.0
2026-09-03 05:20:13,30.6,70.3,0.0
2026-09-03 05:20:43,30.6,70.3,0.0
2026-09-03 05:21:13,30.6,70.7,0.0
2026-09-03 05:21:43,30.7,70.6,0.0
2026-09-03 05:22:13,30.6,70.5,0.0
2026-09-03 05:22:43,30.6,70.4,0.0
2026-09-03 05:23:13,30.6,71.8,0.0
2026-09-03 05:23:43,30.7,72.0,0.0
2026-09-03 05:24:13,30.6,70.7,0.0
2026-09-03 05:24:43,30.7,70.6,0.0
2026-09-03 05:25:13,30.8,70.4,0.0
2026-09-03 05:25:43,30.7,70.9,0.0
2026-09-03 05:26:13,30.8,70.2,0.0
2026-09-03 05:26:43,30.7,71.3,0.0
2026-09-03 05:27:13,30.8,71.4,0.0
2026-09-03 05:27:43,30.7,70.4,0.0
2026-09-03 05:28:13,30.7,69.5,0.0
2026-09-03 05:28:43,30.9,69.4,0.0
2026-09-03 05:29:13,30.7,69.0,0.0
2026-09-03 05:29:43,30.8,69.1,0.0
2026-09-03 05:30:13,30.7,68.9,0.0
2026-09-03 05:30:43,30.7,69.1,0.0
2026-09-03 05:31:13,30.7,69.3,0.0
2026-09-03 05:31:43,30.7,69.2,0.0
2026-09-03 05:32:13,30.7,69.4,0.0
2026-09-03 05:32:43,30.7,69.6,0.0
2026-09-03 05:33:13,30.8,69.6,0.0
2026-09-03 05:33:43,30.7,69.6,0.0
2026-09-03 05:34:13,30.7,69.7,0.0
2026-09-03 05:34:43,30.8,69.9,0.0
2026-09-03 05:35:13,30.6,70.2,0.8
2026-09-03 05:35:43,30.7,70.2,0.8
2026-09-03 05:36:13,30.6,70.2,0.8
2026-09-03 05:36:43,30.6,70.4,0.8
2026-09-03 05:37:13,30.6,70.5,0.8
2026-09-03 05:37:43,30.6,70.7,0.8
2026-09-03 05:38:13,30.6,70.7,0.8
2026-09-03 05:38:43,30.5,70.8,0.8
2026-09-03 05:39:13,30.6,70.9,0.8
2026-09-03 05:39:43,30.5,71.0,0.8
2026-09-03 05:40:13,30.5,71.1,0.8
2026-09-03 05:40:43,30.5,71.1,0.8
2026-09-03 05:41:13,30.5,71.6,0.8
2026-09-03 05:41:43,30.6,71.4,0.8
2026-09-03 05:42:13,30.5,71.3,0.8
2026-09-03 05:42:43,30.5,71.3,1.7
2026-09-03 05:43:13,30.5,71.4,1.7
2026-09-03 05:43:43,30.6,71.6,1.7
2026-09-03 05:44:13,30.5,71.4,1.7
2026-09-03 05:44:43,30.5,71.5,1.7
2026-09-03 05:45:13,30.4,71.6,1.7
2026-09-03 05:45:43,30.5,71.9,1.7
2026-09-03 05:46:13,30.5,72.1,1.7
2026-09-03 05:46:43,30.6,71.9,1.7
2026-09-03 05:47:13,30.5,72.3,1.7
2026-09-03 05:47:43,30.5,72.2,2.5
2026-09-03 05:48:13,30.5,72.0,2.5
2026-09-03 05:48:43,30.5,72.2,2.5
2026-09-03 05:49:13,30.5,72.1,2.5
2026-09-03 05:49:43,30.5,72.4,2.5
2026-09-03 05:50:13,30.5,72.4,2.5
2026-09-03 05:50:43,30.4,72.3,3.3
2026-09-03 05:51:13,30.5,72.5,3.3
2026-09-03 05:51:43,30.4,72.5,3.3
2026-09-03 05:52:13,30.5,72.9,3.3
2026-09-03 05:52:43,30.4,72.6,3.3
2026-09-03 05:53:13,30.5,72.3,3.3
2026-09-03 05:53:43,30.5,72.2,3.3
2026-09-03 05:54:13,30.4,72.6,4.2
2026-09-03 05:54:43,30.6,72.4,4.2
2026-09-03 05:55:13,30.5,72.5,4.2
2026-09-03 05:55:43,30.6,72.3,4.2
2026-09-03 05:56:13,30.5,72.4,4.2
2026-09-03 05:56:43,30.7,72.1,5.0
2026-09-03 05:57:13,30.7,72.1,5.0
2026-09-03 05:57:43,30.5,72.3,5.0
2026-09-03 05:58:13,30.7,72.6,5.0
2026-09-03 05:58:43,30.6,72.1,5.0
2026-09-03 05:59:13,30.7,71.9,5.8
2026-09-03 05:59:43,30.6,72.1,5.8
2026-09-03 06:00:13,30.7,72.5,5.8
2026-09-03 06:00:43,30.7,72.3,5.8
2026-09-03 06:01:13,30.8,72.1,5.8
2026-09-03 06:01:43,30.7,71.9,6.7
2026-09-03 06:02:13,30.8,72.0,6.7
2026-09-03 06:02:43,30.7,71.9,6.7
2026-09-03 06:03:13,30.7,71.8,6.7
2026-09-03 06:03:43,30.8,72.3,6.7
2026-09-03 06:04:13,30.7,72.8,7.5
2026-09-03 06:04:43,30.7,72.4,7.5
2026-09-03 06:05:13,30.7,72.4,7.5
2026-09-03 06:05:43,30.7,71.9,7.5
2026-09-03 06:06:13,30.8,71.8,7.5
2026-09-03 06:06:43,30.8,71.6,8.3
2026-09-03 06:07:13,30.8,71.7,8.3
2026-09-03 06:07:43,30.8,71.5,8.3
2026-09-03 06:08:13,30.7,71.8,8.3
2026-09-03 06:08:43,30.8,71.9,8.3
2026-09-03 06:09:13,30.7,72.1,9.2
2026-09-03 06:09:43,30.7,72.1,9.2
2026-09-03 06:10:13,30.7,71.9,9.2
2026-09-03 06:10:43,30.7,72.2,9.2
2026-09-03 06:11:13,30.7,71.9,9.2
2026-09-03 06:11:43,30.6,71.7,10.0
2026-09-03 06:12:13,30.8,71.9,10.0
2026-09-03 06:12:43,30.7,71.8,10.0
2026-09-03 06:13:13,30.7,72.1,10.0
2026-09-03 06:13:43,30.8,72.1,10.0
2026-09-03 06:14:13,30.7,72.6,10.8
2026-09-03 06:14:43,30.7,72.2,10.8
2026-09-03 06:15:13,30.6,72.5,10.8
2026-09-03 06:15:43,30.7,72.6,10.8
2026-09-03 06:16:13,30.7,72.4,10.8
2026-09-03 06:16:43,30.7,72.0,11.7
2026-09-03 06:17:13,30.7,71.9,11.7
2026-09-03 06:17:43,30.7,72.2,11.7
2026-09-03 06:18:13,30.7,72.4,11.7
2026-09-03 06:18:43,30.8,72.2,11.7
2026-09-03 06:19:13,30.7,72.4,12.5
2026-09-03 06:19:43,30.7,72.5,12.5
2026-09-03 06:20:13,30.7,72.4,12.5
2026-09-03 06:20:43,30.8,72.4,12.5
2026-09-03 06:21:13,30.7,72.7,12.5
2026-09-03 06:21:43,30.8,72.8,13.3
2026-09-03 06:22:13,30.7,72.3,13.3
2026-09-03 06:22:43,30.7,72.4,13.3
2026-09-03 06:23:13,30.7,72.7,13.3
2026-09-03 06:23:43,30.8,72.2,13.3
2026-09-03 06:24:13,30.7,72.3,14.2
2026-09-03 06:24:43,30.7,72.4,14.2
2026-09-03 06:25:13,30.7,72.3,14.2
2026-09-03 06:25:43,30.7,72.5,14.2
2026-09-03 06:26:13,30.7,72.4,14.2
2026-09-03 06:26:43,30.6,72.8,14.2
2026-09-03 06:27:13,30.7,73.2,15.0
2026-09-03 06:27:43,30.6,73.0,15.0
2026-09-03 06:28:13,30.7,72.4,15.0
2026-09-03 06:28:43,30.7,72.8,15.0
2026-09-03 06:29:13,30.6,72.6,15.0
2026-09-03 06:29:43,30.6,73.0,15.0
2026-09-03 06:30:13,30.7,72.7,15.8
2026-09-03 06:30:43,30.7,72.9,15.8
2026-09-03 06:31:13,30.7,72.4,15.8
2026-09-03 06:31:43,30.8,72.3,15.8
2026-09-03 06:32:13,30.7,72.2,16.7
2026-09-03 06:32:43,30.8,72.6,16.7
2026-09-03 06:33:13,30.7,72.6,16.7
2026-09-03 06:33:43,30.7,72.9,16.7
2026-09-03 06:34:13,30.7,73.2,16.7
2026-09-03 06:34:43,30.7,72.9,17.5
2026-09-03 06:35:13,30.7,73.0,17.5
2026-09-03 06:35:43,30.7,72.6,18.3
2026-09-03 06:36:13,30.6,72.7,18.3
2026-09-03 06:36:43,30.7,72.7,18.3
2026-09-03 06:37:13,30.8,72.1,18.3
2026-09-03 06:37:43,30.8,72.4,18.3
2026-09-03 06:38:13,30.8,72.4,18.3
2026-09-03 06:38:43,30.7,72.4,18.3
2026-09-03 06:39:13,30.8,72.3,18.3
2026-09-03 06:39:43,30.8,72.1,18.3
2026-09-03 06:40:13,30.7,72.4,18.3
2026-09-03 06:40:43,30.8,72.5,18.3
2026-09-03 06:41:13,30.7,72.2,19.2
2026-09-03 06:41:43,30.7,72.3,19.2
2026-09-03 06:42:13,30.7,72.4,19.2
2026-09-03 06:42:43,30.7,72.2,19.2
2026-09-03 06:43:13,30.7,72.2,19.2
2026-09-03 06:43:43,30.8,72.1,19.2
2026-09-03 06:44:13,30.7,72.1,20.0
2026-09-03 06:44:43,30.7,72.1,20.0
2026-09-03 06:45:13,30.7,72.3,20.0
2026-09-03 06:45:43,30.8,72.7,20.0
2026-09-03 06:46:13,30.8,72.6,20.0
2026-09-03 06:46:43,30.6,72.7,24.2
2026-09-03 06:47:13,30.7,72.7,24.2
2026-09-03 06:47:43,30.7,72.8,24.2
2026-09-03 06:48:13,30.7,72.8,25.0
2026-09-03 06:48:43,30.7,72.8,25.0
2026-09-03 06:49:13,30.6,72.6,25.0
2026-09-03 06:49:43,30.6,72.8,25.0
2026-09-03 06:50:13,30.6,73.0,25.0
2026-09-03 06:50:43,30.6,73.0,25.8
2026-09-03 06:51:13,30.5,73.1,25.8
2026-09-03 06:51:43,30.6,73.0,25.8
2026-09-03 06:52:13,30.5,73.0,26.7
2026-09-03 06:52:43,30.5,73.0,26.7
2026-09-03 06:53:13,30.5,72.9,26.7
2026-09-03 06:53:43,30.5,73.1,26.7
2026-09-03 06:54:13,30.5,73.2,26.7
2026-09-03 06:54:43,30.5,73.2,27.5
2026-09-03 06:55:13,30.5,73.4,27.5
2026-09-03 06:55:43,30.5,73.4,27.5
2026-09-03 06:56:13,30.5,73.3,27.5
2026-09-03 06:56:43,30.6,73.2,27.5
2026-09-03 06:57:13,30.6,73.1,27.5
2026-09-03 06:57:43,30.6,73.2,28.3
2026-09-03 06:58:13,30.5,73.4,28.3
2026-09-03 06:58:43,30.5,73.6,28.3
2026-09-03 06:59:13,30.5,73.7,28.3
2026-09-03 06:59:43,30.5,74.1,28.3
2026-09-03 07:00:13,30.6,73.9,29.2
2026-09-03 07:00:43,30.4,74.1,29.2
2026-09-03 07:01:13,30.5,73.6,29.2
2026-09-03 07:01:43,30.4,73.5,29.2
2026-09-03 07:02:13,30.5,73.3,30.8
2026-09-03 07:02:43,30.5,73.1,30.8
2026-09-03 07:03:13,30.5,73.2,31.7
2026-09-03 07:03:43,30.5,73.4,31.7
2026-09-03 07:04:13,30.5,73.6,31.7
2026-09-03 07:04:43,30.4,73.6,31.7
2026-09-03 07:05:13,30.5,73.1,31.7
2026-09-03 07:05:43,30.5,73.1,32.5
2026-09-03 07:06:13,30.5,73.2,32.5
2026-09-03 07:06:43,30.5,73.1,32.5
2026-09-03 07:07:13,30.5,73.3,32.5
2026-09-03 07:07:43,30.5,73.1,31.7
2026-09-03 07:08:13,30.4,73.3,32.5
2026-09-03 07:08:43,30.5,73.6,32.5
2026-09-03 07:09:13,30.5,73.3,33.3
2026-09-03 07:09:43,30.5,74.5,33.3
2026-09-03 07:10:13,30.5,73.6,33.3
2026-09-03 07:10:42,30.5,74.7,30.0
2026-09-03 07:11:12,30.5,74.7,30.8
2026-09-03 07:11:42,30.6,74.5,30.8
2026-09-03 07:12:12,30.5,75.7,30.8
2026-09-03 07:12:42,30.6,74.9,30.8
2026-09-03 07:13:12,30.8,73.0,31.7
2026-09-03 07:13:42,30.7,72.7,31.7
2026-09-03 07:14:12,30.8,72.7,31.7
2026-09-03 07:14:42,30.7,72.5,31.7
2026-09-03 07:15:12,30.7,72.5,31.7
2026-09-03 07:15:42,30.7,72.5,32.5
2026-09-03 07:16:12,30.6,72.7,32.5
2026-09-03 07:16:42,30.7,72.8,31.7
2026-09-03 07:17:12,30.7,72.8,32.5
2026-09-03 07:17:42,30.7,72.8,32.5
2026-09-03 07:18:12,30.7,72.9,32.5
2026-09-03 07:18:42,30.6,73.9,31.7
2026-09-03 07:19:12,30.6,73.4,32.5
2026-09-03 07:19:42,30.7,72.9,32.5
2026-09-03 07:20:12,30.6,73.7,32.5
2026-09-03 07:20:42,30.7,75.0,32.5
2026-09-03 07:21:12,30.6,74.4,32.5
2026-09-03 07:21:42,30.7,74.5,32.5
2026-09-03 07:22:12,30.7,73.5,32.5
2026-09-03 07:22:42,30.7,74.5,32.5
2026-09-03 07:23:12,30.7,74.4,32.5
2026-09-03 07:23:42,30.8,73.3,32.5
2026-09-03 07:24:12,30.8,73.1,32.5
2026-09-03 07:24:42,30.8,73.8,33.3
2026-09-03 07:25:12,30.8,74.2,33.3
2026-09-03 07:25:42,30.8,72.9,34.2
2026-09-03 07:26:12,30.8,73.4,34.2
2026-09-03 07:26:42,30.8,73.3,34.2
2026-09-03 07:27:12,30.9,74.1,35.0
2026-09-03 07:27:42,30.9,73.3,35.0
2026-09-03 07:28:12,30.8,72.4,35.8
2026-09-03 07:28:42,30.9,72.4,35.8
2026-09-03 07:29:12,30.9,73.1,35.8
2026-09-03 07:29:42,30.8,72.9,35.8
2026-09-03 07:30:12,30.8,72.7,36.7
2026-09-03 07:30:42,30.8,72.2,36.7
2026-09-03 07:31:12,30.7,72.2,36.7
2026-09-03 07:31:42,30.7,72.6,37.5
2026-09-03 07:32:12,30.8,73.1,37.5
2026-09-03 07:32:42,30.7,73.4,38.3
2026-09-03 07:33:12,30.9,73.9,39.2
2026-09-03 07:33:42,30.7,73.9,39.2
2026-09-03 07:34:12,30.7,72.7,40.0
2026-09-03 07:34:42,30.9,72.2,40.8
2026-09-03 07:35:12,30.7,72.1,40.8
2026-09-03 07:35:42,30.7,72.2,40.8
2026-09-03 07:36:12,30.7,72.1,41.7
2026-09-03 07:36:42,30.7,72.2,41.7
2026-09-03 07:37:12,30.7,72.8,41.7
2026-09-03 07:37:42,30.7,72.3,41.7
2026-09-03 07:38:12,30.7,73.2,41.7
2026-09-03 07:38:42,30.7,72.8,42.5
2026-09-03 07:39:12,30.7,73.2,42.5
2026-09-03 07:39:42,30.7,73.4,42.5
2026-09-03 07:40:12,30.7,73.5,42.5
2026-09-03 07:40:42,30.8,72.4,43.3
2026-09-03 07:41:12,30.7,73.2,44.2
2026-09-03 07:41:42,30.8,73.5,45.0
2026-09-03 07:42:12,30.7,72.7,46.7
2026-09-03 07:42:42,30.8,72.6,46.7
2026-09-03 07:43:12,30.8,71.6,45.8
2026-09-03 07:43:42,30.8,71.9,46.7
2026-09-03 07:44:12,30.9,72.6,46.7
2026-09-03 07:44:42,30.8,72.0,45.8
2026-09-03 07:45:12,30.9,71.9,46.7
2026-09-03 07:45:42,30.8,73.6,46.7
2026-09-03 07:46:12,30.8,71.8,45.8
2026-09-03 07:46:42,30.8,71.7,45.8
2026-09-03 07:47:12,30.8,71.4,45.8
2026-09-03 07:47:42,30.8,72.0,46.7
2026-09-03 07:48:12,30.8,71.2,47.5
2026-09-03 07:48:42,30.8,71.3,48.3
2026-09-03 07:49:12,30.8,71.5,49.2
2026-09-03 07:49:42,30.7,71.5,49.2
2026-09-03 07:50:12,30.7,71.6,50.0
2026-09-03 07:50:42,30.7,71.7,51.7
2026-09-03 07:51:12,30.7,72.8,51.7
2026-09-03 07:51:42,30.7,71.9,52.5
2026-09-03 07:52:12,30.8,72.0,52.5
2026-09-03 07:52:42,30.7,71.9,55.0
2026-09-03 07:53:12,30.7,71.8,55.8
2026-09-03 07:53:42,30.6,71.9,53.3
2026-09-03 07:54:12,30.6,72.8,55.8
2026-09-03 07:54:42,30.7,73.2,55.8
2026-09-03 07:55:12,30.7,73.0,56.7
2026-09-03 07:55:42,30.7,72.6,56.7
2026-09-03 07:56:12,30.7,72.3,56.7
2026-09-03 07:56:42,30.6,73.1,57.5
2026-09-03 07:57:12,30.8,72.3,57.5
2026-09-03 07:57:42,30.7,71.9,59.2
2026-09-03 07:58:12,30.7,71.6,60.0
2026-09-03 07:58:42,30.7,71.6,60.8
2026-09-03 07:59:12,30.7,71.6,61.7
2026-09-03 07:59:42,30.7,71.6,61.7
2026-09-03 08:00:12,30.7,71.7,62.5
2026-09-03 08:00:42,30.7,71.6,61.7
2026-09-03 08:01:12,30.7,71.5,61.7
2026-09-03 08:01:42,30.7,71.5,61.7
2026-09-03 08:02:12,30.7,71.3,63.3
2026-09-03 08:02:42,30.8,71.4,64.2
2026-09-03 08:03:12,30.7,71.9,65.8
2026-09-03 08:03:42,30.7,72.7,66.7
2026-09-03 08:04:12,30.7,72.2,66.7
2026-09-03 08:04:42,30.9,72.0,66.7
2026-09-03 08:05:12,30.8,72.9,66.7
2026-09-03 08:05:42,30.9,72.6,66.7
2026-09-03 08:06:12,30.9,71.3,67.5
2026-09-03 08:06:42,30.9,71.2,69.2
2026-09-03 08:07:12,30.9,71.8,70.0
2026-09-03 08:07:42,31.0,71.3,69.2
2026-09-03 08:08:12,30.9,71.3,70.0
2026-09-03 08:08:42,30.9,71.5,70.0
2026-09-03 08:09:12,30.9,71.7,70.8
2026-09-03 08:09:42,30.9,71.5,72.5
2026-09-03 08:10:12,30.9,71.5,73.3
2026-09-03 08:10:42,30.9,71.7,73.3
2026-09-03 08:11:12,30.8,72.0,74.2
2026-09-03 08:11:42,30.9,72.5,75.0
2026-09-03 08:12:12,31.0,70.7,75.8
2026-09-03 08:12:42,30.9,71.2,75.8
2026-09-03 08:13:12,31.1,71.6,76.7
2026-09-03 08:13:42,31.0,72.3,76.7
2026-09-03 08:14:12,31.0,71.6,76.7
2026-09-03 08:14:42,30.9,72.4,75.8
2026-09-03 08:15:12,31.0,71.0,75.8
2026-09-03 08:15:42,31.0,70.6,75.8
2026-09-03 08:16:12,31.1,70.5,75.0
2026-09-03 08:16:42,30.9,70.5,75.8
2026-09-03 08:17:12,31.0,71.4,76.7
2026-09-03 08:17:42,31.0,72.1,78.3
2026-09-03 08:18:12,31.1,70.9,79.2
2026-09-03 08:18:42,30.9,71.0,80.0
2026-09-03 08:19:12,31.0,70.9,81.7
2026-09-03 08:19:42,30.9,70.1,82.5
2026-09-03 08:20:12,31.0,70.5,84.2
2026-09-03 08:20:42,31.0,69.6,85.0
2026-09-03 08:21:12,31.0,69.9,85.8
2026-09-03 08:21:42,31.0,71.4,85.8
2026-09-03 08:22:12,31.1,71.8,85.0
2026-09-03 08:22:42,31.0,71.8,85.8
2026-09-03 08:23:12,31.0,71.8,86.7
2026-09-03 08:23:42,31.0,71.9,89.2
2026-09-03 08:24:12,31.0,71.8,95.8
2026-09-03 08:24:42,31.0,71.5,103.3
2026-09-03 08:25:12,31.0,71.5,110.0
2026-09-03 08:25:42,31.2,71.5,115.8
2026-09-03 08:26:12,31.0,71.4,124.2
2026-09-03 08:26:42,31.0,71.4,131.7
2026-09-03 08:27:12,31.0,71.6,140.8
2026-09-03 08:27:42,31.1,70.9,153.3
2026-09-03 08:28:12,31.0,70.9,167.5
2026-09-03 08:28:42,31.0,70.9,175.8
2026-09-03 08:29:12,31.0,71.1,183.3
2026-09-03 08:29:42,31.0,71.2,186.7
2026-09-03 08:30:12,31.0,72.3,190.0
2026-09-03 08:30:42,31.1,71.8,200.8
2026-09-03 08:31:12,31.0,71.9,204.2
2026-09-03 08:31:42,31.1,72.0,205.0
2026-09-03 08:32:12,31.0,72.7,206.7
2026-09-03 08:32:42,31.0,72.2,202.5
2026-09-03 08:33:12,31.0,72.1,202.5
2026-09-03 08:33:42,31.1,72.2,206.7
2026-09-03 08:34:12,31.0,72.3,211.7
2026-09-03 08:34:42,31.2,72.2,207.5
2026-09-03 08:35:12,31.0,72.3,198.3
2026-09-03 08:35:42,31.0,72.2,217.5
2026-09-03 08:36:12,31.0,72.3,216.7
2026-09-03 08:36:42,31.1,71.8,220.0
2026-09-03 08:37:12,31.0,72.0,247.5
2026-09-03 08:37:42,31.1,72.4,268.3
2026-09-03 08:38:12,31.0,72.0,290.0
2026-09-03 08:38:42,31.1,72.8,295.0
2026-09-03 08:39:12,31.0,73.0,280.0
2026-09-03 08:39:42,31.0,72.3,276.7
2026-09-03 08:40:12,31.1,72.3,255.8
2026-09-03 08:40:42,31.1,73.0,258.3
2026-09-03 08:41:12,31.2,72.7,326.7
2026-09-03 08:41:42,31.3,72.6,345.0
2026-09-03 08:42:12,31.1,72.6,349.2
2026-09-03 08:42:42,31.2,72.7,349.2
2026-09-03 08:43:12,31.3,72.8,358.3
2026-09-03 08:43:42,31.2,72.5,340.0
2026-09-03 08:44:12,31.1,72.7,352.5
2026-09-03 08:44:42,31.2,73.0,346.7
2026-09-03 08:45:12,31.3,73.1,384.2
2026-09-03 08:45:42,31.3,72.8,392.5
2026-09-03 08:46:12,31.3,71.7,390.0
2026-09-03 08:46:42,31.4,71.2,391.7
2026-09-03 08:47:12,31.3,71.1,392.5
2026-09-03 08:47:42,31.4,71.8,386.7
2026-09-03 08:48:12,31.4,70.9,370.0
2026-09-03 08:48:42,31.3,71.3,370.8
2026-09-03 08:49:12,31.4,70.4,370.8
2026-09-03 08:49:42,31.3,70.4,395.0
2026-09-03 08:50:12,31.4,70.4,370.0
2026-09-03 08:50:42,31.3,69.7,440.8
2026-09-03 08:51:12,31.5,69.4,439.2
2026-09-03 08:51:42,31.4,69.1,463.3
2026-09-03 08:52:12,31.4,69.1,468.3
2026-09-03 08:52:42,31.3,68.8,458.3
2026-09-03 08:53:12,31.4,71.1,433.3
2026-09-03 08:53:42,31.4,70.0,401.7
2026-09-03 08:54:12,31.4,70.3,404.2
2026-09-03 08:54:42,31.5,71.4,400.0
2026-09-03 08:55:12,31.5,71.2,417.5
2026-09-03 08:55:42,31.5,70.1,443.3
2026-09-03 08:56:12,31.5,69.6,461.7
2026-09-03 08:56:42,31.5,69.9,481.7
2026-09-03 08:57:12,31.5,69.7,480.0
2026-09-03 08:57:42,31.5,69.0,473.3
2026-09-03 08:58:12,31.5,69.3,477.5
2026-09-03 08:58:42,31.4,70.1,465.8
2026-09-03 08:59:12,31.5,70.3,474.2
2026-09-03 08:59:42,31.5,69.7,460.0
2026-09-03 09:00:12,31.6,70.1,431.7
2026-09-03 09:00:42,31.5,69.4,421.7
2026-09-03 09:01:12,31.5,69.6,420.8
2026-09-03 09:01:42,31.5,70.3,479.2
2026-09-03 09:02:12,31.5,69.5,523.3
2026-09-03 09:02:42,31.5,69.3,526.7
2026-09-03 09:03:12,31.5,70.9,517.5
2026-09-03 09:03:42,31.6,70.4,494.2
2026-09-03 09:04:12,31.4,69.8,475.8
2026-09-03 09:04:42,31.6,69.6,422.5
2026-09-03 09:05:12,31.5,70.2,428.3
2026-09-03 09:05:42,31.7,69.9,420.0
2026-09-03 09:06:12,31.5,70.5,465.8
2026-09-03 09:06:42,31.6,70.1,495.8
2026-09-03 09:07:12,31.5,70.3,475.0
2026-09-03 09:07:42,31.6,69.9,523.3
2026-09-03 09:08:12,31.5,69.9,543.3
2026-09-03 09:08:42,31.6,69.2,514.2
2026-09-03 09:09:12,31.5,69.3,523.3
2026-09-03 09:09:42,31.6,69.4,492.5
2026-09-03 09:10:12,31.6,70.4,469.2
2026-09-03 09:10:42,31.5,69.8,525.0
2026-09-03 09:11:12,31.6,69.3,538.3
2026-09-03 09:11:42,31.7,68.6,527.5
2026-09-03 09:12:12,31.6,68.9,548.3
2026-09-03 09:12:42,31.7,70.1,552.5
2026-09-03 09:13:12,31.7,70.7,561.7
2026-09-03 09:13:42,31.6,70.2,555.0
2026-09-03 09:14:12,31.7,70.4,558.3
2026-09-03 09:14:42,31.7,70.1,541.7
2026-09-03 09:15:12,31.7,70.1,477.5
2026-09-03 09:15:42,31.7,69.7,471.7
2026-09-03 09:16:12,31.7,68.8,460.0
2026-09-03 09:16:42,31.8,68.9,493.3
2026-09-03 09:17:12,31.8,68.9,525.0
2026-09-03 09:17:42,31.7,68.5,530.0
2026-09-03 09:18:12,31.8,68.6,598.3
2026-09-03 09:18:42,31.8,68.3,602.5
2026-09-03 09:19:12,31.8,69.2,595.8
2026-09-03 09:19:42,31.8,70.1,595.0
2026-09-03 09:20:12,31.7,69.1,593.3
2026-09-03 09:20:42,31.8,69.3,605.8
2026-09-03 09:21:12,31.7,68.7,589.2
2026-09-03 09:21:42,31.8,68.3,590.0
2026-09-03 09:22:12,31.8,67.9,582.5
2026-09-03 09:22:42,31.8,68.7,575.8
2026-09-03 09:23:12,31.8,69.5,580.0
2026-09-03 09:23:42,31.8,69.1,595.0
2026-09-03 09:24:12,31.8,69.0,616.7
2026-09-03 09:24:42,31.9,68.4,644.2
2026-09-03 09:25:12,31.9,68.4,643.3
2026-09-03 09:25:42,31.9,68.2,642.5
2026-09-03 09:26:12,31.9,67.2,617.5
2026-09-03 09:26:42,31.9,67.6,618.3
2026-09-03 09:27:12,31.9,67.3,611.7
2026-09-03 09:27:42,32.0,68.4,599.2
2026-09-03 09:28:12,32.1,67.3,606.7
2026-09-03 09:28:42,32.0,67.4,625.8
2026-09-03 09:29:12,32.0,68.7,642.5
2026-09-03 09:29:42,32.1,68.6,638.3
2026-09-03 09:30:12,32.0,68.3,644.2
2026-09-03 09:30:42,32.0,67.2,620.8
2026-09-03 09:31:12,32.1,65.8,598.3
2026-09-03 09:31:42,32.1,67.9,594.2
2026-09-03 09:32:12,32.1,66.9,605.0
2026-09-03 09:32:42,32.2,67.7,620.8
2026-09-03 09:33:12,32.1,67.4,612.5
2026-09-03 09:33:42,32.2,66.8,610.0
2026-09-03 09:34:12,32.2,68.2,605.0
2026-09-03 09:34:42,32.2,68.2,590.8
2026-09-03 09:35:12,32.2,68.1,544.2
2026-09-03 09:35:42,32.2,67.0,625.0
2026-09-03 09:36:12,32.2,65.3,633.3
2026-09-03 09:36:42,32.2,67.0,674.2
2026-09-03 09:37:12,32.2,68.0,712.5
2026-09-03 09:37:42,32.2,69.4,717.5
2026-09-03 09:38:12,32.3,68.0,739.2
2026-09-03 09:38:42,32.2,66.5,742.5
2026-09-03 09:39:12,32.2,67.9,746.7
2026-09-03 09:39:42,32.2,67.6,751.7
2026-09-03 09:40:12,32.2,67.2,745.0
2026-09-03 09:40:42,32.2,67.2,751.7
2026-09-03 09:41:12,32.2,65.8,745.8
2026-09-03 09:41:42,32.3,63.5,743.3
2026-09-03 09:42:12,32.3,66.5,756.7
2026-09-03 09:42:42,32.3,68.0,775.8
2026-09-03 09:43:12,32.3,69.1,792.5
2026-09-03 09:43:42,32.4,64.3,789.2
2026-09-03 09:44:12,32.3,63.1,790.0
2026-09-03 09:44:42,32.4,65.0,793.3
2026-09-03 09:45:12,32.4,68.0,799.2
2026-09-03 09:45:42,32.3,68.5,813.3
2026-09-03 09:46:12,32.4,67.9,810.0
2026-09-03 09:46:42,32.3,67.0,822.5
2026-09-03 09:47:12,32.4,65.2,815.0
2026-09-03 09:47:42,32.4,68.0,826.7
2026-09-03 09:48:12,32.4,63.2,821.7
2026-09-03 09:48:42,32.3,64.4,822.5
2026-09-03 09:49:12,32.5,65.4,830.8
2026-09-03 09:49:42,32.4,65.9,827.5
2026-09-03 09:50:12,32.4,67.1,795.0
2026-09-03 09:50:42,32.5,66.8,785.0
2026-09-03 09:51:12,32.5,68.1,779.2
2026-09-03 09:51:42,32.5,68.3,809.2
2026-09-03 09:52:12,32.4,66.2,799.2
2026-09-03 09:52:42,32.5,68.3,795.0
2026-09-03 09:53:12,32.5,67.8,795.8
2026-09-03 09:53:42,32.6,65.5,815.0
2026-09-03 09:54:12,32.4,67.3,828.3
2026-09-03 09:54:42,32.4,67.9,839.2
2026-09-03 09:55:12,32.4,67.9,841.7
2026-09-03 09:55:42,32.5,65.7,837.5
2026-09-03 09:56:12,32.4,67.6,843.3
2026-09-03 09:56:42,32.4,67.0,840.8
2026-09-03 09:57:12,32.4,67.5,838.3
2026-09-03 09:57:42,32.5,66.6,835.8
2026-09-03 09:58:12,32.4,62.8,860.8
2026-09-03 09:58:42,32.4,64.8,862.5
2026-09-03 09:59:12,32.4,66.9,858.3
2026-09-03 09:59:42,32.4,65.6,857.5
2026-09-03 10:00:12,32.4,67.7,856.7
2026-09-03 10:00:42,32.4,67.2,881.7
2026-09-03 10:01:12,32.5,66.8,877.5
2026-09-03 10:01:42,32.5,67.8,865.0
2026-09-03 10:02:12,32.5,66.7,863.3
2026-09-03 10:02:42,32.6,67.3,865.8
2026-09-03 10:03:12,32.4,65.3,897.5
2026-09-03 10:03:42,32.5,67.7,899.2
2026-09-03 10:04:12,32.5,67.1,898.3
2026-09-03 10:04:42,32.7,67.4,899.2
2026-09-03 10:05:12,32.5,64.7,897.5
2026-09-03 10:05:42,32.6,67.4,901.7
2026-09-03 10:06:12,32.6,66.1,913.3
2026-09-03 10:06:42,32.6,65.5,904.2
2026-09-03 10:07:12,32.6,65.2,899.2
2026-09-03 10:07:42,32.6,66.4,883.3
2026-09-03 10:08:12,32.6,66.3,893.3
2026-09-03 10:08:42,32.7,64.5,896.7
2026-09-03 10:09:12,32.6,67.2,885.8
2026-09-03 10:09:42,32.6,67.1,888.3
2026-09-03 10:10:12,32.7,64.4,888.3
2026-09-03 10:10:42,32.6,66.4,893.3
2026-09-03 10:11:12,32.7,66.8,885.8
2026-09-03 10:11:42,32.7,67.5,885.0
2026-09-03 10:12:12,32.7,67.3,893.3
2026-09-03 10:12:42,32.6,67.5,895.8
2026-09-03 10:13:12,32.6,67.8,904.2
2026-09-03 10:13:42,32.7,67.3,895.0
2026-09-03 10:14:12,32.6,66.1,893.3
2026-09-03 10:14:42,32.6,63.2,908.3
2026-09-03 10:15:12,32.6,67.0,910.0
2026-09-03 10:15:42,32.6,67.2,904.2
2026-09-03 10:16:12,32.8,63.9,902.5
2026-09-03 10:16:42,32.6,67.1,902.5
2026-09-03 10:17:12,32.7,66.0,896.7
2026-09-03 10:17:42,32.6,64.3,906.7
2026-09-03 10:18:12,32.6,63.2,901.7
2026-09-03 10:18:42,32.7,66.8,889.2
2026-09-03 10:19:12,32.6,65.5,882.5
2026-09-03 10:19:42,32.7,64.6,881.7
2026-09-03 10:20:12,32.7,66.4,860.8
2026-09-03 10:20:42,32.7,66.2,862.5
2026-09-03 10:21:12,32.7,65.9,855.0
2026-09-03 10:21:42,32.7,66.8,878.3
2026-09-03 10:22:12,32.7,67.0,866.7
2026-09-03 10:22:42,32.8,64.7,861.7
2026-09-03 10:23:12,32.7,65.2,873.3
2026-09-03 10:23:42,32.8,62.9,874.2
2026-09-03 10:24:12,32.7,65.8,888.3
2026-09-03 10:24:42,32.7,64.4,881.7
2026-09-03 10:25:12,32.9,65.6,831.7
2026-09-03 10:25:42,32.8,65.4,836.7
2026-09-03 10:26:12,32.8,65.6,863.3
2026-09-03 10:26:42,32.8,66.7,836.7
2026-09-03 10:27:12,32.8,65.8,845.8
2026-09-03 10:27:42,32.8,66.5,834.2
2026-09-03 10:28:12,32.9,67.0,830.0
2026-09-03 10:28:42,32.8,66.6,815.8
2026-09-03 10:29:12,32.7,66.8,828.3
2026-09-03 10:29:42,32.8,66.8,833.3
2026-09-03 10:30:12,32.8,66.6,798.3
2026-09-03 10:30:42,32.7,65.6,774.2
2026-09-03 10:31:12,32.7,66.6,809.2
2026-09-03 10:31:42,32.6,67.0,810.8
2026-09-03 10:32:12,32.7,67.0,825.0
2026-09-03 10:32:42,32.7,66.2,814.2
2026-09-03 10:33:12,32.7,67.0,862.5
2026-09-03 10:33:42,32.6,67.0,865.8
2026-09-03 10:34:12,32.7,66.6,849.2
2026-09-03 10:34:42,32.6,67.1,819.2
2026-09-03 10:35:12,32.7,67.0,805.0
2026-09-03 10:35:42,32.7,66.7,798.3
2026-09-03 10:36:12,32.6,67.0,821.7
2026-09-03 10:36:42,32.7,66.9,806.7
2026-09-03 10:37:12,32.6,66.7,772.5
2026-09-03 10:37:42,32.7,67.1,770.0
2026-09-03 10:38:12,32.6,67.3,790.0
2026-09-03 10:38:42,32.7,67.2,815.0
2026-09-03 10:39:12,32.6,67.4,799.2
2026-09-03 10:39:42,32.6,67.3,789.2
2026-09-03 10:40:12,32.6,67.1,692.5
2026-09-03 10:40:42,32.7,66.9,720.0
2026-09-03 10:41:12,32.6,66.1,698.3
2026-09-03 10:41:42,32.6,66.8,760.8
2026-09-03 10:42:12,32.6,66.9,806.7
2026-09-03 10:42:42,32.8,66.8,840.0
2026-09-03 10:43:12,32.7,66.6,766.7
2026-09-03 10:43:42,32.7,66.5,742.5
2026-09-03 10:44:12,32.7,65.8,601.7
2026-09-03 10:44:42,32.6,66.4,770.8
2026-09-03 10:45:12,32.8,66.2,764.2
2026-09-03 10:45:42,32.7,66.7,792.5
2026-09-03 10:46:12,32.7,65.0,821.7
2026-09-03 10:46:42,32.7,65.4,776.7
2026-09-03 10:47:12,32.8,66.4,797.5
2026-09-03 10:47:42,32.8,66.9,721.7
2026-09-03 10:48:12,32.9,65.4,725.8
2026-09-03 10:48:42,32.7,66.4,819.2
2026-09-03 10:49:12,32.8,66.6,835.8
2026-09-03 10:49:42,32.8,66.6,829.2
2026-09-03 10:50:12,32.8,65.7,822.5
2026-09-03 10:50:42,32.8,65.9,865.8
2026-09-03 10:51:12,32.8,64.9,873.3
2026-09-03 10:51:42,32.8,66.0,858.3
2026-09-03 10:52:12,32.8,66.4,831.7
2026-09-03 10:52:42,32.9,65.9,666.7
2026-09-03 10:53:12,32.9,66.6,275.0
2026-09-03 10:53:42,33.0,65.8,560.8
2026-09-03 10:54:12,32.9,65.8,158.3
2026-09-03 10:54:42,32.9,65.9,166.7
2026-09-03 10:55:12,32.9,65.5,305.0
2026-09-03 10:55:42,32.8,64.8,857.5
2026-09-03 10:56:12,32.9,65.5,867.5
2026-09-03 10:56:42,33.0,65.4,850.8
2026-09-03 10:57:12,32.9,65.6,817.5
2026-09-03 10:57:42,32.9,64.5,441.7
2026-09-03 10:58:12,33.0,65.9,340.0
2026-09-03 10:58:42,33.0,65.7,755.8
2026-09-03 10:59:12,33.0,65.1,683.3
2026-09-03 10:59:42,32.9,65.0,775.8
2026-09-03 11:00:12,33.0,64.8,864.2
2026-09-03 11:00:42,33.1,65.8,874.2
2026-09-03 11:01:12,33.0,64.8,837.5
2026-09-03 11:01:42,33.1,66.1,862.5
2026-09-03 11:02:12,33.0,66.1,847.5
2026-09-03 11:02:42,33.0,66.2,894.2
2026-09-03 11:03:12,33.0,63.9,914.2
2026-09-03 11:03:42,33.1,64.8,891.7
2026-09-03 11:04:12,33.1,64.6,845.0
2026-09-03 11:04:42,33.1,66.0,850.0
2026-09-03 11:05:12,33.0,64.9,870.0
2026-09-03 11:05:42,33.2,65.4,846.7
2026-09-03 11:06:12,33.1,63.9,853.3
2026-09-03 11:06:42,33.1,65.1,845.0
2026-09-03 11:07:12,33.2,65.7,860.8
2026-09-03 11:07:42,33.1,65.9,820.0
2026-09-03 11:08:12,33.2,65.8,837.5
2026-09-03 11:08:42,33.1,65.5,878.3
2026-09-03 11:09:12,33.2,65.6,880.0
2026-09-03 11:09:42,33.1,64.1,784.2
2026-09-03 11:10:12,33.2,65.5,535.0
2026-09-03 11:10:42,33.1,64.6,183.3
2026-09-03 11:11:12,33.2,65.0,169.2
2026-09-03 11:11:42,33.1,65.3,179.2
2026-09-03 11:12:12,33.1,65.1,196.7
2026-09-03 11:12:42,33.1,64.9,580.0
2026-09-03 11:13:12,33.1,62.8,198.3
2026-09-03 11:13:42,33.0,65.7,135.0
2026-09-03 11:14:12,33.0,65.6,175.0
2026-09-03 11:14:42,33.0,65.1,815.0
2026-09-03 11:15:12,32.9,66.1,820.0
2026-09-03 11:15:42,33.0,65.0,845.0
2026-09-03 11:16:12,33.0,65.5,812.5
2026-09-03 11:16:42,32.9,66.2,767.5
2026-09-03 11:17:12,33.0,66.5,795.8
2026-09-03 11:17:42,32.9,65.9,792.5
2026-09-03 11:18:12,33.0,66.3,796.7
2026-09-03 11:18:42,33.0,66.6,849.2
2026-09-03 11:19:12,33.0,66.1,846.7
2026-09-03 11:19:42,32.9,66.4,839.2
2026-09-03 11:20:12,32.8,66.3,880.8
2026-09-03 11:20:42,32.9,66.1,824.2
2026-09-03 11:21:12,33.0,64.6,479.2
2026-09-03 11:21:42,32.8,65.9,235.0
2026-09-03 11:22:12,32.8,66.1,713.3
2026-09-03 11:22:42,32.9,64.2,237.5
2026-09-03 11:23:12,32.9,64.9,870.8
2026-09-03 11:23:42,32.9,65.0,817.5
2026-09-03 11:24:12,33.0,65.2,719.2
2026-09-03 11:24:42,33.0,65.7,306.7
2026-09-03 11:25:12,33.0,66.0,502.5
2026-09-03 11:25:42,33.0,65.6,790.8
2026-09-03 11:26:12,33.0,63.8,785.0
2026-09-03 11:26:42,33.0,64.7,830.0
2026-09-03 11:27:12,33.0,65.1,823.3
2026-09-03 11:27:42,33.0,65.0,820.0
2026-09-03 11:28:12,33.1,65.4,832.5
2026-09-03 11:28:42,33.1,65.5,893.3
2026-09-03 11:29:12,33.1,63.3,895.0
2026-09-03 11:29:42,33.0,65.2,870.0
2026-09-03 11:30:12,33.0,65.3,900.0
2026-09-03 11:30:42,33.1,63.8,902.5
2026-09-03 11:31:12,33.1,64.3,867.5
2026-09-03 11:31:42,33.2,64.7,870.8
2026-09-03 11:32:12,33.2,64.2,827.5
2026-09-03 11:32:42,33.2,64.8,830.0
2026-09-03 11:33:12,33.2,64.0,830.0
2026-09-03 11:33:42,33.2,64.2,866.7
2026-09-03 11:34:12,33.2,64.3,865.0
2026-09-03 11:34:42,33.2,64.9,858.3
2026-09-03 11:35:12,33.2,65.0,885.8
2026-09-03 11:35:42,33.2,64.9,888.3
2026-09-03 11:36:12,33.2,64.0,890.0
2026-09-03 11:36:42,33.3,65.3,896.7
2026-09-03 11:37:12,33.2,63.8,830.8
2026-09-03 11:37:42,33.4,63.7,864.2
2026-09-03 11:38:12,33.3,65.1,839.2
2026-09-03 11:38:42,33.3,65.2,869.2
2026-09-03 11:39:12,33.3,64.7,924.2
2026-09-03 11:39:42,33.3,65.3,889.2
2026-09-03 11:40:12,33.3,63.7,820.8
2026-09-03 11:40:42,33.3,65.1,842.5
2026-09-03 11:41:12,33.3,65.2,862.5
2026-09-03 11:41:42,33.3,64.6,867.5
2026-09-03 11:42:12,33.3,64.9,900.0
2026-09-03 11:42:42,33.3,64.7,900.8
2026-09-03 11:43:12,33.4,62.9,877.5
2026-09-03 11:43:42,33.3,63.9,848.3
2026-09-03 11:44:12,33.3,64.8,870.8
2026-09-03 11:44:42,33.5,64.9,838.3
2026-09-03 11:45:12,33.3,63.5,849.2
2026-09-03 11:45:42,33.4,63.7,846.7
2026-09-03 11:46:12,33.3,63.4,810.0
2026-09-03 11:46:42,33.3,64.4,772.5
2026-09-03 11:47:12,33.5,63.0,880.8
2026-09-03 11:47:42,33.4,64.1,904.2
2026-09-03 11:48:12,33.4,63.7,729.2
2026-09-03 11:48:42,33.5,63.7,513.3
2026-09-03 11:49:12,33.5,62.3,841.7
2026-09-03 11:49:42,33.4,64.6,830.8
2026-09-03 11:50:12,33.5,64.3,815.8
2026-09-03 11:50:42,33.4,63.5,810.8
2026-09-03 11:51:12,33.4,64.3,865.0
2026-09-03 11:51:42,33.4,64.3,832.5
2026-09-03 11:52:12,33.5,63.6,875.0
2026-09-03 11:52:42,33.4,63.8,888.3
2026-09-03 11:53:12,33.4,64.3,925.0
2026-09-03 11:53:42,33.3,64.9,927.5
2026-09-03 11:54:12,33.4,64.5,897.5
2026-09-03 11:54:42,33.4,65.0,929.2
2026-09-03 11:55:12,33.4,64.2,932.5
2026-09-03 11:55:42,33.4,64.9,937.5
2026-09-03 11:56:12,33.4,63.8,964.2
2026-09-03 11:56:42,33.5,64.5,952.5
2026-09-03 11:57:12,33.4,64.4,925.0
2026-09-03 11:57:42,33.4,65.1,928.3
2026-09-03 11:58:12,33.3,64.9,920.0
2026-09-03 11:58:42,33.4,65.2,935.8
2026-09-03 11:59:12,33.4,63.4,916.7
2026-09-03 11:59:42,33.3,63.2,915.8
2026-09-03 12:00:12,33.4,64.5,896.7
2026-09-03 12:00:42,33.4,64.5,904.2
2026-09-03 12:01:12,33.3,64.5,896.7
2026-09-03 12:01:42,33.4,64.1,904.2
2026-09-03 12:02:12,33.3,64.6,900.0
2026-09-03 12:02:42,33.4,64.5,852.5
2026-09-03 12:03:12,33.3,64.5,842.5
2026-09-03 12:03:42,33.4,64.0,856.7
2026-09-03 12:04:12,33.5,63.2,873.3
2026-09-03 12:04:42,33.3,64.0,868.3
2026-09-03 12:05:12,33.4,64.4,883.3
2026-09-03 12:05:42,33.5,64.0,880.0
2026-09-03 12:06:12,33.4,63.7,485.8
2026-09-03 12:06:42,33.5,64.0,169.2
2026-09-03 12:07:12,33.4,61.4,262.5
2026-09-03 12:07:42,33.5,64.2,741.7
2026-09-03 12:08:12,33.5,64.1,657.5
2026-09-03 12:08:42,33.5,64.2,848.3
2026-09-03 12:09:12,33.5,62.8,865.8
2026-09-03 12:09:42,33.5,64.2,864.2
2026-09-03 12:10:12,33.6,64.3,869.2
2026-09-03 12:10:42,33.6,63.8,894.2
2026-09-03 12:11:12,33.6,63.4,913.3
2026-09-03 12:11:42,33.6,64.4,888.3
2026-09-03 12:12:12,33.5,63.6,882.5
2026-09-03 12:12:42,33.5,64.3,890.0
2026-09-03 12:13:12,33.6,64.4,933.3
2026-09-03 12:13:42,33.5,63.9,905.0
2026-09-03 12:14:12,33.7,64.2,162.5
2026-09-03 12:14:42,33.6,63.5,725.8
2026-09-03 12:15:12,33.6,64.2,843.3
2026-09-03 12:15:42,33.5,63.9,813.3
2026-09-03 12:16:12,33.6,64.1,835.8
2026-09-03 12:16:42,33.6,62.6,865.8
2026-09-03 12:17:12,33.5,64.1,872.5
2026-09-03 12:17:42,33.6,64.0,841.7
2026-09-03 12:18:12,33.6,63.7,810.8
2026-09-03 12:18:42,33.5,63.5,823.3
2026-09-03 12:19:12,33.7,63.2,838.3
2026-09-03 12:19:42,33.6,62.8,840.0
2026-09-03 12:20:12,33.6,63.8,886.7
2026-09-03 12:20:42,33.7,63.7,877.5
2026-09-03 12:21:12,33.6,63.9,833.3
2026-09-03 12:21:42,33.7,63.7,849.2
2026-09-03 12:22:12,33.7,62.7,774.2
2026-09-03 12:22:42,33.6,64.4,173.3
2026-09-03 12:23:12,33.6,63.0,241.7
2026-09-03 12:23:42,33.7,62.8,683.3
2026-09-03 12:24:12,33.5,62.7,841.7
2026-09-03 12:24:42,33.7,64.4,850.0
2026-09-03 12:25:12,33.7,63.3,874.2
2026-09-03 12:25:42,33.7,63.1,870.8
2026-09-03 12:26:12,33.7,63.9,856.7
2026-09-03 12:26:42,33.8,64.4,813.3
2026-09-03 12:27:12,33.6,64.3,822.5
2026-09-03 12:27:42,33.7,64.0,830.0
2026-09-03 12:28:12,33.7,62.7,825.8
2026-09-03 12:28:42,33.7,64.2,821.7
2026-09-03 12:29:12,33.7,62.8,817.5
2026-09-03 12:29:42,33.7,64.2,790.0
2026-09-03 12:30:12,33.7,63.7,811.7
2026-09-03 12:30:42,33.7,64.0,829.2
2026-09-03 12:31:12,33.7,63.6,850.8
2026-09-03 12:31:42,33.7,64.0,858.3
2026-09-03 12:32:12,33.6,61.7,848.3
2026-09-03 12:32:42,33.6,63.5,826.7
2026-09-03 12:33:12,33.6,62.2,814.2
2026-09-03 12:33:42,33.7,63.8,804.2
2026-09-03 12:34:12,33.7,62.6,827.5
2026-09-03 12:34:42,33.7,62.1,826.7
2026-09-03 12:35:12,33.6,63.8,822.5
2026-09-03 12:35:42,33.8,64.0,815.8
2026-09-03 12:36:12,33.8,64.0,822.5
2026-09-03 12:36:42,33.7,63.1,816.7
2026-09-03 12:37:12,33.7,63.0,823.3
2026-09-03 12:37:42,33.7,63.6,819.2
2026-09-03 12:38:12,33.6,63.4,805.0
2026-09-03 12:38:42,33.6,64.1,795.0
2026-09-03 12:39:12,33.6,64.0,770.0
2026-09-03 12:39:42,33.7,63.7,788.3
2026-09-03 12:40:12,33.6,63.0,659.2
2026-09-03 12:40:42,33.7,63.9,670.0
2026-09-03 12:41:12,33.7,63.5,772.5
2026-09-03 12:41:42,33.7,62.2,801.7
2026-09-03 12:42:12,33.6,62.7,791.7
2026-09-03 12:42:42,33.7,63.4,762.5
2026-09-03 12:43:12,33.6,63.9,790.0
2026-09-03 12:43:42,33.7,63.8,811.7
2026-09-03 12:44:12,33.6,63.5,817.5
2026-09-03 12:44:42,33.7,63.2,809.2
2026-09-03 12:45:12,33.6,63.8,812.5
2026-09-03 12:45:42,33.7,63.3,815.8
2026-09-03 12:46:12,33.6,63.6,815.8
2026-09-03 12:46:42,33.7,63.4,816.7
2026-09-03 12:47:12,33.7,62.7,812.5
2026-09-03 12:47:42,33.6,62.6,781.7
2026-09-03 12:48:12,33.7,62.5,438.3
2026-09-03 12:48:42,33.7,63.3,700.8
2026-09-03 12:49:12,33.7,62.9,740.8
2026-09-03 12:49:42,33.6,63.5,735.0
2026-09-03 12:50:12,33.7,63.3,750.0
2026-09-03 12:50:42,33.7,62.6,745.8
2026-09-03 12:51:12,33.7,62.5,733.3
2026-09-03 12:51:42,33.7,63.5,735.8
2026-09-03 12:52:12,33.7,63.8,737.5
2026-09-03 12:52:42,33.7,63.0,723.3
2026-09-03 12:53:12,33.7,63.2,730.0
2026-09-03 12:53:42,33.7,63.4,730.8
2026-09-03 12:54:12,33.7,63.6,725.8
2026-09-03 12:54:42,33.7,63.1,724.2
2026-09-03 12:55:12,33.8,63.5,735.8
2026-09-03 12:55:42,33.7,63.1,743.3
2026-09-03 12:56:12,33.8,63.0,735.8
2026-09-03 12:56:42,33.7,63.3,723.3
2026-09-03 12:57:12,33.8,61.9,724.2
2026-09-03 12:57:42,33.7,63.3,705.0
2026-09-03 12:58:12,33.7,60.1,681.7
2026-09-03 12:58:42,33.7,61.6,675.0
2026-09-03 12:59:12,33.7,62.8,690.8
2026-09-03 12:59:42,33.8,62.8,704.2
2026-09-03 13:00:12,33.8,63.0,691.7
2026-09-03 13:00:42,33.7,62.3,685.8
2026-09-03 13:01:12,33.8,63.0,225.0
2026-09-03 13:01:42,33.7,60.6,674.2
2026-09-03 13:02:12,33.7,63.0,671.7
2026-09-03 13:02:42,33.8,62.2,664.2
2026-09-03 13:03:12,33.7,62.5,650.0
2026-09-03 13:03:42,33.8,62.8,663.3
2026-09-03 13:04:12,33.8,62.1,662.5
2026-09-03 13:04:42,33.8,63.0,647.5
2026-09-03 13:05:12,33.9,62.5,628.3
2026-09-03 13:05:42,33.8,62.7,657.5
2026-09-03 13:06:12,33.8,62.3,655.8
2026-09-03 13:06:42,33.8,62.8,642.5
2026-09-03 13:07:12,33.9,63.1,635.8
2026-09-03 13:07:42,33.8,61.6,632.5
2026-09-03 13:08:12,33.9,62.5,629.2
2026-09-03 13:08:42,33.9,62.8,625.0
2026-09-03 13:09:12,33.8,63.1,600.8
2026-09-03 13:09:42,33.8,62.9,599.2
2026-09-03 13:10:12,33.8,63.0,590.8
2026-09-03 13:10:42,33.9,61.5,583.3
2026-09-03 13:11:12,33.8,62.3,595.0
2026-09-03 13:11:42,33.9,60.7,581.7
2026-09-03 13:12:12,33.9,62.5,580.0
2026-09-03 13:12:42,33.8,61.9,575.8
2026-09-03 13:13:12,33.8,62.9,569.2
2026-09-03 13:13:42,33.8,62.7,568.3
2026-09-03 13:14:12,33.8,63.1,559.2
2026-09-03 13:14:42,33.7,61.0,559.2
2026-09-03 13:15:12,33.7,61.2,540.8
2026-09-03 13:15:42,33.8,62.4,538.3
2026-09-03 13:16:12,33.8,61.5,540.0
2026-09-03 13:16:42,33.7,63.1,528.3
2026-09-03 13:17:12,33.7,62.2,511.7
2026-09-03 13:17:42,33.8,62.0,495.8
2026-09-03 13:18:12,33.7,63.1,494.2
2026-09-03 13:18:42,33.8,63.4,489.2
2026-09-03 13:19:12,33.8,63.0,501.7
2026-09-03 13:19:42,33.7,63.3,501.7
2026-09-03 13:20:12,33.8,62.6,454.2
2026-09-03 13:20:42,33.6,63.1,421.7
2026-09-03 13:21:12,33.7,62.8,415.0
2026-09-03 13:21:42,33.8,62.2,185.8
2026-09-03 13:22:12,33.7,63.1,463.3
2026-09-03 13:22:42,33.8,61.9,471.7
2026-09-03 13:23:12,33.7,62.2,281.7
2026-09-03 13:23:42,33.7,62.2,440.8
2026-09-03 13:24:12,33.6,61.0,447.5
2026-09-03 13:24:42,33.6,62.3,436.7
2026-09-03 13:25:12,33.6,62.9,250.8
2026-09-03 13:25:42,33.6,62.0,420.0
2026-09-03 13:26:12,33.5,63.3,354.2
2026-09-03 13:26:42,33.6,63.1,345.0
2026-09-03 13:27:12,33.6,62.5,435.8
2026-09-03 13:27:42,33.6,62.8,425.0
2026-09-03 13:28:12,33.5,62.5,435.8
2026-09-03 13:28:42,33.6,61.7,421.7
2026-09-03 13:29:12,33.7,61.5,407.5
2026-09-03 13:29:42,33.6,63.1,398.3
2026-09-03 13:30:12,33.7,62.3,383.3
2026-09-03 13:30:42,33.5,62.4,370.0
2026-09-03 13:31:12,33.6,62.2,379.2
2026-09-03 13:31:42,33.6,61.2,352.5
2026-09-03 13:32:12,33.7,62.5,332.5
2026-09-03 13:32:42,33.6,62.8,331.7
2026-09-03 13:33:12,33.5,61.0,345.0
2026-09-03 13:33:42,33.6,62.2,346.7
2026-09-03 13:34:12,33.5,63.0,342.5
2026-09-03 13:34:42,33.7,62.5,342.5
2026-09-03 13:35:12,33.5,62.6,339.2
2026-09-03 13:35:42,33.6,62.6,328.3
2026-09-03 13:36:12,33.6,61.8,328.3
2026-09-03 13:36:42,33.6,62.0,293.3
2026-09-03 13:37:12,33.6,61.6,305.0
2026-09-03 13:37:42,33.6,62.0,305.0
2026-09-03 13:38:12,33.6,61.9,308.3
2026-09-03 13:38:42,33.6,61.8,310.8
2026-09-03 13:39:12,33.6,62.5,307.5
2026-09-03 13:39:42,33.6,60.7,305.0
2026-09-03 13:40:12,33.5,61.0,298.3
2026-09-03 13:40:42,33.6,63.0,293.3
2026-09-03 13:41:12,33.6,62.4,291.7
2026-09-03 13:41:42,33.7,60.3,288.3
2026-09-03 13:42:12,33.6,60.8,279.2
2026-09-03 13:42:42,33.7,61.5,271.7
2026-09-03 13:43:12,33.7,62.4,265.0
2026-09-03 13:43:42,33.8,62.3,257.5
2026-09-03 13:44:12,33.8,61.2,255.0
2026-09-03 13:44:42,33.9,61.8,250.0
2026-09-03 13:45:12,33.7,61.4,245.0
2026-09-03 13:45:42,33.8,61.8,240.8
2026-09-03 13:46:12,33.7,61.9,235.8
2026-09-03 13:46:42,33.8,61.3,230.8
2026-09-03 13:47:12,33.7,61.9,223.3
2026-09-03 13:47:42,33.8,61.5,217.5
2026-09-03 13:48:12,33.7,61.8,211.7
2026-09-03 13:48:42,33.8,62.6,207.5
2026-09-03 13:49:12,33.7,61.6,201.7
2026-09-03 13:49:42,33.7,62.3,199.2
2026-09-03 13:50:12,33.9,62.5,196.7
2026-09-03 13:50:42,33.7,62.7,194.2
2026-09-03 13:51:12,33.7,62.7,191.7
2026-09-03 13:51:42,33.7,62.7,190.8
2026-09-03 13:52:12,33.6,59.2,190.0
2026-09-03 13:52:42,33.6,59.7,183.3
2026-09-03 13:53:12,33.6,61.9,181.7
2026-09-03 13:53:42,33.7,62.7,179.2
2026-09-03 13:54:12,33.7,62.9,173.3
2026-09-03 13:54:42,33.8,61.5,178.3
2026-09-03 13:55:12,33.5,60.0,179.2
2026-09-03 13:55:42,33.6,61.0,178.3
2026-09-03 13:56:12,33.6,63.0,177.5
2026-09-03 13:56:42,33.6,62.7,175.8
2026-09-03 13:57:12,33.6,63.0,174.2
2026-09-03 13:57:42,33.5,62.3,169.2
2026-09-03 13:58:12,33.6,60.8,169.2
2026-09-03 13:58:42,33.5,62.6,164.2
2026-09-03 13:59:12,33.5,62.0,162.5
2026-09-03 13:59:42,33.6,60.2,156.7
2026-09-03 14:00:12,33.5,62.7,157.5
2026-09-03 14:00:42,33.7,62.7,152.5
2026-09-03 14:01:12,33.6,62.7,149.2
2026-09-03 14:01:42,33.6,63.0,152.5
2026-09-03 14:02:12,33.5,62.8,159.2
2026-09-03 14:02:42,33.5,61.4,96.7
2026-09-03 14:03:12,33.4,62.8,91.7
2026-09-03 14:03:42,33.5,63.0,147.5
2026-09-03 14:04:12,33.5,63.0,156.7
2026-09-03 14:04:42,33.3,63.1,158.3
2026-09-03 14:05:12,33.4,63.0,158.3
2026-09-03 14:05:42,33.4,63.0,159.2
2026-09-03 14:06:12,33.3,63.0,159.2
2026-09-03 14:06:42,33.4,63.0,157.5
2026-09-03 14:07:12,33.4,63.4,155.8
2026-09-03 14:07:42,33.3,62.0,86.7
2026-09-03 14:08:12,33.3,62.7,131.7
2026-09-03 14:08:42,33.3,62.5,150.0
2026-09-03 14:09:12,33.3,63.2,144.2
2026-09-03 14:09:42,33.3,63.4,150.0
2026-09-03 14:10:12,33.4,63.1,155.0
2026-09-03 14:10:42,33.3,60.0,154.2
2026-09-03 14:11:12,33.4,62.5,150.8
2026-09-03 14:11:42,33.3,60.5,147.5
2026-09-03 14:12:12,33.3,58.2,141.7
2026-09-03 14:12:42,33.4,60.3,138.3
2026-09-03 14:13:12,33.5,60.5,130.8
2026-09-03 14:13:42,33.4,62.0,129.2
2026-09-03 14:14:12,33.4,61.8,125.8
2026-09-03 14:14:42,33.4,63.0,124.2
2026-09-03 14:15:12,33.5,62.4,123.3
2026-09-03 14:15:42,33.5,62.1,122.5
2026-09-03 14:16:12,33.5,62.0,124.2
2026-09-03 14:16:42,33.4,60.6,125.8
2026-09-03 14:17:12,33.5,60.4,126.7
2026-09-03 14:17:42,33.4,58.6,125.8
2026-09-03 14:18:12,33.6,61.9,129.2
2026-09-03 14:18:42,33.5,61.2,133.3
2026-09-03 14:19:12,33.5,62.5,139.2
2026-09-03 14:19:42,33.5,62.0,144.2
2026-09-03 14:20:12,33.4,59.8,147.5
2026-09-03 14:20:42,33.5,61.8,150.8
2026-09-03 14:21:12,33.5,60.3,155.8
2026-09-03 14:21:42,33.4,58.0,163.3
2026-09-03 14:22:12,33.4,58.5,165.8
2026-09-03 14:22:42,33.5,58.3,169.2
2026-09-03 14:23:12,33.5,56.0,167.5
2026-09-03 14:23:42,33.5,61.3,165.0
2026-09-03 14:24:12,33.5,60.6,161.7
2026-09-03 14:24:42,33.5,60.8,152.5
2026-09-03 14:25:12,33.5,61.2,141.7
2026-09-03 14:25:42,33.5,59.3,150.0
2026-09-03 14:26:12,33.6,60.9,151.7
2026-09-03 14:26:42,33.5,59.8,150.0
2026-09-03 14:27:12,33.5,60.6,145.8
2026-09-03 14:27:42,33.5,60.5,143.3
2026-09-03 14:28:12,33.6,60.7,137.5
2026-09-03 14:28:42,33.5,61.0,130.0
2026-09-03 14:29:12,33.6,61.6,128.3
2026-09-03 14:29:42,33.5,60.5,125.8
2026-09-03 14:30:12,33.6,59.9,119.2
2026-09-03 14:30:42,33.5,61.6,111.7
2026-09-03 14:31:12,33.6,61.8,112.5
2026-09-03 14:31:42,33.4,60.9,112.5
2026-09-03 14:32:12,33.6,58.9,111.7
2026-09-03 14:32:42,33.5,60.7,111.7
2026-09-03 14:33:12,33.5,61.9,110.8
2026-09-03 14:33:42,33.5,61.7,103.3
2026-09-03 14:34:12,33.5,62.3,105.8
2026-09-03 14:34:42,33.6,62.7,101.7
2026-09-03 14:35:12,33.5,61.2,114.2
2026-09-03 14:35:42,33.6,62.1,114.2
2026-09-03 14:36:12,33.4,62.8,113.3
2026-09-03 14:36:42,33.5,62.1,112.5
2026-09-03 14:37:12,33.4,62.2,110.0
2026-09-03 14:37:42,33.4,61.8,108.3
2026-09-03 14:38:12,33.3,62.8,108.3
2026-09-03 14:38:42,33.6,62.0,105.0
2026-09-03 14:39:12,33.3,62.1,104.2
2026-09-03 14:39:42,33.3,62.2,103.3
2026-09-03 14:40:12,33.4,59.9,105.0
2026-09-03 14:40:42,33.3,61.2,105.0
2026-09-03 14:41:12,33.4,61.6,109.2
2026-09-03 14:41:42,33.3,62.7,105.8
2026-09-03 14:42:12,33.4,62.4,109.2
2026-09-03 14:42:42,33.3,62.6,111.7
2026-09-03 14:43:12,33.3,63.0,111.7
2026-09-03 14:43:42,33.3,63.0,110.8
2026-09-03 14:44:12,33.3,63.4,110.0
2026-09-03 14:44:42,33.3,61.1,108.3
2026-09-03 14:45:12,33.3,62.8,108.3
2026-09-03 14:45:42,33.3,62.7,105.0
2026-09-03 14:46:12,33.3,62.8,104.2
2026-09-03 14:46:42,33.3,62.7,102.5
2026-09-03 14:47:12,33.4,63.0,101.7
2026-09-03 14:47:42,33.2,62.6,99.2
2026-09-03 14:48:12,33.2,60.5,98.3
2026-09-03 14:48:42,33.2,62.8,98.3
2026-09-03 14:49:12,33.2,62.8,98.3
2026-09-03 14:49:42,33.3,62.3,97.5
2026-09-03 14:50:12,33.3,61.6,98.3
2026-09-03 14:50:42,33.2,60.4,98.3
2026-09-03 14:51:12,33.2,61.1,96.7
2026-09-03 14:51:42,33.3,62.7,95.8
2026-09-03 14:52:12,33.2,60.7,94.2
2026-09-03 14:52:42,33.2,61.0,92.5
2026-09-03 14:53:12,33.2,62.5,91.7
2026-09-03 14:53:42,33.3,62.8,91.7
2026-09-03 14:54:12,33.3,62.4,89.2
2026-09-03 14:54:42,33.3,62.2,89.2
2026-09-03 14:55:12,33.3,62.4,90.0
2026-09-03 14:55:42,33.2,62.4,90.0
2026-09-03 14:56:12,33.2,61.1,89.2
2026-09-03 14:56:42,33.3,60.8,86.7
2026-09-03 14:57:12,33.3,61.6,58.3
2026-09-03 14:57:42,33.3,62.3,60.8
2026-09-03 14:58:12,33.2,62.8,86.7
2026-09-03 14:58:42,33.3,62.1,90.0
2026-09-03 14:59:12,33.2,62.7,90.0
2026-09-03 14:59:42,33.3,60.5,90.8
2026-09-03 15:00:12,33.2,62.0,91.7
2026-09-03 15:00:42,33.2,61.8,92.5
2026-09-03 15:01:12,33.3,63.0,90.0
2026-09-03 15:01:42,33.3,62.9,85.8
2026-09-03 15:02:12,33.2,62.3,84.2
2026-09-03 15:02:42,33.3,61.2,82.5
2026-09-03 15:03:12,33.3,62.5,81.7
2026-09-03 15:03:42,33.2,61.3,80.0
2026-09-03 15:04:12,33.2,61.9,80.0
2026-09-03 15:04:42,33.2,60.3,79.2
2026-09-03 15:05:12,33.2,63.0,78.3
2026-09-03 15:05:42,33.2,63.0,75.8
2026-09-03 15:06:12,33.2,61.9,72.5
2026-09-03 15:06:42,33.2,61.9,71.7
2026-09-03 15:07:12,33.1,61.9,71.7
2026-09-03 15:07:42,33.1,62.5,71.7
2026-09-03 15:08:12,33.2,61.4,71.7
2026-09-03 15:08:42,33.1,60.6,70.8
2026-09-03 15:09:12,33.2,62.2,70.0
2026-09-03 15:09:42,33.1,62.1,68.3
2026-09-03 15:10:12,33.1,62.4,54.2
2026-09-03 15:10:42,33.2,63.0,47.5
2026-09-03 15:11:12,33.1,63.1,48.3
2026-09-03 15:11:42,33.1,63.4,65.8
2026-09-03 15:12:12,33.2,63.2,63.3
2026-09-03 15:12:42,33.1,63.3,65.8
2026-09-03 15:13:12,33.0,62.9,65.8
2026-09-03 15:13:42,33.1,62.6,65.8
2026-09-03 15:14:12,33.1,61.7,65.0
2026-09-03 15:14:42,33.1,63.4,64.2
2026-09-03 15:15:12,33.1,63.6,64.2
2026-09-03 15:15:42,33.1,61.5,64.2
2026-09-03 15:16:12,33.1,60.9,64.2
2026-09-03 15:16:42,33.2,62.9,64.2
2026-09-03 15:17:12,33.1,63.0,63.3
2026-09-03 15:17:42,33.2,60.9,63.3
2026-09-03 15:18:12,33.1,62.0,62.5
2026-09-03 15:18:42,33.1,61.9,62.5
2026-09-03 15:19:12,33.2,63.0,61.7
2026-09-03 15:19:42,33.1,61.6,60.8
2026-09-03 15:20:12,33.2,63.3,60.8
2026-09-03 15:20:42,33.1,62.3,60.0
2026-09-03 15:21:12,33.1,63.0,59.2
2026-09-03 15:21:42,33.1,63.0,58.3
2026-09-03 15:22:12,33.1,60.2,57.5
2026-09-03 15:22:42,33.0,62.6,56.7
2026-09-03 15:23:12,33.1,57.2,56.7
2026-09-03 15:23:42,33.0,60.5,56.7
2026-09-03 15:24:12,33.1,62.6,56.7
2026-09-03 15:24:42,33.1,60.6,57.5
2026-09-03 15:25:12,33.2,60.1,56.7
2026-09-03 15:25:42,33.2,62.3,56.7
2026-09-03 15:26:12,33.2,62.9,55.8
2026-09-03 15:26:42,33.1,63.1,55.8
2026-09-03 15:27:12,33.2,61.5,50.8
2026-09-03 15:27:42,33.1,61.5,58.3
2026-09-03 15:28:12,33.2,61.2,58.3
2026-09-03 15:28:42,33.1,58.4,58.3
2026-09-03 15:29:12,33.1,59.5,57.5
2026-09-03 15:29:42,33.2,59.5,55.0
2026-09-03 15:30:12,33.1,60.7,55.0
2026-09-03 15:30:42,33.2,58.2,55.0
2026-09-03 15:31:12,33.2,61.7,55.0
2026-09-03 15:31:42,33.3,58.5,52.5
2026-09-03 15:32:12,33.3,61.1,52.5
2026-09-03 15:32:42,33.3,61.0,52.5
2026-09-03 15:33:12,33.3,59.5,51.7
2026-09-03 15:33:42,33.4,59.2,51.7
2026-09-03 15:34:12,33.3,58.3,50.8
2026-09-03 15:34:42,33.3,60.2,50.8
2026-09-03 15:35:12,33.3,59.3,50.0
2026-09-03 15:35:42,33.3,61.5,49.2
2026-09-03 15:36:12,33.3,60.2,48.3
2026-09-03 15:36:42,33.3,61.9,48.3
2026-09-03 15:37:12,33.3,59.4,47.5
2026-09-03 15:37:42,33.3,58.1,47.5
2026-09-03 15:38:12,33.3,62.3,46.7
2026-09-03 15:38:42,33.3,61.3,46.7
2026-09-03 15:39:12,33.3,61.4,45.8
2026-09-03 15:39:42,33.3,62.5,45.8
2026-09-03 15:40:12,33.3,62.5,45.8
2026-09-03 15:40:42,33.3,61.2,45.8
2026-09-03 15:41:12,33.3,61.2,45.8
2026-09-03 15:41:42,33.3,60.0,45.8
2026-09-03 15:42:12,33.2,61.5,45.8
2026-09-03 15:42:42,33.3,60.9,45.0
2026-09-03 15:43:12,33.3,61.7,45.8
2026-09-03 15:43:42,33.3,62.6,45.0
2026-09-03 15:44:12,33.3,60.6,45.0
2026-09-03 15:44:42,33.3,61.8,45.0
2026-09-03 15:45:12,33.3,60.4,45.8
2026-09-03 15:45:42,33.3,62.0,47.5
2026-09-03 15:46:12,33.3,62.3,48.3
2026-09-03 15:46:42,33.3,62.3,50.0
2026-09-03 15:47:12,33.3,62.2,51.7
2026-09-03 15:47:42,33.2,62.2,51.7
2026-09-03 15:48:12,33.3,61.1,50.8
2026-09-03 15:48:42,33.2,61.8,49.2
2026-09-03 15:49:12,33.3,62.4,48.3
2026-09-03 15:49:42,33.3,61.8,46.7
2026-09-03 15:50:12,33.2,59.6,45.0
2026-09-03 15:50:42,33.2,60.4,44.2
2026-09-03 15:51:12,33.2,61.6,44.2
2026-09-03 15:51:42,33.3,62.2,44.2
2026-09-03 15:52:12,33.2,63.1,45.0
2026-09-03 15:52:42,33.2,62.0,45.8
2026-09-03 15:53:12,33.2,61.4,46.7
2026-09-03 15:53:42,33.3,62.2,47.5
2026-09-03 15:54:12,33.2,59.8,49.2
2026-09-03 15:54:42,33.2,61.9,48.3
2026-09-03 15:55:12,33.1,62.6,45.8
2026-09-03 15:55:42,33.3,60.3,45.0
2026-09-03 15:56:12,33.3,61.1,44.2
2026-09-03 15:56:42,33.2,59.9,43.3
2026-09-03 15:57:12,33.2,62.5,40.8
2026-09-03 15:57:42,33.2,62.9,39.2
2026-09-03 15:58:12,33.2,60.6,39.2
2026-09-03 15:58:42,33.2,62.3,38.3
2026-09-03 15:59:12,33.2,62.7,37.5
2026-09-03 15:59:42,33.1,63.6,30.0
2026-09-03 16:00:12,33.1,62.1,37.5
2026-09-03 16:00:42,33.2,63.5,37.5
2026-09-03 16:01:12,33.2,61.5,38.3
2026-09-03 16:01:42,33.2,60.1,37.5
2026-09-03 16:02:12,33.2,60.7,37.5
2026-09-03 16:02:42,33.2,63.1,37.5
2026-09-03 16:03:12,33.1,60.5,37.5
2026-09-03 16:03:42,33.1,59.2,37.5
2026-09-03 16:04:12,33.1,60.7,37.5
2026-09-03 16:04:42,33.1,61.5,37.5
2026-09-03 16:05:12,33.1,61.7,37.5
2026-09-03 16:05:42,33.2,62.2,36.7
2026-09-03 16:06:12,33.2,61.6,36.7
2026-09-03 16:06:42,33.2,60.8,36.7
2026-09-03 16:07:12,33.2,61.4,35.8
2026-09-03 16:07:42,33.2,60.1,35.8
2026-09-03 16:08:12,33.2,61.4,35.0
2026-09-03 16:08:42,33.1,60.5,35.0
2026-09-03 16:09:12,33.2,61.9,35.0
2026-09-03 16:09:42,33.1,61.5,35.0
2026-09-03 16:10:12,33.1,60.4,35.0
2026-09-03 16:10:42,33.1,61.2,35.0
2026-09-03 16:11:12,33.1,59.5,35.0
2026-09-03 16:11:42,33.1,59.5,35.0
2026-09-03 16:12:12,33.1,60.3,35.0
2026-09-03 16:12:42,33.1,58.8,35.0
2026-09-03 16:13:12,33.1,61.3,35.0
2026-09-03 16:13:42,33.1,62.3,35.0
2026-09-03 16:14:12,33.1,59.8,35.0
2026-09-03 16:14:42,33.2,62.6,35.0
2026-09-03 16:15:12,33.2,63.3,34.2
2026-09-03 16:15:42,33.2,62.5,34.2
2026-09-03 16:16:12,33.2,62.1,33.3
2026-09-03 16:16:42,33.2,61.1,33.3
2026-09-03 16:17:12,33.2,59.4,33.3
2026-09-03 16:17:42,33.2,60.8,32.5
2026-09-03 16:18:12,33.3,59.7,32.5
2026-09-03 16:18:42,33.2,59.4,32.5
2026-09-03 16:19:12,33.1,59.6,32.5
2026-09-03 16:19:42,33.1,60.4,32.5
2026-09-03 16:20:12,33.2,59.6,32.5
2026-09-03 16:20:42,33.1,59.1,32.5
2026-09-03 16:21:12,33.1,58.3,31.7
2026-09-03 16:21:42,33.2,59.1,31.7
2026-09-03 16:22:12,33.2,59.7,31.7
2026-09-03 16:22:42,33.2,61.3,31.7
2026-09-03 16:23:12,33.1,58.8,30.8
2026-09-03 16:23:42,33.2,58.1,31.7
2026-09-03 16:24:12,33.1,58.5,31.7
2026-09-03 16:24:42,33.1,58.3,31.7
2026-09-03 16:25:12,33.2,59.5,31.7
2026-09-03 16:25:42,33.1,59.4,30.8
2026-09-03 16:26:12,33.1,60.0,30.8
2026-09-03 16:26:42,33.1,62.7,30.8
2026-09-03 16:27:12,33.2,60.4,30.8
2026-09-03 16:27:42,33.1,59.2,30.8
2026-09-03 16:28:12,33.1,60.6,30.8
2026-09-03 16:28:42,33.1,61.8,31.7
2026-09-03 16:29:12,33.1,60.6,30.8
2026-09-03 16:29:42,33.1,60.4,30.8
2026-09-03 16:30:12,33.2,60.0,30.8
2026-09-03 16:30:42,33.0,60.3,30.8
2026-09-03 16:31:12,33.0,59.2,30.0
2026-09-03 16:31:42,33.1,63.7,30.0
2026-09-03 16:32:12,33.0,63.9,29.2
2026-09-03 16:32:42,33.0,64.2,29.2
2026-09-03 16:33:12,33.0,60.4,29.2
2026-09-03 16:33:42,33.1,61.3,29.2
2026-09-03 16:34:12,33.0,62.9,29.2
2026-09-03 16:34:42,33.0,62.9,29.2
2026-09-03 16:35:12,33.0,61.1,28.3
2026-09-03 16:35:42,33.0,60.5,28.3
2026-09-03 16:36:12,33.1,63.0,28.3
2026-09-03 16:36:42,33.1,59.2,28.3
2026-09-03 16:37:12,33.2,60.7,27.5
2026-09-03 16:37:42,33.1,62.9,27.5
2026-09-03 16:38:12,33.0,60.7,27.5
2026-09-03 16:38:42,33.1,59.4,27.5
2026-09-03 16:39:12,33.1,61.6,27.5
2026-09-03 16:39:42,33.1,61.2,27.5
2026-09-03 16:40:12,33.1,60.7,27.5
2026-09-03 16:40:42,33.1,59.2,27.5
2026-09-03 16:41:12,33.1,61.5,28.3
2026-09-03 16:41:42,33.1,59.5,28.3
2026-09-03 16:42:12,33.2,60.2,28.3
2026-09-03 16:42:42,33.1,60.7,28.3
2026-09-03 16:43:12,33.1,61.4,28.3
2026-09-03 16:43:42,33.1,63.6,27.5
2026-09-03 16:44:12,33.2,63.3,27.5
2026-09-03 16:44:42,33.3,62.4,27.5
2026-09-03 16:45:12,33.2,63.0,27.5
2026-09-03 16:45:42,33.2,61.9,27.5
2026-09-03 16:46:12,33.1,62.0,27.5
2026-09-03 16:46:42,33.1,62.5,27.5
2026-09-03 16:47:12,33.0,60.4,26.7
2026-09-03 16:47:42,33.1,60.6,26.7
2026-09-03 16:48:12,33.0,58.5,26.7
2026-09-03 16:48:42,33.2,59.0,25.8
2026-09-03 16:49:12,33.1,62.2,25.8
2026-09-03 16:49:42,33.2,59.9,25.8
2026-09-03 16:50:12,33.2,59.7,25.8
2026-09-03 16:50:42,33.1,60.4,25.0
2026-09-03 16:51:12,33.1,60.5,25.0
2026-09-03 16:51:42,33.1,60.4,25.0
2026-09-03 16:52:12,33.2,62.4,25.0
2026-09-03 16:52:42,33.1,61.7,24.2
2026-09-03 16:53:12,33.1,63.0,24.2
2026-09-03 16:53:42,33.2,62.7,24.2
2026-09-03 16:54:12,33.1,61.5,24.2
2026-09-03 16:54:42,33.0,62.5,23.3
2026-09-03 16:55:12,33.1,59.6,23.3
2026-09-03 16:55:42,33.1,61.4,23.3
2026-09-03 16:56:12,33.1,61.4,22.5
2026-09-03 16:56:42,33.1,60.3,22.5
2026-09-03 16:57:12,33.0,62.7,21.7
2026-09-03 16:57:42,33.1,61.5,21.7
2026-09-03 16:58:12,33.1,60.9,21.7
2026-09-03 16:58:42,33.0,61.3,21.7
2026-09-03 16:59:12,33.0,63.7,21.7
2026-09-03 16:59:42,33.0,62.8,21.7
2026-09-03 17:00:12,33.0,64.3,20.8
2026-09-03 17:00:42,32.9,64.8,20.8
2026-09-03 17:01:12,33.0,65.3,20.8
2026-09-03 17:01:42,33.0,65.4,20.8
2026-09-03 17:02:12,33.0,61.7,20.8
2026-09-03 17:02:42,32.9,61.4,20.8
2026-09-03 17:03:12,33.0,64.2,20.8
2026-09-03 17:03:42,33.0,62.9,20.8
2026-09-03 17:04:12,33.0,64.2,20.8
2026-09-03 17:04:42,32.9,64.1,20.0
2026-09-03 17:05:12,32.9,61.9,20.0
2026-09-03 17:05:42,32.9,62.5,20.0
2026-09-03 17:06:12,33.0,61.6,20.0
2026-09-03 17:06:42,33.0,64.1,20.0
2026-09-03 17:07:12,33.0,61.5,20.0
2026-09-03 17:07:42,32.9,64.7,20.0
2026-09-03 17:08:12,32.9,62.9,19.2
2026-09-03 17:08:42,32.9,64.0,19.2
2026-09-03 17:09:12,32.9,64.7,19.2
2026-09-03 17:09:42,32.8,62.3,20.0
2026-09-03 17:10:12,32.8,62.7,19.2
2026-09-03 17:10:42,32.9,62.5,19.2
2026-09-03 17:11:12,32.8,61.5,18.3
2026-09-03 17:11:42,32.8,61.8,18.3
2026-09-03 17:12:12,32.7,62.9,18.3
2026-09-03 17:12:42,32.8,62.9,17.5
2026-09-03 17:13:12,32.8,63.7,17.5
2026-09-03 17:13:42,32.8,63.8,17.5
2026-09-03 17:14:12,32.8,64.1,17.5
2026-09-03 17:14:42,32.8,63.4,17.5
2026-09-03 17:15:12,32.8,62.9,17.5
2026-09-03 17:15:42,32.8,61.5,16.7
2026-09-03 17:16:12,32.8,62.5,16.7
2026-09-03 17:16:42,32.8,61.8,16.7
2026-09-03 17:17:12,32.8,60.6,16.7
2026-09-03 17:17:42,32.8,62.5,15.8
2026-09-03 17:18:12,32.8,61.3,20.0
2026-09-03 17:18:42,32.8,63.0,20.0
2026-09-03 17:19:12,32.9,61.0,19.2
2026-09-03 17:19:42,32.8,62.9,19.2
2026-09-03 17:20:12,32.8,59.5,19.2
2026-09-03 17:20:42,33.0,58.8,19.2
2026-09-03 17:21:12,32.9,59.7,19.2
2026-09-03 17:21:42,33.1,60.7,18.3
2026-09-03 17:22:12,33.1,59.5,19.2
2026-09-03 17:22:42,33.1,59.7,19.2
2026-09-03 17:23:12,33.2,59.2,18.3
2026-09-03 17:23:42,33.1,59.4,18.3
2026-09-03 17:24:12,33.1,59.5,19.2
2026-09-03 17:24:42,33.1,59.5,19.2
2026-09-03 17:25:12,33.1,59.2,19.2
2026-09-03 17:25:42,33.0,59.4,19.2
2026-09-03 17:26:12,33.1,60.1,19.2
2026-09-03 17:26:42,33.1,60.4,18.3
2026-09-03 17:27:12,33.0,60.0,18.3
2026-09-03 17:27:42,33.1,59.4,18.3
2026-09-03 17:28:12,33.1,58.5,18.3
2026-09-03 17:28:42,33.1,60.5,18.3
2026-09-03 17:29:12,33.2,59.8,17.5
2026-09-03 17:29:42,33.2,60.3,17.5
2026-09-03 17:30:12,33.3,60.0,17.5
2026-09-03 17:30:42,33.3,59.8,17.5
2026-09-03 17:31:12,33.3,58.4,17.5
2026-09-03 17:31:42,33.2,58.8,16.7
2026-09-03 17:32:12,33.3,59.7,16.7
2026-09-03 17:32:42,33.4,58.4,16.7
2026-09-03 17:33:12,33.3,58.8,16.7
2026-09-03 17:33:42,33.2,58.0,16.7
2026-09-03 17:34:12,33.2,58.2,15.8
2026-09-03 17:34:42,33.2,58.3,15.8
2026-09-03 17:35:12,33.3,58.7,15.0
2026-09-03 17:35:42,33.2,60.2,14.2
2026-09-03 17:36:12,33.3,60.4,14.2
2026-09-03 17:36:42,33.1,59.8,14.2
2026-09-03 17:37:12,33.2,59.8,14.2
2026-09-03 17:37:42,33.1,60.6,13.3
2026-09-03 17:38:12,33.3,59.9,13.3
2026-09-03 17:38:42,33.1,60.4,13.3
2026-09-03 17:39:12,33.2,59.8,13.3
2026-09-03 17:39:42,33.2,60.3,12.5
2026-09-03 17:40:12,33.3,59.9,12.5
2026-09-03 17:40:42,33.2,59.4,12.5
2026-09-03 17:41:12,33.2,60.2,12.5
2026-09-03 17:41:42,33.2,59.5,12.5
2026-09-03 17:42:12,33.2,59.2,12.5
2026-09-03 17:42:42,33.3,59.7,11.7
2026-09-03 17:43:12,33.2,59.2,11.7
2026-09-03 17:43:42,33.3,59.0,11.7
2026-09-03 17:44:12,33.2,60.0,11.7
2026-09-03 17:44:42,33.3,59.7,11.7
2026-09-03 17:45:12,33.2,59.7,10.8
2026-09-03 17:45:42,33.2,60.3,10.8
2026-09-03 17:46:12,33.3,60.2,10.8
2026-09-03 17:46:42,33.1,58.6,10.8
2026-09-03 17:47:12,33.2,60.5,10.8
2026-09-03 17:47:42,33.2,60.6,10.0
2026-09-03 17:48:12,33.2,60.7,10.0
2026-09-03 17:48:42,33.1,59.7,10.0
2026-09-03 17:49:12,33.3,59.8,10.0
2026-09-03 17:49:42,33.1,60.5,10.0
2026-09-03 17:50:12,33.2,59.9,10.0
2026-09-03 17:50:42,33.2,60.9,9.2
2026-09-03 17:51:12,33.2,60.2,9.2
2026-09-03 17:51:42,33.3,61.5,9.2
2026-09-03 17:52:12,33.2,61.9,7.5
2026-09-03 17:52:42,33.3,61.8,10.0
2026-09-03 17:53:12,33.1,61.7,9.2
2026-09-03 17:53:42,33.2,62.3,8.3
2026-09-03 17:54:12,33.1,62.9,8.3
2026-09-03 17:54:42,33.2,63.0,8.3
2026-09-03 17:55:12,33.1,62.4,8.3
2026-09-03 17:55:42,33.1,62.6,8.3
2026-09-03 17:56:12,33.1,61.9,7.5
2026-09-03 17:56:42,33.1,60.2,7.5
2026-09-03 17:57:12,33.1,60.7,7.5
2026-09-03 17:57:42,33.1,62.2,7.5
2026-09-03 17:58:12,33.2,63.0,7.5
2026-09-03 17:58:42,33.2,62.9,6.7
2026-09-03 17:59:12,33.1,62.3,6.7
2026-09-03 17:59:42,33.1,62.8,6.7
2026-09-03 18:00:12,32.9,62.9,6.7
2026-09-03 18:00:42,33.0,63.0,6.7
2026-09-03 18:01:12,32.9,63.1,6.7
2026-09-03 18:01:42,33.0,63.0,6.7
2026-09-03 18:02:12,32.9,61.9,5.8
2026-09-03 18:02:42,33.0,62.7,5.8
2026-09-03 18:03:12,33.0,62.6,5.8
2026-09-03 18:03:42,33.0,62.5,5.8
2026-09-03 18:04:12,33.1,62.8,5.8
2026-09-03 18:04:42,33.0,60.5,5.8
2026-09-03 18:05:12,33.1,59.9,5.8
2026-09-03 18:05:42,33.1,60.3,5.8
2026-09-03 18:06:12,33.0,60.7,5.0
2026-09-03 18:06:42,33.1,60.0,5.0
2026-09-03 18:07:12,33.1,60.1,5.0
2026-09-03 18:07:42,33.0,59.2,5.0
2026-09-03 18:08:12,33.1,59.7,5.0
2026-09-03 18:08:42,33.1,58.8,5.0
2026-09-03 18:09:12,33.1,58.9,5.0
2026-09-03 18:09:42,33.2,58.6,5.0
2026-09-03 18:10:12,33.2,58.9,5.0
2026-09-03 18:10:42,33.1,57.7,5.0
2026-09-03 18:11:12,33.3,57.6,5.0
2026-09-03 18:11:42,33.2,59.6,5.0
2026-09-03 18:12:12,33.3,59.0,5.0
2026-09-03 18:12:42,33.2,60.2,5.0
2026-09-03 18:13:12,33.3,58.8,5.0
2026-09-03 18:13:42,33.2,59.0,5.0
2026-09-03 18:14:12,33.3,59.0,5.0
2026-09-03 18:14:42,33.2,59.5,5.0
2026-09-03 18:15:12,33.3,59.0,5.0
2026-09-03 18:15:42,33.2,59.9,36.7
2026-09-03 18:16:12,33.3,61.2,38.3
2026-09-03 18:16:42,33.2,60.0,37.5
2026-09-03 18:17:12,33.3,60.0,37.5
2026-09-03 18:17:42,33.2,60.3,36.7
2026-09-03 18:18:12,33.3,60.7,36.7
2026-09-03 18:18:42,33.2,59.8,36.7
2026-09-03 18:19:12,33.3,61.0,36.7
2026-09-03 18:19:42,33.3,60.1,36.7
2026-09-03 18:20:12,33.3,61.6,36.7
2026-09-03 18:20:42,33.2,61.6,37.5
2026-09-03 18:21:12,33.2,62.0,35.8
2026-09-03 18:21:42,33.2,62.1,35.8
2026-09-03 18:22:12,33.2,62.4,36.7
2026-09-03 18:22:42,33.2,63.0,35.8
2026-09-03 18:23:12,33.3,61.9,35.8
2026-09-03 18:23:42,33.3,61.9,35.8
2026-09-03 18:24:12,33.1,62.0,35.8
2026-09-03 18:24:42,33.1,61.0,35.8
2026-09-03 18:25:12,33.2,62.1,35.8
2026-09-03 18:25:42,33.2,62.5,35.8
2026-09-03 18:26:12,33.1,61.9,35.8
2026-09-03 18:26:42,33.1,61.2,35.0
2026-09-03 18:27:12,33.1,60.8,35.8
2026-09-03 18:27:42,33.2,62.3,36.7
2026-09-03 18:28:12,33.1,62.3,35.8
2026-09-03 18:28:42,33.1,61.9,35.8
2026-09-03 18:29:12,33.1,62.2,35.8
2026-09-03 18:29:42,33.1,62.8,35.8
2026-09-03 18:30:12,33.0,62.4,35.8
2026-09-03 18:30:42,33.1,60.5,36.7
2026-09-03 18:31:12,32.9,60.9,35.8
2026-09-03 18:31:42,33.0,62.3,36.7
2026-09-03 18:32:12,32.9,62.0,35.8
2026-09-03 18:32:42,33.0,61.7,36.7
2026-09-03 18:33:12,33.0,62.0,36.7
2026-09-03 18:33:42,33.0,60.8,35.8
2026-09-03 18:34:12,33.0,62.3,35.8
2026-09-03 18:34:42,33.0,62.7,36.7
2026-09-03 18:35:12,33.0,62.8,35.8
2026-09-03 18:35:42,33.0,61.2,35.8
2026-09-03 18:36:12,33.0,62.0,35.8
2026-09-03 18:36:42,33.0,61.5,35.8
2026-09-03 18:37:12,33.0,61.9,36.7
2026-09-03 18:37:42,32.9,60.7,35.8
2026-09-03 18:38:12,32.9,61.0,35.8
2026-09-03 18:38:42,33.0,61.1,35.8
2026-09-03 18:39:12,32.9,62.3,35.8
2026-09-03 18:39:42,33.0,60.9,35.8
2026-09-03 18:40:12,33.0,60.4,35.8
2026-09-03 18:40:42,32.9,61.1,35.8
2026-09-03 18:41:12,32.9,61.7,35.8
2026-09-03 18:41:42,32.9,61.3,36.7
2026-09-03 18:42:12,32.9,62.1,36.7
2026-09-03 18:42:42,32.9,62.2,36.7
2026-09-03 18:43:12,32.9,62.3,35.8
2026-09-03 18:43:42,33.0,61.7,36.7
2026-09-03 18:44:12,32.9,61.2,36.7
2026-09-03 18:44:42,33.1,61.2,36.7
2026-09-03 18:45:12,32.8,61.8,35.8
2026-09-03 18:45:42,33.0,62.4,36.7
2026-09-03 18:46:12,32.9,62.5,35.8
2026-09-03 18:46:42,33.0,62.2,36.7
2026-09-03 18:47:12,32.9,62.3,36.7
2026-09-03 18:47:42,33.0,61.1,36.7
2026-09-03 18:48:12,32.9,60.7,35.8
2026-09-03 18:48:42,32.8,61.8,35.8
2026-09-03 18:49:12,32.9,63.0,35.8
2026-09-03 18:49:42,33.1,63.1,35.8
2026-09-03 18:50:12,32.9,62.9,35.0
2026-09-03 18:50:42,33.0,62.7,35.8
2026-09-03 18:51:12,32.9,62.4,35.8
2026-09-03 18:51:42,33.0,61.0,35.8
2026-09-03 18:52:12,33.0,62.7,35.8
2026-09-03 18:52:42,32.9,60.9,35.8
2026-09-03 18:53:12,32.9,62.4,36.7
2026-09-03 18:53:42,33.0,62.2,36.7
2026-09-03 18:54:12,32.9,62.5,36.7
2026-09-03 18:54:42,33.0,62.0,36.7
2026-09-03 18:55:12,33.0,62.7,36.7
2026-09-03 18:55:42,33.0,62.4,35.8
2026-09-03 18:56:12,33.1,62.7,36.7
2026-09-03 18:56:42,33.0,62.4,35.8
2026-09-03 18:57:12,33.0,61.4,35.0
2026-09-03 18:57:42,33.0,62.5,35.8
2026-09-03 18:58:12,33.0,62.3,35.0
2026-09-03 18:58:42,32.9,62.1,35.8
2026-09-03 18:59:12,32.9,62.4,35.8
2026-09-03 18:59:42,33.0,62.5,35.8
2026-09-03 19:00:12,32.9,62.0,35.0
2026-09-03 19:00:42,33.0,62.9,35.0
2026-09-03 19:01:12,33.0,62.9,39.2
2026-09-03 19:01:42,33.0,62.1,35.8
2026-09-03 19:02:12,32.9,62.1,35.8
2026-09-03 19:02:42,32.9,62.5,35.0
2026-09-03 19:03:12,32.8,62.9,35.8
2026-09-03 19:03:42,33.0,63.0,36.7
2026-09-03 19:04:12,32.9,63.3,35.8
2026-09-03 19:04:42,32.9,63.4,35.8
2026-09-03 19:05:12,32.9,63.9,35.8
2026-09-03 19:05:42,33.0,63.3,38.3
2026-09-03 19:06:12,32.9,63.9,38.3
2026-09-03 19:06:42,32.8,63.6,38.3
2026-09-03 19:07:12,32.8,63.1,38.3
2026-09-03 19:07:42,32.9,63.3,37.5
2026-09-03 19:08:12,32.8,63.3,37.5
2026-09-04 23:24:58,32.6,60.6,0.0
2026-09-04 23:25:28,32.5,61.5,0.0
