timestamp,temperature,humidity,light
2026-09-04 23:25:58,32.5,61.3,0.0
2026-09-04 23:26:28,32.3,62.4,0.0
2026-09-04 23:26:58,32.3,62.2,0.0
2026-09-04 23:27:28,32.2,62.2,0.0
2026-09-04 23:27:58,32.2,62.1,0.0
2026-09-04 23:28:28,32.2,62.7,0.0
2026-09-04 23:28:58,32.1,62.9,0.0
2026-09-04 23:29:28,32.0,62.9,0.0
2026-09-04 23:29:58,32.0,63.0,0.0
2026-09-04 23:30:28,31.9,63.0,0.0
2026-09-04 23:30:58,31.9,63.3,0.0
2026-09-04 23:31:28,31.9,63.4,0.0
2026-09-04 23:31:58,31.8,62.9,0.0
2026-09-04 23:32:28,31.8,63.7,0.0
2026-09-04 23:32:58,31.8,63.1,0.0
2026-09-04 23:33:28,31.8,63.0,0.0
2026-09-04 23:33:58,31.8,63.0,0.0
2026-09-04 23:34:28,31.8,63.8,0.0
2026-09-04 23:34:58,31.8,65.5,0.0
2026-09-04 23:35:28,31.7,64.4,0.0
2026-09-04 23:35:58,31.7,64.5,0.0
2026-09-04 23:36:28,31.8,64.4,0.0
2026-09-04 23:36:58,31.8,63.8,0.0
2026-09-04 23:37:28,31.8,63.2,0.0
2026-09-04 23:37:58,31.7,64.2,0.0
2026-09-04 23:38:28,31.7,63.9,0.0
2026-09-04 23:38:58,31.7,65.2,0.0
2026-09-04 23:39:28,31.7,63.8,0.0
2026-09-04 23:39:58,31.7,64.8,0.0
2026-09-04 23:40:28,31.7,65.0,0.0
2026-09-04 23:40:58,31.7,63.7,0.0
2026-09-04 23:41:28,31.7,64.3,0.0
2026-09-04 23:41:58,31.7,65.0,0.0
2026-09-04 23:42:28,31.7,65.2,0.0
2026-09-04 23:42:58,31.6,64.1,0.0
2026-09-04 23:43:28,31.6,66.0,0.0
2026-09-04 23:43:58,31.7,64.1,0.0
2026-09-04 23:44:28,31.7,64.5,0.0
2026-09-04 23:44:58,31.7,63.5,0.0
2026-09-04 23:45:28,31.6,63.8,0.0
2026-09-04 23:45:58,31.6,64.0,0.0
2026-09-04 23:46:28,31.7,64.4,0.0
2026-09-04 23:46:58,31.6,64.6,0.0
2026-09-04 23:47:28,31.6,64.5,0.0
2026-09-04 23:47:58,31.6,64.5,0.0
2026-09-04 23:48:28,31.6,65.2,0.0
2026-09-04 23:48:58,31.5,64.6,0.0
2026-09-04 23:49:28,31.5,64.0,0.0
2026-09-04 23:49:58,31.5,64.5,0.0
2026-09-04 23:50:28,31.5,65.2,0.0
2026-09-04 23:50:58,31.5,65.1,0.0
2026-09-04 23:51:28,31.5,64.1,0.0
2026-09-04 23:51:58,31.6,64.6,0.0
2026-09-04 23:52:28,31.5,64.5,0.0
2026-09-04 23:52:58,31.5,64.7,0.0
2026-09-04 23:53:28,31.5,64.3,0.0
2026-09-04 23:53:58,31.5,64.8,0.0
2026-09-04 23:54:28,31.4,64.8,0.0
2026-09-04 23:54:58,31.4,64.4,0.0
2026-09-04 23:55:28,31.5,64.1,0.0
2026-09-04 23:55:58,31.4,64.4,0.0
2026-09-04 23:56:28,31.4,64.9,0.0
2026-09-04 23:56:58,31.4,66.3,0.0
2026-09-04 23:57:28,31.4,64.6,0.0
2026-09-04 23:57:58,31.4,65.1,0.0
2026-09-04 23:58:28,31.4,64.1,0.0
2026-09-04 23:58:58,31.4,64.1,0.0
2026-09-04 23:59:28,31.3,64.1,0.0
2026-09-04 23:59:58,31.4,63.8,0.0
2026-09-05 00:00:28,31.4,63.2,0.0
2026-09-05 00:00:58,31.4,64.3,0.0
2026-09-05 00:01:28,31.3,64.0,0.0
2026-09-05 00:01:58,31.3,65.1,0.0
2026-09-05 00:02:28,31.3,65.8,0.0
2026-09-05 00:02:58,31.3,64.2,0.0
2026-09-05 00:03:28,31.3,64.3,0.0
2026-09-05 00:03:58,31.4,64.3,0.0
2026-09-05 00:04:28,31.3,64.5,0.0
2026-09-05 00:04:58,31.3,65.1,0.0
2026-09-05 00:05:28,31.3,64.9,0.0
2026-09-05 00:05:58,31.3,65.1,0.0
2026-09-05 00:06:28,31.3,65.9,0.0
2026-09-05 00:06:58,31.3,64.9,0.0
2026-09-05 00:07:28,31.3,65.5,0.0
2026-09-05 00:07:58,31.3,64.8,0.0
2026-09-05 00:08:28,31.3,65.1,0.0
2026-09-05 00:08:58,31.3,64.8,0.0
2026-09-05 00:09:28,31.3,64.7,0.0
2026-09-05 00:09:58,31.3,65.3,0.0
2026-09-05 00:10:28,31.3,64.7,0.0
2026-09-05 00:10:58,31.3,64.3,0.0
2026-09-05 00:11:28,31.3,65.7,0.0
2026-09-05 00:11:58,31.3,65.0,0.0
2026-09-05 00:12:28,31.3,64.9,0.0
2026-09-05 00:12:58,31.3,64.9,0.0
2026-09-05 00:13:28,31.3,65.7,0.0
2026-09-05 00:13:58,31.3,65.7,0.0
2026-09-05 00:14:28,31.3,64.6,0.0
2026-09-05 00:14:58,31.3,64.9,0.0
2026-09-05 00:15:28,31.3,65.2,0.0
2026-09-05 00:15:58,31.3,64.7,0.0
2026-09-05 00:16:28,31.3,64.2,0.0
2026-09-05 00:16:58,31.3,64.4,0.0
2026-09-05 00:17:28,31.3,64.1,0.0
2026-09-05 00:17:58,31.3,64.0,0.0
2026-09-05 00:18:28,31.3,64.1,0.0
2026-09-05 00:18:58,31.3,64.4,0.0
2026-09-05 00:19:28,31.3,64.2,0.0
2026-09-05 00:19:58,31.3,64.1,0.0
2026-09-05 00:20:28,31.3,64.2,0.0
2026-09-05 00:20:58,31.3,64.3,0.0
2026-09-05 00:21:28,31.2,65.3,0.0
2026-09-05 00:21:58,31.3,65.1,0.0
2026-09-05 00:22:28,31.3,65.1,0.0
2026-09-05 00:22:58,31.2,65.6,0.0
2026-09-05 00:23:28,31.3,64.7,0.0
2026-09-05 00:23:58,31.2,66.7,0.0
2026-09-05 00:24:28,31.3,64.7,0.0
2026-09-05 00:24:58,31.3,64.2,0.0
2026-09-05 00:25:28,31.2,64.1,0.0
2026-09-05 00:25:58,31.2,63.7,0.0
2026-09-05 00:26:28,31.2,64.8,0.0
2026-09-05 00:26:58,31.2,63.7,0.0
2026-09-05 00:27:28,31.2,64.1,0.0
2026-09-05 00:27:58,31.2,63.9,0.0
2026-09-05 00:28:28,31.3,64.2,0.0
2026-09-05 00:28:58,31.3,64.0,0.0
2026-09-05 00:29:28,31.2,65.1,0.0
2026-09-05 00:29:58,31.2,64.9,0.0
2026-09-05 00:30:28,31.2,64.4,0.0
2026-09-05 00:30:58,31.2,64.6,0.0
2026-09-05 00:31:28,31.3,65.5,0.0
2026-09-05 00:31:58,31.2,66.4,0.0
2026-09-05 00:32:28,31.2,64.4,0.0
2026-09-05 00:32:58,31.2,64.7,0.0
2026-09-05 00:33:28,31.2,65.7,0.0
2026-09-05 00:33:58,31.2,64.9,0.0
2026-09-05 00:34:28,31.3,65.1,0.0
2026-09-05 00:34:58,31.2,66.4,0.0
2026-09-05 00:35:28,31.3,67.3,0.0
2026-09-05 00:35:58,31.2,67.5,0.0
2026-09-05 00:36:28,31.2,64.0,0.0
2026-09-05 00:36:58,31.3,64.4,0.0
2026-09-05 00:37:28,31.2,66.2,0.0
2026-09-05 00:37:58,31.3,64.3,0.0
2026-09-05 00:38:28,31.2,66.2,0.0
2026-09-05 00:38:58,31.3,66.6,0.0
2026-09-05 00:39:28,31.3,65.6,0.0
2026-09-05 00:39:58,31.3,63.9,0.0
2026-09-05 00:40:28,31.3,63.7,0.0
2026-09-05 00:40:58,31.3,64.4,0.0
2026-09-05 00:41:28,31.2,64.7,0.0
2026-09-05 00:41:58,31.2,64.4,0.0
2026-09-05 00:42:28,31.3,65.5,0.0
2026-09-05 00:42:58,31.2,65.0,0.0
2026-09-05 00:43:28,31.2,64.5,0.0
2026-09-05 00:43:58,31.2,65.0,0.0
2026-09-05 00:44:28,31.2,65.2,0.0
2026-09-05 00:44:58,31.1,65.1,0.0
2026-09-05 00:45:28,31.1,65.1,0.0
2026-09-05 00:45:58,31.1,65.1,0.0
2026-09-05 00:46:28,31.1,65.1,0.0
2026-09-05 00:46:58,31.1,65.3,0.0
2026-09-05 00:47:28,31.1,64.8,0.0
2026-09-05 00:47:58,31.1,65.4,0.0
2026-09-05 00:48:28,31.1,64.8,0.0
2026-09-05 00:48:58,31.1,65.7,0.0
2026-09-05 00:49:28,31.1,67.2,0.0
2026-09-05 00:49:58,31.0,66.3,0.0
2026-09-05 00:50:28,31.1,66.3,0.0
2026-09-05 00:50:58,31.1,66.0,0.0
2026-09-05 00:51:28,31.2,65.8,0.0
2026-09-05 00:51:58,31.2,65.5,0.0
2026-09-05 00:52:28,31.3,65.2,0.0
2026-09-05 00:52:58,31.2,65.3,0.0
2026-09-05 00:53:28,31.2,65.3,0.0
2026-09-05 00:53:58,31.2,65.0,0.0
2026-09-05 00:54:28,31.2,65.6,0.0
2026-09-05 00:54:58,31.2,66.3,0.0
2026-09-05 00:55:28,31.2,65.3,0.0
2026-09-05 00:55:58,31.2,65.2,0.0
2026-09-05 00:56:28,31.2,66.3,0.0
2026-09-05 00:56:58,31.2,65.6,0.0
2026-09-05 00:57:28,31.2,65.2,0.0
2026-09-05 00:57:58,31.2,64.7,0.0
2026-09-05 00:58:28,31.2,64.7,0.0
2026-09-05 00:58:58,31.2,66.8,0.0
2026-09-05 00:59:28,31.2,67.0,0.0
2026-09-05 00:59:58,31.2,66.4,0.0
2026-09-05 01:00:28,31.2,66.5,0.0
2026-09-05 01:00:58,31.3,65.4,0.0
2026-09-05 01:01:28,31.2,64.7,0.0
2026-09-05 01:01:58,31.3,64.8,0.0
2026-09-05 01:02:28,31.2,65.1,0.0
2026-09-05 01:02:58,31.2,65.2,0.0
2026-09-05 01:03:28,31.3,66.5,0.0
2026-09-05 01:03:58,31.2,65.5,0.0
2026-09-05 01:04:28,31.2,66.4,0.0
2026-09-05 01:04:58,31.2,66.1,0.0
2026-09-05 01:05:28,31.2,65.3,0.0
2026-09-05 01:05:58,31.2,65.5,0.0
2026-09-05 01:06:28,31.2,65.4,0.0
2026-09-05 01:06:58,31.2,65.2,0.0
2026-09-05 01:07:28,31.1,65.8,0.0
2026-09-05 01:07:58,31.2,65.8,0.0
2026-09-05 01:08:28,31.1,66.3,0.0
2026-09-05 01:08:58,31.2,66.7,0.0
2026-09-05 01:09:28,31.1,66.2,0.0
2026-09-05 01:09:58,31.1,65.3,0.0
2026-09-05 01:10:28,31.1,65.8,0.0
2026-09-05 01:10:58,31.1,68.1,0.0
2026-09-05 01:11:28,31.1,66.8,0.0
2026-09-05 01:11:58,31.2,66.4,0.0
2026-09-05 01:12:28,31.1,66.3,0.0
2026-09-05 01:12:58,31.2,67.6,0.0
2026-09-05 01:13:28,31.1,66.8,0.0
2026-09-05 01:13:58,31.2,65.5,0.0
2026-09-05 01:14:28,31.1,65.8,0.0
2026-09-05 01:14:58,31.2,65.7,0.0
2026-09-05 01:15:28,31.1,65.8,0.0
2026-09-05 01:15:58,31.2,65.7,0.0
2026-09-05 01:16:28,31.1,65.5,0.0
2026-09-05 01:16:58,31.1,67.0,0.0
2026-09-05 01:17:28,31.1,66.2,0.0
2026-09-05 01:17:58,31.1,65.9,0.0
2026-09-05 01:18:28,31.1,66.3,0.0
2026-09-05 01:18:58,31.1,66.3,0.0
2026-09-05 01:19:28,31.1,66.6,0.0
2026-09-05 01:19:58,31.1,68.5,0.0
2026-09-05 01:20:28,31.1,66.5,0.0
2026-09-05 01:20:58,31.1,67.8,0.0
2026-09-05 01:21:28,31.2,67.1,0.0
2026-09-05 01:21:58,31.2,66.4,0.0
2026-09-05 01:22:28,31.2,66.7,0.0
2026-09-05 01:22:58,31.2,67.9,0.0
2026-09-05 01:23:28,31.1,68.4,0.0
2026-09-05 01:23:58,31.1,66.6,0.0
2026-09-05 01:24:28,31.2,65.7,0.0
2026-09-05 01:24:58,31.2,64.9,0.0
2026-09-05 01:25:28,31.2,67.1,0.0
2026-09-05 01:25:58,31.2,64.6,0.0
2026-09-05 01:26:28,31.2,66.0,0.0
2026-09-05 01:26:58,31.2,65.8,0.0
2026-09-05 01:27:28,31.2,65.6,0.0
2026-09-05 01:27:58,31.2,67.9,0.0
2026-09-05 01:28:28,31.1,66.1,0.0
2026-09-05 01:28:58,31.2,65.8,0.0
2026-09-05 01:29:28,31.1,65.9,0.0
2026-09-05 01:29:58,31.2,66.3,0.0
2026-09-05 01:30:28,31.1,65.7,0.0
2026-09-05 01:30:58,31.1,66.3,0.0
2026-09-05 01:31:28,31.1,66.0,0.0
2026-09-05 01:31:58,31.1,66.5,0.0
2026-09-05 01:32:28,31.1,67.0,0.0
2026-09-05 01:32:58,31.1,66.9,0.0
2026-09-05 01:33:28,31.1,65.9,0.0
2026-09-05 01:33:58,31.0,66.6,0.0
2026-09-05 01:34:28,31.0,66.5,0.0
2026-09-05 01:34:58,31.1,66.8,0.0
2026-09-05 01:35:28,31.0,65.6,0.0
2026-09-05 01:35:58,31.0,65.8,0.0
2026-09-05 01:36:28,31.0,64.7,0.0
2026-09-05 01:36:58,31.0,64.9,0.0
2026-09-05 01:37:28,31.0,66.2,0.0
2026-09-05 01:37:58,31.0,65.4,0.0
2026-09-05 01:38:28,31.0,64.6,0.0
2026-09-05 01:38:58,31.0,65.1,0.0
2026-09-05 01:39:28,31.0,65.2,0.0
2026-09-05 01:39:58,31.0,65.0,0.0
2026-09-05 01:40:28,31.0,65.3,0.0
2026-09-05 01:40:58,31.0,66.8,0.0
2026-09-05 01:41:28,31.0,66.9,0.0
2026-09-05 01:41:58,31.0,67.7,0.0
2026-09-05 01:42:28,31.0,67.0,0.0
2026-09-05 01:42:58,31.0,66.7,0.0
2026-09-05 01:43:28,31.1,65.7,0.0
2026-09-05 01:43:58,31.1,64.7,0.0
2026-09-05 01:44:28,31.1,64.7,0.0
2026-09-05 01:44:58,31.1,65.3,0.0
2026-09-05 01:45:28,31.0,65.8,0.0
2026-09-05 01:45:58,31.1,64.6,0.0
2026-09-05 01:46:28,31.0,65.8,0.0
2026-09-05 01:46:58,31.0,65.6,0.0
2026-09-05 01:47:28,31.0,65.2,0.0
2026-09-05 01:47:58,31.0,65.4,0.0
2026-09-05 01:48:28,31.0,65.3,0.0
2026-09-05 01:48:58,31.0,65.5,0.0
2026-09-05 01:49:28,31.0,65.1,0.0
2026-09-05 01:49:58,31.0,65.1,0.0
2026-09-05 01:50:28,30.9,65.6,0.0
2026-09-05 01:50:58,30.9,66.2,0.0
2026-09-05 01:51:28,30.9,66.4,0.0
2026-09-05 01:51:58,31.0,66.0,0.0
2026-09-05 01:52:28,30.9,67.7,0.0
2026-09-05 01:52:58,31.0,67.6,0.0
2026-09-05 01:53:28,30.9,67.9,0.0
2026-09-05 01:53:58,31.0,67.8,0.0
2026-09-05 01:54:28,31.0,65.5,0.0
2026-09-05 01:54:58,31.0,66.4,0.0
2026-09-05 01:55:28,31.0,66.5,0.0
2026-09-05 01:55:58,31.0,68.1,0.0
2026-09-05 01:56:28,31.1,67.7,0.0
2026-09-05 01:56:58,31.1,65.2,0.0
2026-09-05 01:57:28,31.1,66.0,0.0
2026-09-05 01:57:58,31.1,65.3,0.0
2026-09-05 01:58:28,31.1,65.6,0.0
2026-09-05 01:58:58,31.1,65.8,0.0
2026-09-05 01:59:28,31.1,65.9,0.0
2026-09-05 01:59:58,31.0,65.9,0.0
2026-09-05 02:00:28,31.1,66.0,0.0
2026-09-05 02:00:58,31.1,65.0,0.0
2026-09-05 02:01:28,31.0,65.6,0.0
2026-09-05 02:01:58,31.0,65.4,0.0
2026-09-05 02:02:28,31.0,65.9,0.0
2026-09-05 02:02:58,31.0,66.5,0.0
2026-09-05 02:03:28,31.0,68.0,0.0
2026-09-05 02:03:58,31.0,68.0,0.0
2026-09-05 02:04:28,31.1,67.5,0.0
2026-09-05 02:04:58,31.1,66.9,0.0
2026-09-05 02:05:28,31.1,67.9,0.0
2026-09-05 02:05:58,31.1,68.1,0.0
2026-09-05 02:06:28,31.1,67.1,0.0
2026-09-05 02:06:58,31.2,66.1,0.0
2026-09-05 02:07:28,31.2,66.7,0.0
2026-09-05 02:07:58,31.2,67.9,0.0
2026-09-05 02:08:28,31.1,65.6,0.0
2026-09-05 02:08:58,31.2,66.1,0.0
2026-09-05 02:09:28,31.2,66.0,0.0
2026-09-05 02:09:58,31.2,65.3,0.0
2026-09-05 02:10:28,31.1,64.6,0.0
2026-09-05 02:10:58,31.1,65.1,0.0
2026-09-05 02:11:28,31.1,64.3,0.0
2026-09-05 02:11:58,31.0,65.8,0.0
2026-09-05 02:12:28,31.0,65.6,0.0
2026-09-05 02:12:58,31.0,67.1,0.0
2026-09-05 02:13:28,31.0,67.1,0.0
2026-09-05 02:13:58,31.0,66.5,0.0
2026-09-05 02:14:28,31.0,67.4,0.0
2026-09-05 02:14:58,31.0,67.8,0.0
2026-09-05 02:15:28,31.1,65.1,0.0
2026-09-05 02:15:58,31.1,67.0,0.0
2026-09-05 02:16:28,31.1,66.6,0.0
2026-09-05 02:16:58,31.1,65.6,0.0
2026-09-05 02:17:28,31.1,65.2,0.0
2026-09-05 02:17:58,31.0,67.3,0.0
2026-09-05 02:18:28,31.1,66.4,0.0
2026-09-05 02:18:58,31.1,65.6,0.0
2026-09-05 02:19:28,31.0,65.4,0.0
2026-09-05 02:19:58,31.0,65.5,0.0
2026-09-05 02:20:28,31.0,65.6,0.0
2026-09-05 02:20:58,31.0,65.0,0.0
2026-09-05 02:21:28,30.9,65.1,0.0
2026-09-05 02:21:58,30.9,65.9,0.0
2026-09-05 02:22:28,31.0,65.5,0.0
2026-09-05 02:22:58,30.9,65.6,0.0
2026-09-05 02:23:28,31.0,65.7,0.0
2026-09-05 02:23:58,30.9,65.6,0.0
2026-09-05 02:24:28,30.9,66.8,0.0
2026-09-05 02:24:58,30.9,66.2,0.0
2026-09-05 02:25:28,31.0,65.3,0.0
2026-09-05 02:25:58,30.9,65.9,0.0
2026-09-05 02:26:28,31.0,65.3,0.0
2026-09-05 02:26:58,30.9,65.0,0.0
2026-09-05 02:27:28,31.0,65.6,0.0
2026-09-05 02:27:58,30.9,66.1,0.0
2026-09-05 02:28:28,31.0,64.8,0.0
2026-09-05 02:28:58,30.9,65.0,0.0
2026-09-05 02:29:28,30.9,64.9,0.0
2026-09-05 02:29:58,30.9,66.1,0.0
2026-09-05 02:30:28,30.9,64.4,0.0
2026-09-05 02:30:58,30.9,64.3,0.0
2026-09-05 02:31:28,30.9,65.2,0.0
2026-09-05 02:31:58,30.9,65.2,0.0
2026-09-05 02:32:28,30.9,65.0,0.0
2026-09-05 02:32:58,30.9,64.7,0.0
2026-09-05 02:33:28,30.9,64.7,0.0
2026-09-05 02:33:58,30.9,64.9,0.0
2026-09-05 02:34:28,30.9,64.8,0.0
2026-09-05 02:34:58,30.9,66.0,0.0
2026-09-05 02:35:28,30.9,65.8,0.0
2026-09-05 02:35:58,30.9,67.3,0.0
2026-09-05 02:36:28,30.9,67.4,0.0
2026-09-05 02:36:58,30.9,64.8,0.0
2026-09-05 02:37:28,30.9,66.2,0.0
2026-09-05 02:37:58,30.9,65.2,0.0
2026-09-05 02:38:28,31.0,65.4,0.0
2026-09-05 02:38:58,30.9,65.9,0.0
2026-09-05 02:39:28,31.0,65.8,0.0
2026-09-05 02:39:58,31.0,64.9,0.0
2026-09-05 02:40:28,31.0,65.1,0.0
2026-09-05 02:40:58,31.0,64.7,0.0
2026-09-05 02:41:28,31.0,65.6,0.0
2026-09-05 02:41:58,31.0,64.5,0.0
2026-09-05 02:42:28,31.0,65.4,0.0
2026-09-05 02:42:58,30.9,65.1,0.0
2026-09-05 02:43:28,31.0,65.9,0.0
2026-09-05 02:43:58,30.9,67.0,0.0
2026-09-05 02:44:28,31.0,65.4,0.0
2026-09-05 02:44:58,31.0,65.1,0.0
2026-09-05 02:45:28,31.0,65.6,0.0
2026-09-05 02:45:58,31.0,65.1,0.0
2026-09-05 02:46:28,31.0,65.4,0.0
2026-09-05 02:46:58,31.1,65.7,0.0
2026-09-05 02:47:28,31.0,64.9,0.0
2026-09-05 02:47:58,31.1,66.8,0.0
2026-09-05 02:48:28,31.1,64.0,0.0
2026-09-05 02:48:58,31.0,64.7,0.0
2026-09-05 02:49:28,31.1,64.5,0.0
2026-09-05 02:49:58,31.1,64.8,0.0
2026-09-05 02:50:28,31.0,65.6,0.0
2026-09-05 02:50:58,31.0,65.7,0.0
2026-09-05 02:51:28,31.0,65.0,0.0
2026-09-05 02:51:58,31.0,65.1,0.0
2026-09-05 02:52:28,30.9,65.0,0.0
2026-09-05 02:52:58,31.0,65.5,0.0
2026-09-05 02:53:28,31.0,66.0,0.0
2026-09-05 02:53:58,30.9,65.5,0.0
2026-09-05 02:54:28,31.0,65.1,0.0
2026-09-05 02:54:58,30.9,65.7,0.0
2026-09-05 02:55:28,30.9,66.0,0.0
2026-09-05 02:55:58,30.9,65.0,0.0
2026-09-05 02:56:28,30.9,64.8,0.0
2026-09-05 02:56:58,30.9,65.0,0.0
2026-09-05 02:57:28,30.9,65.3,0.0
2026-09-05 02:57:58,30.8,66.4,0.0
2026-09-05 02:58:28,30.8,66.3,0.0
2026-09-05 02:58:58,30.8,66.2,0.0
2026-09-05 02:59:28,30.8,65.1,0.0
2026-09-05 02:59:58,30.9,65.7,0.0
2026-09-05 03:00:28,30.8,65.5,0.0
2026-09-05 03:00:58,30.9,65.8,0.0
2026-09-05 03:01:28,30.8,65.5,0.0
2026-09-05 03:01:58,30.8,65.0,0.0
2026-09-05 03:02:28,30.8,65.6,0.0
2026-09-05 03:02:58,30.8,65.4,0.0
2026-09-05 03:03:28,30.8,66.2,0.0
2026-09-05 03:03:58,30.8,66.7,0.0
2026-09-05 03:04:28,30.8,65.5,0.0
2026-09-05 03:04:58,30.8,67.4,0.0
2026-09-05 03:05:28,30.8,66.7,0.0
2026-09-05 03:05:58,30.8,65.0,0.0
2026-09-05 03:06:28,30.8,64.7,0.0
2026-09-05 03:06:58,30.8,65.4,0.0
2026-09-05 03:07:28,30.8,65.2,0.0
2026-09-05 03:07:58,30.8,65.7,0.0
2026-09-05 03:08:28,30.8,66.4,0.0
2026-09-05 03:08:58,30.8,65.4,0.0
2026-09-05 03:09:28,30.8,66.7,0.0
2026-09-05 03:09:58,30.8,66.4,0.0
2026-09-05 03:10:28,30.8,64.8,0.0
2026-09-05 03:10:58,30.9,65.0,0.0
2026-09-05 03:11:28,30.8,65.5,0.0
2026-09-05 03:11:58,30.8,65.2,0.0
2026-09-05 03:12:28,30.8,65.9,0.0
2026-09-05 03:12:58,30.8,65.7,0.0
2026-09-05 03:13:28,30.8,66.1,0.0
2026-09-05 03:13:58,30.8,65.4,0.0
2026-09-05 03:14:28,30.8,66.8,0.0
2026-09-05 03:14:58,30.8,66.0,0.0
2026-09-05 03:15:28,30.8,66.2,0.0
2026-09-05 03:15:58,30.8,65.4,0.0
2026-09-05 03:16:28,30.8,66.9,0.0
2026-09-05 03:16:58,30.8,66.5,0.0
2026-09-05 03:17:28,30.9,64.8,0.0
2026-09-05 03:17:58,30.9,66.7,0.0
2026-09-05 03:18:28,30.9,66.6,0.0
2026-09-05 03:18:58,30.9,64.9,0.0
2026-09-05 03:19:28,30.9,65.8,0.0
2026-09-05 03:19:58,30.9,65.0,0.0
2026-09-05 03:20:28,30.9,65.3,0.0
2026-09-05 03:20:58,30.9,64.8,0.0
2026-09-05 03:21:28,30.9,64.2,0.0
2026-09-05 03:21:58,30.8,66.0,0.0
2026-09-05 03:22:28,30.9,66.9,0.0
2026-09-05 03:22:58,30.8,66.4,0.0
2026-09-05 03:23:28,30.9,66.0,0.0
2026-09-05 03:23:58,30.9,65.6,0.0
2026-09-05 03:24:28,30.9,66.5,0.0
2026-09-05 03:24:58,30.9,65.0,0.0
2026-09-05 03:25:28,30.9,66.1,0.0
2026-09-05 03:25:58,30.9,66.4,0.0
2026-09-05 03:26:28,30.9,64.8,0.0
2026-09-05 03:26:58,30.9,65.0,0.0
2026-09-05 03:27:28,31.0,65.6,0.0
2026-09-05 03:27:58,31.0,65.1,0.0
2026-09-05 03:28:28,30.9,66.2,0.0
2026-09-05 03:28:58,30.9,64.8,0.0
2026-09-05 03:29:28,30.9,66.3,0.0
2026-09-05 03:29:58,31.0,67.1,0.0
2026-09-05 03:30:28,30.9,65.7,0.0
2026-09-05 03:30:58,30.9,64.3,0.0
2026-09-05 03:31:28,30.9,64.2,0.0
2026-09-05 03:31:58,30.9,64.4,0.0
2026-09-05 03:32:28,30.9,64.6,0.0
2026-09-05 03:32:58,30.9,65.1,0.0
2026-09-05 03:33:28,30.9,65.2,0.0
2026-09-05 03:33:58,30.8,65.2,0.0
2026-09-05 03:34:28,30.8,65.2,0.0
2026-09-05 03:34:58,30.8,65.0,0.0
2026-09-05 03:35:28,30.8,64.9,0.0
2026-09-05 03:35:58,30.8,65.0,0.0
2026-09-05 03:36:28,30.8,65.8,0.0
2026-09-05 03:36:58,30.8,66.1,0.0
2026-09-05 03:37:28,30.8,66.5,0.0
2026-09-05 03:37:58,30.8,65.4,0.0
2026-09-05 03:38:28,30.7,66.4,0.0
2026-09-05 03:38:58,30.8,65.5,0.0
2026-09-05 03:39:28,30.8,66.1,0.0
2026-09-05 03:39:58,30.8,67.4,0.0
2026-09-05 03:40:28,30.8,66.6,0.0
2026-09-05 03:40:58,30.8,65.3,0.0
2026-09-05 03:41:28,30.8,65.3,0.0
2026-09-05 03:41:58,30.8,65.5,0.0
2026-09-05 03:42:28,30.7,65.9,0.0
2026-09-05 03:42:58,30.7,65.3,0.0
2026-09-05 03:43:28,30.7,65.0,0.0
2026-09-05 03:43:58,30.7,65.1,0.0
2026-09-05 03:44:28,30.6,65.1,0.0
2026-09-05 03:44:58,30.6,65.4,0.0
2026-09-05 03:45:28,30.6,66.7,0.0
2026-09-05 03:45:58,30.6,66.0,0.0
2026-09-05 03:46:28,30.7,65.4,0.0
2026-09-05 03:46:58,30.6,65.9,0.0
2026-09-05 03:47:28,30.7,66.2,0.0
2026-09-05 03:47:58,30.6,66.2,0.0
2026-09-05 03:48:28,30.7,65.1,0.0
2026-09-05 03:48:58,30.7,64.9,0.0
2026-09-05 03:49:28,30.6,65.8,0.0
2026-09-05 03:49:58,30.6,66.4,0.0
2026-09-05 03:50:28,30.7,67.1,0.0
2026-09-05 03:50:58,30.7,66.7,0.0
2026-09-05 03:51:28,30.6,66.5,0.0
2026-09-05 03:51:58,30.6,67.3,0.0
2026-09-05 03:52:28,30.6,66.3,0.0
2026-09-05 03:52:58,30.7,65.8,0.0
2026-09-05 03:53:28,30.6,66.3,0.0
2026-09-05 03:53:58,30.6,65.6,0.0
2026-09-05 03:54:28,30.6,66.0,0.0
2026-09-05 03:54:58,30.6,66.0,0.0
2026-09-05 03:55:28,30.7,66.6,0.0
2026-09-05 03:55:58,30.6,65.1,0.0
2026-09-05 03:56:28,30.6,67.1,0.0
2026-09-05 03:56:58,30.7,65.3,0.0
2026-09-05 03:57:28,30.7,65.2,0.0
2026-09-05 03:57:58,30.7,65.3,0.0
2026-09-05 03:58:28,30.6,64.9,0.0
2026-09-05 03:58:58,30.6,65.6,0.0
2026-09-05 03:59:28,30.6,67.2,0.0
2026-09-05 03:59:58,30.6,65.9,0.0
2026-09-05 04:00:28,30.6,66.5,0.0
2026-09-05 04:00:58,30.6,66.3,0.0
2026-09-05 04:01:28,30.6,66.1,0.0
2026-09-05 04:01:58,30.7,65.9,0.0
2026-09-05 04:02:28,30.7,66.2,0.0
2026-09-05 04:02:58,30.6,67.6,0.0
2026-09-05 04:03:28,30.6,67.0,0.0
2026-09-05 04:03:58,30.6,66.4,0.0
2026-09-05 04:04:28,30.6,67.3,0.0
2026-09-05 04:04:58,30.7,66.2,0.0
2026-09-05 04:05:28,30.7,65.6,0.0
2026-09-05 04:05:58,30.7,65.2,0.0
2026-09-05 04:06:28,30.6,66.1,0.0
2026-09-05 04:06:58,30.7,66.2,0.0
2026-09-05 04:07:28,30.7,65.5,0.0
2026-09-05 04:07:58,30.7,66.4,0.0
2026-09-05 04:08:28,30.7,66.0,0.0
2026-09-05 04:08:58,30.7,64.9,0.0
2026-09-05 04:09:28,30.7,64.6,0.0
2026-09-05 04:09:58,30.7,65.3,0.0
2026-09-05 04:10:28,30.6,64.4,0.0
2026-09-05 04:10:58,30.6,64.8,0.0
2026-09-05 04:11:28,30.6,65.1,0.0
2026-09-05 04:11:58,30.6,65.0,0.0
2026-09-05 04:12:28,30.6,64.6,0.0
2026-09-05 04:12:58,30.6,65.1,0.0
2026-09-05 04:13:28,30.6,65.1,0.0
2026-09-05 04:13:58,30.6,66.7,0.0
2026-09-05 04:14:28,30.5,66.5,0.0
2026-09-05 04:14:58,30.6,66.4,0.0
2026-09-05 04:15:28,30.6,66.1,0.0
2026-09-05 04:15:58,30.7,65.7,0.0
2026-09-05 04:16:28,30.6,67.2,0.0
2026-09-05 04:16:58,30.6,66.0,0.0
2026-09-05 04:17:28,30.6,65.7,0.0
2026-09-05 04:17:58,30.6,66.0,0.0
2026-09-05 04:18:28,30.6,66.3,0.0
2026-09-05 04:18:58,30.6,65.9,0.0
2026-09-05 04:19:28,30.6,65.7,0.0
2026-09-05 04:19:58,30.6,65.4,0.0
2026-09-05 04:20:28,30.6,65.7,0.0
2026-09-05 04:20:58,30.6,65.7,0.0
2026-09-05 04:21:28,30.5,65.7,0.0
2026-09-05 04:21:58,30.5,65.7,0.0
2026-09-05 04:22:28,30.5,65.7,0.0
2026-09-05 04:22:58,30.5,66.3,0.0
2026-09-05 04:23:28,30.4,66.3,0.0
2026-09-05 04:23:58,30.4,67.0,0.0
2026-09-05 04:24:28,30.4,66.8,0.0
2026-09-05 04:24:58,30.4,66.7,0.0
2026-09-05 04:25:28,30.4,66.5,0.0
2026-09-05 04:25:58,30.4,66.4,0.0
2026-09-05 04:26:28,30.5,66.5,0.0
2026-09-05 04:26:58,30.4,66.8,0.0
2026-09-05 04:27:28,30.5,66.8,0.0
2026-09-05 04:27:58,30.5,66.7,0.0
2026-09-05 04:28:28,30.5,67.9,0.0
2026-09-05 04:28:58,30.5,65.6,0.0
2026-09-05 04:29:28,30.5,66.2,0.0
2026-09-05 04:29:58,30.5,66.2,0.0
2026-09-05 04:30:28,30.5,66.4,0.0
2026-09-05 04:30:58,30.5,66.7,0.0
2026-09-05 04:31:28,30.5,66.3,0.0
2026-09-05 04:31:58,30.5,66.5,0.0
2026-09-05 04:32:28,30.5,66.6,0.0
2026-09-05 04:32:58,30.4,67.1,0.0
2026-09-05 04:33:28,30.5,66.1,0.0
2026-09-05 04:33:58,30.5,66.4,0.0
2026-09-05 04:34:28,30.5,67.3,0.0
2026-09-05 04:34:58,30.5,66.8,0.0
2026-09-05 04:35:28,30.5,67.8,0.0
2026-09-05 04:35:58,30.5,66.1,0.0
2026-09-05 04:36:28,30.5,65.8,0.0
2026-09-05 04:36:58,30.6,67.7,0.0
2026-09-05 04:37:28,30.5,66.9,0.0
2026-09-05 04:37:58,30.6,66.7,0.0
2026-09-05 04:38:28,30.6,66.1,0.0
2026-09-05 04:38:58,30.6,65.7,0.0
2026-09-05 04:39:28,30.6,65.2,0.0
2026-09-05 04:39:58,30.6,65.5,0.0
2026-09-05 04:40:28,30.5,65.8,0.0
2026-09-05 04:40:58,30.5,66.1,0.0
2026-09-05 04:41:28,30.5,65.9,0.0
2026-09-05 04:41:58,30.5,66.2,0.0
2026-09-05 04:42:28,30.5,66.5,0.0
2026-09-05 04:42:58,30.5,66.7,0.0
2026-09-05 04:43:28,30.5,66.7,0.0
2026-09-05 04:43:58,30.5,66.3,0.0
2026-09-05 04:44:28,30.6,66.1,0.0
2026-09-05 04:44:58,30.6,66.6,0.0
2026-09-05 04:45:28,30.6,67.4,0.0
2026-09-05 04:45:58,30.6,65.8,0.0
2026-09-05 04:46:28,30.6,65.5,0.0
2026-09-05 04:46:58,30.6,65.4,0.0
2026-09-05 04:47:28,30.6,65.6,0.0
2026-09-05 04:47:58,30.6,65.6,0.0
2026-09-05 04:48:28,30.5,65.4,0.0
2026-09-05 04:48:58,30.5,65.8,0.0
2026-09-05 04:49:28,30.5,65.9,0.0
2026-09-05 04:49:58,30.5,65.7,0.0
2026-09-05 04:50:28,30.5,66.3,0.0
2026-09-05 04:50:58,30.5,66.3,0.0
2026-09-05 04:51:28,30.5,66.9,0.0
2026-09-05 04:51:58,30.5,66.7,0.0
2026-09-05 04:52:28,30.5,67.0,0.0
2026-09-05 04:52:58,30.5,68.0,0.0
2026-09-05 04:53:28,30.6,66.0,0.0
2026-09-05 04:53:58,30.6,66.1,0.0
2026-09-05 04:54:28,30.6,65.8,0.0
2026-09-05 04:54:58,30.6,66.1,0.0
2026-09-05 04:55:28,30.6,66.3,0.0
2026-09-05 04:55:58,30.6,66.3,0.0
2026-09-05 04:56:28,30.6,65.8,0.0
2026-09-05 04:56:58,30.6,66.9,0.0
2026-09-05 04:57:28,30.6,67.3,0.0
2026-09-05 04:57:58,30.6,66.1,0.0
2026-09-05 04:58:28,30.6,66.1,0.0
2026-09-05 04:58:58,30.6,67.3,0.0
2026-09-05 04:59:28,30.6,65.6,0.0
2026-09-05 04:59:58,30.6,66.6,0.0
2026-09-05 05:00:28,30.6,66.1,0.0
2026-09-05 05:00:58,30.6,65.9,0.0
2026-09-05 05:01:28,30.6,65.9,0.0
2026-09-05 05:01:58,30.6,66.0,0.0
2026-09-05 05:02:28,30.6,66.0,0.0
2026-09-05 05:02:58,30.6,66.2,0.0
2026-09-05 05:03:28,30.6,65.8,0.0
2026-09-05 05:03:58,30.5,66.1,0.0
2026-09-05 05:04:28,30.6,66.4,0.0
2026-09-05 05:04:58,30.5,66.0,0.0
2026-09-05 05:05:28,30.4,66.0,0.0
2026-09-05 05:05:58,30.5,66.1,0.0
2026-09-05 05:06:28,30.5,66.3,0.0
2026-09-05 05:06:58,30.5,67.7,0.0
2026-09-05 05:07:28,30.5,66.8,0.0
2026-09-05 05:07:58,30.5,67.0,0.0
2026-09-05 05:08:28,30.5,67.1,0.0
2026-09-05 05:08:58,30.5,66.9,0.0
2026-09-05 05:09:28,30.5,66.7,0.0
2026-09-05 05:09:58,30.5,66.6,0.0
2026-09-05 05:10:28,30.5,66.7,0.0
2026-09-05 05:10:58,30.5,66.8,0.0
2026-09-05 05:11:28,30.5,66.9,0.0
2026-09-05 05:11:58,30.5,66.8,0.0
2026-09-05 05:12:28,30.5,67.0,0.0
2026-09-05 05:12:58,30.5,67.0,0.0
2026-09-05 05:13:28,30.5,67.8,0.0
2026-09-05 05:13:58,30.5,68.3,0.0
2026-09-05 05:14:28,30.6,66.3,0.0
2026-09-05 05:14:58,30.6,66.2,0.0
2026-09-05 05:15:28,30.6,65.9,0.0
2026-09-05 05:15:58,30.6,67.2,0.0
2026-09-05 05:16:28,30.5,66.8,0.0
2026-09-05 05:16:58,30.6,65.9,0.0
2026-09-05 05:17:28,30.6,66.0,0.0
2026-09-05 05:17:58,30.6,67.6,0.0
2026-09-05 05:18:28,30.6,66.3,0.0
2026-09-05 05:18:58,30.6,66.2,0.0
2026-09-05 05:19:28,30.6,66.3,0.0
2026-09-05 05:19:58,30.6,66.0,0.0
2026-09-05 05:20:28,30.6,66.1,0.0
2026-09-05 05:20:58,30.5,65.8,0.0
2026-09-05 05:21:28,30.6,65.4,0.0
2026-09-05 05:21:58,30.5,65.6,0.0
2026-09-05 05:22:28,30.5,65.9,0.0
2026-09-05 05:22:58,30.6,67.6,0.0
2026-09-05 05:23:28,30.5,65.8,0.0
2026-09-05 05:23:58,30.5,64.9,0.0
2026-09-05 05:24:28,30.5,66.5,0.0
2026-09-05 05:24:58,30.5,64.9,0.0
2026-09-05 05:25:28,30.5,65.0,0.0
2026-09-05 05:25:58,30.5,66.7,0.0
2026-09-05 05:26:28,30.5,66.5,0.0
2026-09-05 05:26:58,30.5,65.6,0.0
2026-09-05 05:27:28,30.4,65.7,0.0
2026-09-05 05:27:58,30.5,65.6,0.0
2026-09-05 05:28:28,30.5,65.8,0.0
2026-09-05 05:28:58,30.4,65.9,0.0
2026-09-05 05:29:28,30.4,66.1,0.0
2026-09-05 05:29:58,30.4,65.9,0.0
2026-09-05 05:30:28,30.4,67.1,0.0
2026-09-05 05:30:58,30.5,66.5,0.0
2026-09-05 05:31:28,30.5,66.6,0.0
2026-09-05 05:31:58,30.5,66.0,0.0
2026-09-05 05:32:28,30.4,66.1,0.0
2026-09-05 05:32:58,30.5,67.0,0.0
2026-09-05 05:33:28,30.5,66.1,0.0
2026-09-05 05:33:58,30.5,65.6,0.0
2026-09-05 05:34:28,30.5,65.2,0.0
2026-09-05 05:34:58,30.5,65.6,0.0
2026-09-05 05:35:28,30.5,65.8,0.0
2026-09-05 05:35:58,30.5,65.3,0.0
2026-09-05 05:36:28,30.5,66.1,0.0
2026-09-05 05:36:58,30.5,66.5,0.0
2026-09-05 05:37:28,30.5,66.6,0.0
2026-09-05 05:37:58,30.5,65.7,0.0
2026-09-05 05:38:28,30.5,66.2,0.0
2026-09-05 05:38:58,30.4,65.8,0.0
2026-09-05 05:39:28,30.5,65.6,0.0
2026-09-05 05:39:58,30.5,67.1,0.0
2026-09-05 05:40:28,30.5,68.2,0.0
2026-09-05 05:40:58,30.5,67.7,0.0
2026-09-05 05:41:28,30.5,67.8,0.0
2026-09-05 05:41:58,30.5,66.8,0.0
2026-09-05 05:42:28,30.6,67.4,0.8
2026-09-05 05:42:58,30.6,66.6,0.8
2026-09-05 05:43:28,30.6,65.7,0.8
2026-09-05 05:43:58,30.6,65.6,0.8
2026-09-05 05:44:28,30.6,65.6,0.8
2026-09-05 05:44:58,30.6,66.4,0.8
2026-09-05 05:45:28,30.7,65.9,0.8
2026-09-05 05:45:58,30.6,66.0,0.8
2026-09-05 05:46:28,30.6,67.4,0.8
2026-09-05 05:46:58,30.6,66.4,0.8
2026-09-05 05:47:28,30.6,66.2,0.8
2026-09-05 05:47:58,30.7,64.8,0.8
2026-09-05 05:48:28,30.6,64.8,0.8
2026-09-05 05:48:58,30.6,64.7,0.8
2026-09-05 05:49:28,30.6,64.4,0.8
2026-09-05 05:49:58,30.6,64.9,0.8
2026-09-05 05:50:28,30.5,64.9,0.8
2026-09-05 05:50:58,30.5,65.0,0.8
2026-09-05 05:51:28,30.5,65.1,0.8
2026-09-05 05:51:58,30.5,65.2,0.8
2026-09-05 05:52:28,30.5,65.4,0.8
2026-09-05 05:52:58,30.4,65.0,0.8
2026-09-05 05:53:28,30.4,65.9,0.8
2026-09-05 05:53:58,30.4,65.8,0.8
2026-09-05 05:54:28,30.4,66.6,1.7
2026-09-05 05:54:58,30.3,66.6,1.7
2026-09-05 05:55:28,30.3,66.3,1.7
2026-09-05 05:55:58,30.4,65.8,1.7
2026-09-05 05:56:28,30.5,66.0,1.7
2026-09-05 05:56:58,30.4,66.2,1.7
2026-09-05 05:57:28,30.4,65.9,1.7
2026-09-05 05:57:58,30.4,66.2,1.7
2026-09-05 05:58:28,30.3,65.8,1.7
2026-09-05 05:58:58,30.4,65.6,1.7
2026-09-05 05:59:28,30.3,65.9,1.7
2026-09-05 05:59:58,30.3,65.5,1.7
2026-09-05 06:00:28,30.3,65.5,1.7
2026-09-05 06:00:58,30.3,65.6,1.7
2026-09-05 06:01:28,30.3,65.8,1.7
2026-09-05 06:01:58,30.2,65.8,1.7
2026-09-05 06:02:28,30.3,66.0,1.7
2026-09-05 06:02:58,30.3,66.0,2.5
2026-09-05 06:03:28,30.3,65.7,2.5
2026-09-05 06:03:58,30.3,66.0,2.5
2026-09-05 06:04:28,30.2,66.2,3.3
2026-09-05 06:04:58,30.2,66.3,5.0
2026-09-05 06:05:28,30.2,66.7,5.8
2026-09-05 06:05:58,30.2,67.3,5.8
2026-09-05 06:06:28,30.3,67.2,6.7
2026-09-05 06:06:58,30.4,66.9,7.5
2026-09-05 06:07:28,30.3,67.4,7.5
2026-09-05 06:07:58,30.3,67.1,8.3
2026-09-05 06:08:28,30.4,66.9,8.3
2026-09-05 06:08:58,30.3,66.5,9.2
2026-09-05 06:09:28,30.4,66.5,9.2
2026-09-05 06:09:58,30.4,66.8,9.2
2026-09-05 06:10:28,30.3,66.8,10.0
2026-09-05 06:10:58,30.3,67.0,10.0
2026-09-05 06:11:28,30.3,67.1,10.0
2026-09-05 06:11:58,30.3,67.1,10.0
2026-09-05 06:12:28,30.3,67.2,10.8
2026-09-05 06:12:58,30.2,67.2,10.8
2026-09-05 06:13:28,30.2,67.2,10.8
2026-09-05 06:13:58,30.2,67.4,10.8
2026-09-05 06:14:28,30.3,67.6,11.7
2026-09-05 06:14:58,30.2,68.1,10.0
2026-09-05 06:15:28,30.1,68.2,11.7
2026-09-05 06:15:58,30.2,68.6,11.7
2026-09-05 06:16:28,30.1,69.1,11.7
2026-09-05 06:16:58,30.2,68.8,12.5
2026-09-05 06:17:28,30.2,69.1,12.5
2026-09-05 06:17:58,30.2,68.1,12.5
2026-09-05 06:18:28,30.2,68.1,13.3
2026-09-05 06:18:58,30.3,68.9,13.3
2026-09-05 06:19:28,30.3,68.4,13.3
2026-09-05 06:19:58,30.2,68.4,13.3
2026-09-05 06:20:28,30.2,68.7,14.2
2026-09-05 06:20:58,30.2,68.4,14.2
2026-09-05 06:21:28,30.2,68.8,14.2
2026-09-05 06:21:58,30.2,68.5,14.2
2026-09-05 06:22:28,30.2,68.5,14.2
2026-09-05 06:22:58,30.1,68.6,14.2
2026-09-05 06:23:28,30.1,68.6,13.3
2026-09-05 06:23:58,30.1,68.6,13.3
2026-09-05 06:24:28,30.0,68.5,12.5
2026-09-05 06:24:58,30.1,68.6,11.7
2026-09-05 06:25:28,30.1,69.1,11.7
2026-09-05 06:25:58,30.0,69.0,10.8
2026-09-05 06:26:28,30.1,69.5,10.8
2026-09-05 06:26:58,30.1,69.3,10.0
2026-09-05 06:27:28,30.1,69.1,10.0
2026-09-05 06:27:58,30.2,69.3,10.0
2026-09-05 06:28:28,30.2,69.4,10.0
2026-09-05 06:28:58,30.2,68.9,10.0
2026-09-05 06:29:28,30.3,68.8,10.8
2026-09-05 06:29:58,30.2,68.8,11.7
2026-09-05 06:30:28,30.2,69.0,12.5
2026-09-05 06:30:58,30.2,68.8,13.3
2026-09-05 06:31:28,30.1,68.7,13.3
2026-09-05 06:31:58,30.1,68.8,14.2
2026-09-05 06:32:28,30.1,68.9,14.2
2026-09-05 06:32:58,30.0,69.0,14.2
2026-09-05 06:33:28,30.0,69.1,14.2
2026-09-05 06:33:58,30.0,69.2,14.2
2026-09-05 06:34:28,30.0,69.3,14.2
2026-09-05 06:34:58,30.0,69.8,13.3
2026-09-05 06:35:28,30.0,69.5,13.3
2026-09-05 06:35:58,30.0,70.0,14.2
2026-09-05 06:36:28,30.0,69.9,13.3
2026-09-05 06:36:58,30.0,70.4,14.2
2026-09-05 06:37:28,30.0,69.8,14.2
2026-09-05 06:37:58,30.0,69.3,15.0
2026-09-05 06:38:28,30.1,69.1,15.0
2026-09-05 06:38:58,30.2,69.0,15.8
2026-09-05 06:39:28,30.1,68.9,15.8
2026-09-05 06:39:58,30.2,69.3,15.8
2026-09-05 06:40:28,30.1,69.1,15.8
2026-09-05 06:40:58,30.1,69.0,15.8
2026-09-05 06:41:28,30.1,69.5,15.0
2026-09-05 06:41:58,30.0,69.4,14.2
2026-09-05 06:42:28,30.1,69.2,14.2
2026-09-05 06:42:58,30.0,69.0,14.2
2026-09-05 06:43:28,30.0,69.3,13.3
2026-09-05 06:43:58,30.0,69.9,13.3
2026-09-05 06:44:28,30.0,69.8,13.3
2026-09-05 06:44:58,30.1,69.9,13.3
2026-09-05 06:45:28,30.0,70.0,13.3
2026-09-05 06:45:58,30.0,70.3,22.5
2026-09-05 06:46:28,30.0,70.4,22.5
2026-09-05 06:46:58,30.0,70.1,22.5
2026-09-05 06:47:28,29.9,69.9,23.3
2026-09-05 06:47:58,30.0,69.8,24.2
2026-09-05 06:48:28,29.9,69.8,25.8
2026-09-05 06:48:58,29.9,69.9,27.5
2026-09-05 06:49:28,29.9,70.5,28.3
2026-09-05 06:49:58,30.0,70.2,30.0
2026-09-05 06:50:28,30.0,70.3,30.8
2026-09-05 06:50:58,30.0,70.2,31.7
2026-09-05 06:51:28,30.0,70.8,32.5
2026-09-05 06:51:58,30.1,71.7,33.3
2026-09-05 06:52:28,30.1,71.3,34.2
2026-09-05 06:52:58,30.1,70.0,35.0
2026-09-05 06:53:28,30.1,68.9,35.8
2026-09-05 06:53:58,30.2,68.9,36.7
2026-09-05 06:54:28,30.1,69.1,37.5
2026-09-05 06:54:58,30.2,69.4,38.3
2026-09-05 06:55:28,30.1,70.4,40.0
2026-09-05 06:55:58,30.3,69.4,40.8
2026-09-05 06:56:28,30.1,69.0,41.7
2026-09-05 06:56:58,30.2,70.6,42.5
2026-09-05 06:57:28,30.2,69.8,42.5
2026-09-05 06:57:58,30.3,69.0,42.5
2026-09-05 06:58:28,30.3,70.3,43.3
2026-09-05 06:58:58,30.3,70.6,44.2
2026-09-05 06:59:28,30.3,68.7,45.8
2026-09-05 06:59:58,30.4,68.9,46.7
2026-09-05 07:00:28,30.4,70.8,48.3
2026-09-05 07:00:58,30.4,69.3,49.2
2026-09-05 07:01:28,30.5,69.2,50.8
2026-09-05 07:01:58,30.5,68.8,51.7
2026-09-05 07:02:28,30.5,70.2,52.5
2026-09-05 07:02:58,30.5,69.7,55.0
2026-09-05 07:03:28,30.6,69.3,55.8
2026-09-05 07:03:58,30.6,68.7,57.5
2026-09-05 07:04:28,30.6,68.1,58.3
2026-09-05 07:04:58,30.6,69.7,59.2
2026-09-05 07:05:28,30.6,68.3,59.2
2026-09-05 07:05:58,30.6,68.2,59.2
2026-09-05 07:06:28,30.7,68.4,58.3
2026-09-05 07:06:58,30.6,68.3,57.5
2026-09-05 07:07:28,30.6,67.8,55.8
2026-09-05 07:07:58,30.6,67.3,52.5
2026-09-05 07:08:28,30.6,68.0,40.0
2026-09-05 07:08:58,30.6,67.2,39.2
2026-09-05 07:09:28,30.6,67.4,35.8
2026-09-05 07:09:58,30.7,69.0,33.3
2026-09-05 07:10:28,30.6,67.5,32.5
2026-09-05 07:10:58,30.6,67.4,32.5
2026-09-05 07:11:28,30.6,67.6,32.5
2026-09-05 07:11:58,30.6,69.8,33.3
2026-09-05 07:12:28,30.7,68.0,35.0
2026-09-05 07:12:58,30.6,66.9,39.2
2026-09-05 07:13:28,30.6,67.0,42.5
2026-09-05 07:13:58,30.6,67.2,45.8
2026-09-05 07:14:28,30.7,66.2,45.8
2026-09-05 07:14:58,30.6,65.7,45.0
2026-09-05 07:15:28,30.6,66.1,42.5
2026-09-05 07:15:58,30.6,65.7,40.0
2026-09-05 07:16:28,30.6,66.0,37.5
2026-09-05 07:16:58,30.6,66.3,35.0
2026-09-05 07:17:28,30.5,67.6,33.3
2026-09-05 07:17:58,30.5,67.3,31.7
2026-09-05 07:18:28,30.5,66.6,29.2
2026-09-05 07:18:58,30.4,66.8,27.5
2026-09-05 07:19:28,30.5,66.2,25.8
2026-09-05 07:19:58,30.5,66.2,24.2
2026-09-05 07:20:28,30.4,66.4,23.3
2026-09-05 07:20:58,30.4,69.6,22.5
2026-09-05 07:21:28,30.4,70.1,22.5
2026-09-05 07:21:58,30.5,69.2,21.7
2026-09-05 07:22:28,30.5,69.1,21.7
2026-09-05 07:22:58,30.5,70.1,21.7
2026-09-05 07:23:28,30.5,69.9,20.8
2026-09-05 07:23:58,30.5,70.2,20.8
2026-09-05 07:24:28,30.6,68.1,20.8
2026-09-05 07:24:58,30.7,67.5,21.7
2026-09-05 07:25:28,30.7,66.3,20.8
2026-09-05 07:25:58,30.7,65.6,20.8
2026-09-05 07:26:28,30.6,66.3,20.0
2026-09-05 07:26:58,30.5,68.7,20.0
2026-09-05 07:27:28,30.6,68.5,20.0
2026-09-05 07:27:58,30.5,68.8,20.8
2026-09-05 07:28:28,30.6,69.3,22.5
2026-09-05 07:28:58,30.6,69.5,23.3
2026-09-05 07:29:28,30.5,69.9,24.2
2026-09-05 07:29:58,30.6,68.8,24.2
2026-09-05 07:30:28,30.5,69.1,24.2
2026-09-05 07:30:58,30.5,69.8,24.2
2026-09-05 07:31:28,30.5,69.2,24.2
2026-09-05 07:31:58,30.5,69.6,24.2
2026-09-05 07:32:28,30.5,69.5,25.0
2026-09-05 07:32:58,30.5,69.1,25.8
2026-09-05 07:33:28,30.5,68.8,26.7
2026-09-05 07:33:58,30.6,69.0,26.7
2026-09-05 07:34:28,30.6,70.4,26.7
2026-09-05 07:34:58,30.5,70.4,27.5
2026-09-05 07:35:28,30.6,69.7,27.5
2026-09-05 07:35:58,30.7,68.9,27.5
2026-09-05 07:36:28,30.6,68.4,26.7
2026-09-05 07:36:58,30.7,68.0,26.7
2026-09-05 07:37:28,30.6,69.7,26.7
2026-09-05 07:37:58,30.7,69.7,26.7
2026-09-05 07:38:28,30.7,69.0,26.7
2026-09-05 07:38:58,30.7,67.9,27.5
2026-09-05 07:39:28,30.7,69.7,28.3
2026-09-05 07:39:58,30.7,68.7,29.2
2026-09-05 07:40:28,30.7,67.8,30.0
2026-09-05 07:40:58,30.7,68.0,29.2
2026-09-05 07:41:28,30.7,67.5,28.3
2026-09-05 07:41:58,30.7,69.8,26.7
2026-09-05 07:42:28,30.6,70.5,23.3
2026-09-05 07:42:58,30.7,70.2,21.7
2026-09-05 07:43:28,30.7,70.8,20.8
2026-09-05 07:43:58,30.7,70.4,20.0
2026-09-05 07:44:28,30.7,69.5,20.0
2026-09-05 07:44:58,30.8,69.3,21.7
2026-09-05 07:45:28,30.8,68.9,23.3
2026-09-05 07:45:58,30.7,68.4,25.8
2026-09-05 07:46:28,30.8,67.9,27.5
2026-09-05 07:46:58,30.8,67.6,29.2
2026-09-05 07:47:28,30.7,67.6,30.0
2026-09-05 07:47:58,30.7,67.5,30.0
2026-09-05 07:48:28,30.6,69.9,30.0
2026-09-05 07:48:58,30.7,68.3,30.0
2026-09-05 07:49:28,30.6,67.7,30.8
2026-09-05 07:49:58,30.6,69.1,32.5
2026-09-05 07:50:28,30.6,68.7,35.0
2026-09-05 07:50:58,30.6,69.6,36.7
2026-09-05 07:51:28,30.7,68.2,37.5
2026-09-05 07:51:58,30.6,68.0,37.5
2026-09-05 07:52:28,30.6,69.5,38.3
2026-09-05 07:52:58,30.6,70.3,39.2
2026-09-05 07:53:28,30.6,68.5,40.0
2026-09-05 07:53:58,30.7,68.3,40.0
2026-09-05 07:54:28,30.6,69.1,39.2
2026-09-05 07:54:58,30.6,67.5,37.5
2026-09-05 07:55:28,30.6,66.6,35.8
2026-09-05 07:55:58,30.5,66.9,35.0
2026-09-05 07:56:28,30.6,67.0,32.5
2026-09-05 07:56:58,30.6,67.2,31.7
2026-09-05 07:57:28,30.5,66.9,30.8
2026-09-05 07:57:58,30.5,66.7,30.0
2026-09-05 07:58:28,30.5,68.4,30.8
2026-09-05 07:58:58,30.5,67.7,33.3
2026-09-05 07:59:28,30.5,69.4,37.5
2026-09-05 07:59:58,30.5,69.5,40.8
2026-09-05 08:00:28,30.5,68.8,43.3
2026-09-05 08:00:58,30.5,70.6,45.8
2026-09-05 08:01:28,30.5,69.8,46.7
2026-09-05 08:01:58,30.5,69.9,50.8
2026-09-05 08:02:28,30.6,69.9,55.0
2026-09-05 08:02:58,30.6,68.3,57.5
2026-09-05 08:03:28,30.7,68.1,60.8
2026-09-05 08:03:58,30.7,67.5,63.3
2026-09-05 08:04:28,30.6,67.7,63.3
2026-09-05 08:04:58,30.7,67.9,60.8
2026-09-05 08:05:28,30.7,68.9,58.3
2026-09-05 08:05:58,30.7,67.8,56.7
2026-09-05 08:06:28,30.7,68.1,52.5
2026-09-05 08:06:58,30.6,66.0,50.8
2026-09-05 08:07:28,30.6,66.1,49.2
2026-09-05 08:07:58,30.6,68.3,46.7
2026-09-05 08:08:28,30.6,67.7,45.0
2026-09-05 08:08:58,30.6,67.6,43.3
2026-09-05 08:09:28,30.6,67.7,41.7
2026-09-05 08:09:58,30.6,67.5,40.8
2026-09-05 08:10:28,30.6,68.1,40.0
2026-09-05 08:10:58,30.6,67.9,40.8
2026-09-05 08:11:28,30.7,68.2,40.8
2026-09-05 08:11:58,30.6,69.6,40.8
2026-09-05 08:12:28,30.6,69.3,40.8
2026-09-05 08:12:58,30.7,66.9,40.0
2026-09-05 08:13:28,30.7,68.3,38.3
2026-09-05 08:13:58,30.7,69.0,37.5
2026-09-05 08:14:28,30.7,66.4,35.8
2026-09-05 08:14:58,30.7,65.9,35.0
2026-09-05 08:15:28,30.6,65.8,33.3
2026-09-05 08:15:58,30.6,65.8,32.5
2026-09-05 08:16:28,30.6,66.6,32.5
2026-09-05 08:16:58,30.5,66.3,32.5
2026-09-05 08:17:28,30.5,67.6,34.2
2026-09-05 08:17:58,30.5,67.9,36.7
2026-09-05 08:18:28,30.5,67.8,40.0
2026-09-05 08:18:58,30.5,69.1,42.5
2026-09-05 08:19:28,30.5,68.4,44.2
2026-09-05 08:19:58,30.5,68.6,41.7
2026-09-05 08:20:28,30.6,67.6,40.0
2026-09-05 08:20:58,30.5,66.4,40.0
2026-09-05 08:21:28,30.6,67.8,40.0
2026-09-05 08:21:58,30.6,67.9,40.0
2026-09-05 08:22:28,30.6,66.6,38.3
2026-09-05 08:22:58,30.6,67.1,37.5
2026-09-05 08:23:28,30.5,66.4,36.7
2026-09-05 08:23:58,30.5,67.0,35.8
2026-09-05 08:24:28,30.5,68.8,35.0
2026-09-05 08:24:58,30.5,68.2,35.0
2026-09-05 08:25:28,30.5,67.5,35.0
2026-09-05 08:25:58,30.5,69.2,33.3
2026-09-05 08:26:28,30.6,69.6,31.7
2026-09-05 08:26:58,30.5,69.2,30.0
2026-09-05 08:27:28,30.5,67.6,29.2
2026-09-05 08:27:58,30.5,67.4,30.0
2026-09-05 08:28:28,30.5,68.1,31.7
2026-09-05 08:28:58,30.5,67.6,33.3
2026-09-05 08:29:28,30.5,67.5,34.2
2026-09-05 08:29:58,30.5,68.0,35.0
2026-09-05 08:30:28,30.5,69.4,35.0
2026-09-05 08:30:58,30.5,68.8,35.0
2026-09-05 08:31:28,30.5,68.3,35.8
2026-09-05 08:31:58,30.5,67.7,35.0
2026-09-05 08:32:28,30.5,67.7,33.3
2026-09-05 08:32:58,30.5,67.9,32.5
2026-09-05 08:33:28,30.5,69.4,31.7
2026-09-05 08:33:58,30.5,69.4,32.5
2026-09-05 08:34:28,30.5,69.8,35.0
2026-09-05 08:34:58,30.5,68.8,39.2
2026-09-05 08:35:28,30.5,69.7,44.2
2026-09-05 08:35:58,30.6,69.3,49.2
2026-09-05 08:36:28,30.6,68.6,52.5
2026-09-05 08:36:58,30.6,69.1,55.8
2026-09-05 08:37:28,30.6,69.5,56.7
2026-09-05 08:37:58,30.6,69.0,60.0
2026-09-05 08:38:28,30.6,68.4,61.7
2026-09-05 08:38:58,30.7,68.6,65.0
2026-09-05 08:39:28,30.6,69.3,65.8
2026-09-05 08:39:58,30.6,70.1,65.0
2026-09-05 08:40:28,30.7,67.5,63.3
2026-09-05 08:40:58,30.6,69.1,61.7
2026-09-05 08:41:28,30.7,68.9,61.7
2026-09-05 08:41:58,30.7,69.1,63.3
2026-09-05 08:42:28,30.7,69.8,65.8
2026-09-05 08:42:58,30.7,68.4,68.3
2026-09-05 08:43:28,30.7,67.3,70.8
2026-09-05 08:43:58,30.7,67.1,73.3
2026-09-05 08:44:28,30.7,67.2,75.8
2026-09-05 08:44:58,30.6,69.6,78.3
2026-09-05 08:45:28,30.7,69.7,82.5
2026-09-05 08:45:58,30.7,68.8,87.5
2026-09-05 08:46:28,30.7,69.1,94.2
2026-09-05 08:46:58,30.7,69.6,99.2
2026-09-05 08:47:28,30.7,69.8,102.5
2026-09-05 08:47:58,30.7,69.7,102.5
2026-09-05 08:48:28,30.7,68.2,100.0
2026-09-05 08:48:58,30.8,68.3,95.0
2026-09-05 08:49:28,30.7,67.9,88.3
2026-09-05 08:49:58,30.8,68.3,82.5
2026-09-05 08:50:28,30.7,67.9,76.7
2026-09-05 08:50:58,30.8,68.6,74.2
2026-09-05 08:51:28,30.7,68.8,73.3
2026-09-05 08:51:58,30.8,68.1,75.8
2026-09-05 08:52:28,30.7,67.9,78.3
2026-09-05 08:52:58,30.8,68.9,83.3
2026-09-05 08:53:28,30.8,68.2,91.7
2026-09-05 08:53:58,30.8,68.5,100.8
2026-09-05 08:54:28,30.8,68.1,110.0
2026-09-05 08:54:58,30.9,68.0,116.7
2026-09-05 08:55:28,30.9,67.6,123.3
2026-09-05 08:55:58,30.8,68.4,128.3
2026-09-05 08:56:28,30.9,69.0,132.5
2026-09-05 08:56:58,30.9,69.3,136.7
2026-09-05 08:57:28,30.9,69.4,140.0
2026-09-05 08:57:58,31.0,69.2,141.7
2026-09-05 08:58:28,31.0,69.1,142.5
2026-09-05 08:58:58,30.9,67.9,141.7
2026-09-05 08:59:28,30.9,67.3,140.8
2026-09-05 08:59:58,30.9,67.1,140.8
2026-09-05 09:00:28,31.0,67.2,140.8
2026-09-05 09:00:58,30.9,69.3,139.2
2026-09-05 09:01:28,30.9,69.4,134.2
2026-09-05 09:01:58,31.0,68.9,128.3
2026-09-05 09:02:28,31.0,67.8,122.5
2026-09-05 09:02:58,30.9,68.6,115.8
2026-09-05 09:03:28,31.0,68.3,113.3
2026-09-05 09:03:58,31.0,68.9,110.8
2026-09-05 09:04:28,31.0,67.6,110.8
2026-09-05 09:04:58,31.0,68.1,110.0
2026-09-05 09:05:28,30.9,69.3,108.3
2026-09-05 09:05:58,31.0,68.4,105.0
2026-09-05 09:06:28,31.0,66.8,105.0
2026-09-05 09:06:58,31.0,66.7,104.2
2026-09-05 09:07:28,31.0,67.0,105.0
2026-09-05 09:07:58,30.9,66.7,105.0
2026-09-05 09:08:28,30.9,66.9,108.3
2026-09-05 09:08:58,30.8,67.2,110.8
2026-09-05 09:09:28,30.9,69.1,112.5
2026-09-05 09:09:58,30.8,67.3,114.2
2026-09-05 09:10:28,30.8,68.9,115.8
2026-09-05 09:10:58,30.8,68.3,118.3
2026-09-05 09:11:28,30.8,68.3,121.7
2026-09-05 09:11:58,30.9,68.4,123.3
2026-09-05 09:12:28,30.9,67.6,127.5
2026-09-05 09:12:58,30.8,67.1,131.7
2026-09-05 09:13:28,30.8,67.1,138.3
2026-09-05 09:13:58,30.9,67.1,144.2
2026-09-05 09:14:28,30.8,67.1,145.0
2026-09-05 09:14:58,30.8,67.2,145.8
2026-09-05 09:15:28,30.8,67.9,145.0
2026-09-05 09:15:58,30.8,69.5,142.5
2026-09-05 09:16:28,30.8,68.8,140.8
2026-09-05 09:16:58,30.8,68.6,134.2
2026-09-05 09:17:28,30.8,69.4,125.8
2026-09-05 09:17:58,30.8,68.3,123.3
2026-09-05 09:18:28,30.9,69.4,110.0
2026-09-05 09:18:58,30.9,69.3,98.3
2026-09-05 09:19:28,30.9,67.9,92.5
2026-09-05 09:19:58,30.9,68.6,85.8
2026-09-05 09:20:28,30.9,68.6,82.5
2026-09-05 09:20:58,31.0,67.7,79.2
2026-09-05 09:21:28,31.0,66.7,75.8
2026-09-05 09:21:58,30.9,68.8,73.3
2026-09-05 09:22:28,31.0,68.9,71.7
2026-09-05 09:22:58,30.9,69.2,70.0
2026-09-05 09:23:28,31.0,68.8,68.3
2026-09-05 09:23:58,30.9,68.0,66.7
2026-09-05 09:24:28,31.0,69.0,65.8
2026-09-05 09:24:58,30.9,67.9,65.0
2026-09-05 09:25:28,31.0,68.8,64.2
2026-09-05 09:25:58,31.0,68.3,63.3
2026-09-05 09:26:28,31.0,67.8,62.5
2026-09-05 09:26:58,31.0,68.6,62.5
2026-09-05 09:27:28,31.0,69.1,61.7
2026-09-05 09:27:58,31.0,69.2,61.7
2026-09-05 09:28:28,31.0,69.0,60.8
2026-09-05 09:28:58,31.0,67.8,62.5
2026-09-05 09:29:28,31.0,68.6,64.2
2026-09-05 09:29:58,31.0,69.0,65.8
2026-09-05 09:30:28,31.0,69.5,67.5
2026-09-05 09:30:58,31.0,69.5,69.2
2026-09-05 09:31:28,31.0,69.3,70.0
2026-09-05 09:31:58,31.0,69.5,70.8
2026-09-05 09:32:28,31.0,69.4,70.8
2026-09-05 09:32:58,31.0,68.8,70.8
2026-09-05 09:33:28,31.0,67.6,70.8
2026-09-05 09:33:58,31.0,68.2,70.0
2026-09-05 09:34:28,31.0,68.7,70.0
2026-09-05 09:34:58,31.0,68.9,69.2
2026-09-05 09:35:28,31.0,68.8,69.2
2026-09-05 09:35:58,31.0,69.0,69.2
2026-09-05 09:36:28,31.0,68.7,69.2
2026-09-05 09:36:58,31.0,68.4,70.0
2026-09-05 09:37:28,30.9,68.8,72.5
2026-09-05 09:37:58,31.0,69.0,73.3
2026-09-05 09:38:28,31.0,68.2,73.3
2026-09-05 09:38:58,31.0,68.0,73.3
2026-09-05 09:39:28,31.0,67.4,72.5
2026-09-05 09:39:58,30.9,68.9,71.7
2026-09-05 09:40:28,31.0,68.8,70.0
2026-09-05 09:40:58,31.0,69.0,68.3
2026-09-05 09:41:28,31.0,68.9,67.5
2026-09-05 09:41:58,31.0,69.5,65.8
2026-09-05 09:42:28,31.0,69.5,65.8
2026-09-05 09:42:58,31.0,69.5,65.8
2026-09-05 09:43:28,31.0,69.4,65.8
2026-09-05 09:43:58,31.0,68.9,66.7
2026-09-05 09:44:28,31.0,68.8,66.7
2026-09-05 09:44:58,31.0,69.1,66.7
2026-09-05 09:45:28,31.0,69.4,66.7
2026-09-05 09:45:58,31.1,69.2,67.5
2026-09-05 09:46:28,31.0,68.9,68.3
2026-09-05 09:46:58,31.0,69.6,69.2
2026-09-05 09:47:28,31.1,69.3,70.0
2026-09-05 09:47:58,31.1,69.3,70.0
2026-09-05 09:48:28,31.0,68.8,71.7
2026-09-05 09:48:58,31.1,69.2,74.2
2026-09-05 09:49:28,31.1,68.8,76.7
2026-09-05 09:49:58,31.0,68.4,80.0
2026-09-05 09:50:28,31.0,68.9,84.2
2026-09-05 09:50:58,31.0,69.4,87.5
2026-09-05 09:51:28,31.0,68.9,90.0
2026-09-05 09:51:58,31.0,69.1,91.7
2026-09-05 09:52:28,31.0,69.0,93.3
2026-09-05 09:52:58,30.9,69.3,94.2
2026-09-05 09:53:28,31.0,69.0,95.0
2026-09-05 09:53:58,31.0,68.9,96.7
2026-09-05 09:54:28,31.0,68.2,97.5
2026-09-05 09:54:58,30.9,69.5,97.5
2026-09-05 09:55:28,31.0,68.8,97.5
2026-09-05 09:55:58,30.9,69.0,96.7
2026-09-05 09:56:28,31.0,68.6,95.8
2026-09-05 09:56:58,30.9,68.0,95.0
2026-09-05 09:57:28,30.9,67.3,93.3
2026-09-05 09:57:58,30.9,68.0,91.7
2026-09-05 09:58:28,30.9,68.9,90.0
2026-09-05 09:58:58,30.9,68.7,87.5
2026-09-05 09:59:28,30.9,68.0,86.7
2026-09-05 09:59:58,30.9,68.3,85.0
2026-09-05 10:00:28,30.9,69.1,84.2
2026-09-05 10:00:58,30.9,68.3,83.3
2026-09-05 10:01:28,30.9,69.5,82.5
2026-09-05 10:01:58,30.9,68.8,82.5
2026-09-05 10:02:28,30.9,68.3,82.5
2026-09-05 10:02:58,30.9,69.4,83.3
2026-09-05 10:03:28,30.9,68.7,84.2
2026-09-05 10:03:58,31.0,67.7,85.0
2026-09-05 10:04:28,30.9,67.4,85.8
2026-09-05 10:04:58,30.9,68.5,86.7
2026-09-05 10:05:28,30.9,68.7,87.5
2026-09-05 10:05:58,30.8,67.8,88.3
2026-09-05 10:06:28,30.8,68.8,90.0
2026-09-05 10:06:58,30.8,68.0,90.0
2026-09-05 10:07:28,30.7,69.0,90.0
2026-09-05 10:07:58,30.7,69.5,89.2
2026-09-05 10:08:28,30.7,69.6,88.3
2026-09-05 10:08:58,30.8,69.4,86.7
2026-09-05 10:09:28,30.7,69.5,85.8
2026-09-05 10:09:58,30.8,69.1,85.0
2026-09-05 10:10:28,30.8,68.8,84.2
2026-09-05 10:10:58,30.8,68.3,83.3
2026-09-05 10:11:28,30.7,68.5,83.3
2026-09-05 10:11:58,30.8,68.5,81.7
2026-09-05 10:12:28,30.7,68.2,83.3
2026-09-05 10:12:58,30.7,68.9,85.0
2026-09-05 10:13:28,30.7,67.7,88.3
2026-09-05 10:13:58,30.7,68.0,90.8
2026-09-05 10:14:28,30.7,68.1,91.7
2026-09-05 10:14:58,30.7,68.6,93.3
2026-09-05 10:15:28,30.7,69.0,93.3
2026-09-05 10:15:58,30.6,69.2,92.5
2026-09-05 10:16:28,30.7,69.0,93.3
2026-09-05 10:16:58,30.6,69.5,93.3
2026-09-05 10:17:28,30.6,68.3,93.3
2026-09-05 10:17:58,30.6,68.3,92.5
2026-09-05 10:18:28,30.6,69.5,91.7
2026-09-05 10:18:58,30.5,69.3,90.0
2026-09-05 10:19:28,30.6,68.6,88.3
2026-09-05 10:19:58,30.5,68.6,90.0
2026-09-05 10:20:28,30.6,68.9,95.0
2026-09-05 10:20:58,30.5,70.1,94.2
2026-09-05 10:21:28,30.6,69.0,95.0
2026-09-05 10:21:58,30.5,69.1,95.0
2026-09-05 10:22:28,30.6,69.5,94.2
2026-09-05 10:22:58,30.6,69.5,92.5
2026-09-05 10:23:28,30.6,69.0,93.3
2026-09-05 10:23:58,30.6,69.6,97.5
2026-09-05 10:24:28,30.6,68.8,101.7
2026-09-05 10:24:58,30.6,68.9,105.0
2026-09-05 10:25:28,30.6,68.5,108.3
2026-09-05 10:25:58,30.6,68.4,104.2
2026-09-05 10:26:28,30.6,68.3,100.8
2026-09-05 10:26:58,30.6,68.9,99.2
2026-09-05 10:27:28,30.6,68.4,100.8
2026-09-05 10:27:58,30.5,69.1,103.3
2026-09-05 10:28:28,30.5,68.0,105.8
2026-09-05 10:28:58,30.5,68.9,110.8
2026-09-05 10:29:28,30.5,68.7,114.2
2026-09-05 10:29:58,30.6,69.1,115.8
2026-09-05 10:30:28,30.6,68.3,116.7
2026-09-05 10:30:58,30.5,67.6,119.2
2026-09-05 10:31:28,30.6,68.3,123.3
2026-09-05 10:31:58,30.6,67.9,128.3
2026-09-05 10:32:28,30.5,67.8,131.7
2026-09-05 10:32:58,30.6,68.4,136.7
2026-09-05 10:33:28,30.5,69.5,141.7
2026-09-05 10:33:58,30.5,69.1,146.7
2026-09-05 10:34:28,30.6,69.2,149.2
2026-09-05 10:34:58,30.6,68.0,150.8
2026-09-05 10:35:28,30.6,69.0,152.5
2026-09-05 10:35:58,30.6,68.7,155.0
2026-09-05 10:36:28,30.6,68.7,157.5
2026-09-05 10:36:58,30.6,68.1,164.2
2026-09-05 10:37:28,30.6,68.1,167.5
2026-09-05 10:37:58,30.7,68.2,169.2
2026-09-05 10:38:28,30.6,68.3,171.7
2026-09-05 10:38:58,30.6,68.7,175.0
2026-09-05 10:39:28,30.7,68.6,174.2
2026-09-05 10:39:58,30.6,68.7,171.7
2026-09-05 10:40:28,30.6,68.7,170.8
2026-09-05 10:40:58,30.6,68.4,170.8
2026-09-05 10:41:28,30.6,67.9,175.0
2026-09-05 10:41:58,30.6,68.2,185.0
2026-09-05 10:42:28,30.6,68.6,203.3
2026-09-05 10:42:58,30.6,67.4,208.3
2026-09-05 10:43:28,30.6,69.3,207.5
2026-09-05 10:43:58,30.6,67.6,209.2
2026-09-05 10:44:28,30.6,68.0,216.7
2026-09-05 10:44:58,30.7,66.9,232.5
2026-09-05 10:45:28,30.7,66.6,244.2
2026-09-05 10:45:58,30.7,66.6,263.3
2026-09-05 10:46:28,30.7,66.4,283.3
2026-09-05 10:46:58,30.7,66.5,322.5
2026-09-05 10:47:28,30.7,66.8,318.3
2026-09-05 10:47:58,30.7,66.3,374.2
2026-09-05 10:48:28,30.7,67.4,477.5
2026-09-05 10:48:58,30.7,66.9,895.0
2026-09-05 10:49:28,30.9,66.6,923.3
2026-09-05 10:49:58,30.8,67.9,915.0
2026-09-05 10:50:28,30.9,68.3,855.8
2026-09-05 10:50:58,30.9,68.1,625.0
2026-09-05 10:51:28,31.0,66.9,418.3
2026-09-05 10:51:58,31.0,66.9,774.2
2026-09-05 10:52:28,31.0,65.9,697.5
2026-09-05 10:52:58,31.1,65.0,616.7
2026-09-05 10:53:28,31.1,66.1,678.3
2026-09-05 10:53:58,31.1,64.8,575.8
2026-09-05 10:54:28,31.1,67.9,527.5
2026-09-05 10:54:58,31.2,67.6,571.7
2026-09-05 10:55:28,31.3,67.3,736.7
2026-09-05 10:55:58,31.2,67.1,540.8
2026-09-05 10:56:28,31.3,66.9,702.5
2026-09-05 10:56:58,31.3,65.0,705.0
2026-09-05 10:57:28,31.3,66.9,545.0
2026-09-05 10:57:58,31.3,66.2,456.7
2026-09-05 10:58:28,31.3,68.1,552.5
2026-09-05 10:58:58,31.3,68.4,835.0
2026-09-05 10:59:28,31.4,68.3,781.7
2026-09-05 10:59:58,31.4,68.0,938.3
2026-09-05 11:00:28,31.4,68.1,879.2
2026-09-05 11:00:58,31.5,67.3,542.5
2026-09-05 11:01:28,31.5,65.6,585.0
2026-09-05 11:01:58,31.5,66.3,741.7
2026-09-05 11:02:28,31.5,67.1,243.3
2026-09-05 11:02:58,31.5,65.9,356.7
2026-09-05 11:03:28,31.5,65.8,779.2
2026-09-05 11:03:58,31.6,65.5,765.8
2026-09-05 11:04:28,31.6,64.8,668.3
2026-09-05 11:04:58,31.6,64.8,206.7
2026-09-05 11:05:28,31.6,65.1,170.0
2026-09-05 11:05:58,31.6,65.1,175.0
2026-09-05 11:06:28,31.6,65.1,189.2
2026-09-05 11:06:58,31.6,65.6,223.3
2026-09-05 11:07:28,31.6,64.7,291.7
2026-09-05 11:07:58,31.6,64.4,741.7
2026-09-05 11:08:28,31.5,64.7,370.8
2026-09-05 11:08:58,31.6,64.5,171.7
2026-09-05 11:09:28,31.6,64.8,152.5
2026-09-05 11:09:58,31.6,64.9,162.5
2026-09-05 11:10:28,31.5,64.2,177.5
2026-09-05 11:10:58,31.6,63.6,204.2
2026-09-05 11:11:28,31.5,64.3,310.0
2026-09-05 11:11:58,31.5,63.9,765.0
2026-09-05 11:12:28,31.5,64.7,864.2
2026-09-05 11:12:58,31.5,63.7,300.8
2026-09-05 11:13:28,31.5,63.7,470.8
2026-09-05 11:13:58,31.5,62.7,705.0
2026-09-05 11:14:28,31.5,63.7,817.5
2026-09-05 11:14:58,31.5,63.9,750.8
2026-09-05 11:15:28,31.5,63.9,214.2
2026-09-05 11:15:58,31.6,64.0,181.7
2026-09-05 11:16:28,31.6,64.3,184.2
2026-09-05 11:16:58,31.6,64.1,202.5
2026-09-05 11:17:28,31.6,64.4,233.3
2026-09-05 11:17:58,31.6,64.6,390.8
2026-09-05 11:18:28,31.6,64.5,590.8
2026-09-05 11:18:58,31.7,64.1,592.5
2026-09-05 11:19:28,31.6,64.9,553.3
2026-09-05 11:19:58,31.7,64.6,318.3
2026-09-05 11:20:28,31.7,64.4,494.2
2026-09-05 11:20:58,31.6,64.7,236.7
2026-09-05 11:21:28,31.8,64.8,235.0
2026-09-05 11:21:58,31.7,64.5,396.7
2026-09-05 11:22:28,31.7,64.6,194.2
2026-09-05 11:22:58,31.7,64.2,182.5
2026-09-05 11:23:28,31.7,64.1,195.8
2026-09-05 11:23:58,31.7,62.3,250.8
2026-09-05 11:24:28,31.8,62.5,292.5
2026-09-05 11:24:58,31.7,62.7,515.8
2026-09-05 11:25:28,31.8,62.3,255.0
2026-09-05 11:25:58,31.7,62.5,595.0
2026-09-05 11:26:28,31.7,62.8,556.7
2026-09-05 11:26:58,31.7,62.7,459.2
2026-09-05 11:27:28,31.7,63.2,154.2
2026-09-05 11:27:58,31.7,63.2,127.5
2026-09-05 11:28:28,31.7,63.8,112.5
2026-09-05 11:28:58,31.7,63.7,99.2
2026-09-05 11:29:28,31.7,62.8,90.8
2026-09-05 11:29:58,31.6,64.0,85.0
2026-09-05 11:30:28,31.6,64.3,85.0
2026-09-05 11:30:58,31.7,63.7,100.0
2026-09-05 11:31:28,31.7,63.0,125.0
2026-09-05 11:31:58,31.6,63.3,154.2
2026-09-05 11:32:28,31.6,64.6,184.2
2026-09-05 11:32:58,31.7,65.3,210.0
2026-09-05 11:33:28,31.7,64.9,248.3
2026-09-05 11:33:58,31.6,64.0,241.7
2026-09-05 11:34:28,31.7,64.3,259.2
2026-09-05 11:34:58,31.6,64.2,259.2
2026-09-05 11:35:28,31.6,64.0,242.5
2026-09-05 11:35:58,31.6,63.5,232.5
2026-09-05 11:36:28,31.6,63.7,230.0
2026-09-05 11:36:58,31.6,63.3,235.8
2026-09-05 11:37:28,31.6,63.6,241.7
2026-09-05 11:37:58,31.6,63.2,255.8
2026-09-05 11:38:28,31.6,63.3,296.7
2026-09-05 11:38:58,31.5,64.4,298.3
2026-09-05 11:39:28,31.6,64.0,304.2
2026-09-05 11:39:58,31.5,63.9,275.0
2026-09-05 11:40:28,31.6,63.7,265.8
2026-09-05 11:40:58,31.5,64.1,285.8
2026-09-05 11:41:28,31.6,63.0,289.2
2026-09-05 11:41:58,31.6,63.0,299.2
2026-09-05 11:42:28,31.6,63.6,279.2
2026-09-05 11:42:58,31.6,63.4,269.2
2026-09-05 11:43:28,31.6,66.1,273.3
2026-09-05 11:43:58,31.6,64.3,276.7
2026-09-05 11:44:28,31.6,64.9,294.2
2026-09-05 11:44:58,31.6,65.4,330.8
2026-09-05 11:45:28,31.6,64.9,356.7
2026-09-05 11:45:58,31.6,64.8,348.3
2026-09-05 11:46:28,31.6,65.9,280.8
2026-09-05 11:46:58,31.7,64.8,252.5
2026-09-05 11:47:28,31.6,63.9,251.7
2026-09-05 11:47:58,31.6,65.0,257.5
2026-09-05 11:48:28,31.7,64.4,283.3
2026-09-05 11:48:58,31.6,65.0,283.3
2026-09-05 11:49:28,31.7,64.9,261.7
2026-09-05 11:49:58,31.6,64.4,262.5
2026-09-05 11:50:28,31.6,63.9,265.8
2026-09-05 11:50:58,31.6,64.8,270.0
2026-09-05 11:51:28,31.7,64.5,271.7
2026-09-05 11:51:58,31.7,65.2,290.8
2026-09-05 11:52:28,31.7,66.3,331.7
2026-09-05 11:52:58,31.7,65.4,300.8
2026-09-05 11:53:28,31.7,65.9,283.3
2026-09-05 11:53:58,31.7,65.4,279.2
2026-09-05 11:54:28,31.7,66.2,285.0
2026-09-05 11:54:58,31.7,66.8,293.3
2026-09-05 11:55:28,31.7,66.8,307.5
2026-09-05 11:55:58,31.6,67.2,335.0
2026-09-05 11:56:28,31.7,66.3,334.2
2026-09-05 11:56:58,31.7,66.3,336.7
2026-09-05 11:57:28,31.7,65.8,356.7
2026-09-05 11:57:58,31.7,64.8,279.2
2026-09-05 11:58:28,31.7,64.5,242.5
2026-09-05 11:58:58,31.7,66.4,228.3
2026-09-05 11:59:28,31.7,65.4,220.8
2026-09-05 11:59:58,31.7,64.8,223.3
2026-09-05 12:00:28,31.7,64.1,232.5
2026-09-05 12:00:58,31.7,65.6,246.7
2026-09-05 12:01:28,31.7,66.8,270.8
2026-09-05 12:01:58,31.7,66.4,307.5
2026-09-05 12:02:28,31.7,65.4,366.7
2026-09-05 12:02:58,31.7,65.9,515.0
2026-09-05 12:03:28,31.7,64.8,385.8
2026-09-05 12:03:58,31.7,64.6,315.8
2026-09-05 12:04:28,31.7,65.7,280.8
2026-09-05 12:04:58,31.8,64.4,254.2
2026-09-05 12:05:28,31.8,65.4,227.5
2026-09-05 12:05:58,31.7,65.6,205.0
2026-09-05 12:06:28,31.7,63.6,186.7
2026-09-05 12:06:58,31.8,63.5,176.7
2026-09-05 12:07:28,31.7,62.7,174.2
2026-09-05 12:07:58,31.8,63.8,177.5
2026-09-05 12:08:28,31.7,64.3,185.0
2026-09-05 12:08:58,31.7,62.9,193.3
2026-09-05 12:09:28,31.8,62.6,202.5
2026-09-05 12:09:58,31.7,62.8,210.0
2026-09-05 12:10:28,31.7,63.6,220.0
2026-09-05 12:10:58,31.7,64.5,256.7
2026-09-05 12:11:28,31.7,65.6,212.5
2026-09-05 12:11:58,31.7,65.3,201.7
2026-09-05 12:12:28,31.7,64.9,196.7
2026-09-05 12:12:58,31.7,64.7,192.5
2026-09-05 12:13:28,31.7,64.8,194.2
2026-09-05 12:13:58,31.7,63.0,200.0
2026-09-05 12:14:28,31.7,64.7,215.0
2026-09-05 12:14:58,31.7,65.7,240.8
2026-09-05 12:15:28,31.8,64.2,240.0
2026-09-05 12:15:58,31.7,65.2,247.5
2026-09-05 12:16:28,31.7,63.2,246.7
2026-09-05 12:16:58,31.7,63.1,249.2
2026-09-05 12:17:28,31.7,63.3,274.2
2026-09-05 12:17:58,31.7,62.5,293.3
2026-09-05 12:18:28,31.7,62.8,300.8
2026-09-05 12:18:58,31.6,65.9,279.2
2026-09-05 12:19:28,31.7,64.6,280.0
2026-09-05 12:19:58,31.7,63.3,273.3
2026-09-05 12:20:28,31.7,65.3,298.3
2026-09-05 12:20:58,31.8,63.5,302.5
2026-09-05 12:21:28,31.8,62.8,225.0
2026-09-05 12:21:58,31.8,63.2,204.2
2026-09-05 12:22:28,31.8,64.1,194.2
2026-09-05 12:22:58,31.8,62.7,193.3
2026-09-05 12:23:28,31.8,62.1,190.8
2026-09-05 12:23:58,31.8,61.9,190.0
2026-09-05 12:24:28,31.8,63.2,193.3
2026-09-05 12:24:58,31.8,63.3,184.2
2026-09-05 12:25:28,31.7,62.6,182.5
2026-09-05 12:25:58,31.7,62.3,171.7
2026-09-05 12:26:28,31.7,62.4,165.0
2026-09-05 12:26:58,31.8,62.4,155.8
2026-09-05 12:27:28,31.8,65.3,146.7
2026-09-05 12:27:58,31.7,64.0,140.8
2026-09-05 12:28:28,31.8,63.8,138.3
2026-09-05 12:28:58,31.7,62.0,138.3
2026-09-05 12:29:28,31.7,63.6,136.7
2026-09-05 12:29:58,31.6,62.6,135.0
2026-09-05 12:30:28,31.7,62.1,133.3
2026-09-05 12:30:58,31.6,62.4,134.2
2026-09-05 12:31:28,31.6,64.5,134.2
2026-09-05 12:31:58,31.6,62.2,134.2
2026-09-05 12:32:28,31.7,62.0,132.5
2026-09-05 12:32:58,31.7,63.2,129.2
2026-09-05 12:33:28,31.6,62.7,127.5
2026-09-05 12:33:58,31.7,62.1,126.7
2026-09-05 12:34:28,31.6,62.9,126.7
2026-09-05 12:34:58,31.6,63.0,125.8
2026-09-05 12:35:28,31.6,62.6,125.8
2026-09-05 12:35:58,31.6,61.8,126.7
2026-09-05 12:36:28,31.6,62.3,127.5
2026-09-05 12:36:58,31.6,63.1,130.8
2026-09-05 12:37:28,31.6,62.7,136.7
2026-09-05 12:37:58,31.6,62.7,145.0
2026-09-05 12:38:28,31.6,62.1,156.7
2026-09-05 12:38:58,31.6,62.9,176.7
2026-09-05 12:39:28,31.6,63.0,190.0
2026-09-05 12:39:58,31.6,63.2,215.0
2026-09-05 12:40:28,31.6,62.7,227.5
2026-09-05 12:40:58,31.6,62.9,271.7
2026-09-05 12:41:28,31.7,63.1,300.0
2026-09-05 12:41:58,31.6,62.9,291.7
2026-09-05 12:42:28,31.6,63.0,288.3
2026-09-05 12:42:58,31.7,64.9,284.2
2026-09-05 12:43:28,31.7,63.9,274.2
2026-09-05 12:43:58,31.6,64.1,291.7
2026-09-05 12:44:28,31.6,64.5,295.0
2026-09-05 12:44:58,31.7,63.7,280.0
2026-09-05 12:45:28,31.6,62.6,248.3
2026-09-05 12:45:58,31.7,63.7,238.3
2026-09-05 12:46:28,31.7,64.0,239.2
2026-09-05 12:46:58,31.7,64.4,245.0
2026-09-05 12:47:28,31.6,64.7,220.0
2026-09-05 12:47:58,31.7,63.2,195.8
2026-09-05 12:48:28,31.7,62.9,173.3
2026-09-05 12:48:58,31.7,65.3,161.7
2026-09-05 12:49:28,31.7,65.4,155.0
2026-09-05 12:49:58,31.7,65.4,151.7
2026-09-05 12:50:28,31.7,64.9,148.3
2026-09-05 12:50:58,31.7,63.3,146.7
2026-09-05 12:51:28,31.7,63.4,146.7
2026-09-05 12:51:58,31.7,62.0,149.2
2026-09-05 12:52:28,31.7,64.5,151.7
2026-09-05 12:52:58,31.8,61.9,155.0
2026-09-05 12:53:28,31.7,63.2,164.2
2026-09-05 12:53:58,31.7,62.2,175.8
2026-09-05 12:54:28,31.7,62.1,201.7
2026-09-05 12:54:58,31.7,64.0,207.5
2026-09-05 12:55:28,31.7,62.0,240.8
2026-09-05 12:55:58,31.7,62.4,282.5
2026-09-05 12:56:28,31.7,62.2,399.2
2026-09-05 12:56:58,31.8,61.1,287.5
2026-09-05 12:57:28,31.8,61.9,244.2
2026-09-05 12:57:58,31.8,63.1,293.3
2026-09-05 12:58:28,31.8,63.1,307.5
2026-09-05 12:58:58,31.8,61.8,265.8
2026-09-05 12:59:28,31.7,63.8,200.8
2026-09-05 12:59:58,31.8,63.9,162.5
2026-09-05 13:00:28,31.8,63.6,151.7
2026-09-05 13:00:58,31.8,62.3,150.0
2026-09-05 13:01:28,31.8,63.5,150.0
2026-09-05 13:01:58,31.8,62.3,150.8
2026-09-05 13:02:28,31.8,62.2,135.8
2026-09-05 13:02:58,31.8,62.0,128.3
2026-09-05 13:03:28,31.8,60.8,126.7
2026-09-05 13:03:58,31.7,61.7,130.0
2026-09-05 13:04:28,31.8,60.8,135.0
2026-09-05 13:04:58,31.8,62.0,139.2
2026-09-05 13:05:28,31.8,61.5,141.7
2026-09-05 13:05:58,31.8,61.3,137.5
2026-09-05 13:06:28,31.8,61.6,131.7
2026-09-05 13:06:58,31.8,61.5,122.5
2026-09-05 13:07:28,31.8,62.1,111.7
2026-09-05 13:07:58,31.8,63.1,98.3
2026-09-05 13:08:28,31.8,62.7,88.3
2026-09-05 13:08:58,31.8,62.0,79.2
2026-09-05 13:09:28,31.8,61.6,73.3
2026-09-05 13:09:58,31.7,61.8,67.5
2026-09-05 13:10:28,31.8,61.3,61.7
2026-09-05 13:10:58,31.7,61.5,57.5
2026-09-05 13:11:28,31.7,61.1,52.5
2026-09-05 13:11:58,31.7,60.8,48.3
2026-09-05 13:12:28,31.8,61.3,45.0
2026-09-05 13:12:58,31.7,61.5,41.7
2026-09-05 13:13:28,31.8,61.0,40.0
2026-09-05 13:13:58,31.7,61.1,37.5
2026-09-05 13:14:28,31.8,61.5,36.7
2026-09-05 13:14:58,31.8,61.4,37.5
2026-09-05 13:15:28,31.7,61.6,37.5
2026-09-05 13:15:58,31.7,61.6,38.3
2026-09-05 13:16:28,31.7,61.6,39.2
2026-09-05 13:16:58,31.7,61.6,40.8
2026-09-05 13:17:28,31.6,62.2,44.2
2026-09-05 13:17:58,31.7,62.5,49.2
2026-09-05 13:18:28,31.7,62.5,58.3
2026-09-05 13:18:58,31.7,62.8,70.0
2026-09-05 13:19:28,31.6,62.4,80.8
2026-09-05 13:19:58,31.6,62.2,93.3
2026-09-05 13:20:28,31.7,62.3,105.8
2026-09-05 13:20:58,31.6,62.7,120.8
2026-09-05 13:21:28,31.6,62.8,131.7
2026-09-05 13:21:58,31.6,62.8,142.5
2026-09-05 13:22:28,31.6,62.4,150.0
2026-09-05 13:22:58,31.6,62.8,151.7
2026-09-05 13:23:28,31.6,62.8,146.7
2026-09-05 13:23:58,31.5,62.6,139.2
2026-09-05 13:24:28,31.6,63.0,135.8
2026-09-05 13:24:58,31.5,62.8,126.7
2026-09-05 13:25:28,31.6,63.0,115.0
2026-09-05 13:25:58,31.5,62.7,97.5
2026-09-05 13:26:28,31.5,62.9,86.7
2026-09-05 13:26:58,31.5,63.2,78.3
2026-09-05 13:27:28,31.5,63.2,71.7
2026-09-05 13:27:58,31.5,63.2,68.3
2026-09-05 13:28:28,31.5,63.7,66.7
2026-09-05 13:28:58,31.5,63.7,65.8
2026-09-05 13:29:28,31.5,63.5,63.3
2026-09-05 13:29:58,31.5,63.5,61.7
2026-09-05 13:30:28,31.5,63.5,58.3
2026-09-05 13:30:58,31.5,64.0,55.0
2026-09-05 13:31:28,31.4,63.5,50.0
2026-09-05 13:31:58,31.4,64.1,48.3
2026-09-05 13:32:28,31.4,64.2,47.5
2026-09-05 13:32:58,31.4,63.5,46.7
2026-09-05 13:33:28,31.4,63.7,45.0
2026-09-05 13:33:58,31.4,64.0,43.3
2026-09-05 13:34:28,31.3,64.3,40.8
2026-09-05 13:34:58,31.4,64.0,38.3
2026-09-05 13:35:28,31.3,64.2,37.5
2026-09-05 13:35:58,31.3,63.8,36.7
2026-09-05 13:36:28,31.3,63.6,35.8
2026-09-05 13:36:58,31.3,63.7,34.2
2026-09-05 13:37:28,31.3,63.9,33.3
2026-09-05 13:37:58,31.3,64.2,31.7
2026-09-05 13:38:28,31.3,64.3,30.0
2026-09-05 13:38:58,31.3,64.3,29.2
2026-09-05 13:39:28,31.2,64.5,28.3
2026-09-05 13:39:58,31.3,64.1,27.5
2026-09-05 13:40:28,31.3,64.8,27.5
2026-09-05 13:40:58,31.2,65.0,27.5
2026-09-05 13:41:28,31.2,65.1,28.3
2026-09-05 13:41:58,31.2,65.3,31.7
2026-09-05 13:42:28,31.2,65.1,33.3
2026-09-05 13:42:58,31.2,65.1,35.0
2026-09-05 13:43:28,31.2,64.9,34.2
2026-09-05 13:43:58,31.2,64.5,35.0
2026-09-05 13:44:28,31.2,64.5,35.0
2026-09-05 13:44:58,31.2,65.4,35.8
2026-09-05 13:45:28,31.2,65.7,35.8
2026-09-05 13:45:58,31.2,65.4,36.7
2026-09-05 13:46:28,31.3,64.5,37.5
2026-09-05 13:46:58,31.2,65.1,38.3
2026-09-05 13:47:28,31.2,64.7,40.0
2026-09-05 13:47:58,31.2,64.7,42.5
2026-09-05 13:48:28,31.2,64.6,45.0
2026-09-05 13:48:58,31.2,65.1,48.3
2026-09-05 13:49:28,31.2,64.9,50.0
2026-09-05 13:49:58,31.2,64.9,51.7
2026-09-05 13:50:28,31.2,64.9,51.7
2026-09-05 13:50:58,31.2,64.9,50.8
2026-09-05 13:51:28,31.1,65.2,47.5
2026-09-05 13:51:58,31.2,65.1,44.2
2026-09-05 13:52:28,31.1,65.1,40.0
2026-09-05 13:52:58,31.1,65.6,36.7
2026-09-05 13:53:28,31.1,65.3,34.2
2026-09-05 13:53:58,31.2,65.1,31.7
2026-09-05 13:54:28,31.1,65.3,30.0
2026-09-05 13:54:58,31.2,65.3,28.3
2026-09-05 13:55:28,31.2,65.3,27.5
2026-09-05 13:55:58,31.2,66.0,26.7
2026-09-05 13:56:28,31.2,65.9,26.7
2026-09-05 13:56:58,31.2,65.4,27.5
2026-09-05 13:57:28,31.1,65.8,28.3
2026-09-05 13:57:58,31.2,65.9,30.8
2026-09-05 13:58:28,31.2,66.2,34.2
2026-09-05 13:58:58,31.2,65.9,40.0
2026-09-05 13:59:28,31.3,66.1,45.8
2026-09-05 13:59:58,31.2,65.3,51.7
2026-09-05 14:00:28,31.3,65.5,59.2
2026-09-05 14:00:58,31.3,65.7,62.5
2026-09-05 14:01:28,31.2,65.4,65.8
2026-09-05 14:01:58,31.2,65.6,67.5
2026-09-05 14:02:28,31.2,64.9,67.5
2026-09-05 14:02:58,31.2,65.0,65.0
2026-09-05 14:03:28,31.2,65.1,61.7
2026-09-05 14:03:58,31.2,65.2,59.2
2026-09-05 14:04:28,31.2,65.4,57.5
2026-09-05 14:04:58,31.2,65.4,57.5
2026-09-05 14:05:28,31.2,65.8,57.5
2026-09-05 14:05:58,31.3,65.9,57.5
2026-09-05 14:06:28,31.2,65.5,57.5
2026-09-05 14:06:58,31.2,65.6,58.3
2026-09-05 14:07:28,31.2,65.7,58.3
2026-09-05 14:07:58,31.3,65.7,58.3
2026-09-05 14:08:28,31.3,65.9,58.3
2026-09-05 14:08:58,31.3,66.2,59.2
2026-09-05 14:09:28,31.3,66.3,59.2
2026-09-05 14:09:58,31.3,66.0,60.8
2026-09-05 14:10:28,31.2,66.1,60.8
2026-09-05 14:10:58,31.3,65.8,63.3
2026-09-05 14:11:28,31.3,66.3,65.0
2026-09-05 14:11:58,31.3,65.8,67.5
2026-09-05 14:12:28,31.3,65.6,68.3
2026-09-05 14:12:58,31.3,66.0,69.2
2026-09-05 14:13:28,31.3,65.6,70.0
2026-09-05 14:13:58,31.3,65.2,70.0
2026-09-05 14:14:28,31.3,65.0,70.0
2026-09-05 14:14:58,31.3,64.5,69.2
2026-09-05 14:15:28,31.2,65.8,66.7
2026-09-05 14:15:58,31.3,65.4,65.8
2026-09-05 14:16:28,31.3,64.5,62.5
2026-09-05 14:16:58,31.3,64.3,60.8
2026-09-05 14:17:28,31.2,65.5,60.8
2026-09-05 14:17:58,31.3,65.6,64.2
2026-09-05 14:18:28,31.2,65.4,68.3
2026-09-05 14:18:58,31.2,66.1,73.3
2026-09-05 14:19:28,31.2,65.5,78.3
2026-09-05 14:19:58,31.3,65.7,83.3
2026-09-05 14:20:28,31.2,65.8,85.8
2026-09-05 14:20:58,31.3,65.8,88.3
2026-09-05 14:21:28,31.3,65.6,90.0
2026-09-05 14:21:58,31.3,66.3,90.0
2026-09-05 14:22:28,31.3,65.8,90.8
2026-09-05 14:22:58,31.3,65.8,90.8
2026-09-05 14:23:28,31.3,66.6,90.8
2026-09-05 14:23:58,31.3,65.9,90.8
2026-09-05 14:24:28,31.3,65.7,90.8
2026-09-05 14:24:58,31.3,66.4,90.8
2026-09-05 14:25:28,31.3,65.5,91.7
2026-09-05 14:25:58,31.3,66.1,92.5
2026-09-05 14:26:28,31.3,66.0,95.0
2026-09-05 14:26:58,31.3,66.4,96.7
2026-09-05 14:27:28,31.3,66.2,98.3
2026-09-05 14:27:58,31.3,66.0,100.0
2026-09-05 14:28:28,31.3,65.9,101.7
2026-09-05 14:28:58,31.3,66.7,103.3
2026-09-05 14:29:28,31.3,66.6,105.8
2026-09-05 14:29:58,31.3,66.4,109.2
2026-09-05 14:30:28,31.3,65.4,110.8
2026-09-05 14:30:58,31.3,66.5,112.5
2026-09-05 14:31:28,31.3,66.4,114.2
2026-09-05 14:31:58,31.3,66.0,118.3
2026-09-05 14:32:28,31.3,65.2,122.5
2026-09-05 14:32:58,31.3,65.5,126.7
2026-09-05 14:33:28,31.3,67.1,128.3
2026-09-05 14:33:58,31.3,67.2,133.3
2026-09-05 14:34:28,31.3,67.5,137.5
2026-09-05 14:34:58,31.3,67.2,142.5
2026-09-05 14:35:28,31.3,67.3,145.8
2026-09-05 14:35:58,31.3,66.5,149.2
2026-09-05 14:36:28,31.3,67.0,152.5
2026-09-05 14:36:58,31.3,66.1,151.7
2026-09-05 14:37:28,31.3,67.0,152.5
2026-09-05 14:37:58,31.3,67.0,150.0
2026-09-05 14:38:28,31.4,67.2,145.8
2026-09-05 14:38:58,31.3,67.1,142.5
2026-09-05 14:39:28,31.4,67.0,140.0
2026-09-05 14:39:58,31.4,66.0,137.5
2026-09-05 14:40:28,31.3,66.5,136.7
2026-09-05 14:40:58,31.4,67.0,135.8
2026-09-05 14:41:28,31.4,66.9,135.8
2026-09-05 14:41:58,31.4,67.0,135.8
2026-09-05 14:42:28,31.4,66.5,135.8
2026-09-05 14:42:58,31.4,65.7,135.0
2026-09-05 14:43:28,31.5,65.8,133.3
2026-09-05 14:43:58,31.4,65.8,130.8
2026-09-05 14:44:28,31.4,65.1,125.8
2026-09-05 14:44:58,31.4,65.6,122.5
2026-09-05 14:45:28,31.5,66.0,120.0
2026-09-05 14:45:58,31.4,66.6,117.5
2026-09-05 14:46:28,31.5,66.4,114.2
2026-09-05 14:46:58,31.4,66.9,110.8
2026-09-05 14:47:28,31.4,65.5,109.2
2026-09-05 14:47:58,31.5,65.4,105.0
2026-09-05 14:48:28,31.5,65.8,105.0
2026-09-05 14:48:58,31.4,66.1,104.2
2026-09-05 14:49:28,31.5,65.8,103.3
2026-09-05 14:49:58,31.4,65.6,100.8
2026-09-05 14:50:28,31.4,65.7,97.5
2026-09-05 14:50:58,31.5,66.3,94.2
2026-09-05 14:51:28,31.5,65.9,91.7
2026-09-05 14:51:58,31.4,65.3,88.3
2026-09-05 14:52:28,31.4,65.1,85.8
2026-09-05 14:52:58,31.5,65.2,83.3
2026-09-05 14:53:28,31.4,65.4,80.8
2026-09-05 14:53:58,31.5,65.9,80.0
2026-09-05 14:54:28,31.5,65.6,78.3
2026-09-05 14:54:58,31.5,65.6,77.5
2026-09-05 14:55:28,31.4,65.9,75.8
2026-09-05 14:55:58,31.5,65.5,75.8
2026-09-05 14:56:28,31.4,65.8,75.0
2026-09-05 14:56:58,31.5,64.5,74.2
2026-09-05 14:57:28,31.5,64.9,73.3
2026-09-05 14:57:58,31.5,64.4,73.3
2026-09-05 14:58:28,31.4,65.4,73.3
2026-09-05 14:58:58,31.5,65.4,73.3
2026-09-05 14:59:28,31.4,65.8,73.3
2026-09-05 14:59:58,31.5,66.1,74.2
2026-09-05 15:00:28,31.4,65.3,74.2
2026-09-05 15:00:58,31.4,66.3,75.0
2026-09-05 15:01:28,31.5,65.4,75.0
2026-09-05 15:01:58,31.4,65.1,75.8
2026-09-05 15:02:28,31.4,64.6,77.5
2026-09-05 15:02:58,31.5,65.7,78.3
2026-09-05 15:03:28,31.5,65.4,80.0
2026-09-05 15:03:58,31.4,65.1,82.5
2026-09-05 15:04:28,31.4,65.4,84.2
2026-09-05 15:04:58,31.4,65.5,84.2
2026-09-05 15:05:28,31.4,65.2,84.2
2026-09-05 15:05:58,31.4,65.2,83.3
2026-09-05 15:06:28,31.4,64.7,82.5
2026-09-05 15:06:58,31.4,64.2,80.8
2026-09-05 15:07:28,31.4,64.1,80.0
2026-09-05 15:07:58,31.4,64.0,78.3
2026-09-05 15:08:28,31.3,64.9,77.5
2026-09-05 15:08:58,31.3,65.8,77.5
2026-09-05 15:09:28,31.3,64.1,76.7
2026-09-05 15:09:58,31.3,64.8,76.7
2026-09-05 15:10:28,31.3,64.3,75.8
2026-09-05 15:10:58,31.3,64.4,74.2
2026-09-05 15:11:28,31.3,65.2,73.3
2026-09-05 15:11:58,31.3,66.5,72.5
2026-09-05 15:12:28,31.2,66.2,72.5
2026-09-05 15:12:58,31.2,65.2,72.5
2026-09-05 15:13:28,31.3,64.6,72.5
2026-09-05 15:13:58,31.2,65.3,72.5
2026-09-05 15:14:28,31.3,66.1,72.5
2026-09-05 15:14:58,31.2,65.9,71.7
2026-09-05 15:15:28,31.3,66.0,70.8
2026-09-05 15:15:58,31.3,64.7,68.3
2026-09-05 15:16:28,31.3,64.3,65.8
2026-09-05 15:16:58,31.3,64.1,62.5
2026-09-05 15:17:28,31.3,65.9,59.2
2026-09-05 15:17:58,31.3,64.0,55.8
2026-09-05 15:18:28,31.2,65.1,50.0
2026-09-05 15:18:58,31.2,64.9,45.8
2026-09-05 15:19:28,31.2,65.2,41.7
2026-09-05 15:19:58,31.2,65.8,39.2
2026-09-05 15:20:28,31.2,65.0,36.7
2026-09-05 15:20:58,31.2,65.3,34.2
2026-09-05 15:21:28,31.2,66.2,32.5
2026-09-05 15:21:58,31.2,66.8,30.8
2026-09-05 15:22:28,31.2,66.3,29.2
2026-09-05 15:22:58,31.2,65.3,28.3
2026-09-05 15:23:28,31.2,66.3,27.5
2026-09-05 15:23:58,31.2,65.7,27.5
2026-09-05 15:24:28,31.3,65.4,28.3
2026-09-05 15:24:58,31.2,65.2,29.2
2026-09-05 15:25:28,31.2,65.7,30.0
2026-09-05 15:25:58,31.2,64.3,30.8
2026-09-05 15:26:28,31.2,64.8,31.7
2026-09-05 15:26:58,31.1,64.4,33.3
2026-09-05 15:27:28,31.1,65.7,35.0
2026-09-05 15:27:58,31.1,65.1,40.0
2026-09-05 15:28:28,31.1,66.7,45.8
2026-09-05 15:28:58,31.1,66.1,55.0
2026-09-05 15:29:28,31.1,65.3,60.8
2026-09-05 15:29:58,31.1,65.4,67.5
2026-09-05 15:30:28,31.1,65.1,72.5
2026-09-05 15:30:58,31.1,66.4,75.0
2026-09-05 15:31:28,31.1,66.2,75.8
2026-09-05 15:31:58,31.1,66.7,76.7
2026-09-05 15:32:28,31.1,65.9,77.5
2026-09-05 15:32:58,31.1,66.2,78.3
2026-09-05 15:33:28,31.2,65.8,76.7
2026-09-05 15:33:58,31.2,66.7,75.8
2026-09-05 15:34:28,31.2,66.2,75.0
2026-09-05 15:34:58,31.2,66.0,73.3
2026-09-05 15:35:28,31.2,66.6,72.5
2026-09-05 15:35:58,31.2,65.8,71.7
2026-09-05 15:36:28,31.2,66.9,70.8
2026-09-05 15:36:58,31.3,66.6,68.3
2026-09-05 15:37:28,31.3,65.8,66.7
2026-09-05 15:37:58,31.2,66.2,65.0
2026-09-05 15:38:28,31.3,65.7,62.5
2026-09-05 15:38:58,31.3,65.8,60.0
2026-09-05 15:39:28,31.3,66.5,58.3
2026-09-05 15:39:58,31.3,66.5,55.8
2026-09-05 15:40:28,31.3,65.4,52.5
2026-09-05 15:40:58,31.3,65.1,50.0
2026-09-05 15:41:28,31.3,65.2,49.2
2026-09-05 15:41:58,31.3,66.3,49.2
2026-09-05 15:42:28,31.3,66.1,50.8
2026-09-05 15:42:58,31.3,65.9,50.8
2026-09-05 15:43:28,31.3,65.2,50.0
2026-09-05 15:43:58,31.3,65.8,50.8
2026-09-05 15:44:28,31.3,66.2,51.7
2026-09-05 15:44:58,31.3,68.8,50.8
2026-09-05 15:45:28,31.4,68.0,50.8
2026-09-05 15:45:58,31.4,67.7,50.0
2026-09-05 15:46:28,31.4,67.8,50.0
2026-09-05 15:46:58,31.4,66.5,49.2
2026-09-05 15:47:28,31.5,67.1,50.8
2026-09-05 15:47:58,31.5,67.0,49.2
2026-09-05 15:48:28,31.4,66.7,50.0
2026-09-05 15:48:58,31.5,66.4,50.0
2026-09-05 15:49:28,31.4,67.1,49.2
2026-09-05 15:49:58,31.4,66.6,49.2
2026-09-05 15:50:28,31.4,67.0,48.3
2026-09-05 15:50:58,31.5,66.4,50.0
2026-09-05 15:51:28,31.5,66.1,46.7
2026-09-05 15:51:58,31.4,66.5,46.7
2026-09-05 15:52:28,31.4,66.5,45.8
2026-09-05 15:52:58,31.5,65.6,47.5
2026-09-05 15:53:28,31.4,65.5,48.3
2026-09-05 15:53:58,31.4,65.2,50.0
2026-09-05 15:54:28,31.4,65.7,50.8
2026-09-05 15:54:58,31.4,66.1,51.7
2026-09-05 15:55:28,31.5,65.7,52.5
2026-09-05 15:55:58,31.4,66.8,56.7
2026-09-05 15:56:28,31.5,66.1,55.0
2026-09-05 15:56:58,31.4,66.6,55.8
2026-09-05 15:57:28,31.3,67.3,56.7
2026-09-05 15:57:58,31.4,67.1,57.5
2026-09-05 15:58:28,31.4,67.4,58.3
2026-09-05 15:58:58,31.4,67.4,59.2
2026-09-05 15:59:28,31.4,67.3,59.2
2026-09-05 15:59:58,31.4,67.6,58.3
2026-09-05 16:00:28,31.4,67.3,56.7
2026-09-05 16:00:58,31.4,67.1,55.8
2026-09-05 16:01:28,31.4,66.6,55.0
2026-09-05 16:01:58,31.3,67.0,55.0
2026-09-05 16:02:28,31.4,67.1,55.0
2026-09-05 16:02:58,31.4,67.0,55.0
2026-09-05 16:03:28,31.5,66.9,54.2
2026-09-05 16:03:58,31.4,67.4,51.7
2026-09-05 16:04:28,31.4,66.6,50.8
2026-09-05 16:04:58,31.4,66.8,50.8
2026-09-05 16:05:28,31.5,67.1,50.0
2026-09-05 16:05:58,31.4,66.1,50.0
2026-09-05 16:06:28,31.4,66.8,50.0
2026-09-05 16:06:58,31.4,66.0,50.8
2026-09-05 16:07:28,31.4,66.6,51.7
2026-09-05 16:07:58,31.4,66.6,54.2
2026-09-05 16:08:28,31.3,66.6,55.8
2026-09-05 16:08:58,31.4,66.7,56.7
2026-09-05 16:09:28,31.3,66.7,57.5
2026-09-05 16:09:58,31.4,66.9,58.3
2026-09-05 16:10:28,31.3,65.9,58.3
2026-09-05 16:10:58,31.4,65.6,59.2
2026-09-05 16:11:28,31.3,65.4,58.3
2026-09-05 16:11:58,31.3,66.0,58.3
2026-09-05 16:12:28,31.3,66.0,57.5
2026-09-05 16:12:58,31.3,65.3,57.5
2026-09-05 16:13:28,31.3,65.3,57.5
2026-09-05 16:13:58,31.3,66.3,57.5
2026-09-05 16:14:28,31.3,65.9,56.7
2026-09-05 16:14:58,31.3,66.1,56.7
2026-09-05 16:15:28,31.3,66.5,56.7
2026-09-05 16:15:58,31.3,67.1,56.7
2026-09-05 16:16:28,31.3,65.4,56.7
2026-09-05 16:16:58,31.3,66.6,56.7
2026-09-05 16:17:28,31.3,66.8,56.7
2026-09-05 16:17:58,31.3,66.5,55.8
2026-09-05 16:18:28,31.3,66.3,55.8
2026-09-05 16:18:58,31.3,65.7,55.8
2026-09-05 16:19:28,31.3,65.4,55.8
2026-09-05 16:19:58,31.3,64.9,56.7
2026-09-05 16:20:28,31.3,65.0,56.7
2026-09-05 16:20:58,31.4,64.8,57.5
2026-09-05 16:21:28,31.3,65.6,57.5
2026-09-05 16:21:58,31.3,65.0,57.5
2026-09-05 16:22:28,31.3,64.7,58.3
2026-09-05 16:22:58,31.3,64.3,57.5
2026-09-05 16:23:28,31.3,64.4,57.5
2026-09-05 16:23:58,31.3,64.3,57.5
2026-09-05 16:24:28,31.3,64.5,56.7
2026-09-05 16:24:58,31.3,65.2,55.8
2026-09-05 16:25:28,31.3,65.4,52.5
2026-09-05 16:25:58,31.4,65.1,51.7
2026-09-05 16:26:28,31.3,65.1,51.7
2026-09-05 16:26:58,31.4,64.9,49.2
2026-09-05 16:27:28,31.3,64.8,46.7
2026-09-05 16:27:58,31.4,64.8,44.2
2026-09-05 16:28:28,31.4,64.7,42.5
2026-09-05 16:28:58,31.4,64.4,35.8
2026-09-05 16:29:28,31.4,66.8,50.8
2026-09-05 16:29:58,31.4,64.9,50.0
2026-09-05 16:30:28,31.4,66.7,48.3
2026-09-05 16:30:58,31.4,65.2,46.7
2026-09-05 16:31:28,31.4,64.5,45.8
2026-09-05 16:31:58,31.4,65.1,45.0
2026-09-05 16:32:28,31.4,65.1,32.5
2026-09-05 16:32:58,31.4,65.9,30.0
2026-09-05 16:33:28,31.4,65.2,28.3
2026-09-05 16:33:58,31.4,65.0,27.5
2026-09-05 16:34:28,31.4,64.6,26.7
2026-09-05 16:34:58,31.4,64.8,26.7
2026-09-05 16:35:28,31.5,64.8,25.8
2026-09-05 16:35:58,31.4,64.9,25.0
2026-09-05 16:36:28,31.4,64.4,25.8
2026-09-05 16:36:58,31.4,64.1,25.0
2026-09-05 16:37:28,31.5,65.8,25.0
2026-09-05 16:37:58,31.4,66.1,24.2
2026-09-05 16:38:28,31.4,64.8,24.2
2026-09-05 16:38:58,31.4,65.1,23.3
2026-09-05 16:39:28,31.4,64.9,22.5
2026-09-05 16:39:58,31.4,65.2,22.5
2026-09-05 16:40:28,31.3,64.9,21.7
2026-09-05 16:40:58,31.4,65.5,21.7
2026-09-05 16:41:28,31.3,66.1,21.7
2026-09-05 16:41:58,31.4,65.9,22.5
2026-09-05 16:42:28,31.4,65.6,22.5
2026-09-05 16:42:58,31.4,65.8,22.5
2026-09-05 16:43:28,31.4,65.1,24.2
2026-09-05 16:43:58,31.4,64.5,24.2
2026-09-05 16:44:28,31.3,65.4,26.7
2026-09-05 16:44:58,31.3,65.2,26.7
2026-09-05 16:45:28,31.4,65.2,27.5
2026-09-05 16:45:58,31.4,65.6,27.5
2026-09-05 16:46:28,31.3,66.0,28.3
2026-09-05 16:46:58,31.4,65.5,28.3
2026-09-05 16:47:28,31.4,66.1,28.3
2026-09-05 16:47:58,31.3,65.8,29.2
2026-09-05 16:48:28,31.4,65.9,29.2
2026-09-05 16:48:58,31.4,65.3,27.5
2026-09-05 16:49:28,31.3,65.2,27.5
2026-09-05 16:49:58,31.3,65.2,27.5
2026-09-05 16:50:28,31.3,66.3,27.5
2026-09-05 16:50:58,31.3,66.4,28.3
2026-09-05 16:51:28,31.3,65.7,28.3
2026-09-05 16:51:58,31.3,66.2,28.3
2026-09-05 16:52:28,31.3,67.3,28.3
2026-09-05 16:52:58,31.3,65.5,29.2
2026-09-05 16:53:28,31.3,66.6,29.2
2026-09-05 16:53:58,31.3,65.9,30.0
2026-09-05 16:54:28,31.3,66.4,30.0
2026-09-05 16:54:58,31.3,67.6,30.0
2026-09-05 16:55:28,31.3,67.3,30.0
2026-09-05 16:55:58,31.3,66.8,30.0
2026-09-05 16:56:28,31.2,65.9,31.7
2026-09-05 16:56:58,31.3,66.3,29.2
2026-09-05 16:57:28,31.2,65.5,29.2
2026-09-05 16:57:58,31.2,65.8,29.2
2026-09-05 16:58:28,31.2,66.3,29.2
2026-09-05 16:58:58,31.2,67.4,29.2
2026-09-05 16:59:28,31.3,67.7,28.3
2026-09-05 16:59:58,31.2,68.0,28.3
2026-09-05 17:00:28,31.2,66.8,27.5
2026-09-05 17:00:58,31.2,66.8,27.5
2026-09-05 17:01:28,31.2,66.9,26.7
2026-09-05 17:01:58,31.2,66.7,26.7
2026-09-05 17:02:28,31.2,66.8,25.8
2026-09-05 17:02:58,31.2,67.9,25.8
2026-09-05 17:03:28,31.1,67.6,25.0
2026-09-05 17:03:58,31.1,66.3,25.0
2026-09-05 17:04:28,31.2,66.1,24.2
2026-09-05 17:04:58,31.1,66.4,23.3
2026-09-05 17:05:28,31.1,67.5,23.3
2026-09-05 17:05:58,31.1,66.0,22.5
2026-09-05 17:06:28,31.1,66.3,21.7
2026-09-05 17:06:58,31.1,66.0,21.7
2026-09-05 17:07:28,31.0,66.3,21.7
2026-09-05 17:07:58,31.1,67.4,20.8
2026-09-05 17:08:28,31.1,67.9,20.8
2026-09-05 17:08:58,31.1,67.2,20.8
2026-09-05 17:09:28,31.1,67.0,20.0
2026-09-05 17:09:58,31.1,67.3,20.0
2026-09-05 17:10:28,31.1,66.9,19.2
2026-09-05 17:10:58,31.1,66.6,19.2
2026-09-05 17:11:28,31.0,66.7,18.3
2026-09-05 17:11:58,31.1,67.6,18.3
2026-09-05 17:12:28,31.1,67.0,18.3
2026-09-05 17:12:58,31.1,67.2,17.5
2026-09-05 17:13:28,31.1,66.7,17.5
2026-09-05 17:13:58,31.1,66.7,16.7
2026-09-05 17:14:28,31.1,67.9,15.8
2026-09-05 17:14:58,31.1,67.0,15.8
2026-09-05 17:15:28,31.1,67.2,15.8
2026-09-05 17:15:58,31.1,68.0,27.5
2026-09-05 17:16:28,31.1,68.0,27.5
2026-09-05 17:16:58,31.2,66.6,27.5
2026-09-05 17:17:28,31.1,66.8,27.5
2026-09-05 17:17:58,31.2,66.7,27.5
2026-09-05 17:18:28,31.3,66.4,27.5
2026-09-05 17:18:58,31.2,66.2,27.5
2026-09-05 17:19:28,31.2,66.0,27.5
2026-09-05 17:19:58,31.2,66.0,26.7
2026-09-05 17:20:28,31.2,66.2,26.7
2026-09-05 17:20:58,31.3,66.8,26.7
2026-09-05 17:21:28,31.3,66.3,25.8
2026-09-05 17:21:58,31.3,66.0,25.8
2026-09-05 17:22:28,31.3,66.2,25.8
2026-09-05 17:22:58,31.4,66.4,25.0
2026-09-05 17:23:28,31.3,66.1,25.0
2026-09-05 17:23:58,31.4,66.1,24.2
2026-09-05 17:24:28,31.3,66.5,24.2
2026-09-05 17:24:58,31.3,66.5,23.3
2026-09-05 17:25:28,31.3,66.0,23.3
2026-09-05 17:25:58,31.4,66.6,22.5
2026-09-05 17:26:28,31.4,66.3,22.5
2026-09-05 17:26:58,31.3,66.6,22.5
2026-09-05 17:27:28,31.3,66.3,22.5
2026-09-05 17:27:58,31.4,66.0,22.5
2026-09-05 17:28:28,31.3,66.5,22.5
2026-09-05 17:28:58,31.4,66.4,22.5
2026-09-05 17:29:28,31.3,66.1,22.5
2026-09-05 17:29:58,31.3,66.9,22.5
2026-09-05 17:30:28,31.3,66.8,22.5
2026-09-05 17:30:58,31.4,66.9,22.5
2026-09-05 17:31:28,31.3,66.5,22.5
2026-09-05 17:31:58,31.4,66.2,21.7
2026-09-05 17:32:28,31.4,65.9,21.7
2026-09-05 17:32:58,31.4,66.1,21.7
2026-09-05 17:33:28,31.4,66.3,20.8
2026-09-05 17:33:58,31.4,66.6,20.8
2026-09-05 17:34:28,31.4,66.6,20.0
2026-09-05 17:34:58,31.4,66.4,20.0
2026-09-05 17:35:28,31.5,66.3,20.0
2026-09-05 17:35:58,31.4,66.2,19.2
2026-09-05 17:36:28,31.4,66.3,19.2
2026-09-05 17:36:58,31.4,65.9,18.3
2026-09-05 17:37:28,31.3,66.7,18.3
2026-09-05 17:37:58,31.3,66.3,17.5
2026-09-05 17:38:28,31.3,66.6,17.5
2026-09-05 17:38:58,31.3,66.8,17.5
2026-09-05 17:39:28,31.3,66.9,17.5
2026-09-05 17:39:58,31.3,66.8,17.5
2026-09-05 17:40:28,31.3,66.8,17.5
2026-09-05 17:40:58,31.3,66.6,16.7
2026-09-05 17:41:28,31.3,66.8,16.7
2026-09-05 17:41:58,31.3,67.0,16.7
2026-09-05 17:42:28,31.3,66.9,16.7
2026-09-05 17:42:58,31.3,66.8,16.7
2026-09-05 17:43:28,31.3,66.8,16.7
2026-09-05 17:43:58,31.3,66.9,15.8
2026-09-05 17:44:28,31.2,66.8,15.8
2026-09-05 17:44:58,31.3,66.7,15.8
2026-09-05 17:45:28,31.2,66.6,15.8
2026-09-05 17:45:58,31.2,66.9,15.8
2026-09-05 17:46:28,31.1,67.2,15.0
2026-09-05 17:46:58,31.1,67.1,15.0
2026-09-05 17:47:28,31.1,67.4,15.0
2026-09-05 17:47:58,31.1,67.8,15.0
2026-09-05 17:48:28,31.1,67.8,15.0
2026-09-05 17:48:58,31.1,67.6,15.0
2026-09-05 17:49:28,31.0,67.8,14.2
2026-09-05 17:49:58,31.1,68.1,14.2
2026-09-05 17:50:28,31.1,68.4,14.2
2026-09-05 17:50:58,31.1,68.0,14.2
2026-09-05 17:51:28,31.0,68.6,14.2
2026-09-05 17:51:58,31.1,68.4,14.2
2026-09-05 17:52:28,31.1,68.5,14.2
2026-09-05 17:52:58,31.1,68.2,14.2
2026-09-05 17:53:28,31.1,68.7,14.2
2026-09-05 17:53:58,31.2,67.8,13.3
2026-09-05 17:54:28,31.1,67.5,13.3
2026-09-05 17:54:58,31.2,68.4,13.3
2026-09-05 17:55:28,31.1,68.4,13.3
2026-09-05 17:55:58,31.2,67.8,13.3
2026-09-05 17:56:28,31.1,67.6,13.3
2026-09-05 17:56:58,31.2,67.7,13.3
2026-09-05 17:57:28,31.1,67.9,12.5
2026-09-05 17:57:58,31.2,67.7,12.5
2026-09-05 17:58:28,31.2,68.5,14.2
2026-09-05 17:58:58,31.2,68.3,14.2
2026-09-05 17:59:28,31.2,68.1,13.3
2026-09-05 17:59:58,31.2,67.8,13.3
2026-09-05 18:00:28,31.3,67.6,13.3
2026-09-05 18:00:58,31.2,67.9,13.3
2026-09-05 18:01:28,31.2,68.3,13.3
2026-09-05 18:01:58,31.2,68.0,13.3
2026-09-05 18:02:28,31.2,67.9,13.3
2026-09-05 18:02:58,31.2,68.1,13.3
2026-09-05 18:03:28,31.2,68.3,13.3
2026-09-05 18:03:58,31.3,67.9,13.3
2026-09-05 18:04:28,31.3,67.8,13.3
2026-09-05 18:04:58,31.2,68.0,12.5
2026-09-05 18:05:28,31.3,68.1,12.5
2026-09-05 18:05:58,31.2,68.1,12.5
2026-09-05 18:06:28,31.3,68.1,12.5
2026-09-05 18:06:58,31.3,68.1,12.5
2026-09-05 18:07:28,31.2,68.3,12.5
2026-09-05 18:07:58,31.2,68.2,12.5
2026-09-05 18:08:28,31.3,67.9,12.5
2026-09-05 18:08:58,31.3,68.0,12.5
2026-09-05 18:09:28,31.2,67.9,12.5
2026-09-05 18:09:58,31.2,67.9,12.5
2026-09-05 18:10:28,31.2,68.7,12.5
2026-09-05 18:10:58,31.2,68.4,12.5
2026-09-05 18:11:28,31.2,68.5,12.5
2026-09-05 18:11:58,31.2,68.8,12.5
2026-09-05 18:12:28,31.2,68.7,12.5
2026-09-05 18:12:58,31.2,68.7,12.5
2026-09-05 18:13:28,31.3,69.8,12.5
2026-09-05 18:13:58,31.2,69.8,12.5
2026-09-05 18:14:28,31.3,69.7,12.5
2026-09-05 18:14:58,31.2,69.5,12.5
2026-09-05 18:15:28,31.2,69.3,12.5
2026-09-05 18:15:58,31.2,69.1,12.5
2026-09-05 18:16:28,31.2,68.8,12.5
2026-09-05 18:16:58,31.2,68.8,12.5
2026-09-05 18:17:28,31.2,68.7,12.5
2026-09-05 18:17:58,31.3,69.0,12.5
2026-09-05 18:18:28,31.3,69.2,20.0
2026-09-05 18:18:58,31.2,69.2,24.2
2026-09-05 18:19:28,31.2,69.0,20.0
2026-09-05 18:19:58,31.2,69.2,20.0
2026-09-05 18:20:28,31.1,69.3,20.0
2026-09-05 18:20:58,31.2,69.5,20.0
2026-09-05 18:21:28,31.2,69.4,20.0
2026-09-05 18:21:58,31.2,69.3,20.0
2026-09-05 18:22:28,31.2,69.5,20.0
2026-09-05 18:22:58,31.1,69.4,20.8
2026-09-05 18:23:28,31.2,69.4,26.7
2026-09-05 18:23:58,31.1,69.4,22.5
2026-09-05 18:24:28,31.2,69.6,22.5
2026-09-05 18:24:58,31.1,69.6,22.5
2026-09-05 18:25:28,31.2,69.6,22.5
2026-09-05 18:25:58,31.1,69.7,22.5
2026-09-05 18:26:28,31.1,69.4,20.0
2026-09-05 18:26:58,31.2,69.5,19.2
2026-09-05 18:27:28,31.1,69.5,24.2
2026-09-05 18:27:58,31.1,69.5,20.8
2026-09-05 18:28:28,31.1,69.8,22.5
2026-09-05 18:28:58,31.1,70.1,19.2
2026-09-05 18:29:28,31.1,70.0,23.3
2026-09-05 18:29:58,31.1,70.1,20.8
2026-09-05 18:30:28,31.1,70.0,20.8
2026-09-05 18:30:58,31.1,70.1,20.8
2026-09-05 18:31:28,31.1,70.3,20.8
2026-09-05 18:31:58,31.1,70.5,20.8
2026-09-05 18:32:28,31.1,70.6,20.8
2026-09-05 18:32:58,31.2,70.7,20.8
2026-09-05 18:33:28,31.1,70.6,20.8
2026-09-05 18:33:58,31.2,70.5,20.8
2026-09-05 18:34:28,31.1,70.5,20.8
2026-09-05 18:34:58,31.1,70.4,20.8
2026-09-05 18:35:28,31.1,70.6,20.8
2026-09-05 18:35:58,31.2,69.9,20.8
2026-09-05 18:36:28,31.2,70.0,20.8
2026-09-05 18:36:58,31.2,70.4,20.8
2026-09-05 18:37:28,31.1,70.9,20.8
2026-09-05 18:37:58,31.1,70.2,20.8
2026-09-05 18:38:28,31.1,70.2,20.8
2026-09-05 18:38:58,31.1,70.1,20.8
2026-09-05 18:39:28,31.1,70.3,20.8
2026-09-05 18:39:58,31.1,70.8,20.8
2026-09-05 18:40:28,31.0,71.2,20.8
2026-09-05 18:40:58,31.0,70.9,20.8
2026-09-05 18:41:28,31.0,70.9,20.8
2026-09-05 18:41:58,31.1,70.9,20.8
2026-09-05 18:42:28,31.0,71.2,18.3
2026-09-05 18:42:58,31.1,71.2,17.5
2026-09-05 18:43:28,31.1,71.3,20.0
2026-09-05 18:43:58,31.1,70.8,17.5
2026-09-05 18:44:28,31.1,70.4,17.5
2026-09-05 18:44:58,31.1,70.4,17.5
2026-09-05 18:45:28,31.1,70.6,17.5
2026-09-05 18:45:58,31.1,70.6,17.5
2026-09-05 18:46:28,31.0,70.7,17.5
2026-09-05 18:46:58,31.1,70.6,17.5
2026-09-05 18:47:28,31.0,70.7,17.5
2026-09-05 18:47:58,31.0,70.9,17.5
2026-09-05 18:48:28,31.0,70.9,17.5
2026-09-05 18:48:58,31.0,71.1,17.5
2026-09-05 18:49:28,31.0,70.8,17.5
2026-09-05 18:49:58,31.0,70.9,17.5
2026-09-05 18:50:28,31.0,71.1,17.5
2026-09-05 18:50:58,31.0,71.3,24.2
2026-09-05 18:51:28,31.0,71.3,22.5
2026-09-05 18:51:58,30.9,71.7,17.5
2026-09-05 18:52:28,31.0,71.5,20.0
2026-09-05 18:52:58,31.0,72.0,17.5
2026-09-05 18:53:28,31.0,72.5,17.5
2026-09-05 18:53:58,31.0,71.8,17.5
2026-09-05 18:54:28,31.0,72.8,17.5
2026-09-05 18:54:58,31.1,72.3,17.5
2026-09-05 18:55:28,31.0,71.9,17.5
2026-09-05 18:55:58,31.0,71.8,17.5
2026-09-05 18:56:28,31.0,71.8,17.5
2026-09-05 18:56:58,31.0,72.0,21.7
2026-09-05 18:57:28,31.0,72.0,18.3
2026-09-05 18:57:58,31.0,72.4,18.3
2026-09-05 18:58:28,31.0,72.6,25.0
2026-09-05 18:58:58,31.0,72.0,17.5
2026-09-05 18:59:28,31.0,72.2,17.5
2026-09-05 18:59:58,31.0,72.6,17.5
2026-09-05 19:00:28,30.9,74.1,20.0
2026-09-05 19:00:58,30.9,74.7,17.5
2026-09-05 19:01:28,30.9,73.8,17.5
2026-09-05 19:01:58,31.0,73.2,17.5
2026-09-05 19:02:28,31.0,72.8,17.5
2026-09-05 19:02:58,30.9,72.8,17.5
2026-09-05 19:03:28,31.0,72.7,17.5
2026-09-05 19:03:58,30.9,72.6,18.3
2026-09-05 19:04:28,31.0,72.7,17.5
2026-09-05 19:04:58,30.9,72.6,21.7
2026-09-05 19:05:28,31.0,73.4,20.0
2026-09-05 19:05:58,30.9,73.2,21.7
2026-09-05 19:06:28,30.9,72.8,17.5
2026-09-05 19:06:58,30.9,73.3,18.3
2026-09-05 19:07:28,30.9,72.7,17.5
2026-09-05 19:07:58,30.9,73.7,17.5
2026-09-05 19:08:28,30.9,72.3,17.5
2026-09-05 19:08:58,30.9,72.9,17.5
2026-09-05 19:09:28,30.9,72.3,22.5
2026-09-05 19:09:58,30.9,72.0,17.5
2026-09-05 19:10:28,30.9,72.6,17.5
2026-09-05 19:10:58,30.9,71.7,17.5
2026-09-05 19:11:28,30.9,72.4,18.3
2026-09-05 19:11:58,30.9,73.2,22.5
2026-09-05 19:12:28,30.9,73.4,18.3
2026-09-05 19:12:58,31.0,70.8,20.0
2026-09-05 19:13:28,30.9,71.7,17.5
2026-09-05 19:13:58,31.0,71.6,18.3
2026-09-05 19:14:28,30.9,71.8,17.5
2026-09-05 19:14:58,30.9,71.8,25.8
2026-09-05 19:15:28,30.9,71.5,21.7
2026-09-05 19:15:58,30.9,71.7,18.3
2026-09-05 19:16:28,30.8,72.3,18.3
2026-09-05 19:16:58,30.9,73.7,19.2
2026-09-05 19:17:28,30.8,73.8,18.3
2026-09-05 19:17:58,31.0,73.4,18.3
2026-09-05 19:18:28,30.9,74.0,18.3
2026-09-05 19:18:58,31.0,73.8,18.3
2026-09-05 19:19:28,31.0,73.7,18.3
2026-09-05 19:19:58,31.1,73.5,18.3
2026-09-05 19:20:28,31.0,73.4,18.3
2026-09-05 19:20:58,31.1,72.9,18.3
2026-09-05 19:21:28,31.1,73.6,18.3
2026-09-05 19:21:58,31.2,72.1,18.3
2026-09-05 19:22:28,31.1,72.4,18.3
2026-09-05 19:22:58,31.2,72.4,18.3
2026-09-05 19:23:28,31.1,71.7,18.3
2026-09-05 19:23:58,31.2,72.1,18.3
2026-09-05 19:24:28,31.1,73.2,17.5
2026-09-05 19:24:58,31.2,72.8,18.3
2026-09-05 19:25:28,31.1,72.4,18.3
2026-09-05 19:25:58,31.2,71.8,18.3
2026-09-05 19:26:28,31.2,72.0,21.7
2026-09-05 19:26:58,31.1,71.4,17.5
2026-09-05 19:27:28,31.2,70.3,18.3
2026-09-05 19:27:58,31.2,70.9,18.3
2026-09-05 19:28:28,31.1,71.9,18.3
2026-09-05 19:28:58,31.1,70.7,18.3
2026-09-05 19:29:28,31.1,71.2,18.3
2026-09-05 19:29:58,31.1,72.8,18.3
2026-09-05 19:30:28,31.1,70.8,18.3
2026-09-05 19:30:58,31.1,71.0,18.3
2026-09-05 19:31:28,31.1,72.4,18.3
2026-09-05 19:31:58,31.1,71.4,22.5
2026-09-05 19:32:28,31.0,72.0,22.5
2026-09-05 19:32:58,31.1,72.4,18.3
73,31.3,67.8,0.0
2026-09-06 00:37:38,31.2,67.1,0.0
2026-09-06 00:38:08,31.1,67.7,0.0
2026-09-06 00:38:38,31.1,68.0,0.0
2026-09-06 00:39:08,31.0,69.3,0.0
2026-09-06 00:39:38,30.9,68.4,0.0
2026-09-06 00:40:08,30.8,68.5,0.0
2026-09-06 00:40:38,30.8,68.5,0.0
2026-09-06 00:41:08,30.7,69.3,0.0
2026-09-06 00:41:38,30.7,68.9,0.0
2026-09-06 00:42:08,30.6,70.0,0.0
2026-09-06 00:42:38,30.6,70.5,0.0
2026-09-06 00:43:08,30.6,68.8,0.0
2026-09-06 00:43:38,30.5,68.9,0.0
2026-09-06 00:44:08,30.5,69.4,0.0
2026-09-06 00:44:38,30.5,69.9,0.0
2026-09-06 00:45:08,30.4,69.2,0.0
2026-09-06 00:45:38,30.4,70.0,0.0
2026-09-06 00:46:08,30.4,69.6,0.0
2026-09-06 00:46:38,30.4,69.8,0.0
2026-09-06 00:47:08,30.4,71.4,0.0
2026-09-06 00:47:38,30.4,70.7,0.0
2026-09-06 00:48:08,30.4,69.6,0.0
2026-09-06 00:48:38,30.4,69.3,0.0
2026-09-06 00:49:08,30.4,69.2,0.0
2026-09-06 00:49:38,30.4,72.1,0.0
2026-09-06 00:50:08,30.3,70.3,0.0
2026-09-06 00:50:38,30.3,70.4,0.0
2026-09-06 00:51:08,30.3,70.2,0.0
2026-09-06 00:51:38,30.3,70.7,0.0
2026-09-06 00:52:08,30.3,70.4,0.0
2026-09-06 00:52:38,30.3,69.4,0.0
2026-09-06 00:53:08,30.3,69.2,0.0
2026-09-06 00:53:38,30.3,69.0,0.0
2026-09-06 00:54:08,30.2,70.0,0.0
2026-09-06 00:54:38,30.2,69.7,0.0
2026-09-06 00:55:08,30.2,69.6,0.0
2026-09-06 00:55:38,30.1,69.0,0.0
2026-09-06 00:56:08,30.1,71.2,0.0
2026-09-06 00:56:38,30.1,71.3,0.0
2026-09-06 00:57:08,30.1,70.5,0.0
2026-09-06 00:57:38,30.1,70.9,0.0
2026-09-06 00:58:08,30.1,70.2,0.0
2026-09-06 00:58:38,30.1,70.8,0.0
2026-09-06 00:59:08,30.1,71.5,0.0
2026-09-06 00:59:38,30.1,71.4,0.0
2026-09-06 01:00:08,30.1,71.7,0.0
2026-09-06 01:00:38,30.1,70.8,0.0
2026-09-06 01:01:08,30.1,70.2,0.0
2026-09-06 01:01:38,30.1,69.7,0.0
2026-09-06 01:02:08,30.1,70.9,0.0
2026-09-06 01:02:38,30.1,70.0,0.0
2026-09-06 01:03:08,30.1,70.6,0.0
2026-09-06 01:03:38,30.1,72.1,0.0
2026-09-06 01:04:08,30.1,70.3,0.0
2026-09-06 01:04:38,30.1,70.7,0.0
2026-09-06 01:05:08,30.1,71.2,0.0
2026-09-06 01:05:38,30.0,71.8,0.0
2026-09-06 01:06:08,30.0,71.3,0.0
2026-09-06 01:06:38,30.0,71.7,0.0
2026-09-06 01:07:08,30.0,71.9,0.0
2026-09-06 01:07:38,30.1,70.8,0.0
2026-09-06 01:08:08,30.1,70.4,0.0
2026-09-06 01:08:38,30.1,70.3,0.0
2026-09-06 01:09:08,30.1,70.8,0.0
2026-09-06 01:09:38,30.1,71.7,0.0
2026-09-06 01:10:08,30.1,69.7,0.0
2026-09-06 01:10:38,30.1,70.1,0.0
2026-09-06 01:11:08,30.0,70.2,0.0
2026-09-06 01:11:38,30.0,71.3,0.0
2026-09-06 01:12:08,30.1,70.2,0.0
2026-09-06 01:12:38,30.0,70.0,0.0
2026-09-06 01:13:08,30.0,70.1,0.0
2026-09-06 01:13:38,30.0,70.5,0.0
2026-09-06 01:14:08,30.0,70.1,0.0
2026-09-06 01:14:38,30.0,71.1,0.0
2026-09-06 01:15:08,30.0,70.1,0.0
2026-09-06 01:15:38,30.0,71.4,0.0
2026-09-06 01:16:08,30.0,70.0,0.0
2026-09-06 01:16:38,30.0,69.5,0.0
2026-09-06 01:17:08,30.0,70.1,0.0
2026-09-06 01:17:38,30.0,70.7,0.0
2026-09-06 01:18:08,29.9,71.3,0.0
2026-09-06 01:18:38,29.9,71.4,0.0
2026-09-06 01:19:08,30.0,71.2,0.0
2026-09-06 01:19:38,30.0,70.4,0.0
2026-09-06 01:20:08,30.0,71.6,0.0
2026-09-06 01:20:38,30.0,72.0,0.0
2026-09-06 01:21:08,30.0,71.0,0.0
2026-09-06 01:21:38,30.0,71.9,0.0
2026-09-06 01:22:08,30.0,71.1,0.0
2026-09-06 01:22:38,30.1,70.1,0.0
2026-09-06 01:23:08,30.0,70.2,0.0
2026-09-06 01:23:38,30.0,70.7,0.0
2026-09-06 01:24:08,30.0,70.9,0.0
2026-09-06 01:24:38,30.0,70.1,0.0
2026-09-06 01:25:08,30.0,71.0,0.0
2026-09-06 01:25:38,30.0,70.6,0.0
2026-09-06 01:26:08,30.0,70.0,0.0
2026-09-06 01:26:38,30.0,70.5,0.0
2026-09-06 01:27:08,30.0,69.7,0.0
2026-09-06 01:27:38,30.0,70.1,0.0
2026-09-06 01:28:08,30.0,71.5,0.0
2026-09-06 01:28:38,30.0,70.9,0.0
2026-09-06 01:29:08,30.0,70.7,0.0
2026-09-06 01:29:38,30.0,69.8,0.0
2026-09-06 01:30:08,29.9,70.0,0.0
2026-09-06 01:30:38,29.9,70.1,0.0
2026-09-06 01:31:08,29.9,70.2,0.0
2026-09-06 01:31:38,29.9,70.5,0.0
2026-09-06 01:32:08,29.9,70.4,0.0
2026-09-06 01:32:38,29.9,70.5,0.0
2026-09-06 01:33:08,29.9,71.2,0.0
2026-09-06 01:33:38,29.9,70.5,0.0
2026-09-06 01:34:08,29.9,71.0,0.0
2026-09-06 01:34:38,29.9,69.8,0.0
2026-09-06 01:35:08,29.9,69.6,0.0
2026-09-06 01:35:38,29.9,70.6,0.0
2026-09-06 01:36:08,29.9,70.9,0.0
2026-09-06 01:36:38,29.9,71.1,0.0
2026-09-06 01:37:08,29.8,70.6,0.0
2026-09-06 01:37:38,29.8,70.3,0.0
2026-09-06 01:38:08,29.8,69.8,0.0
2026-09-06 01:38:38,29.9,71.2,0.0
2026-09-06 01:39:08,29.8,71.8,0.0
2026-09-06 01:39:38,29.8,71.6,0.0
2026-09-06 01:40:08,29.8,71.8,0.0
2026-09-06 01:40:38,29.8,70.4,0.0
2026-09-06 01:41:08,29.8,69.9,0.0
2026-09-06 01:41:38,29.8,71.2,0.0
2026-09-06 01:42:08,29.8,70.7,0.0
2026-09-06 01:42:38,29.8,70.3,0.0
2026-09-06 01:43:08,29.8,70.8,0.0
2026-09-06 01:43:38,29.8,71.2,0.0
2026-09-06 01:44:08,29.8,69.9,0.0
2026-09-06 01:44:38,29.8,70.3,0.0
2026-09-06 01:45:08,29.8,70.8,0.0
2026-09-06 01:45:38,29.8,70.1,0.0
2026-09-06 01:46:08,29.8,70.7,0.0
2026-09-06 01:46:38,29.8,70.7,0.0
2026-09-06 01:47:08,29.8,70.4,0.0
2026-09-06 01:47:38,29.8,71.3,0.0
2026-09-06 01:48:08,29.8,70.8,0.0
2026-09-06 01:48:38,29.8,71.7,0.0
2026-09-06 01:49:08,29.8,70.7,0.0
2026-09-06 01:49:38,29.8,70.3,0.0
2026-09-06 01:50:08,29.8,71.6,0.0
2026-09-06 01:50:38,29.8,70.7,0.0
2026-09-06 01:51:08,29.7,70.3,0.0
2026-09-06 01:51:38,29.7,72.0,0.0
2026-09-06 01:52:08,29.7,70.6,0.0
2026-09-06 01:52:38,29.7,70.6,0.0
2026-09-06 01:53:08,29.8,71.1,0.0
2026-09-06 01:53:38,29.7,70.6,0.0
2026-09-06 01:54:08,29.8,71.1,0.0
2026-09-06 01:54:38,29.8,71.5,0.0
2026-09-06 01:55:08,29.8,70.4,0.0
2026-09-06 01:55:38,29.8,70.8,0.0
2026-09-06 01:56:08,29.8,70.4,0.0
2026-09-06 01:56:38,29.8,71.3,0.0
2026-09-06 01:57:08,29.8,70.6,0.0
2026-09-06 01:57:38,29.8,70.3,0.0
2026-09-06 01:58:08,29.8,70.8,0.0
2026-09-06 01:58:38,29.8,71.3,0.0
2026-09-06 01:59:08,29.8,70.2,0.0
2026-09-06 01:59:38,29.8,71.3,0.0
2026-09-06 02:00:08,29.8,71.0,0.0
2026-09-06 02:00:38,29.8,70.4,0.0
2026-09-06 02:01:08,29.8,70.9,0.0
2026-09-06 02:01:38,29.9,70.5,0.0
2026-09-06 02:02:08,29.9,71.1,0.0
2026-09-06 02:02:38,29.9,69.9,0.0
2026-09-06 02:03:08,29.8,70.2,0.0
2026-09-06 02:03:38,29.8,71.2,0.0
2026-09-06 02:04:08,29.8,70.7,0.0
2026-09-06 02:04:38,29.8,70.8,0.0
2026-09-06 02:05:08,29.8,71.2,0.0
2026-09-06 02:05:38,29.8,70.9,0.0
2026-09-06 02:06:08,29.8,71.2,0.0
2026-09-06 02:06:38,29.9,70.5,0.0
2026-09-06 02:07:08,29.9,69.5,0.0
2026-09-06 02:07:38,29.9,70.1,0.0
2026-09-06 02:08:08,29.8,69.8,0.0
2026-09-06 02:08:38,29.8,71.1,0.0
2026-09-06 02:09:08,29.8,70.1,0.0
2026-09-06 02:09:38,29.8,71.4,0.0
2026-09-06 02:10:08,29.8,70.8,0.0
2026-09-06 02:10:38,29.8,72.1,0.0
2026-09-06 02:11:08,29.8,70.9,0.0
2026-09-06 02:11:38,29.8,71.4,0.0
2026-09-06 02:12:08,29.8,71.8,0.0
2026-09-06 02:12:38,29.9,70.1,0.0
2026-09-06 02:13:08,29.9,71.6,0.0
2026-09-06 02:13:38,29.9,70.5,0.0
2026-09-06 02:14:08,29.9,70.8,0.0
2026-09-06 02:14:38,29.9,70.2,0.0
2026-09-06 02:15:08,29.9,71.4,0.0
2026-09-06 02:15:38,29.9,70.9,0.0
2026-09-06 02:16:08,29.9,70.3,0.0
2026-09-06 02:16:38,29.9,70.9,0.0
2026-09-06 02:17:08,29.9,71.8,0.0
2026-09-06 02:17:38,29.9,71.2,0.0
2026-09-06 02:18:08,29.9,70.7,0.0
2026-09-06 02:18:38,29.9,70.2,0.0
2026-09-06 02:19:08,29.9,71.0,0.0
2026-09-06 02:19:38,29.9,69.7,0.0
2026-09-06 02:20:08,29.9,71.0,0.0
2026-09-06 02:20:38,29.9,70.1,0.0
2026-09-06 02:21:08,29.9,69.9,0.0
2026-09-06 02:21:38,29.9,69.1,0.0
2026-09-06 02:22:08,29.8,69.6,0.0
2026-09-06 02:22:38,29.8,70.5,0.0
2026-09-06 02:23:08,29.8,69.4,0.0
2026-09-06 02:23:38,29.8,70.3,0.0
2026-09-06 02:24:08,29.8,69.7,0.0
2026-09-06 02:24:38,29.8,70.2,0.0
2026-09-06 02:25:08,29.8,71.1,0.0
2026-09-06 02:25:38,29.8,70.4,0.0
2026-09-06 02:26:08,29.8,71.9,0.0
2026-09-06 02:26:38,29.8,71.4,0.0
2026-09-06 02:27:08,29.8,70.7,0.0
2026-09-06 02:27:38,29.8,71.1,0.0
2026-09-06 02:28:08,29.8,70.2,0.0
2026-09-06 02:28:38,29.8,70.0,0.0
2026-09-06 02:29:08,29.8,70.0,0.0
2026-09-06 02:29:38,29.8,69.9,0.0
2026-09-06 02:30:08,29.8,70.1,0.0
2026-09-06 02:30:38,29.8,70.4,0.0
2026-09-06 02:31:08,29.8,70.6,0.0
2026-09-06 02:31:38,29.8,70.4,0.0
2026-09-06 02:32:08,29.8,71.2,0.0
2026-09-06 02:32:38,29.8,69.9,0.0
2026-09-06 02:33:08,29.8,69.8,0.0
2026-09-06 02:33:38,29.8,70.5,0.0
2026-09-06 02:34:08,29.8,70.9,0.0
2026-09-06 02:34:38,29.8,71.3,0.0
2026-09-06 02:35:08,29.8,70.1,0.0
2026-09-06 02:35:38,29.9,69.5,0.0
2026-09-06 02:36:08,29.9,69.7,0.0
2026-09-06 02:36:38,29.9,69.4,0.0
2026-09-06 02:37:08,29.8,69.4,0.0
2026-09-06 02:37:38,29.8,70.1,0.0
2026-09-06 02:38:08,29.8,70.2,0.0
2026-09-06 02:38:38,29.8,71.2,0.0
2026-09-06 02:39:08,29.8,70.9,0.0
2026-09-06 02:39:38,29.9,70.1,0.0
2026-09-06 02:40:08,29.9,70.5,0.0
2026-09-06 02:40:38,29.9,70.3,0.0
2026-09-06 02:41:08,29.8,70.4,0.0
2026-09-06 02:41:38,29.8,69.6,0.0
2026-09-06 02:42:08,29.9,69.3,0.0
2026-09-06 02:42:38,29.8,69.6,0.0
2026-09-06 02:43:08,29.8,69.3,0.0
2026-09-06 02:43:38,29.8,69.2,0.0
2026-09-06 02:44:08,29.7,70.9,0.0
2026-09-06 02:44:38,29.8,69.6,0.0
2026-09-06 02:45:08,29.8,69.7,0.0
2026-09-06 02:45:38,29.8,70.1,0.0
2026-09-06 02:46:08,29.8,69.9,0.0
2026-09-06 02:46:38,29.7,70.1,0.0
2026-09-06 02:47:08,29.7,70.6,0.0
2026-09-06 02:47:38,29.7,70.2,0.0
2026-09-06 02:48:08,29.7,70.3,0.0
2026-09-06 02:48:38,29.7,71.3,0.0
2026-09-06 02:49:08,29.8,71.1,0.0
2026-09-06 02:49:38,29.8,70.3,0.0
2026-09-06 02:50:08,29.8,70.3,0.0
2026-09-06 02:50:38,29.8,70.0,0.0
2026-09-06 02:51:08,29.8,70.2,0.0
2026-09-06 02:51:38,29.8,70.1,0.0
2026-09-06 02:52:08,29.8,70.5,0.0
2026-09-06 02:52:38,29.8,71.8,0.0
2026-09-06 02:53:08,29.8,70.6,0.0
2026-09-06 02:53:38,29.8,69.7,0.0
2026-09-06 02:54:08,29.8,69.6,0.0
2026-09-06 02:54:38,29.8,69.5,0.0
2026-09-06 02:55:08,29.8,70.2,0.0
2026-09-06 02:55:38,29.8,69.8,0.0
2026-09-06 02:56:08,29.8,69.7,0.0
2026-09-06 02:56:38,29.7,69.3,0.0
2026-09-06 02:57:08,29.7,68.8,0.0
2026-09-06 02:57:38,29.7,70.1,0.0
2026-09-06 02:58:08,29.7,70.5,0.0
2026-09-06 02:58:38,29.7,69.9,0.0
2026-09-06 02:59:08,29.7,70.3,0.0
2026-09-06 02:59:38,29.7,69.7,0.0
2026-09-06 03:00:08,29.7,70.6,0.0
2026-09-06 03:00:38,29.7,70.1,0.0
2026-09-06 03:01:08,29.8,71.1,0.0
2026-09-06 03:01:38,29.8,69.2,0.0
2026-09-06 03:02:08,29.8,70.2,0.0
2026-09-06 03:02:38,29.7,70.5,0.0
2026-09-06 03:03:08,29.8,69.6,0.0
2026-09-06 03:03:38,29.8,69.1,0.0
2026-09-06 03:04:08,29.8,69.1,0.0
2026-09-06 03:04:38,29.7,68.9,0.0
2026-09-06 03:05:08,29.7,70.8,0.0
2026-09-06 03:05:38,29.7,69.6,0.0
2026-09-06 03:06:08,29.7,70.3,0.0
2026-09-06 03:06:38,29.7,69.0,0.0
2026-09-06 03:07:08,29.7,68.8,0.0
2026-09-06 03:07:38,29.7,69.8,0.0
2026-09-06 03:08:08,29.6,69.8,0.0
2026-09-06 03:08:38,29.6,71.5,0.0
2026-09-06 03:09:08,29.6,70.4,0.0
2026-09-06 03:09:38,29.7,69.9,0.0
2026-09-06 03:10:08,29.7,69.8,0.0
2026-09-06 03:10:38,29.7,69.8,0.0
2026-09-06 03:11:08,29.7,70.1,0.0
2026-09-06 03:11:38,29.7,69.7,0.0
2026-09-06 03:12:08,29.7,69.6,0.0
2026-09-06 03:12:38,29.7,69.6,0.0
2026-09-06 03:13:08,29.7,68.8,0.0
2026-09-06 03:13:38,29.7,70.2,2.5
2026-09-06 03:14:08,29.7,69.1,2.5
2026-09-06 03:14:38,29.7,70.0,2.5
2026-09-06 03:15:08,29.7,69.4,2.5
2026-09-06 03:15:38,29.7,70.3,2.5
2026-09-06 03:16:08,29.8,70.2,0.0
2026-09-06 03:16:38,29.8,69.5,0.0
2026-09-06 03:17:08,29.8,70.0,0.0
2026-09-06 03:17:38,29.8,69.4,0.0
2026-09-06 03:18:08,29.8,69.2,0.0
2026-09-06 03:18:38,29.8,69.3,0.0
2026-09-06 03:19:08,29.8,70.0,0.0
2026-09-06 03:19:38,29.8,68.8,0.0
2026-09-06 03:20:08,29.8,68.8,0.0
2026-09-06 03:20:38,29.8,70.4,0.0
2026-09-06 03:21:08,29.8,69.2,0.0
2026-09-06 03:21:38,29.8,69.5,0.0
2026-09-06 03:22:08,29.8,68.6,0.0
2026-09-06 03:22:38,29.8,68.6,0.0
2026-09-06 03:23:08,29.8,68.5,0.0
2026-09-06 03:23:38,29.8,69.0,0.0
2026-09-06 03:24:08,29.7,69.1,0.0
2026-09-06 03:24:38,29.7,68.3,0.0
2026-09-06 03:25:08,29.7,69.7,0.0
2026-09-06 03:25:38,29.7,69.5,0.0
2026-09-06 03:26:08,29.7,69.8,0.0
2026-09-06 03:26:38,29.7,69.4,0.0
2026-09-06 03:27:08,29.7,71.4,0.0
2026-09-06 03:27:38,29.7,69.7,0.0
2026-09-06 03:28:08,29.7,69.5,0.0
2026-09-06 03:28:38,29.7,69.4,0.0
2026-09-06 03:29:08,29.8,69.9,0.0
2026-09-06 03:29:38,29.7,69.2,0.0
2026-09-06 03:30:08,29.7,68.5,0.0
2026-09-06 03:30:38,29.7,69.1,0.0
2026-09-06 03:31:08,29.7,69.0,0.0
2026-09-06 03:31:38,29.7,69.1,0.0
2026-09-06 03:32:08,29.7,70.3,0.0
2026-09-06 03:32:38,29.7,68.8,0.0
2026-09-06 03:33:08,29.7,69.8,0.0
2026-09-06 03:33:38,29.7,70.1,0.0
2026-09-06 03:34:08,29.7,69.2,0.0
2026-09-06 03:34:38,29.7,70.0,0.0
2026-09-06 03:35:08,29.7,69.5,0.0
2026-09-06 03:35:38,29.7,68.6,0.0
2026-09-06 03:36:08,29.7,69.6,0.0
2026-09-06 03:36:38,29.7,69.2,0.0
2026-09-06 03:37:08,29.7,69.9,0.0
2026-09-06 03:37:38,29.7,68.2,0.0
2026-09-06 03:38:08,29.7,68.7,0.0
2026-09-06 03:38:38,29.7,69.2,0.0
2026-09-06 03:39:08,29.7,68.2,0.0
2026-09-06 03:39:38,29.7,68.5,0.0
2026-09-06 03:40:08,29.7,68.8,0.0
2026-09-06 03:40:38,29.6,69.6,0.0
2026-09-06 03:41:08,29.6,68.9,0.0
2026-09-06 03:41:38,29.6,68.4,0.0
2026-09-06 03:42:08,29.6,68.3,0.0
2026-09-06 03:42:38,29.6,68.1,0.0
2026-09-06 03:43:08,29.6,68.8,0.0
2026-09-06 03:43:38,29.6,69.1,0.0
2026-09-06 03:44:08,29.6,68.9,0.0
2026-09-06 03:44:38,29.6,68.9,0.0
2026-09-06 03:45:08,29.6,68.7,0.0
2026-09-06 03:45:38,29.6,69.7,0.0
2026-09-06 03:46:08,29.6,70.2,0.0
2026-09-06 03:46:38,29.6,69.9,0.0
2026-09-06 03:47:08,29.6,68.8,0.0
2026-09-06 03:47:38,29.6,70.2,0.0
2026-09-06 03:48:08,29.6,68.7,0.0
2026-09-06 03:48:38,29.6,68.6,0.0
2026-09-06 03:49:08,29.6,68.3,0.0
2026-09-06 03:49:38,29.6,69.5,0.0
2026-09-06 03:50:08,29.6,68.8,0.0
2026-09-06 03:50:38,29.5,69.2,0.0
2026-09-06 03:51:08,29.5,69.2,0.0
2026-09-06 03:51:38,29.5,70.1,0.0
2026-09-06 03:52:08,29.6,69.1,0.0
2026-09-06 03:52:38,29.6,68.2,0.0
2026-09-06 03:53:08,29.6,69.7,0.0
2026-09-06 03:53:38,29.6,69.8,0.0
2026-09-06 03:54:08,29.6,68.7,0.0
2026-09-06 03:54:38,29.6,68.5,0.0
2026-09-06 03:55:08,29.7,70.0,0.0
2026-09-06 03:55:38,29.7,68.2,0.0
2026-09-06 03:56:08,29.7,68.2,0.0
2026-09-06 03:56:38,29.6,68.3,0.0
2026-09-06 03:57:08,29.6,68.0,0.0
2026-09-06 03:57:38,29.6,70.4,0.0
2026-09-06 03:58:08,29.6,68.2,0.0
2026-09-06 03:58:38,29.6,68.0,0.0
2026-09-06 03:59:08,29.6,69.1,0.0
2026-09-06 03:59:38,29.6,69.4,0.0
2026-09-06 04:00:08,29.6,68.5,0.0
2026-09-06 04:00:38,29.6,69.2,0.0
2026-09-06 04:01:08,29.6,70.1,0.0
2026-09-06 04:01:38,29.6,69.4,0.0
2026-09-06 04:02:08,29.6,69.1,0.0
2026-09-06 04:02:38,29.6,68.1,0.0
2026-09-06 04:03:08,29.6,68.4,0.0
2026-09-06 04:03:38,29.6,69.0,0.0
2026-09-06 04:04:08,29.6,69.5,0.0
2026-09-06 04:04:38,29.6,70.5,0.0
2026-09-06 04:05:08,29.7,69.1,0.0
2026-09-06 04:05:38,29.6,69.4,0.0
2026-09-06 04:06:08,29.7,68.7,0.0
2026-09-06 04:06:38,29.7,69.3,0.0
2026-09-06 04:07:08,29.7,70.1,0.0
2026-09-06 04:07:38,29.7,70.5,0.0
2026-09-06 04:08:08,29.7,69.9,0.0
2026-09-06 04:08:38,29.8,69.3,0.0
2026-09-06 04:09:08,29.8,70.4,0.0
2026-09-06 04:09:38,29.8,68.8,0.0
2026-09-06 04:10:08,29.8,68.2,0.0
2026-09-06 04:10:38,29.8,68.8,0.0
2026-09-06 04:11:08,29.8,68.4,0.0
2026-09-06 04:11:38,29.7,68.3,0.0
2026-09-06 04:12:08,29.7,68.1,0.0
2026-09-06 04:12:38,29.7,69.3,0.0
2026-09-06 04:13:08,29.7,69.8,0.0
2026-09-06 04:13:38,29.7,68.9,0.0
2026-09-06 04:14:08,29.7,69.4,0.0
2026-09-06 04:14:38,29.6,68.7,0.0
2026-09-06 04:15:08,29.6,69.3,0.0
2026-09-06 04:15:38,29.6,69.3,0.0
2026-09-06 04:16:08,29.6,68.8,0.0
2026-09-06 04:16:38,29.7,68.7,0.0
2026-09-06 04:17:08,29.6,67.7,0.0
2026-09-06 04:17:38,29.6,67.8,0.0
2026-09-06 04:18:08,29.6,67.8,0.0
2026-09-06 04:18:38,29.6,68.0,0.0
2026-09-06 04:19:08,29.6,67.9,0.0
2026-09-06 04:19:38,29.5,68.1,0.0
2026-09-06 04:20:08,29.5,68.1,0.0
2026-09-06 04:20:38,29.5,68.3,0.0
2026-09-06 04:21:08,29.5,68.8,0.0
2026-09-06 04:21:38,29.5,68.3,0.0
2026-09-06 04:22:08,29.5,69.0,0.0
2026-09-06 04:22:38,29.4,69.4,0.0
2026-09-06 04:23:08,29.4,69.8,0.0
2026-09-06 04:23:38,29.5,69.1,0.0
2026-09-06 04:24:08,29.5,70.4,0.0
2026-09-06 04:24:38,29.5,69.4,0.0
2026-09-06 04:25:08,29.5,70.6,0.0
2026-09-06 04:25:38,29.5,70.6,0.0
2026-09-06 04:26:08,29.6,68.6,0.0
2026-09-06 04:26:38,29.6,68.6,0.0
2026-09-06 04:27:08,29.6,68.9,0.0
2026-09-06 04:27:38,29.6,69.6,0.0
2026-09-06 04:28:08,29.6,69.1,0.0
2026-09-06 04:28:38,29.6,68.7,0.0
2026-09-06 04:29:08,29.6,69.4,0.0
2026-09-06 04:29:38,29.6,68.7,0.0
2026-09-06 04:30:08,29.6,69.4,0.0
2026-09-06 04:30:38,29.6,69.2,0.0
2026-09-06 04:31:08,29.6,69.6,0.0
2026-09-06 04:31:38,29.6,68.9,0.0
2026-09-06 04:32:08,29.6,69.6,0.0
2026-09-06 04:32:38,29.6,68.8,0.0
2026-09-06 04:33:08,29.6,69.7,0.0
2026-09-06 04:33:38,29.6,70.4,0.0
2026-09-06 04:34:08,29.6,69.9,0.0
2026-09-06 04:34:38,29.6,69.0,0.0
2026-09-06 04:35:08,29.6,68.8,0.0
2026-09-06 04:35:38,29.6,69.2,0.0
2026-09-06 04:36:08,29.6,69.4,0.0
2026-09-06 04:36:38,29.6,68.5,0.0
2026-09-06 04:37:08,29.6,68.6,0.0
2026-09-06 04:37:38,29.6,69.8,0.0
2026-09-06 04:38:08,29.5,68.8,0.0
2026-09-06 04:38:38,29.5,69.9,0.0
2026-09-06 04:39:08,29.5,70.2,0.0
2026-09-06 04:39:38,29.5,69.0,0.0
2026-09-06 04:40:08,29.5,69.8,0.0
2026-09-06 04:40:38,29.5,69.1,0.0
2026-09-06 04:41:08,29.5,70.9,0.0
2026-09-06 04:41:38,29.5,70.2,0.0
2026-09-06 04:42:08,29.5,69.2,0.0
2026-09-06 04:42:38,29.5,69.1,0.0
2026-09-06 04:43:08,29.5,70.3,0.0
2026-09-06 04:43:38,29.5,69.6,0.0
2026-09-06 04:44:08,29.5,69.3,0.0
2026-09-06 04:44:38,29.5,68.9,0.0
2026-09-06 04:45:08,29.5,69.2,0.0
2026-09-06 04:45:38,29.5,68.4,0.0
2026-09-06 04:46:08,29.5,68.9,0.0
2026-09-06 04:46:38,29.5,70.1,0.0
2026-09-06 04:47:08,29.5,69.9,0.0
2026-09-06 04:47:38,29.5,70.1,0.0
2026-09-06 04:48:08,29.6,69.4,0.0
2026-09-06 04:48:38,29.6,68.4,0.0
2026-09-06 04:49:08,29.6,68.1,0.0
2026-09-06 04:49:38,29.6,68.9,0.0
2026-09-06 04:50:08,29.6,70.3,0.0
2026-09-06 04:50:38,29.6,68.6,0.0
2026-09-06 04:51:08,29.5,69.9,0.0
2026-09-06 04:51:38,29.5,69.2,0.0
2026-09-06 04:52:08,29.5,69.4,0.0
2026-09-06 04:52:38,29.5,68.5,0.0
2026-09-06 04:53:08,29.5,69.1,0.0
2026-09-06 04:53:38,29.5,68.5,0.0
2026-09-06 04:54:08,29.5,69.8,0.0
2026-09-06 04:54:38,29.5,70.7,0.0
2026-09-06 04:55:08,29.5,68.9,0.0
2026-09-06 04:55:38,29.5,68.3,0.0
2026-09-06 04:56:08,29.5,68.5,0.0
2026-09-06 04:56:38,29.6,68.6,0.0
2026-09-06 04:57:08,29.5,69.4,0.0
2026-09-06 04:57:38,29.5,68.9,0.0
2026-09-06 04:58:08,29.5,69.1,0.0
2026-09-06 04:58:38,29.5,68.1,0.0
2026-09-06 04:59:08,29.5,68.4,0.0
2026-09-06 04:59:38,29.5,68.5,0.0
2026-09-06 05:00:08,29.5,68.2,0.0
2026-09-06 05:00:38,29.5,68.5,0.0
2026-09-06 05:01:08,29.5,68.6,0.0
2026-09-06 05:01:38,29.5,69.0,0.0
2026-09-06 05:02:08,29.5,68.7,0.0
2026-09-06 05:02:38,29.5,70.1,0.0
2026-09-06 05:03:08,29.5,69.8,0.0
2026-09-06 05:03:38,29.5,68.4,0.0
2026-09-06 05:04:08,29.5,68.7,0.0
2026-09-06 05:04:38,29.6,68.7,0.0
2026-09-06 05:05:08,29.6,68.8,0.0
2026-09-06 05:05:38,29.6,69.9,0.0
2026-09-06 05:06:08,29.6,68.6,0.0
2026-09-06 05:06:38,29.6,69.6,0.0
2026-09-06 05:07:08,29.6,68.4,0.0
2026-09-06 05:07:38,29.6,68.7,0.0
2026-09-06 05:08:08,29.6,68.7,0.0
2026-09-06 05:08:38,29.6,68.6,0.0
2026-09-06 05:09:08,29.6,69.0,0.0
2026-09-06 05:09:38,29.6,69.7,0.0
2026-09-06 05:10:08,29.6,68.5,0.0
2026-09-06 05:10:38,29.7,69.2,0.0
2026-09-06 05:11:08,29.7,68.5,0.0
2026-09-06 05:11:38,29.7,69.5,0.0
2026-09-06 05:12:08,29.7,69.6,0.0
2026-09-06 05:12:38,29.7,69.4,0.0
2026-09-06 05:13:08,29.8,68.9,0.0
2026-09-06 05:13:38,29.8,69.8,0.0
2026-09-06 05:14:08,29.8,68.5,0.0
2026-09-06 05:14:38,29.8,68.3,0.0
2026-09-06 05:15:08,29.8,68.8,0.0
2026-09-06 05:15:38,29.8,68.2,0.0
2026-09-06 05:16:08,29.8,68.0,0.0
2026-09-06 05:16:38,29.8,67.4,0.0
2026-09-06 05:17:08,29.8,67.5,0.0
2026-09-06 05:17:38,29.8,67.9,0.0
2026-09-06 05:18:08,29.8,67.6,0.0
2026-09-06 05:18:38,29.7,68.3,0.0
2026-09-06 05:19:08,29.7,68.3,0.0
2026-09-06 05:19:38,29.7,68.1,0.0
2026-09-06 05:20:08,29.7,68.9,0.0
2026-09-06 05:20:38,29.7,68.8,0.0
2026-09-06 05:21:08,29.7,67.9,0.0
2026-09-06 05:21:38,29.7,67.6,0.0
2026-09-06 05:22:08,29.7,68.8,0.0
2026-09-06 05:22:38,29.7,67.9,0.0
2026-09-06 05:23:08,29.6,67.7,0.0
2026-09-06 05:23:38,29.6,68.2,0.0
2026-09-06 05:24:08,29.6,67.5,0.0
2026-09-06 05:24:38,29.6,67.4,0.0
2026-09-06 05:25:08,29.6,67.6,0.0
2026-09-06 05:25:38,29.5,68.9,0.0
2026-09-06 05:26:08,29.5,68.5,0.0
2026-09-06 05:26:38,29.5,68.0,0.0
2026-09-06 05:27:08,29.5,67.8,0.0
2026-09-06 05:27:38,29.5,67.9,0.0
2026-09-06 05:28:08,29.4,68.2,0.0
2026-09-06 05:28:38,29.5,68.2,0.0
2026-09-06 05:29:08,29.4,68.7,0.0
2026-09-06 05:29:38,29.4,68.8,0.0
2026-09-06 05:30:08,29.4,69.4,0.0
2026-09-06 05:30:38,29.5,68.5,0.0
2026-09-06 05:31:08,29.5,69.3,0.0
2026-09-06 05:31:38,29.5,67.9,0.0
2026-09-06 05:32:08,29.5,68.2,0.0
2026-09-06 05:32:38,29.5,67.9,0.0
2026-09-06 05:33:08,29.5,68.2,0.0
2026-09-06 05:33:38,29.5,68.6,0.0
2026-09-06 05:34:08,29.5,68.0,0.0
2026-09-06 05:34:38,29.5,67.9,0.0
2026-09-06 05:35:08,29.5,68.2,0.0
2026-09-06 05:35:38,29.5,68.5,0.0
2026-09-06 05:36:08,29.5,69.0,0.0
2026-09-06 05:36:38,29.4,68.8,0.0
2026-09-06 05:37:08,29.5,69.7,0.0
2026-09-06 05:37:38,29.4,68.1,0.0
2026-09-06 05:38:08,29.5,69.3,0.0
2026-09-06 05:38:38,29.4,69.8,0.0
2026-09-06 05:39:08,29.4,69.2,0.0
2026-09-06 05:39:38,29.4,68.8,0.0
2026-09-06 05:40:08,29.5,68.4,0.0
2026-09-06 05:40:38,29.5,68.3,0.0
2026-09-06 05:41:08,29.5,68.6,0.8
2026-09-06 05:41:38,29.5,68.9,0.8
2026-09-06 05:42:08,29.5,68.7,0.8
2026-09-06 05:42:38,29.5,69.6,0.8
2026-09-06 05:43:08,29.5,70.2,0.8
2026-09-06 05:43:38,29.5,69.3,0.8
2026-09-06 05:44:08,29.5,68.7,0.8
2026-09-06 05:44:38,29.6,67.7,0.8
2026-09-06 05:45:08,29.6,67.5,0.8
2026-09-06 05:45:38,29.6,67.9,0.8
2026-09-06 05:46:08,29.5,68.0,0.8
2026-09-06 05:46:38,29.5,69.2,0.8
2026-09-06 05:47:08,29.5,69.2,0.8
2026-09-06 05:47:38,29.5,68.2,0.8
2026-09-06 05:48:08,29.5,69.3,0.8
2026-09-06 05:48:38,29.6,69.6,0.8
2026-09-06 05:49:08,29.6,68.8,1.7
2026-09-06 05:49:38,29.6,68.3,1.7
2026-09-06 05:50:08,29.6,68.7,1.7
2026-09-06 05:50:38,29.6,67.9,1.7
2026-09-06 05:51:08,29.6,67.9,1.7
2026-09-06 05:51:38,29.5,69.1,1.7
2026-09-06 05:52:08,29.5,69.7,1.7
2026-09-06 05:52:38,29.5,68.1,1.7
2026-09-06 05:53:08,29.6,68.5,1.7
2026-09-06 05:53:38,29.6,68.1,1.7
2026-09-06 05:54:08,29.5,68.1,1.7
2026-09-06 05:54:38,29.5,67.9,1.7
2026-09-06 05:55:08,29.5,69.4,1.7
2026-09-06 05:55:38,29.5,68.6,2.5
2026-09-06 05:56:08,29.5,67.9,2.5
2026-09-06 05:56:38,29.5,68.1,2.5
2026-09-06 05:57:08,29.5,69.2,2.5
2026-09-06 05:57:38,29.5,68.6,2.5
2026-09-06 05:58:08,29.5,68.4,2.5
2026-09-06 05:58:38,29.5,69.7,3.3
2026-09-06 05:59:08,29.5,69.3,3.3
2026-09-06 05:59:38,29.5,69.3,3.3
2026-09-06 06:00:08,29.5,68.4,4.2
2026-09-06 06:00:38,29.5,68.2,4.2
2026-09-06 06:01:08,29.5,68.5,4.2
2026-09-06 06:01:38,29.4,68.5,5.0
2026-09-06 06:02:08,29.4,68.8,5.0
2026-09-06 06:02:38,29.4,70.1,5.0
2026-09-06 06:03:08,29.4,69.3,5.0
2026-09-06 06:03:38,29.4,70.3,5.8
2026-09-06 06:04:08,29.4,70.1,5.8
2026-09-06 06:04:38,29.4,69.6,5.8
2026-09-06 06:05:08,29.4,69.3,5.8
2026-09-06 06:05:38,29.4,69.8,6.7
2026-09-06 06:06:08,29.4,69.7,6.7
2026-09-06 06:06:38,29.4,68.8,7.5
2026-09-06 06:07:08,29.4,68.5,7.5
2026-09-06 06:07:38,29.4,68.5,7.5
2026-09-06 06:08:08,29.4,68.8,7.5
2026-09-06 06:08:38,29.4,68.5,8.3
2026-09-06 06:09:08,29.4,69.7,8.3
2026-09-06 06:09:38,29.4,68.9,8.3
2026-09-06 06:10:08,29.4,69.7,8.3
2026-09-06 06:10:38,29.4,69.5,8.3
2026-09-06 06:11:08,29.4,68.7,8.3
2026-09-06 06:11:38,29.4,69.3,8.3
2026-09-06 06:12:08,29.4,69.8,8.3
2026-09-06 06:12:38,29.4,69.4,8.3
2026-09-06 06:13:08,29.4,69.4,9.2
2026-09-06 06:13:38,29.4,70.2,9.2
2026-09-06 06:14:08,29.4,69.1,9.2
2026-09-06 06:14:38,29.4,69.5,9.2
2026-09-06 06:15:08,29.5,68.8,10.0
2026-09-06 06:15:38,29.5,69.3,10.0
2026-09-06 06:16:08,29.5,69.3,10.0
2026-09-06 06:16:38,29.5,69.0,10.8
2026-09-06 06:17:08,29.5,68.8,10.8
2026-09-06 06:17:38,29.5,69.9,11.7
2026-09-06 06:18:08,29.5,70.7,11.7
2026-09-06 06:18:38,29.5,70.2,12.5
2026-09-06 06:19:08,29.5,68.8,13.3
2026-09-06 06:19:38,29.6,69.2,13.3
2026-09-06 06:20:08,29.5,69.0,13.3
2026-09-06 06:20:38,29.6,68.4,13.3
2026-09-06 06:21:08,29.6,69.2,13.3
2026-09-06 06:21:38,29.6,69.0,13.3
2026-09-06 06:22:08,29.6,68.9,13.3
2026-09-06 06:22:38,29.5,68.7,13.3
2026-09-06 06:23:08,29.5,69.4,14.2
2026-09-06 06:23:38,29.6,68.2,14.2
2026-09-06 06:24:08,29.5,68.1,15.0
2026-09-06 06:24:38,29.5,68.2,15.8
2026-09-06 06:25:08,29.5,68.8,16.7
2026-09-06 06:25:38,29.5,69.8,16.7
2026-09-06 06:26:08,29.5,69.7,17.5
2026-09-06 06:26:38,29.5,69.3,17.5
2026-09-06 06:27:08,29.4,68.9,17.5
2026-09-06 06:27:38,29.4,68.7,17.5
2026-09-06 06:28:08,29.4,69.1,17.5
2026-09-06 06:28:38,29.4,69.0,17.5
2026-09-06 06:29:08,29.4,69.0,17.5
2026-09-06 06:29:38,29.4,69.4,17.5
2026-09-06 06:30:08,29.4,69.7,18.3
2026-09-06 06:30:38,29.4,69.7,18.3
2026-09-06 06:31:08,29.3,70.2,19.2
2026-09-06 06:31:38,29.3,69.8,19.2
2026-09-06 06:32:08,29.4,70.0,20.0
2026-09-06 06:32:38,29.4,70.0,20.8
2026-09-06 06:33:08,29.4,70.6,20.8
2026-09-06 06:33:38,29.4,70.2,20.8
2026-09-06 06:34:08,29.5,69.2,20.8
2026-09-06 06:34:38,29.5,69.7,21.7
2026-09-06 06:35:08,29.5,69.4,20.8
2026-09-06 06:35:38,29.5,69.2,20.8
2026-09-06 06:36:08,29.5,69.7,20.8
2026-09-06 06:36:38,29.6,69.4,20.8
2026-09-06 06:37:08,29.5,69.2,20.8
2026-09-06 06:37:38,29.5,69.0,21.7
2026-09-06 06:38:08,29.5,69.0,21.7
2026-09-06 06:38:38,29.5,69.3,22.5
2026-09-06 06:39:08,29.5,69.6,22.5
2026-09-06 06:39:38,29.5,69.5,22.5
2026-09-06 06:40:08,29.5,69.7,22.5
2026-09-06 06:40:38,29.5,69.6,22.5
2026-09-06 06:41:08,29.5,70.4,22.5
2026-09-06 06:41:38,29.5,69.3,21.7
2026-09-06 06:42:08,29.5,70.1,21.7
2026-09-06 06:42:38,29.5,70.5,20.8
2026-09-06 06:43:08,29.5,70.0,20.8
2026-09-06 06:43:38,29.6,69.3,20.0
2026-09-06 06:44:08,29.5,69.1,19.2
2026-09-06 06:44:38,29.6,69.8,19.2
2026-09-06 06:45:08,29.5,70.1,18.3
2026-09-06 06:45:38,29.6,69.8,18.3
2026-09-06 06:46:08,29.6,69.7,17.5
2026-09-06 06:46:38,29.5,69.6,17.5
2026-09-06 06:47:08,29.6,69.2,17.5
2026-09-06 06:47:38,29.6,69.2,17.5
2026-09-06 06:48:08,29.6,69.5,17.5
2026-09-06 06:48:38,29.6,70.3,16.7
2026-09-06 06:49:08,29.6,70.5,16.7
2026-09-06 06:49:38,29.6,70.0,16.7
2026-09-06 06:50:08,29.6,70.0,16.7
2026-09-06 06:50:38,29.6,69.5,16.7
2026-09-06 06:51:08,29.6,70.1,16.7
2026-09-06 06:51:38,29.6,70.0,16.7
2026-09-06 06:52:08,29.7,69.5,17.5
2026-09-06 06:52:38,29.7,70.2,18.3
2026-09-06 06:53:08,29.7,70.1,19.2
2026-09-06 06:53:38,29.7,70.2,19.2
2026-09-06 06:54:08,29.8,70.2,20.0
2026-09-06 06:54:38,29.8,70.1,20.0
2026-09-06 06:55:08,29.8,69.9,20.8
2026-09-06 06:55:38,29.8,69.6,20.8
2026-09-06 06:56:08,29.8,69.7,21.7
2026-09-06 06:56:38,29.9,70.0,21.7
2026-09-06 06:57:08,29.9,69.6,22.5
2026-09-06 06:57:38,29.9,69.8,22.5
2026-09-06 06:58:08,29.9,70.5,23.3
2026-09-06 06:58:38,29.9,69.4,24.2
2026-09-06 06:59:08,29.9,68.7,24.2
2026-09-06 06:59:38,29.9,68.6,25.8
2026-09-06 07:00:08,29.9,69.2,26.7
2026-09-06 07:00:38,29.9,69.6,28.3
2026-09-06 07:01:08,29.8,69.8,29.2
2026-09-06 07:01:38,29.8,69.7,30.0
2026-09-06 07:02:08,29.9,69.7,30.8
2026-09-06 07:02:38,29.9,69.6,30.8
2026-09-06 07:03:08,29.9,69.2,30.8
2026-09-06 07:03:38,29.9,69.9,30.8
2026-09-06 07:04:08,29.9,69.7,30.8
2026-09-06 07:04:38,29.9,69.3,30.8
2026-09-06 07:05:08,29.9,69.2,31.7
2026-09-06 07:05:38,29.9,69.3,32.5
2026-09-06 07:06:08,29.9,69.2,32.5
2026-09-06 07:06:38,29.9,69.4,33.3
2026-09-06 07:07:08,29.9,69.2,33.3
2026-09-06 07:07:38,29.9,70.3,33.3
2026-09-06 07:08:08,29.9,69.4,32.5
2026-09-06 07:08:38,29.9,69.0,32.5
2026-09-06 07:09:08,29.9,68.8,31.7
2026-09-06 07:09:38,29.9,68.7,31.7
2026-09-06 07:10:08,29.9,69.2,30.8
2026-09-06 07:10:38,29.8,68.8,30.8
2026-09-06 07:11:08,29.8,69.2,31.7
2026-09-06 07:11:38,29.8,69.4,35.0
2026-09-06 07:12:08,29.8,69.4,35.8
2026-09-06 07:12:38,29.8,69.8,36.7
2026-09-06 07:13:08,29.7,69.8,36.7
2026-09-06 07:13:38,29.8,70.2,37.5
2026-09-06 07:14:08,29.8,69.9,38.3
2026-09-06 07:14:38,29.8,70.5,39.2
2026-09-06 07:15:08,29.8,70.3,40.0
2026-09-06 07:15:38,29.8,70.1,40.8
2026-09-06 07:16:08,29.8,69.8,41.7
2026-09-06 07:16:38,29.8,69.9,42.5
2026-09-06 07:17:08,29.9,69.6,44.2
2026-09-06 07:17:38,29.8,69.1,45.0
2026-09-06 07:18:08,29.8,69.6,46.7
2026-09-06 07:18:38,29.8,69.4,47.5
2026-09-06 07:19:08,29.8,69.2,49.2
2026-09-06 07:19:38,29.8,69.1,50.0
2026-09-06 07:20:08,29.8,69.2,51.7
2026-09-06 07:20:38,29.8,69.8,55.0
2026-09-06 07:21:08,29.8,69.5,55.8
2026-09-06 07:21:38,29.8,69.6,56.7
2026-09-06 07:22:08,29.8,69.1,57.5
2026-09-06 07:22:38,29.8,69.9,58.3
2026-09-06 07:23:08,29.8,69.2,58.3
2026-09-06 07:23:38,29.8,69.6,58.3
2026-09-06 07:24:08,29.8,69.3,58.3
2026-09-06 07:24:38,29.8,69.9,58.3
2026-09-06 07:25:08,29.8,69.8,59.2
2026-09-06 07:25:38,29.8,69.6,59.2
2026-09-06 07:26:08,29.8,70.0,59.2
2026-09-06 07:26:38,29.9,69.9,59.2
2026-09-06 07:27:08,29.9,69.1,59.2
2026-09-06 07:27:38,29.9,69.2,59.2
2026-09-06 07:28:08,29.9,69.5,58.3
2026-09-06 07:28:38,29.9,69.5,58.3
2026-09-06 07:29:08,29.9,69.9,57.5
2026-09-06 07:29:38,29.9,69.8,57.5
2026-09-06 07:30:08,29.9,69.9,57.5
2026-09-06 07:30:38,30.0,70.1,56.7
2026-09-06 07:31:08,30.0,69.4,56.7
2026-09-06 07:31:38,30.0,69.0,55.8
2026-09-06 07:32:08,30.0,68.8,55.8
2026-09-06 07:32:38,30.0,68.9,56.7
2026-09-06 07:33:08,29.9,70.2,55.8
2026-09-06 07:33:38,29.9,70.5,55.8
2026-09-06 07:34:08,29.9,70.7,55.8
2026-09-06 07:34:38,30.0,71.3,55.0
2026-09-06 07:35:08,30.0,70.5,55.8
2026-09-06 07:35:38,30.0,70.6,55.8
2026-09-06 07:36:08,30.0,69.8,55.8
2026-09-06 07:36:38,30.0,68.9,55.8
2026-09-06 07:37:08,30.0,69.0,56.7
2026-09-06 07:37:38,30.0,68.9,57.5
2026-09-06 07:38:08,30.0,68.4,59.2
2026-09-06 07:38:38,30.0,68.4,60.0
2026-09-06 07:39:08,30.0,68.6,61.7
2026-09-06 07:39:38,29.9,70.3,62.5
2026-09-06 07:40:08,29.9,70.4,62.5
2026-09-06 07:40:38,29.9,69.2,62.5
2026-09-06 07:41:08,29.9,68.7,62.5
2026-09-06 07:41:38,29.9,69.9,63.3
2026-09-06 07:42:08,29.9,70.1,63.3
2026-09-06 07:42:38,29.9,70.8,65.0
2026-09-06 07:43:08,29.9,70.1,65.8
2026-09-06 07:43:38,29.9,70.9,67.5
2026-09-06 07:44:08,30.0,70.6,70.8
2026-09-06 07:44:38,30.0,70.6,73.3
2026-09-06 07:45:08,30.0,69.9,75.8
2026-09-06 07:45:38,30.1,69.9,77.5
2026-09-06 07:46:08,30.1,70.0,79.2
2026-09-06 07:46:38,30.1,68.7,80.8
2026-09-06 07:47:08,30.1,68.6,81.7
2026-09-06 07:47:38,30.1,70.5,82.5
2026-09-06 07:48:08,30.1,71.2,84.2
2026-09-06 07:48:38,30.1,70.7,85.0
2026-09-06 07:49:08,30.1,71.1,85.8
2026-09-06 07:49:38,30.1,70.5,86.7
2026-09-06 07:50:08,30.1,70.6,86.7
2026-09-06 07:50:38,30.1,71.2,86.7
2026-09-06 07:51:08,30.1,69.2,86.7
2026-09-06 07:51:38,30.1,69.1,87.5
2026-09-06 07:52:08,30.1,67.4,88.3
2026-09-06 07:52:38,30.1,69.1,89.2
2026-09-06 07:53:08,30.1,67.9,89.2
2026-09-06 07:53:38,30.1,69.4,90.0
2026-09-06 07:54:08,30.1,70.7,90.8
2026-09-06 07:54:38,30.1,68.9,92.5
2026-09-06 07:55:08,30.1,69.0,95.0
2026-09-06 07:55:38,30.1,68.5,96.7
2026-09-06 07:56:08,30.1,71.1,93.3
2026-09-06 07:56:38,30.2,71.0,92.5
2026-09-06 07:57:08,30.2,70.2,92.5
2026-09-06 07:57:38,30.2,70.7,92.5
2026-09-06 07:58:08,30.2,70.9,93.3
2026-09-06 07:58:38,30.3,70.2,93.3
2026-09-06 07:59:08,30.3,69.4,95.0
2026-09-06 07:59:38,30.3,69.4,101.7
2026-09-06 08:00:08,30.3,69.5,104.2
2026-09-06 08:00:38,30.3,69.6,101.7
2026-09-06 08:01:08,30.3,69.6,99.2
2026-09-06 08:01:38,30.3,69.7,99.2
2026-09-06 08:02:08,30.3,68.6,98.3
2026-09-06 08:02:38,30.3,67.2,101.7
2026-09-06 08:03:08,30.3,67.4,111.7
2026-09-06 08:03:38,30.3,69.4,111.7
2026-09-06 08:04:08,30.3,67.8,112.5
2026-09-06 08:04:38,30.3,67.9,110.8
2026-09-06 08:05:08,30.3,67.2,108.3
2026-09-06 08:05:38,30.3,68.4,110.8
2026-09-06 08:06:08,30.3,68.2,109.2
2026-09-06 08:06:38,30.3,67.9,111.7
2026-09-06 08:07:08,30.3,66.6,115.0
2026-09-06 08:07:38,30.3,67.1,118.3
2026-09-06 08:08:08,30.3,67.5,125.8
2026-09-06 08:08:38,30.3,68.7,130.8
2026-09-06 08:09:08,30.3,68.1,135.0
2026-09-06 08:09:38,30.3,68.7,134.2
2026-09-06 08:10:08,30.3,68.8,128.3
2026-09-06 08:10:38,30.3,68.4,124.2
2026-09-06 08:11:08,30.3,67.6,125.8
2026-09-06 08:11:38,30.3,69.3,126.7
2026-09-06 08:12:08,30.3,69.1,125.8
2026-09-06 08:12:38,30.3,69.1,125.8
2026-09-06 08:13:08,30.3,68.9,126.7
2026-09-06 08:13:38,30.3,68.1,127.5
2026-09-06 08:14:08,30.3,68.4,127.5
2026-09-06 08:14:38,30.2,68.0,128.3
2026-09-06 08:15:08,30.2,68.1,129.2
2026-09-06 08:15:38,30.2,69.2,136.7
2026-09-06 08:16:08,30.2,69.3,135.0
2026-09-06 08:16:38,30.2,68.9,130.0
2026-09-06 08:17:08,30.2,69.4,132.5
2026-09-06 08:17:38,30.2,69.8,127.5
2026-09-06 08:18:08,30.2,69.0,130.8
2026-09-06 08:18:38,30.2,68.6,127.5
2026-09-06 08:19:08,30.2,69.1,124.2
2026-09-06 08:19:38,30.2,69.4,125.0
2026-09-06 08:20:08,30.2,69.8,128.3
2026-09-06 08:20:38,30.2,70.3,127.5
2026-09-06 08:21:08,30.2,70.7,124.2
2026-09-06 08:21:38,30.2,70.9,122.5
2026-09-06 08:22:08,30.2,70.1,121.7
2026-09-06 08:22:38,30.1,71.0,120.8
2026-09-06 08:23:08,30.1,70.4,120.0
2026-09-06 08:23:38,30.1,70.1,119.2
2026-09-06 08:24:08,30.1,69.5,120.0
2026-09-06 08:24:38,30.2,68.1,120.0
2026-09-06 08:25:08,30.1,67.4,120.8
2026-09-06 08:25:38,30.1,67.1,121.7
2026-09-06 08:26:08,30.1,67.0,121.7
2026-09-06 08:26:38,30.1,67.1,121.7
2026-09-06 08:27:08,30.1,68.4,120.8
2026-09-06 08:27:38,30.1,68.6,122.5
2026-09-06 08:28:08,30.1,69.9,118.3
2026-09-06 08:28:38,30.1,69.4,118.3
2026-09-06 08:29:08,30.1,69.8,117.5
2026-09-06 08:29:38,30.1,69.7,115.8
2026-09-06 08:30:08,30.1,69.6,114.2
2026-09-06 08:30:38,30.1,68.1,112.5
2026-09-06 08:31:08,30.2,68.8,115.0
2026-09-06 08:31:38,30.2,69.3,117.5
2026-09-06 08:32:08,30.2,70.0,115.8
2026-09-06 08:32:38,30.1,69.8,119.2
2026-09-06 08:33:08,30.1,70.3,123.3
2026-09-06 08:33:38,30.1,69.9,139.2
2026-09-06 08:34:08,30.2,70.2,158.3
2026-09-06 08:34:38,30.1,70.0,164.2
2026-09-06 08:35:08,30.1,69.2,157.5
2026-09-06 08:35:38,30.1,70.2,204.2
2026-09-06 08:36:08,30.1,70.1,205.0
2026-09-06 08:36:38,30.2,69.8,235.0
2026-09-06 08:37:08,30.2,70.2,220.0
2026-09-06 08:37:38,30.2,69.3,247.5
2026-09-06 08:38:08,30.2,69.2,268.3
2026-09-06 08:38:38,30.2,68.5,183.3
2026-09-06 08:39:08,30.2,69.4,176.7
2026-09-06 08:39:38,30.3,70.2,162.5
2026-09-06 08:40:08,30.3,69.7,190.8
2026-09-06 08:40:38,30.3,69.2,217.5
2026-09-06 08:41:08,30.3,68.3,255.0
2026-09-06 08:41:38,30.3,68.1,433.3
2026-09-06 08:42:08,30.4,67.9,415.0
2026-09-06 08:42:38,30.4,68.0,318.3
2026-09-06 08:43:08,30.4,69.2,400.0
2026-09-06 08:43:38,30.4,69.1,222.5
2026-09-06 08:44:08,30.4,68.8,202.5
2026-09-06 08:44:38,30.5,69.0,162.5
2026-09-06 08:45:08,30.5,68.6,180.8
2026-09-06 08:45:38,30.5,68.3,205.0
2026-09-06 08:46:08,30.5,68.7,243.3
2026-09-06 08:46:38,30.5,68.3,207.5
2026-09-06 08:47:08,30.5,68.5,234.2
2026-09-06 08:47:38,30.5,68.8,249.2
2026-09-06 08:48:08,30.5,67.9,279.2
2026-09-06 08:48:38,30.5,68.0,302.5
2026-09-06 08:49:08,30.5,68.0,495.0
2026-09-06 08:49:38,30.6,68.7,352.5
2026-09-06 08:50:08,30.6,68.3,335.0
2026-09-06 08:50:38,30.6,68.6,272.5
2026-09-06 08:51:08,30.6,67.5,223.3
2026-09-06 08:51:38,30.6,66.7,200.0
2026-09-06 08:52:08,30.6,67.3,335.8
2026-09-06 08:52:38,30.6,67.5,278.3
2026-09-06 08:53:08,30.6,67.0,369.2
2026-09-06 08:53:38,30.6,68.7,383.3
2026-09-06 08:54:08,30.6,69.4,105.0
2026-09-06 08:54:38,30.7,67.0,68.3
2026-09-06 08:55:08,30.7,66.2,84.2
2026-09-06 08:55:38,30.7,67.4,181.7
2026-09-06 08:56:08,30.6,65.8,255.0
2026-09-06 08:56:38,30.6,66.3,208.3
2026-09-06 08:57:08,30.6,66.7,225.0
2026-09-06 08:57:38,30.6,66.9,235.0
2026-09-06 08:58:08,30.6,68.4,136.7
2026-09-06 08:58:38,30.6,68.5,252.5
2026-09-06 08:59:08,30.6,67.5,328.3
2026-09-06 08:59:38,30.5,67.2,458.3
2026-09-06 09:00:08,30.6,66.9,624.2
2026-09-06 09:00:38,30.5,66.5,634.2
2026-09-06 09:01:08,30.5,65.5,209.2
2026-09-06 09:01:38,30.5,65.4,630.0
2026-09-06 09:02:08,30.5,65.8,129.2
2026-09-06 09:02:38,30.5,65.9,138.3
2026-09-06 09:03:08,30.5,66.1,137.5
2026-09-06 09:03:38,30.5,65.8,132.5
2026-09-06 09:04:08,30.5,65.8,230.0
2026-09-06 09:04:38,30.5,66.0,496.7
2026-09-06 09:05:08,30.4,66.5,340.0
2026-09-06 09:05:38,30.4,66.3,308.3
2026-09-06 09:06:08,30.4,66.5,280.0
2026-09-06 09:06:38,30.4,66.3,219.2
2026-09-06 09:07:08,30.4,66.8,260.8
2026-09-06 09:07:38,30.4,68.2,336.7
2026-09-06 09:08:08,30.5,68.6,310.8
2026-09-06 09:08:38,30.4,69.4,301.7
2026-09-06 09:09:08,30.5,69.0,455.8
2026-09-06 09:09:38,30.4,67.0,255.0
2026-09-06 09:10:08,30.5,67.7,381.7
2026-09-06 09:10:38,30.5,68.2,156.7
2026-09-06 09:11:08,30.5,67.0,187.5
2026-09-06 09:11:38,30.5,66.4,145.8
2026-09-06 09:12:08,30.5,66.4,315.0
2026-09-06 09:12:38,30.5,66.1,350.0
2026-09-06 09:13:08,30.5,66.2,377.5
2026-09-06 09:13:38,30.5,66.5,608.3
2026-09-06 09:14:08,30.5,65.8,637.5
2026-09-06 09:14:38,30.5,68.2,136.7
2026-09-06 09:15:08,30.5,68.4,128.3
2026-09-06 09:15:38,30.5,67.3,176.7
2026-09-06 09:16:08,30.6,68.1,606.7
2026-09-06 09:16:38,30.5,67.0,611.7
2026-09-06 09:17:08,30.6,66.9,620.0
2026-09-06 09:17:38,30.6,66.4,599.2
2026-09-06 09:18:08,30.6,66.7,110.8
2026-09-06 09:18:38,30.6,66.9,192.5
2026-09-06 09:19:08,30.6,66.8,121.7
2026-09-06 09:19:38,30.6,67.0,583.3
2026-09-06 09:20:08,30.6,65.6,683.3
2026-09-06 09:20:38,30.6,65.3,207.5
2026-09-06 09:21:08,30.6,66.0,547.5
2026-09-06 09:21:38,30.6,66.4,665.0
2026-09-06 09:22:08,30.6,67.8,645.0
2026-09-06 09:22:38,30.6,67.6,594.2
2026-09-06 09:23:08,30.7,65.6,603.3
2026-09-06 09:23:38,30.7,66.4,134.2
2026-09-06 09:24:08,30.7,65.8,116.7
2026-09-06 09:24:38,30.7,66.3,646.7
2026-09-06 09:25:08,30.8,65.5,633.3
2026-09-06 09:25:38,30.8,66.6,637.5
2026-09-06 09:26:08,30.8,67.6,635.0
2026-09-06 09:26:38,30.8,66.8,620.8
2026-09-06 09:27:08,30.9,66.5,635.8
2026-09-06 09:27:38,30.9,65.3,637.5
2026-09-06 09:28:08,30.9,64.7,655.8
2026-09-06 09:28:38,30.9,65.0,660.0
2026-09-06 09:29:08,30.9,65.3,680.8
2026-09-06 09:29:38,30.9,64.1,698.3
2026-09-06 09:30:08,30.9,64.1,703.3
2026-09-06 09:30:38,30.9,64.1,690.0
2026-09-06 09:31:08,30.9,64.9,705.0
2026-09-06 09:31:38,30.9,64.4,732.5
2026-09-06 09:32:08,30.9,66.5,739.2
2026-09-06 09:32:38,30.9,67.0,741.7
2026-09-06 09:33:08,31.0,65.6,750.8
2026-09-06 09:33:38,31.0,65.3,760.8
2026-09-06 09:34:08,31.0,64.9,757.5
2026-09-06 09:34:38,31.0,65.1,689.2
2026-09-06 09:35:08,31.0,65.7,509.2
2026-09-06 09:35:38,31.1,64.6,739.2
2026-09-06 09:36:08,31.1,64.3,593.3
2026-09-06 09:36:38,31.1,64.1,566.7
2026-09-06 09:37:08,31.1,64.2,765.0
2026-09-06 09:37:38,31.1,64.2,806.7
2026-09-06 09:38:08,31.1,64.9,752.5
2026-09-06 09:38:38,31.2,64.5,787.5
2026-09-06 09:39:08,31.2,64.0,789.2
2026-09-06 09:39:38,31.2,64.3,795.8
2026-09-06 09:40:08,31.2,66.1,771.7
2026-09-06 09:40:38,31.2,65.9,783.3
2026-09-06 09:41:08,31.2,64.7,781.7
2026-09-06 09:41:38,31.3,64.6,785.8
2026-09-06 09:42:08,31.3,64.8,793.3
2026-09-06 09:42:38,31.3,64.5,806.7
2026-09-06 09:43:08,31.3,63.6,807.5
2026-09-06 09:43:38,31.3,63.6,810.8
2026-09-06 09:44:08,31.4,64.1,829.2
2026-09-06 09:44:38,31.4,64.3,788.3
2026-09-06 09:45:08,31.4,64.9,830.8
2026-09-06 09:45:38,31.5,64.9,833.3
2026-09-06 09:46:08,31.5,64.8,827.5
2026-09-06 09:46:38,31.5,63.4,825.0
2026-09-06 09:47:08,31.5,65.0,816.7
2026-09-06 09:47:38,31.5,65.6,779.2
2026-09-06 09:48:08,31.5,65.2,797.5
2026-09-06 09:48:38,31.5,65.2,795.0
2026-09-06 09:49:08,31.5,64.7,318.3
2026-09-06 09:49:38,31.5,64.9,282.5
2026-09-06 09:50:08,31.5,64.9,749.2
2026-09-06 09:50:38,31.6,64.3,804.2
2026-09-06 09:51:08,31.5,63.5,96.7
2026-09-06 09:51:38,31.6,64.6,94.2
2026-09-06 09:52:08,31.6,64.2,775.8
2026-09-06 09:52:38,31.6,63.8,689.2
2026-09-06 09:53:08,31.5,64.7,356.7
2026-09-06 09:53:38,31.5,64.7,738.3
2026-09-06 09:54:08,31.5,63.8,778.3
2026-09-06 09:54:38,31.5,66.3,775.0
2026-09-06 09:55:08,31.5,64.5,785.8
2026-09-06 09:55:38,31.5,64.5,792.5
2026-09-06 09:56:08,31.5,64.4,772.5
2026-09-06 09:56:38,31.6,64.7,772.5
2026-09-06 09:57:08,31.5,65.1,761.7
2026-09-06 09:57:38,31.5,65.4,716.7
2026-09-06 09:58:08,31.6,65.7,525.8
2026-09-06 09:58:38,31.6,65.9,713.3
2026-09-06 09:59:08,31.6,66.0,702.5
2026-09-06 09:59:38,31.6,64.0,659.2
2026-09-06 10:00:08,31.5,65.7,780.0
2026-09-06 10:00:38,31.6,64.2,814.2
2026-09-06 10:01:08,31.6,64.5,817.5
2026-09-06 10:01:38,31.6,64.7,835.0
2026-09-06 10:02:08,31.6,64.4,357.5
2026-09-06 10:02:38,31.6,63.8,519.2
2026-09-06 10:03:08,31.6,64.3,849.2
2026-09-06 10:03:38,31.6,64.5,864.2
2026-09-06 10:04:08,31.6,64.4,322.5
2026-09-06 10:04:38,31.6,63.8,856.7
2026-09-06 10:05:08,31.6,64.6,784.2
2026-09-06 10:05:38,31.6,65.6,717.5
2026-09-06 10:06:08,31.6,65.5,190.0
2026-09-06 10:06:38,31.6,64.7,819.2
2026-09-06 10:07:08,31.6,64.5,869.2
2026-09-06 10:07:38,31.6,65.7,838.3
2026-09-06 10:08:08,31.6,65.7,830.0
2026-09-06 10:08:38,31.7,64.9,751.7
2026-09-06 10:09:08,31.7,66.0,865.8
2026-09-06 10:09:38,31.7,65.4,816.7
2026-09-06 10:10:08,31.8,65.9,821.7
2026-09-06 10:10:38,31.8,66.0,820.0
2026-09-06 10:11:08,31.8,66.0,561.7
2026-09-06 10:11:38,31.8,65.7,145.0
2026-09-06 10:12:08,31.9,65.8,840.8
2026-09-06 10:12:38,31.9,64.8,873.3
2026-09-06 10:13:08,31.9,65.5,848.3
2026-09-06 10:13:38,31.9,65.0,850.0
2026-09-06 10:14:08,31.9,64.9,823.3
2026-09-06 10:14:38,31.9,65.7,613.3
2026-09-06 10:15:08,31.9,65.1,199.2
2026-09-06 10:15:38,32.0,65.6,861.7
2026-09-06 10:16:08,32.0,65.4,243.3
2026-09-06 10:16:38,32.0,65.4,299.2
2026-09-06 10:17:08,32.0,64.5,150.8
2026-09-06 10:17:38,32.0,65.1,105.8
2026-09-06 10:18:08,32.0,64.8,100.0
2026-09-06 10:18:38,32.0,64.9,105.8
2026-09-06 10:19:08,32.0,65.7,120.0
2026-09-06 10:19:38,32.0,65.2,137.5
2026-09-06 10:20:08,32.0,65.1,341.7
2026-09-06 10:20:38,32.0,65.0,180.8
2026-09-06 10:21:08,31.9,65.2,174.2
2026-09-06 10:21:38,31.9,63.7,212.5
2026-09-06 10:22:08,31.9,64.1,201.7
2026-09-06 10:22:38,31.8,63.8,508.3
2026-09-06 10:23:08,31.8,64.8,385.8
2026-09-06 10:23:38,31.8,64.7,504.2
2026-09-06 10:24:08,31.8,65.6,746.7
2026-09-06 10:24:38,31.8,65.2,873.3
2026-09-06 10:25:08,31.8,64.3,321.7
2026-09-06 10:25:38,31.8,65.4,748.3
2026-09-06 10:26:08,31.8,64.1,316.7
2026-09-06 10:26:38,31.8,64.9,546.7
2026-09-06 10:27:08,31.8,65.0,119.2
2026-09-06 10:27:38,31.7,63.5,129.2
2026-09-06 10:28:08,31.7,63.2,166.7
2026-09-06 10:28:38,31.7,63.5,940.8
2026-09-06 10:29:08,31.7,62.7,730.0
2026-09-06 10:29:38,31.7,62.3,187.5
2026-09-06 10:30:08,31.7,62.7,803.3
2026-09-06 10:30:38,31.7,63.0,720.0
2026-09-06 10:31:08,31.7,64.4,923.3
2026-09-06 10:31:38,31.7,63.3,865.8
2026-09-06 10:32:08,31.7,64.0,876.7
2026-09-06 10:32:38,31.7,63.5,790.0
2026-09-06 10:33:08,31.7,63.0,318.3
2026-09-06 10:33:38,31.7,63.2,942.5
2026-09-06 10:34:08,31.7,63.7,945.8
2026-09-06 10:34:38,31.7,62.2,975.0
2026-09-06 10:35:08,31.7,62.8,194.2
2026-09-06 10:35:38,31.7,64.7,209.2
2026-09-06 10:36:08,31.7,63.8,202.5
2026-09-06 10:36:38,31.7,64.3,341.7
2026-09-06 10:37:08,31.7,64.8,182.5
2026-09-06 10:37:38,31.7,65.2,186.7
2026-09-06 10:38:08,31.8,65.0,432.5
2026-09-06 10:38:38,31.8,65.4,669.2
2026-09-06 10:39:08,31.8,63.5,413.3
2026-09-06 10:39:38,31.8,64.2,163.3
2026-09-06 10:40:08,31.8,64.6,138.3
2026-09-06 10:40:38,31.8,63.6,136.7
2026-09-06 10:41:08,31.8,63.2,112.5
2026-09-06 10:41:38,31.8,63.4,112.5
2026-09-06 10:42:08,31.8,63.9,126.7
2026-09-06 10:42:38,31.8,63.9,136.7
2026-09-06 10:43:08,31.8,64.6,165.8
2026-09-06 10:43:38,31.8,64.7,215.0
2026-09-06 10:44:08,31.8,64.7,833.3
2026-09-06 10:44:38,31.8,63.9,977.5
2026-09-06 10:45:08,31.8,62.7,978.3
2026-09-06 10:45:38,31.8,62.6,335.8
2026-09-06 10:46:08,31.8,63.0,407.5
2026-09-06 10:46:38,31.8,64.2,510.0
2026-09-06 10:47:08,31.8,63.7,875.0
2026-09-06 10:47:38,31.9,63.8,321.7
2026-09-06 10:48:08,31.9,63.8,765.0
2026-09-06 10:48:38,31.9,64.0,926.7
2026-09-06 10:49:08,31.9,63.8,949.2
2026-09-06 10:49:38,31.9,63.8,972.5
2026-09-06 10:50:08,32.0,63.3,184.2
2026-09-06 10:50:38,32.0,63.7,228.3
2026-09-06 10:51:08,32.0,64.0,615.0
2026-09-06 10:51:38,32.0,63.9,959.2
2026-09-06 10:52:08,32.0,64.3,951.7
2026-09-06 10:52:38,32.0,63.2,938.3
2026-09-06 10:53:08,32.0,63.1,911.7
2026-09-06 10:53:38,32.0,62.8,917.5
2026-09-06 10:54:08,32.1,63.4,927.5
2026-09-06 10:54:38,32.1,63.3,935.8
2026-09-06 10:55:08,32.1,63.3,948.3
2026-09-06 10:55:38,32.1,63.3,945.8
2026-09-06 10:56:08,32.1,63.5,940.0
2026-09-06 10:56:38,32.1,63.0,937.5
2026-09-06 10:57:08,32.2,62.6,931.7
2026-09-06 10:57:38,32.2,63.3,914.2
2026-09-06 10:58:08,32.2,63.0,927.5
2026-09-06 10:58:38,32.2,62.3,931.7
2026-09-06 10:59:08,32.2,63.3,866.7
2026-09-06 10:59:38,32.2,63.1,954.2
2026-09-06 11:00:08,32.3,62.8,916.7
2026-09-06 11:00:38,32.3,62.6,972.5
2026-09-06 11:01:08,32.3,61.7,849.2
2026-09-06 11:01:38,32.3,61.7,195.8
2026-09-06 11:02:08,32.3,61.2,223.3
2026-09-06 11:02:38,32.3,62.9,886.7
2026-09-06 11:03:08,32.3,62.8,556.7
2026-09-06 11:03:38,32.3,62.6,559.2
2026-09-06 11:04:08,32.3,62.6,545.8
2026-09-06 11:04:38,32.3,62.9,559.2
2026-09-06 11:05:08,32.3,61.4,542.5
2026-09-06 11:05:38,32.3,61.5,543.3
2026-09-06 11:06:08,32.3,61.6,558.3
2026-09-06 11:06:38,32.3,62.0,565.0
2026-09-06 11:07:08,32.3,62.5,564.2
2026-09-06 11:07:38,32.3,62.8,549.2
2026-09-06 11:08:08,32.3,63.1,579.2
2026-09-06 11:08:38,32.2,62.5,532.5
2026-09-06 11:09:08,32.3,61.9,84.2
2026-09-06 11:09:38,32.3,62.0,227.5
2026-09-06 11:10:08,32.3,61.8,572.5
2026-09-06 11:10:38,32.3,62.0,574.2
2026-09-06 11:11:08,32.3,62.4,576.7
2026-09-06 11:11:38,32.2,61.3,576.7
2026-09-06 11:12:08,32.3,62.6,570.8
2026-09-06 11:12:38,32.3,62.8,575.8
2026-09-06 11:13:08,32.3,62.8,537.5
2026-09-06 11:13:38,32.3,61.9,574.2
2026-09-06 11:14:08,32.3,62.5,560.0
2026-09-06 11:14:38,32.3,62.5,558.3
2026-09-06 11:15:08,32.3,62.5,560.0
2026-09-06 11:15:38,32.3,61.8,549.2
2026-09-06 11:16:08,32.3,61.4,557.5
2026-09-06 11:16:38,32.3,62.2,563.3
2026-09-06 11:17:08,32.4,62.2,553.3
2026-09-06 11:17:38,32.4,62.2,547.5
2026-09-06 11:18:08,32.4,62.1,525.0
2026-09-06 11:18:38,32.5,62.1,585.8
2026-09-06 11:19:08,32.4,64.5,578.3
2026-09-06 11:19:38,32.5,63.2,580.8
2026-09-06 11:20:08,32.5,62.3,571.7
2026-09-06 11:20:38,32.5,62.6,570.8
2026-09-06 11:21:08,32.5,62.0,369.2
2026-09-06 11:21:38,32.5,62.3,575.8
2026-09-06 11:22:08,32.6,62.7,565.0
2026-09-06 11:22:38,32.6,62.5,564.2
2026-09-06 11:23:08,32.6,62.5,560.0
2026-09-06 11:23:38,32.6,62.9,550.8
2026-09-06 11:24:08,32.6,61.4,550.8
2026-09-06 11:24:38,32.6,61.5,547.5
2026-09-06 11:25:08,32.6,61.6,549.2
2026-09-06 11:25:38,32.7,61.6,552.5
2026-09-06 11:26:08,32.7,61.9,540.0
2026-09-06 11:26:38,32.7,62.0,90.8
2026-09-06 11:27:08,32.7,61.8,47.5
2026-09-06 11:27:38,32.7,62.1,45.0
2026-09-06 11:28:08,32.7,61.3,45.0
2026-09-06 11:28:38,32.7,61.8,50.0
2026-09-06 11:29:08,32.7,61.8,55.8
2026-09-06 11:29:38,32.6,61.8,62.5
2026-09-06 11:30:08,32.6,62.0,61.7
2026-09-06 11:30:38,32.6,61.6,57.5
2026-09-06 11:31:08,32.6,62.0,55.8
2026-09-06 11:31:38,32.6,62.4,56.7
2026-09-06 11:32:08,32.5,62.8,65.8
2026-09-06 11:32:38,32.6,62.7,75.8
2026-09-06 11:33:08,32.5,62.3,579.2
2026-09-06 11:33:38,32.5,62.2,577.5
2026-09-06 11:34:08,32.5,62.0,573.3
2026-09-06 11:34:38,32.5,62.3,570.8
2026-09-06 11:35:08,32.5,62.4,570.8
2026-09-06 11:35:38,32.5,62.5,573.3
2026-09-06 11:36:08,32.5,62.6,565.0
2026-09-06 11:36:38,32.5,62.8,570.8
2026-09-06 11:37:08,32.5,63.0,579.2
2026-09-06 11:37:38,32.5,62.5,576.7
2026-09-06 11:38:08,32.5,62.7,590.0
2026-09-06 11:38:38,32.5,62.9,588.3
2026-09-06 11:39:08,32.5,63.0,593.3
2026-09-06 11:39:38,32.5,62.5,581.7
2026-09-06 11:40:08,32.5,62.2,576.7
2026-09-06 11:40:38,32.5,62.7,574.2
2026-09-06 11:41:08,32.5,62.9,575.0
2026-09-06 11:41:38,32.6,62.8,565.0
2026-09-06 11:42:08,32.5,62.8,525.8
2026-09-06 11:42:38,32.6,62.8,400.0
2026-09-06 11:43:08,32.6,62.8,530.8
2026-09-06 11:43:38,32.6,62.9,77.5
2026-09-06 11:44:08,32.6,62.9,432.5
2026-09-06 11:44:38,32.6,63.0,575.0
2026-09-06 11:45:08,32.6,62.9,581.7
2026-09-06 11:45:38,32.6,62.6,573.3
2026-09-06 11:46:08,32.6,62.6,570.8
2026-09-06 11:46:38,32.6,61.8,567.5
2026-09-06 11:47:08,32.7,61.8,566.7
2026-09-06 11:47:38,32.7,61.2,575.8
2026-09-06 11:48:08,32.6,61.6,582.5
2026-09-06 11:48:38,32.7,60.7,571.7
2026-09-06 11:49:08,32.7,60.7,575.0
2026-09-06 11:49:38,32.7,60.5,582.5
2026-09-06 11:50:08,32.7,61.7,584.2
2026-09-06 11:50:38,32.7,61.7,584.2
2026-09-06 11:51:08,32.7,61.9,82.5
2026-09-06 11:51:39,32.7,62.0,74.2
2026-09-06 11:52:12,32.7,62.2,68.3
2026-09-06 11:52:42,32.7,62.2,75.0
2026-09-06 11:53:12,32.7,62.2,84.2
2026-09-06 11:53:42,32.7,62.6,605.0
2026-09-06 11:54:12,32.7,62.5,104.2
2026-09-06 11:54:42,32.7,62.6,240.8
2026-09-06 11:55:12,32.6,62.3,434.2
2026-09-06 11:55:42,32.6,62.4,589.2
2026-09-06 11:56:12,32.6,61.9,583.3
2026-09-06 11:56:42,32.6,62.3,589.2
2026-09-06 11:57:12,32.6,61.3,575.8
2026-09-06 11:57:42,32.6,61.7,566.7
2026-09-06 11:58:12,32.6,62.4,593.3
2026-09-06 11:58:42,32.6,62.8,542.5
2026-09-06 11:59:12,32.6,62.5,86.7
2026-09-06 11:59:42,32.6,62.3,95.8
2026-09-06 12:00:12,32.6,61.7,130.8
2026-09-06 12:00:42,32.6,61.7,171.7
2026-09-06 12:01:12,32.6,62.2,93.3
2026-09-06 12:01:42,32.6,62.3,85.8
2026-09-06 12:02:12,32.6,61.3,80.0
2026-09-06 12:02:42,32.6,61.2,73.3
2026-09-06 12:03:12,32.6,61.6,65.0
2026-09-06 12:03:42,32.6,62.3,59.2
2026-09-06 12:04:12,32.5,62.1,58.3
2026-09-06 12:04:42,32.5,62.0,67.5
2026-09-06 12:05:12,32.5,62.5,88.3
2026-09-06 12:05:42,32.5,62.4,585.0
2026-09-06 12:06:12,32.5,62.7,577.5
2026-09-06 12:06:42,32.5,63.0,585.8
2026-09-06 12:07:12,32.5,63.1,588.3
2026-09-06 12:07:42,32.5,62.4,581.7
2026-09-06 12:08:12,32.5,62.3,580.8
2026-09-06 12:08:42,32.5,63.0,575.8
2026-09-06 12:09:12,32.5,62.5,575.8
2026-09-06 12:09:42,32.5,62.4,590.8
2026-09-06 12:10:12,32.5,62.4,469.2
2026-09-06 12:10:42,32.5,62.7,355.0
2026-09-06 12:11:12,32.5,62.3,571.7
2026-09-06 12:11:42,32.5,62.3,547.5
2026-09-06 12:12:12,32.5,62.4,538.3
2026-09-06 12:12:42,32.5,62.0,355.8
2026-09-06 12:13:12,32.5,62.6,158.3
2026-09-06 12:13:42,32.5,62.0,580.8
2026-09-06 12:14:12,32.5,61.8,289.2
2026-09-06 12:14:42,32.5,62.3,72.5
2026-09-06 12:15:12,32.6,62.2,70.0
2026-09-06 12:15:42,32.6,62.0,74.2
2026-09-06 12:16:12,32.5,62.2,82.5
2026-09-06 12:16:42,32.6,62.5,100.8
2026-09-06 12:17:12,32.6,62.0,402.5
2026-09-06 12:17:42,32.6,62.4,336.7
2026-09-06 12:18:12,32.6,62.3,543.3
2026-09-06 12:18:42,32.6,62.8,136.7
2026-09-06 12:19:12,32.6,62.5,85.0
2026-09-06 12:19:42,32.6,62.7,79.2
2026-09-06 12:20:12,32.6,63.1,269.2
2026-09-06 12:20:42,32.7,62.7,555.8
2026-09-06 12:21:12,32.6,63.8,560.0
2026-09-06 12:21:42,32.7,63.8,558.3
2026-09-06 12:22:12,32.7,63.6,567.5
2026-09-06 12:22:42,32.7,62.9,575.8
2026-09-06 12:23:12,32.7,62.9,574.2
2026-09-06 12:23:42,32.7,62.5,575.0
2026-09-06 12:24:12,32.7,62.5,407.5
2026-09-06 12:24:42,32.7,63.1,115.8
2026-09-06 12:25:12,32.7,62.6,158.3
2026-09-06 12:25:42,32.7,62.8,165.8
2026-09-06 12:26:12,32.7,61.3,145.8
2026-09-06 12:26:42,32.7,61.6,173.3
2026-09-06 12:27:12,32.7,62.7,527.5
2026-09-06 12:27:42,32.7,63.2,561.7
2026-09-06 12:28:12,32.7,62.2,150.0
2026-09-06 12:28:42,32.8,62.3,194.2
2026-09-06 12:29:12,32.8,63.3,244.2
2026-09-06 12:29:42,32.8,62.6,125.0
2026-09-06 12:30:12,32.8,62.7,183.3
2026-09-06 12:30:42,32.8,62.5,525.8
2026-09-06 12:31:12,32.8,61.8,547.5
2026-09-06 12:31:42,32.8,61.7,491.7
2026-09-06 12:32:12,32.8,62.4,350.0
2026-09-06 12:32:42,32.8,62.7,499.2
2026-09-06 12:33:12,32.8,62.9,127.5
2026-09-06 12:33:42,32.8,62.9,118.3
2026-09-06 12:34:12,32.8,62.6,101.7
2026-09-06 12:34:42,32.8,62.6,84.2
2026-09-06 12:35:12,32.8,61.4,87.5
2026-09-06 12:35:42,32.8,60.8,512.5
2026-09-06 12:36:12,32.8,60.9,505.8
2026-09-06 12:36:42,32.7,60.8,505.0
2026-09-06 12:37:12,32.7,60.7,500.8
2026-09-06 12:37:42,32.7,61.9,484.2
2026-09-06 12:38:12,32.7,61.2,505.0
2026-09-06 12:38:42,32.7,61.6,500.8
2026-09-06 12:39:12,32.7,61.3,493.3
2026-09-06 12:39:42,32.7,61.7,402.5
2026-09-06 12:40:12,32.7,61.0,458.3
2026-09-06 12:40:42,32.7,60.8,280.0
2026-09-06 12:41:12,32.7,61.5,351.7
2026-09-06 12:41:42,32.7,62.0,517.5
2026-09-06 12:42:12,32.7,61.9,356.7
2026-09-06 12:42:42,32.7,62.0,491.7
2026-09-06 12:43:12,32.7,62.4,439.2
2026-09-06 12:43:42,32.7,62.2,95.8
2026-09-06 12:44:12,32.8,62.6,73.3
2026-09-06 12:44:42,32.8,62.7,65.8
2026-09-06 12:45:12,32.8,62.8,63.3
2026-09-06 12:45:42,32.8,62.7,67.5
2026-09-06 12:46:12,32.8,62.0,92.5
2026-09-06 12:46:42,32.8,61.7,366.7
2026-09-06 12:47:12,32.8,61.4,235.0
2026-09-06 12:47:42,32.8,62.1,350.8
2026-09-06 12:48:12,32.8,62.0,435.0
2026-09-06 12:48:42,32.8,61.5,351.7
2026-09-06 12:49:12,32.8,61.9,80.8
2026-09-06 12:49:42,32.8,62.3,63.3
2026-09-06 12:50:12,32.8,62.8,57.5
2026-09-06 12:50:42,32.8,62.5,55.0
2026-09-06 12:51:12,32.8,62.5,57.5
2026-09-06 12:51:42,32.8,62.4,408.3
2026-09-06 12:52:12,32.8,62.9,409.2
2026-09-06 12:52:42,32.8,62.3,538.3
2026-09-06 12:53:12,32.8,61.1,530.8
2026-09-06 12:53:42,32.8,61.3,529.2
2026-09-06 12:54:12,32.8,61.3,528.3
2026-09-06 12:54:42,32.8,61.4,528.3
2026-09-06 12:55:12,32.8,62.3,529.2
2026-09-06 12:55:42,32.8,62.0,503.3
2026-09-06 12:56:12,32.8,62.3,518.3
2026-09-06 12:56:42,32.8,61.7,511.7
2026-09-06 12:57:12,32.8,62.1,522.5
2026-09-06 12:57:42,32.8,61.5,516.7
2026-09-06 12:58:12,32.8,61.5,512.5
2026-09-06 12:58:42,32.8,61.9,515.0
2026-09-06 12:59:12,32.8,62.2,514.2
2026-09-06 12:59:42,32.9,62.0,468.3
2026-09-06 13:00:12,32.9,61.9,299.2
2026-09-06 13:00:42,32.9,61.5,101.7
2026-09-06 13:01:12,32.9,62.1,90.0
2026-09-06 13:01:42,32.9,61.7,122.5
2026-09-06 13:02:12,32.9,62.1,453.3
2026-09-06 13:02:42,32.9,61.7,376.7
2026-09-06 13:03:12,33.0,60.5,305.8
2026-09-06 13:03:42,32.9,61.6,207.5
2026-09-06 13:04:12,32.9,61.6,284.2
2026-09-06 13:04:42,32.9,61.9,175.0
2026-09-06 13:05:12,32.9,61.4,234.2
2026-09-06 13:05:42,32.9,61.7,388.3
2026-09-06 13:06:12,32.9,61.4,358.3
2026-09-06 13:06:42,32.9,61.0,476.7
2026-09-06 13:07:12,32.9,61.7,487.5
2026-09-06 13:07:42,32.9,61.1,483.3
2026-09-06 13:08:12,32.9,61.5,475.0
2026-09-06 13:08:42,32.9,61.4,470.0
2026-09-06 13:09:12,32.9,60.0,466.7
2026-09-06 13:09:42,32.9,60.6,460.0
2026-09-06 13:10:12,32.9,61.2,456.7
2026-09-06 13:10:42,32.9,61.9,455.0
2026-09-06 13:11:12,32.9,61.6,458.3
2026-09-06 13:11:42,32.9,61.3,420.0
2026-09-06 13:12:12,32.9,61.8,417.5
2026-09-06 13:12:42,32.9,61.0,416.7
2026-09-06 13:13:12,32.9,61.4,442.5
2026-09-06 13:13:42,32.9,60.4,432.5
2026-09-06 13:14:12,32.9,61.4,425.8
2026-09-06 13:14:42,32.9,62.6,414.2
2026-09-06 13:15:12,32.9,62.8,408.3
2026-09-06 13:15:42,32.9,62.9,403.3
2026-09-06 13:16:12,32.9,62.9,399.2
2026-09-06 13:16:42,32.9,62.6,400.8
2026-09-06 13:17:12,32.9,62.7,403.3
2026-09-06 13:17:42,32.9,61.9,292.5
2026-09-06 13:18:12,32.9,62.9,74.2
2026-09-06 13:18:42,32.9,62.5,103.3
2026-09-06 13:19:12,32.9,61.7,387.5
2026-09-06 13:19:42,32.9,62.6,383.3
2026-09-06 13:20:12,32.9,62.0,387.5
2026-09-06 13:20:42,32.9,61.5,378.3
2026-09-06 13:21:12,33.0,61.2,368.3
2026-09-06 13:21:42,33.0,61.0,361.7
2026-09-06 13:22:12,33.0,61.7,349.2
2026-09-06 13:22:42,33.0,62.4,348.3
2026-09-06 13:23:12,33.0,61.9,340.0
2026-09-06 13:23:42,33.0,62.0,330.0
2026-09-06 13:24:12,33.0,62.6,321.7
2026-09-06 13:24:42,33.0,62.5,315.8
2026-09-06 13:25:12,33.0,62.6,312.5
2026-09-06 13:25:42,33.0,62.3,311.7
2026-09-06 13:26:12,33.0,62.6,310.0
2026-09-06 13:26:42,33.0,61.1,270.8
2026-09-06 13:27:12,33.0,61.8,222.5
2026-09-06 13:27:42,33.0,61.2,279.2
2026-09-06 13:28:12,33.0,61.7,287.5
2026-09-06 13:28:42,33.1,61.7,285.0
2026-09-06 13:29:12,33.1,61.5,270.0
2026-09-06 13:29:42,33.1,61.1,128.3
2026-09-06 13:30:12,33.1,61.2,185.0
2026-09-06 13:30:42,33.1,61.8,248.3
2026-09-06 13:31:12,33.1,62.0,233.3
2026-09-06 13:31:42,33.0,61.7,170.0
2026-09-06 13:32:12,33.1,60.8,220.0
2026-09-06 13:32:42,33.0,61.3,60.0
2026-09-06 13:33:12,33.0,61.9,56.7
2026-09-06 13:33:42,33.1,61.5,52.5
2026-09-06 13:34:12,33.0,61.9,55.8
2026-09-06 13:34:42,33.1,61.9,98.3
2026-09-06 13:35:12,33.1,61.8,69.2
2026-09-06 13:35:42,33.0,61.0,151.7
2026-09-06 13:36:12,33.1,61.5,145.8
2026-09-06 13:36:42,33.1,61.2,170.8
2026-09-06 13:37:12,33.0,61.1,168.3
2026-09-06 13:37:42,33.0,61.7,170.0
2026-09-06 13:38:12,33.0,61.3,167.5
2026-09-06 13:38:42,33.0,61.7,164.2
2026-09-06 13:39:12,33.0,62.0,114.2
2026-09-06 13:39:42,33.0,62.0,130.8
2026-09-06 13:40:12,33.0,62.3,99.2
2026-09-06 13:40:42,33.0,62.5,120.0
2026-09-06 13:41:12,33.0,61.8,140.0
2026-09-06 13:41:42,33.0,61.7,93.3
2026-09-06 13:42:12,32.9,62.5,114.2
2026-09-06 13:42:42,32.9,62.9,90.0
2026-09-06 13:43:12,32.9,62.9,113.3
2026-09-06 13:43:42,32.9,62.9,98.3
2026-09-06 13:44:12,33.0,62.8,83.3
2026-09-06 13:44:42,32.9,62.9,93.3
2026-09-06 13:45:12,32.9,62.9,57.5
2026-09-06 13:45:42,32.9,62.9,56.7
2026-09-06 13:46:12,32.9,62.6,58.3
2026-09-06 13:46:42,32.9,62.3,60.8
2026-09-06 13:47:12,32.9,62.4,67.5
2026-09-06 13:47:42,32.9,63.0,62.5
2026-09-06 13:48:12,32.9,63.3,61.7
2026-09-06 13:48:42,32.9,62.9,82.5
2026-09-06 13:49:12,32.9,62.5,83.3
2026-09-06 13:49:42,32.9,63.0,83.3
2026-09-06 13:50:12,32.9,61.9,82.5
2026-09-06 13:50:42,32.9,62.9,81.7
2026-09-06 13:51:12,32.9,62.9,84.2
2026-09-06 13:51:42,32.9,62.9,87.5
2026-09-06 13:52:12,32.9,63.0,91.7
2026-09-06 13:52:42,32.8,63.1,96.7
2026-09-06 13:53:12,32.9,63.1,100.0
2026-09-06 13:53:42,32.8,63.0,102.5
2026-09-06 13:54:12,32.9,63.1,105.0
2026-09-06 13:54:42,32.8,63.3,105.8
2026-09-06 13:55:12,32.8,63.3,105.0
2026-09-06 13:55:42,32.8,63.4,103.3
2026-09-06 13:56:12,32.8,63.5,99.2
2026-09-06 13:56:42,32.8,63.3,95.0
2026-09-06 13:57:12,32.8,62.9,90.0
2026-09-06 13:57:42,32.8,63.0,85.8
2026-09-06 13:58:12,32.8,63.0,80.8
2026-09-06 13:58:42,32.8,63.1,78.3
2026-09-06 13:59:12,32.8,62.9,75.0
2026-09-06 13:59:42,32.8,63.3,74.2
2026-09-06 14:00:12,32.8,62.3,72.5
2026-09-06 14:00:42,32.8,62.9,61.7
2026-09-06 14:01:12,32.8,62.5,61.7
2026-09-06 14:01:42,32.8,62.3,49.2
2026-09-06 14:02:12,32.8,62.7,50.8
2026-09-06 14:02:42,32.8,62.1,57.5
2026-09-06 14:03:12,32.8,62.5,88.3
2026-09-06 14:03:42,32.7,62.5,94.2
2026-09-06 14:04:12,32.7,62.5,82.5
2026-09-06 14:04:42,32.7,62.5,79.2
2026-09-06 14:05:12,32.7,62.8,68.3
2026-09-06 14:05:42,32.7,62.7,48.3
2026-09-06 14:06:12,32.7,61.9,45.8
2026-09-06 14:06:42,32.7,62.2,45.0
2026-09-06 14:07:12,32.7,62.6,43.3
2026-09-06 14:07:42,32.7,62.7,41.7
2026-09-06 14:08:12,32.7,62.2,41.7
2026-09-06 14:08:42,32.7,62.4,64.2
2026-09-06 14:09:12,32.7,62.6,65.0
2026-09-06 14:09:42,32.7,62.9,50.8
2026-09-06 14:10:12,32.7,62.9,60.0
2026-09-06 14:10:42,32.7,62.6,49.2
2026-09-06 14:11:12,32.7,62.3,65.0
2026-09-06 14:11:42,32.7,62.3,62.5
2026-09-06 14:12:12,32.7,62.2,61.7
2026-09-06 14:12:42,32.7,62.4,62.5
2026-09-06 14:13:12,32.7,62.4,65.0
2026-09-06 14:13:42,32.7,61.9,65.8
2026-09-06 14:14:12,32.7,61.8,66.7
2026-09-06 14:14:42,32.7,62.3,66.7
2026-09-06 14:15:12,32.7,62.1,51.7
2026-09-06 14:15:42,32.7,62.1,51.7
2026-09-06 14:16:12,32.7,61.8,52.5
2026-09-06 14:16:42,32.7,61.9,55.8
2026-09-06 14:17:12,32.7,61.5,57.5
2026-09-06 14:17:42,32.7,61.1,59.2
2026-09-06 14:18:12,32.7,61.1,78.3
2026-09-06 14:18:42,32.7,60.3,80.0
2026-09-06 14:19:12,32.7,60.8,78.3
2026-09-06 14:19:42,32.7,61.0,77.5
2026-09-06 14:20:12,32.7,61.1,76.7
2026-09-06 14:20:42,32.7,61.4,70.0
2026-09-06 14:21:12,32.7,61.4,81.7
2026-09-06 14:21:42,32.7,61.6,82.5
2026-09-06 14:22:12,32.7,61.6,79.2
2026-09-06 14:22:42,32.7,61.6,71.7
2026-09-06 14:23:12,32.7,61.6,67.5
2026-09-06 14:23:42,32.7,62.0,65.0
2026-09-06 14:24:12,32.7,62.0,62.5
2026-09-06 14:24:42,32.6,62.0,63.3
2026-09-06 14:25:12,32.6,62.0,56.7
2026-09-06 14:25:42,32.6,61.8,50.0
2026-09-06 14:26:12,32.6,61.4,46.7
2026-09-06 14:26:42,32.6,61.8,43.3
2026-09-06 14:27:12,32.6,61.7,42.5
2026-09-06 14:27:42,32.6,62.0,37.5
2026-09-06 14:28:12,32.6,61.5,35.0
2026-09-06 14:28:42,32.6,61.3,33.3
2026-09-06 14:29:12,32.6,61.6,32.5
2026-09-06 14:29:42,32.6,61.3,32.5
2026-09-06 14:30:12,32.6,61.0,32.5
2026-09-06 14:30:42,32.6,61.2,33.3
2026-09-06 14:31:12,32.6,61.3,32.5
2026-09-06 14:31:42,32.6,61.5,31.7
2026-09-06 14:32:12,32.6,61.5,32.5
2026-09-06 14:32:42,32.6,61.5,35.0
2026-09-06 14:33:12,32.5,61.5,60.8
2026-09-06 14:33:42,32.5,61.4,37.5
2026-09-06 14:34:12,32.5,61.8,39.2
2026-09-06 14:34:42,32.5,61.6,38.3
2026-09-06 14:35:12,32.5,61.8,36.7
2026-09-06 14:35:42,32.5,61.9,35.8
2026-09-06 14:36:12,32.5,62.0,35.8
2026-09-06 14:36:42,32.5,61.2,36.7
2026-09-06 14:37:12,32.5,61.7,38.3
2026-09-06 14:37:42,32.4,61.4,39.2
2026-09-06 14:38:12,32.4,61.3,43.3
2026-09-06 14:38:42,32.4,61.5,45.0
2026-09-06 14:39:12,32.4,61.4,47.5
2026-09-06 14:39:42,32.4,61.8,55.8
2026-09-06 14:40:12,32.4,62.1,59.2
2026-09-06 14:40:42,32.4,61.8,69.2
2026-09-06 14:41:12,32.3,61.8,65.0
2026-09-06 14:41:42,32.3,61.4,70.0
2026-09-06 14:42:12,32.3,61.6,69.2
2026-09-06 14:42:42,32.3,62.1,49.2
2026-09-06 14:43:12,32.3,62.8,57.5
2026-09-06 14:43:42,32.3,62.8,61.7
2026-09-06 14:44:12,32.3,62.8,49.2
2026-09-06 14:44:42,32.3,63.0,46.7
2026-09-06 14:45:12,32.3,62.8,45.0
2026-09-06 14:45:42,32.3,62.8,43.3
2026-09-06 14:46:12,32.3,62.6,42.5
2026-09-06 14:46:42,32.3,62.9,43.3
2026-09-06 14:47:12,32.3,62.9,45.0
2026-09-06 14:47:42,32.3,62.5,47.5
2026-09-06 14:48:12,32.3,62.8,49.2
2026-09-06 14:48:42,32.3,62.3,49.2
2026-09-06 14:49:12,32.3,61.9,50.8
2026-09-06 14:49:42,32.3,62.3,56.7
2026-09-06 14:50:12,32.3,61.0,61.7
2026-09-06 14:50:42,32.3,61.8,75.8
2026-09-06 14:51:12,32.3,62.2,76.7
2026-09-06 14:51:42,32.3,61.4,73.3
2026-09-06 14:52:12,32.3,62.0,52.5
2026-09-06 14:52:42,32.3,62.1,48.3
2026-09-06 14:53:12,32.3,62.5,46.7
2026-09-06 14:53:42,32.3,62.5,45.8
2026-09-06 14:54:12,32.3,62.3,46.7
2026-09-06 14:54:42,32.3,62.9,48.3
2026-09-06 14:55:12,32.3,62.5,51.7
2026-09-06 14:55:42,32.3,62.3,66.7
2026-09-06 14:56:12,32.3,62.6,60.0
2026-09-06 14:56:42,32.3,62.2,64.2
2026-09-06 14:57:12,32.3,62.4,76.7
2026-09-06 14:57:42,32.3,62.0,69.2
2026-09-06 14:58:12,32.3,62.4,70.0
2026-09-06 14:58:42,32.3,61.8,68.3
2026-09-06 14:59:12,32.3,62.4,67.5
2026-09-06 14:59:42,32.3,61.9,66.7
2026-09-06 15:00:12,32.3,62.9,65.0
2026-09-06 15:00:42,32.3,63.0,61.7
2026-09-06 15:01:12,32.3,62.7,56.7
2026-09-06 15:01:42,32.3,62.4,50.8
2026-09-06 15:02:12,32.3,62.2,48.3
2026-09-06 15:02:42,32.3,62.3,45.8
2026-09-06 15:03:12,32.3,62.2,45.0
2026-09-06 15:03:42,32.3,62.8,44.2
2026-09-06 15:04:12,32.3,62.3,45.0
2026-09-06 15:04:42,32.3,62.8,45.8
2026-09-06 15:05:12,32.3,62.6,45.8
2026-09-06 15:05:42,32.3,62.7,45.8
2026-09-06 15:06:12,32.3,62.8,45.0
2026-09-06 15:06:42,32.3,63.3,44.2
2026-09-06 15:07:12,32.3,63.3,43.3
2026-09-06 15:07:42,32.3,63.0,44.2
2026-09-06 15:08:12,32.3,62.8,45.0
2026-09-06 15:08:42,32.3,63.2,44.2
2026-09-06 15:09:12,32.3,63.3,44.2
2026-09-06 15:09:42,32.3,63.2,50.8
2026-09-06 15:10:12,32.3,63.5,59.2
2026-09-06 15:10:42,32.3,62.3,52.5
2026-09-06 15:11:12,32.3,62.3,56.7
2026-09-06 15:11:42,32.3,62.0,56.7
2026-09-06 15:12:12,32.3,61.8,49.2
2026-09-06 15:12:42,32.3,62.2,43.3
2026-09-06 15:13:12,32.3,61.8,52.5
2026-09-06 15:13:42,32.3,62.5,50.8
2026-09-06 15:14:12,32.3,62.6,49.2
2026-09-06 15:14:42,32.3,62.7,49.2
2026-09-06 15:15:12,32.3,62.3,48.3
2026-09-06 15:15:42,32.3,62.6,46.7
2026-09-06 15:16:12,32.3,62.5,46.7
2026-09-06 15:16:42,32.3,62.3,45.0
2026-09-06 15:17:12,32.3,62.4,42.5
2026-09-06 15:17:42,32.3,62.6,43.3
2026-09-06 15:18:12,32.3,63.9,42.5
2026-09-06 15:18:42,32.3,63.3,41.7
2026-09-06 15:19:12,32.3,64.5,41.7
2026-09-06 15:19:42,32.3,64.1,41.7
2026-09-06 15:20:12,32.3,63.7,41.7
2026-09-06 15:20:42,32.3,63.9,40.8
2026-09-06 15:21:12,32.3,63.5,40.8
2026-09-06 15:21:42,32.3,63.4,40.8
2026-09-06 15:22:12,32.3,63.2,40.0
2026-09-06 15:22:42,32.3,63.3,40.0
2026-09-06 15:23:12,32.3,64.2,40.0
2026-09-06 15:23:42,32.2,63.8,40.0
2026-09-06 15:24:12,32.3,63.8,40.0
2026-09-06 15:24:42,32.3,63.8,40.0
2026-09-06 15:25:12,32.3,64.1,40.0
2026-09-06 15:25:42,32.2,63.4,40.0
2026-09-06 15:26:12,32.3,62.9,40.0
2026-09-06 15:26:42,32.2,62.5,40.0
2026-09-06 15:27:12,32.3,62.6,40.0
2026-09-06 15:27:42,32.3,62.0,40.0
2026-09-06 15:28:12,32.3,62.8,40.8
2026-09-06 15:28:42,32.3,63.0,40.8
2026-09-06 15:29:12,32.3,63.2,40.0
2026-09-06 15:29:42,32.3,63.0,40.0
2026-09-06 15:30:12,32.3,63.1,39.2
2026-09-06 15:30:42,32.3,63.5,40.0
2026-09-06 15:31:12,32.3,62.5,40.8
2026-09-06 15:31:42,32.3,63.8,40.8
2026-09-06 15:32:12,32.3,63.1,41.7
2026-09-06 15:32:42,32.3,63.9,41.7
2026-09-06 15:33:12,32.3,64.4,42.5
2026-09-06 15:33:42,32.3,64.1,44.2
2026-09-06 15:34:12,32.3,65.3,45.0
2026-09-06 15:34:42,32.3,64.0,47.5
2026-09-06 15:35:12,32.2,62.4,49.2
2026-09-06 15:35:42,32.3,64.4,52.5
2026-09-06 15:36:12,32.3,64.3,55.8
2026-09-06 15:36:42,32.3,64.0,57.5
2026-09-06 15:37:12,32.3,63.8,58.3
2026-09-06 15:37:42,32.3,63.6,59.2
2026-09-06 15:38:12,32.3,63.4,60.8
2026-09-06 15:38:42,32.3,62.8,62.5
2026-09-06 15:39:12,32.3,62.8,63.3
2026-09-06 15:39:42,32.3,62.9,64.2
2026-09-06 15:40:12,32.3,63.5,65.0
2026-09-06 15:40:42,32.3,62.9,65.0
2026-09-06 15:41:12,32.3,63.7,65.0
2026-09-06 15:41:42,32.3,64.0,63.3
2026-09-06 15:42:12,32.3,63.8,60.8
2026-09-06 15:42:42,32.3,63.6,59.2
2026-09-06 15:43:12,32.3,61.7,58.3
2026-09-06 15:43:42,32.3,63.5,56.7
2026-09-06 15:44:12,32.3,63.1,49.2
2026-09-06 15:44:42,32.3,63.9,43.3
2026-09-06 15:45:12,32.3,63.3,40.0
2026-09-06 15:45:42,32.3,62.8,39.2
2026-09-06 15:46:12,32.3,62.3,36.7
2026-09-06 15:46:42,32.4,63.2,35.8
2026-09-06 15:47:12,32.4,62.9,34.2
2026-09-06 15:47:42,32.4,63.5,33.3
2026-09-06 15:48:12,32.4,63.1,29.2
2026-09-06 15:48:42,32.4,63.0,27.5
2026-09-06 15:49:12,32.4,63.1,25.8
2026-09-06 15:49:42,32.4,62.9,27.5
2026-09-06 15:50:12,32.4,62.5,30.8
2026-09-06 15:50:42,32.4,62.0,29.2
2026-09-06 15:51:12,32.4,62.9,30.0
2026-09-06 15:51:42,32.4,62.5,30.8
2026-09-06 15:52:12,32.4,62.1,30.8
2026-09-06 15:52:42,32.4,61.8,30.8
2026-09-06 15:53:12,32.4,62.9,31.7
2026-09-06 15:53:42,32.4,64.7,26.7
2026-09-06 15:54:12,32.4,65.5,25.8
2026-09-06 15:54:42,32.4,64.3,25.0
2026-09-06 15:55:12,32.4,63.7,23.3
2026-09-06 15:55:42,32.4,65.1,22.5
2026-09-06 15:56:12,32.4,66.6,22.5
2026-09-06 15:56:42,32.4,65.6,22.5
2026-09-06 15:57:15,32.4,65.4,21.7
2026-09-06 15:57:45,32.4,65.0,21.7
2026-09-06 15:58:15,32.3,65.9,20.8
2026-09-06 15:58:45,32.3,65.0,20.8
2026-09-06 15:59:15,32.3,64.3,20.8
2026-09-06 15:59:45,32.3,66.7,20.8
2026-09-06 16:00:15,32.3,65.3,20.8
2026-09-06 16:00:45,32.3,65.9,20.8
2026-09-06 16:01:15,32.3,66.1,20.0
2026-09-06 16:01:45,32.2,65.6,20.0
2026-09-06 16:02:15,32.2,64.9,20.0
2026-09-06 16:02:45,32.2,64.2,19.2
2026-09-06 16:03:15,32.2,63.8,19.2
2026-09-06 16:03:45,32.2,65.1,19.2
2026-09-06 16:04:15,32.2,65.2,19.2
2026-09-06 16:04:45,32.2,64.6,19.2
2026-09-06 16:05:15,32.2,65.0,19.2
2026-09-06 16:05:45,32.2,65.5,19.2
2026-09-06 16:06:15,32.2,65.5,19.2
2026-09-06 16:06:45,32.2,64.6,19.2
2026-09-06 16:07:15,32.1,65.1,20.0
2026-09-06 16:07:45,32.1,65.5,20.0
2026-09-06 16:08:15,32.1,65.4,20.0
2026-09-06 16:08:45,32.1,65.3,20.8
2026-09-06 16:09:15,32.1,64.7,20.8
2026-09-06 16:09:45,32.1,65.3,21.7
2026-09-06 16:10:15,32.1,64.2,21.7
2026-09-06 16:10:45,32.1,64.9,22.5
2026-09-06 16:11:15,32.1,65.2,22.5
2026-09-06 16:11:45,32.1,65.4,22.5
2026-09-06 16:12:15,32.1,64.6,22.5
2026-09-06 16:12:45,32.1,65.5,26.7
2026-09-06 16:13:15,32.0,64.9,26.7
2026-09-06 16:13:45,32.0,65.1,22.5
2026-09-06 16:14:15,32.0,64.2,26.7
2026-09-06 16:14:45,32.0,65.3,25.0
2026-09-06 16:15:15,32.0,65.8,26.7
2026-09-06 16:15:45,32.0,65.6,27.5
2026-09-06 16:16:15,32.0,65.5,25.8
2026-09-06 16:16:45,32.0,65.2,26.7
2026-09-06 16:17:15,32.0,65.3,22.5
2026-09-06 16:17:45,32.0,65.5,21.7
2026-09-06 16:18:15,32.0,66.1,22.5
2026-09-06 16:18:45,32.0,65.6,23.3
2026-09-06 16:19:15,32.0,65.1,25.8
2026-09-06 16:19:45,32.0,65.6,26.7
2026-09-06 16:20:15,32.0,64.3,27.5
2026-09-06 16:20:45,32.0,64.2,28.3
2026-09-06 16:21:15,32.0,65.3,28.3
2026-09-06 16:21:45,32.0,65.4,36.7
2026-09-06 16:22:15,32.0,65.0,36.7
2026-09-06 16:22:45,32.0,65.7,39.2
2026-09-06 16:23:15,32.0,65.3,40.0
2026-09-06 16:23:45,32.0,65.8,39.2
2026-09-06 16:24:15,32.0,64.7,40.8
2026-09-06 16:24:45,32.0,65.2,38.3
2026-09-06 16:25:15,32.0,64.2,41.7
2026-09-06 16:25:45,32.0,65.1,40.0
2026-09-06 16:26:15,32.0,65.3,35.8
2026-09-06 16:26:45,32.0,65.3,34.2
2026-09-06 16:27:15,32.0,64.4,34.2
2026-09-06 16:27:45,32.0,64.6,38.3
2026-09-06 16:28:15,32.0,64.3,39.2
2026-09-06 16:28:45,32.0,64.0,36.7
2026-09-06 16:29:15,32.0,65.3,37.5
2026-09-06 16:29:45,32.0,64.6,41.7
2026-09-06 16:30:15,32.0,64.2,45.0
2026-09-06 16:30:45,32.0,64.4,46.7
2026-09-06 16:31:15,32.0,64.9,47.5
2026-09-06 16:31:45,32.0,64.4,47.5
2026-09-06 16:32:15,32.0,64.2,45.8
2026-09-06 16:32:45,31.9,64.3,40.8
2026-09-06 16:33:15,32.0,64.7,38.3
2026-09-06 16:33:45,32.0,65.3,39.2
2026-09-06 16:34:15,32.0,65.3,40.0
2026-09-06 16:34:45,32.0,65.3,45.8
2026-09-06 16:35:15,32.0,65.2,47.5
2026-09-06 16:35:45,31.9,65.3,49.2
2026-09-06 16:36:15,31.9,65.3,50.0
2026-09-06 16:36:45,31.9,65.4,50.0
2026-09-06 16:37:15,31.9,65.3,50.8
2026-09-06 16:37:45,31.9,65.6,52.5
2026-09-06 16:38:15,31.9,64.8,50.0
2026-09-06 16:38:45,31.9,64.7,46.7
2026-09-06 16:39:15,31.9,64.4,45.0
2026-09-06 16:39:45,31.9,64.8,43.3
2026-09-06 16:40:15,31.9,65.7,41.7
2026-09-06 16:40:45,31.9,65.5,40.8
2026-09-06 16:41:15,31.9,65.5,41.7
2026-09-06 16:41:45,31.9,65.9,42.5
2026-09-06 16:42:15,31.9,65.5,41.7
2026-09-06 16:42:45,31.9,64.5,42.5
2026-09-06 16:43:15,31.9,64.2,42.5
2026-09-06 16:43:45,31.9,63.6,43.3
2026-09-06 16:44:15,31.9,63.7,44.2
2026-09-06 16:44:45,31.9,63.9,45.8
2026-09-06 16:45:15,31.9,63.4,47.5
2026-09-06 16:45:45,31.9,64.8,50.0
2026-09-06 16:46:15,32.0,64.0,52.5
2026-09-06 16:46:45,32.0,64.8,55.8
2026-09-06 16:47:15,32.0,63.7,55.8
2026-09-06 16:47:45,32.0,65.4,58.3
2026-09-06 16:48:15,32.0,65.6,60.0
2026-09-06 16:48:45,32.0,63.5,60.8
2026-09-06 16:49:15,32.0,63.5,60.0
2026-09-06 16:49:45,32.0,63.4,58.3
2026-09-06 16:50:15,32.0,64.5,56.7
2026-09-06 16:50:45,32.0,62.6,52.5
2026-09-06 16:51:15,32.0,63.4,50.8
2026-09-06 16:51:45,32.0,63.4,50.0
2026-09-06 16:52:15,32.0,63.2,50.0
2026-09-06 16:52:45,32.0,63.3,49.2
2026-09-06 16:53:15,32.0,63.0,45.8
2026-09-06 16:53:45,32.1,63.6,45.0
2026-09-06 16:54:15,32.1,63.2,43.3
2026-09-06 16:54:45,32.1,63.0,41.7
2026-09-06 16:55:15,32.1,65.1,40.8
2026-09-06 16:55:45,32.1,64.9,40.8
2026-09-06 16:56:15,32.1,64.2,40.8
2026-09-06 16:56:45,32.1,64.6,42.5
2026-09-06 16:57:15,32.2,62.9,43.3
2026-09-06 16:57:45,32.1,62.8,44.2
2026-09-06 16:58:15,32.2,62.8,44.2
2026-09-06 16:58:45,32.2,64.1,43.3
2026-09-06 16:59:15,32.2,64.4,44.2
2026-09-06 16:59:45,32.2,62.4,44.2
2026-09-06 17:00:15,32.2,63.6,44.2
2026-09-06 17:00:45,32.2,65.3,44.2
2026-09-06 17:01:15,32.2,65.5,43.3
2026-09-06 17:01:45,32.2,65.4,44.2
2026-09-06 17:02:15,32.2,64.1,44.2
2026-09-06 17:02:45,32.2,64.8,45.0
2026-09-06 17:03:15,32.3,63.3,46.7
2026-09-06 17:03:45,32.2,62.9,47.5
2026-09-06 17:04:15,32.3,63.0,47.5
2026-09-06 17:04:45,32.2,64.9,46.7
2026-09-06 17:05:15,32.3,64.6,46.7
2026-09-06 17:05:45,32.3,64.0,45.0
2026-09-06 17:06:15,32.3,62.5,40.8
2026-09-06 17:06:45,32.3,65.1,39.2
2026-09-06 17:07:15,32.3,64.1,39.2
2026-09-06 17:07:45,32.3,62.2,39.2
2026-09-06 17:08:15,32.2,63.0,43.3
2026-09-06 17:08:45,32.3,62.3,42.5
2026-09-06 17:09:15,32.2,64.3,42.5
2026-09-06 17:09:45,32.2,62.8,43.3
2026-09-06 17:10:15,32.2,63.3,45.8
2026-09-06 17:10:45,32.2,62.8,45.0
2026-09-06 17:11:15,32.2,63.0,46.7
2026-09-06 17:11:45,32.2,62.9,47.5
2026-09-06 17:12:15,32.2,64.3,44.2
2026-09-06 17:12:45,32.2,63.5,42.5
2026-09-06 17:13:15,32.2,63.1,41.7
2026-09-06 17:13:45,32.2,64.2,41.7
2026-09-06 17:14:15,32.2,63.6,40.0
2026-09-06 17:14:45,32.2,63.3,38.3
2026-09-06 17:15:15,32.2,63.3,37.5
2026-09-06 17:15:45,32.2,63.2,39.2
2026-09-06 17:16:15,32.2,64.0,40.8
2026-09-06 17:16:45,32.2,64.1,41.7
2026-09-06 17:17:15,32.2,64.5,43.3
2026-09-06 17:17:45,32.2,64.8,44.2
2026-09-06 17:18:15,32.2,65.3,43.3
2026-09-06 17:18:45,32.2,64.5,42.5
2026-09-06 17:19:15,32.2,64.6,40.8
2026-09-06 17:19:45,32.2,63.6,40.0
2026-09-06 17:20:15,32.2,65.2,38.3
2026-09-06 17:20:45,32.2,63.8,37.5
2026-09-06 17:21:15,32.2,63.7,36.7
2026-09-06 17:21:45,32.2,63.5,35.8
2026-09-06 17:22:15,32.2,64.9,33.3
2026-09-06 17:22:45,32.2,63.9,31.7
2026-09-06 17:23:15,32.2,64.4,30.0
2026-09-06 17:23:45,32.2,64.3,29.2
2026-09-06 17:24:15,32.2,64.0,29.2
2026-09-06 17:24:45,32.2,63.9,29.2
2026-09-06 17:25:15,32.2,63.9,29.2
2026-09-06 17:25:45,32.1,63.9,30.0
2026-09-06 17:26:15,32.1,64.2,30.8
2026-09-06 17:26:45,32.1,64.6,30.8
2026-09-06 17:27:15,32.1,64.4,30.0
2026-09-06 17:27:45,32.1,64.4,29.2
2026-09-06 17:28:31,32.1,63.7,27.5
2026-09-06 17:29:01,32.1,64.1,26.7
2026-09-06 17:29:31,32.1,64.0,25.8
2026-09-06 17:30:01,32.0,64.8,25.0
2026-09-06 17:30:31,32.0,64.5,25.0
2026-09-06 17:31:01,32.0,62.9,25.0
2026-09-06 17:31:31,32.0,63.3,24.2
2026-09-06 17:32:02,32.0,63.6,24.2
2026-09-06 17:32:32,32.0,64.4,23.3
2026-09-06 17:33:02,32.0,64.1,23.3
2026-09-06 17:33:32,32.0,64.0,22.5
2026-09-06 17:34:02,32.0,64.4,22.5
2026-09-06 17:34:32,32.0,64.9,22.5
2026-09-06 17:35:02,32.0,64.3,21.7
2026-09-06 17:35:33,32.0,63.5,20.8
2026-09-06 17:36:03,32.0,63.8,20.0
2026-09-06 17:36:33,32.0,62.4,19.2
2026-09-06 17:37:03,32.0,63.9,19.2
2026-09-06 17:37:33,32.0,63.9,18.3
2026-09-06 17:38:03,32.0,64.0,17.5
2026-09-06 17:38:33,32.0,63.9,16.7
2026-09-06 17:39:04,32.0,64.1,16.7
2026-09-06 17:39:34,32.0,64.4,15.8
2026-09-06 17:40:04,32.0,64.7,15.8
2026-09-06 17:40:34,32.0,64.6,15.0
2026-09-06 17:41:04,32.0,64.7,15.0
2026-09-06 17:41:34,32.0,64.6,15.0
2026-09-06 17:42:04,32.0,64.7,14.2
2026-09-06 17:42:34,32.0,64.8,14.2
2026-09-06 17:43:04,32.0,64.9,14.2
2026-09-06 17:43:35,32.0,64.6,13.3
2026-09-06 17:44:05,31.9,65.0,13.3
2026-09-06 17:44:35,32.0,65.5,13.3
2026-09-06 17:45:05,31.9,64.9,13.3
2026-09-06 17:45:35,31.9,64.2,13.3
2026-09-06 17:46:01,31.9,64.6,12.5
2026-09-06 17:46:31,32.0,64.7,12.5
2026-09-06 17:47:01,31.9,64.7,12.5
2026-09-06 17:47:31,32.0,64.9,12.5
2026-09-06 17:48:01,32.0,64.8,11.7
2026-09-06 17:48:31,32.0,64.4,11.7
2026-09-06 17:49:01,32.0,64.4,11.7
2026-09-06 17:49:31,32.0,64.2,11.7
2026-09-06 17:50:01,32.0,64.9,11.7
2026-09-06 17:50:31,32.0,65.5,11.7
2026-09-06 17:51:01,32.0,65.3,10.8
2026-09-06 17:51:31,32.0,65.7,10.8
2026-09-06 17:52:01,32.0,64.8,10.8
2026-09-06 17:52:31,32.0,64.9,10.8
2026-09-06 17:53:01,32.0,64.8,10.8
2026-09-06 17:53:31,32.0,64.3,10.8
2026-09-06 17:54:01,32.0,64.3,10.8
2026-09-06 17:54:31,32.0,64.1,10.8
2026-09-06 17:55:01,32.0,64.1,10.0
2026-09-06 17:55:31,32.0,64.8,10.0
2026-09-06 17:56:01,32.0,64.0,10.0
2026-09-06 17:56:31,32.0,64.7,10.0
2026-09-06 17:57:01,32.0,64.9,10.0
2026-09-06 17:57:31,32.0,64.8,10.0
2026-09-06 17:58:01,32.0,65.1,10.0
2026-09-06 17:58:31,32.0,65.0,10.0
2026-09-06 17:59:01,32.0,64.8,10.0
2026-09-06 17:59:31,32.0,65.2,9.2
2026-09-06 18:00:01,31.9,64.8,9.2
2026-09-06 18:00:31,32.0,64.6,9.2
2026-09-06 18:01:01,32.0,64.3,9.2
2026-09-06 18:01:31,32.0,64.2,9.2
2026-09-06 18:02:01,31.9,64.4,9.2
2026-09-06 18:02:31,32.0,64.5,9.2
2026-09-06 18:03:01,31.9,64.2,9.2
2026-09-06 18:03:31,32.0,64.2,9.2
2026-09-06 18:04:01,31.9,64.2,8.3
2026-09-06 18:04:31,31.9,64.6,8.3
2026-09-06 18:05:01,31.9,64.5,8.3
2026-09-06 18:05:31,31.9,64.1,8.3
2026-09-06 18:06:01,32.0,64.1,8.3
2026-09-06 18:06:31,31.9,63.6,8.3
2026-09-06 18:07:01,31.9,63.9,9.2
2026-09-06 18:07:31,31.9,64.3,9.2
2026-09-06 18:07:58,31.9,65.1,9.2
2026-09-06 18:08:28,31.9,64.7,9.2
2026-09-06 18:08:58,31.9,64.4,9.2
2026-09-06 18:09:28,31.9,63.9,9.2
2026-09-06 18:09:58,31.9,63.8,9.2
2026-09-06 18:10:28,31.9,63.3,9.2
2026-09-06 18:10:58,31.9,64.0,9.2
2026-09-06 18:11:28,31.9,64.3,8.3
2026-09-06 18:11:58,31.9,63.4,8.3
2026-09-06 18:12:28,31.9,62.5,8.3
2026-09-06 18:12:58,31.9,64.2,8.3
2026-09-06 18:13:28,31.9,64.1,8.3
2026-09-06 18:13:58,31.9,63.4,8.3
2026-09-06 18:14:28,31.9,63.6,8.3
2026-09-06 18:14:58,31.9,64.2,8.3
2026-09-06 18:15:28,31.9,65.0,8.3
2026-09-06 18:15:58,31.9,64.3,8.3
2026-09-06 18:16:28,31.9,63.5,8.3
2026-09-06 18:16:58,31.9,63.4,8.3
2026-09-06 18:17:28,31.9,64.0,8.3
2026-09-06 18:17:58,31.9,63.7,8.3
2026-09-06 18:18:28,31.9,65.2,8.3
2026-09-06 18:18:58,32.0,64.8,8.3
2026-09-06 18:19:28,31.9,63.6,8.3
2026-09-06 18:19:58,32.0,62.8,8.3
2026-09-06 18:20:28,32.0,62.6,8.3
2026-09-06 18:20:58,32.0,64.0,8.3
2026-09-06 18:21:28,32.0,64.1,8.3
2026-09-06 18:21:58,32.0,64.1,8.3
2026-09-06 18:22:28,32.0,63.6,8.3
2026-09-06 18:22:58,32.0,63.4,8.3
2026-09-06 18:23:28,32.0,63.3,8.3
2026-09-06 18:23:58,32.0,64.1,31.7
2026-09-06 18:24:28,32.0,64.8,32.5
2026-09-06 18:24:58,32.0,64.4,33.3
2026-09-06 18:25:28,31.9,65.2,32.5
2026-09-06 18:25:58,32.0,64.6,32.5
2026-09-06 18:26:28,31.9,64.0,32.5
2026-09-06 18:26:58,31.9,64.0,32.5
2026-09-06 18:27:28,31.9,65.1,32.5
2026-09-06 18:27:58,32.0,63.6,32.5
2026-09-06 18:28:28,31.9,64.6,31.7
2026-09-06 18:28:58,31.9,65.3,32.5
2026-09-06 18:29:28,31.9,64.2,32.5
2026-09-06 18:29:58,31.9,63.8,32.5
2026-09-06 18:30:28,31.9,64.6,31.7
2026-09-06 18:30:58,31.9,64.0,31.7
2026-09-06 18:31:28,31.9,64.0,31.7
2026-09-06 18:31:58,31.9,64.3,31.7
2026-09-06 18:32:28,31.9,64.8,31.7
2026-09-06 18:32:58,31.9,63.6,31.7
2026-09-06 18:33:28,31.9,64.0,31.7
2026-09-06 18:33:58,31.9,64.4,31.7
2026-09-06 18:34:28,31.9,63.7,31.7
2026-09-06 18:34:58,31.9,64.7,31.7
2026-09-06 18:35:28,31.9,65.0,31.7
2026-09-06 18:35:58,31.9,65.4,31.7
2026-09-06 18:36:28,31.9,65.2,30.8
2026-09-06 18:36:58,31.9,64.8,30.8
2026-09-06 18:37:28,31.9,64.2,30.8
2026-09-06 18:37:58,31.9,63.5,30.8
2026-09-06 18:38:28,31.9,63.6,30.8
2026-09-06 18:38:58,31.9,63.7,30.8
2026-09-06 18:39:28,31.9,63.4,30.8
2026-09-06 18:39:58,31.9,64.0,31.7
2026-09-06 18:40:28,31.9,64.4,30.8
2026-09-06 18:40:58,31.9,64.3,30.8
2026-09-06 18:41:28,31.9,64.0,31.7
2026-09-06 18:41:58,31.9,64.0,30.8
2026-09-06 18:42:28,31.9,63.5,30.8
2026-09-06 18:42:58,31.8,64.0,30.8
2026-09-06 18:43:28,31.9,64.3,31.7
2026-09-06 18:43:58,31.8,63.1,31.7
2026-09-06 18:44:28,31.8,63.0,31.7
2026-09-06 18:44:58,31.8,65.0,31.7
2026-09-06 18:45:28,31.8,65.3,31.7
2026-09-06 18:45:58,31.8,65.6,30.8
2026-09-06 18:46:28,31.8,65.9,30.8
2026-09-06 18:46:58,31.8,66.5,30.8
2026-09-06 18:47:28,31.8,66.5,30.8
2026-09-06 18:47:58,31.8,65.9,30.8
2026-09-06 18:48:28,31.8,65.9,30.8
2026-09-06 18:48:58,31.8,66.9,30.8
2026-09-06 18:49:28,31.8,67.0,31.7
2026-09-06 18:49:58,31.8,67.4,30.8
2026-09-06 18:50:28,31.9,66.9,30.8
2026-09-06 18:50:58,31.9,66.2,30.8
2026-09-06 18:51:28,31.8,66.6,30.8
2026-09-06 18:51:58,31.8,66.3,30.8
2026-09-06 18:52:28,31.9,66.3,30.8
2026-09-06 18:52:58,31.8,66.8,30.8
2026-09-06 18:53:28,31.8,66.6,30.8
2026-09-06 18:53:58,31.8,67.0,30.8
2026-09-06 18:54:28,31.8,67.0,31.7
2026-09-06 18:54:58,31.8,66.8,30.8
2026-09-06 18:55:28,31.8,66.8,30.8
2026-09-06 18:55:58,31.8,67.3,30.8
2026-09-06 18:56:28,31.9,67.2,30.8
2026-09-06 18:56:58,31.9,66.9,30.8
2026-09-06 18:57:28,31.9,66.6,30.8
2026-09-06 18:57:58,31.8,66.9,30.8
2026-09-06 18:58:28,31.8,66.4,30.8
2026-09-06 18:58:58,31.9,66.1,30.8
2026-09-06 18:59:28,31.9,65.9,30.8
2026-09-06 18:59:58,31.9,64.9,30.8
2026-09-06 19:00:28,31.9,66.1,30.8
2026-09-06 19:00:58,31.9,65.8,30.8
2026-09-06 19:01:28,31.9,65.2,30.8
2026-09-06 19:01:58,31.9,65.2,30.8
2026-09-06 19:02:28,31.8,65.9,30.8
2026-09-06 19:02:58,31.8,65.6,30.8
2026-09-06 19:03:28,31.8,64.9,30.8
2026-09-06 19:03:58,31.8,64.6,30.8
2026-09-06 19:04:28,31.8,65.2,30.8
2026-09-06 19:04:58,31.8,65.4,30.8
2026-09-06 19:05:28,31.8,65.7,30.8
2026-09-06 19:05:58,31.8,69.8,30.8
2026-09-06 19:06:28,31.8,67.1,30.8
2026-09-06 19:06:58,31.8,69.3,31.7
2026-09-06 19:07:28,31.8,67.3,31.7
2026-09-06 19:07:58,31.8,66.7,31.7
2026-09-06 19:08:28,31.7,67.3,30.8
2026-09-06 19:08:58,31.8,68.4,31.7
2026-09-06 19:09:28,31.8,68.2,31.7
2026-09-06 19:09:58,31.8,67.9,31.7
2026-09-06 19:10:28,31.8,67.3,31.7
2026-09-06 19:10:58,31.8,67.7,30.8
2026-09-06 19:11:28,31.8,68.2,30.8
2026-09-06 19:11:58,31.8,67.4,30.8
2026-09-06 19:12:28,31.8,66.9,30.8
2026-09-06 19:12:58,31.8,67.0,30.8
2026-09-06 19:13:28,31.8,67.2,31.7
2026-09-06 19:13:58,31.8,65.7,30.8
2026-09-06 19:14:28,31.8,64.7,31.7
2026-09-06 19:14:58,31.8,64.2,30.8
2026-09-06 19:15:28,31.8,64.2,30.8
2026-09-06 19:15:58,31.8,65.8,30.8
2026-09-06 19:16:28,31.8,65.7,30.8
2026-09-06 19:16:58,31.9,65.7,30.8
2026-09-06 19:17:28,31.9,66.8,30.8
2026-09-06 19:17:58,31.9,66.8,30.8
2026-09-06 19:18:28,31.8,66.9,30.0
2026-09-06 19:18:58,31.9,67.1,30.0
2026-09-06 19:19:28,31.9,66.8,30.0
2026-09-06 19:19:58,31.9,67.1,30.0
2026-09-06 19:20:28,31.9,66.2,30.0
2026-09-06 19:20:58,31.9,66.9,30.8
2026-09-06 19:21:28,31.8,67.1,30.8
2026-09-06 19:21:58,31.9,67.5,30.8
2026-09-06 19:22:28,31.9,67.3,30.8
2026-09-06 19:22:58,31.9,67.6,30.8
2026-09-06 19:23:28,31.8,67.4,30.8
2026-09-06 19:23:58,31.8,67.9,30.8
2026-09-06 19:24:28,31.8,67.7,30.8
2026-09-06 19:24:58,31.9,67.7,31.7
2026-09-06 19:25:28,31.9,66.6,31.7
2026-09-06 19:25:58,31.9,66.2,31.7
2026-09-06 19:26:28,31.9,66.4,31.7
2026-09-06 19:26:58,31.9,66.3,31.7
2026-09-06 19:27:28,31.9,66.2,31.7
2026-09-06 19:27:58,31.9,65.9,31.7
2026-09-06 19:28:28,31.9,66.1,30.8
2026-09-06 19:28:58,31.9,65.9,30.8
2026-09-06 19:29:28,31.9,66.3,31.7
2026-09-06 19:29:58,31.9,66.5,30.8
2026-09-06 19:30:28,31.9,66.7,30.8
2026-09-06 19:30:58,31.9,66.7,30.8
2026-09-06 19:31:28,31.9,66.2,30.8
2026-09-06 19:31:58,31.9,65.8,30.8
2026-09-06 19:32:28,31.9,67.3,30.8
2026-09-06 19:32:58,31.9,66.8,30.8
2026-09-06 19:33:28,31.9,66.3,30.8
2026-09-06 19:33:58,31.8,64.6,31.7
2026-09-06 19:34:28,31.8,66.6,30.8
2026-09-06 19:34:58,31.9,66.4,30.8
2026-09-06 19:35:28,31.9,65.6,30.8
2026-09-06 19:35:58,31.9,65.3,31.7
2026-09-06 19:36:28,31.9,64.9,30.8
2026-09-06 19:36:58,31.9,66.3,30.8
2026-09-06 19:37:28,31.9,66.6,30.8
2026-09-06 19:37:58,31.9,65.7,30.8
2026-09-06 19:38:28,31.9,65.7,31.7
2026-09-06 19:38:58,31.9,65.6,30.8
2026-09-06 19:39:28,31.9,66.8,30.8
2026-09-06 19:39:58,31.9,66.9,30.8
2026-09-06 19:40:28,31.9,66.3,30.8
2026-09-06 19:40:58,31.9,66.5,30.8
2026-09-06 19:41:28,31.9,66.7,30.8
2026-09-06 19:41:58,31.9,66.5,30.8
2026-09-06 19:42:28,31.9,66.7,30.8
2026-09-06 19:42:58,31.9,66.8,30.8
2026-09-06 19:43:28,31.9,66.7,31.7
2026-09-06 19:43:58,31.9,65.7,31.7
2026-09-06 19:44:28,31.9,65.3,31.7
2026-09-06 19:44:58,31.9,66.7,30.8
2026-09-06 19:45:28,32.0,66.5,31.7
2026-09-06 19:45:58,32.0,66.5,31.7
2026-09-06 19:46:28,31.9,66.2,31.7
2026-09-06 19:46:58,31.9,66.3,31.7
2026-09-06 19:47:28,31.9,65.4,30.8
2026-09-06 19:47:58,31.9,65.6,31.7
2026-09-06 19:48:28,31.9,64.9,31.7
2026-09-06 19:48:58,31.9,64.8,31.7
2026-09-06 19:49:28,32.0,64.9,31.7
2026-09-06 19:49:58,31.9,65.4,31.7
2026-09-06 19:50:28,31.9,65.5,31.7
2026-09-06 19:50:58,31.9,64.9,31.7
2026-09-06 19:51:28,31.9,65.4,31.7
2026-09-06 19:51:58,31.9,64.5,31.7
2026-09-06 19:52:28,31.9,64.8,31.7
2026-09-06 19:52:58,31.9,64.8,31.7
2026-09-06 19:53:28,31.9,64.8,31.7
2026-09-06 19:53:58,31.9,64.8,30.8
2026-09-06 19:54:28,31.9,65.2,31.7
2026-09-06 19:54:58,31.9,65.4,31.7
2026-09-06 19:55:28,31.8,65.2,31.7
2026-09-06 19:55:58,31.8,65.4,31.7
2026-09-06 19:56:28,31.8,65.4,31.7
2026-09-06 19:56:58,31.8,65.7,31.7
2026-09-06 19:57:28,31.8,65.5,31.7
2026-09-06 19:57:58,31.8,65.9,31.7
2026-09-06 19:58:28,31.8,66.2,31.7
2026-09-06 19:58:58,31.8,66.5,31.7
2026-09-06 19:59:28,31.7,66.5,31.7
2026-09-06 19:59:58,31.8,66.4,31.7
2026-09-06 20:00:28,31.7,66.3,31.7
2026-09-06 20:00:58,31.8,65.7,31.7
2026-09-06 20:01:28,31.8,65.4,31.7
2026-09-06 20:01:58,31.8,65.2,31.7
2026-09-06 20:02:28,31.8,65.2,31.7
2026-09-06 20:02:58,31.8,65.5,31.7
2026-09-06 20:03:28,31.8,65.6,31.7
2026-09-06 20:03:58,31.8,65.9,31.7
2026-09-06 20:04:28,31.8,66.5,31.7
2026-09-06 20:04:58,31.8,65.2,31.7
2026-09-06 20:05:28,31.9,65.7,31.7
2026-09-06 20:05:58,31.9,66.3,31.7
2026-09-06 20:06:28,31.9,65.9,31.7
2026-09-06 20:06:58,31.9,66.0,31.7
2026-09-06 20:07:28,31.9,65.7,31.7
2026-09-06 20:07:58,31.9,65.9,31.7
2026-09-06 20:08:28,31.9,66.1,31.7
2026-09-06 20:08:58,31.9,65.9,32.5
2026-09-06 20:09:28,31.9,66.7,31.7
2026-09-06 20:09:58,31.9,65.9,31.7
2026-09-06 20:10:28,32.0,66.6,31.7
2026-09-06 20:10:58,31.9,65.7,30.8
2026-09-06 20:11:28,32.0,66.7,31.7
2026-09-06 20:11:58,32.0,67.0,34.2
2026-09-06 20:12:28,32.0,65.3,35.0
2026-09-06 20:12:58,32.0,66.1,35.0
2026-09-06 20:13:28,32.0,65.9,35.0
2026-09-06 20:13:58,32.0,65.7,35.8
2026-09-06 20:14:28,32.0,66.1,35.0
2026-09-06 20:14:58,32.0,65.8,35.8
2026-09-06 20:15:28,32.0,66.5,35.0
2026-09-06 20:15:58,32.0,66.0,35.0
2026-09-06 20:16:28,32.0,66.1,35.0
2026-09-06 20:16:58,32.0,65.3,35.8
2026-09-06 20:17:28,32.0,65.3,35.0
2026-09-06 20:17:58,32.0,66.6,35.8
2026-09-06 20:18:28,32.0,65.3,35.8
2026-09-06 20:18:58,32.0,66.1,35.8
2026-09-06 20:19:28,32.0,66.4,35.8
2026-09-06 20:19:58,32.0,65.8,35.0
2026-09-06 20:20:28,32.0,65.6,35.8
2026-09-06 20:20:58,32.0,67.0,35.8
2026-09-06 20:21:28,32.0,66.7,35.0
2026-09-06 20:21:58,31.9,66.2,35.8
2026-09-06 20:22:28,32.0,66.7,35.8
2026-09-06 20:22:58,31.9,66.8,35.0
2026-09-06 20:23:28,31.9,67.1,35.8
2026-09-06 20:23:58,31.9,67.7,35.0
2026-09-06 20:24:28,31.9,68.1,35.0
2026-09-06 20:24:58,31.9,68.2,35.0
2026-09-06 20:25:28,31.9,68.2,35.0
2026-09-06 20:25:58,31.9,68.3,35.0
2026-09-06 20:26:28,31.9,68.6,35.0
2026-09-06 20:26:58,31.9,68.7,35.0
2026-09-06 20:27:28,31.9,68.7,35.0
2026-09-06 20:27:58,31.9,68.7,35.0
2026-09-06 20:28:28,31.9,68.6,35.0
2026-09-06 20:28:58,31.9,68.4,33.3
2026-09-06 20:29:28,31.9,68.6,33.3
2026-09-06 20:29:58,31.9,68.8,33.3
2026-09-06 20:30:28,31.9,69.5,35.0
2026-09-06 20:30:58,31.9,69.7,35.0
2026-09-06 20:31:28,31.9,69.8,35.0
2026-09-06 20:31:58,31.9,69.9,29.2
2026-09-06 20:32:28,31.9,69.9,25.0
2026-09-06 20:32:58,31.9,70.0,21.7
2026-09-06 20:33:28,31.9,70.1,17.5
2026-09-06 20:33:58,31.9,70.4,15.8
2026-09-06 20:34:28,31.9,70.5,15.8
2026-09-06 20:34:58,31.9,70.1,15.8
2026-09-06 20:35:28,31.9,69.5,15.8
2026-09-06 20:35:58,31.9,69.7,15.8
2026-09-06 20:36:28,31.9,70.1,15.0
2026-09-06 20:36:58,31.9,70.2,15.0
2026-09-06 20:37:28,31.8,70.1,15.0
2026-09-06 20:37:58,31.8,70.4,15.0
2026-09-06 20:38:31,31.8,70.9,15.0
2026-09-06 20:39:01,31.8,70.6,15.0
2026-09-06 20:39:31,31.7,70.8,15.0
2026-09-06 20:40:01,31.7,71.0,15.0
2026-09-06 20:40:31,31.6,70.5,15.0
2026-09-06 20:41:01,31.6,71.1,15.0
2026-09-06 20:41:31,31.6,71.1,15.0
2026-09-06 20:42:01,31.6,71.2,15.0
2026-09-06 20:42:31,31.6,71.5,15.0
2026-09-06 20:43:01,31.5,71.2,15.0
2026-09-06 20:43:32,31.5,71.4,15.0
2026-09-06 20:44:02,31.5,71.8,15.0
2026-09-06 20:44:32,31.5,72.1,15.0
2026-09-06 20:45:02,31.5,72.0,15.0
2026-09-06 20:45:32,31.5,72.1,15.0
2026-09-06 20:46:02,31.4,71.9,15.0
2026-09-06 20:46:53,31.4,71.9,15.0
2026-09-06 20:47:23,31.4,72.0,15.0
2026-09-06 20:47:50,31.4,71.9,15.0
2026-09-06 20:48:20,31.4,72.3,15.0
2026-09-06 20:48:50,31.3,71.8,15.0
2026-09-06 20:49:20,31.3,72.0,15.0
2026-09-06 20:49:50,31.3,72.5,15.0
2026-09-06 20:50:22,31.3,72.3,15.0
2026-09-06 20:50:52,31.3,73.0,15.0
2026-09-06 20:51:22,31.3,72.4,15.0
2026-09-06 20:51:52,31.3,72.6,15.0
2026-09-06 20:52:22,31.3,72.6,15.0
2026-09-06 20:52:52,31.3,73.8,15.0
2026-09-06 20:53:23,31.4,73.7,15.0
2026-09-06 20:53:53,31.4,73.7,15.0
2026-09-06 20:54:23,31.4,73.5,15.0
2026-09-06 20:54:53,31.5,73.1,15.0
2026-09-06 20:55:23,31.5,73.1,15.0
2026-09-06 20:55:53,31.5,73.0,15.0
2026-09-06 20:56:23,31.5,73.3,15.0
2026-09-06 20:56:55,31.6,72.8,15.0
2026-09-06 20:57:25,31.6,72.7,15.0
2026-09-06 20:57:55,31.6,72.8,15.0
2026-09-06 20:58:25,31.7,72.6,15.0
2026-09-06 20:58:55,31.7,72.6,15.0
2026-09-06 20:59:25,31.7,72.3,15.0
2026-09-06 20:59:55,31.7,72.3,15.0
2026-09-06 21:00:25,31.7,72.2,15.0
2026-09-06 21:00:55,31.8,72.6,15.0
2026-09-06 21:01:25,31.7,72.4,15.0
2026-09-06 21:01:55,31.7,72.6,15.0
2026-09-06 21:02:25,31.8,72.3,15.0
2026-09-06 21:02:55,31.8,72.2,15.0
2026-09-06 21:03:25,31.8,72.6,15.0
2026-09-06 21:03:55,31.8,72.2,15.0
2026-09-06 21:04:25,31.8,72.6,15.0
2026-09-06 21:04:55,31.8,72.5,15.0
2026-09-06 21:05:25,31.8,72.5,15.0
2026-09-06 21:05:55,31.8,72.4,15.0
2026-09-06 21:06:25,31.8,72.4,15.0
2026-09-06 21:06:55,31.8,72.5,15.0
2026-09-06 21:07:25,31.8,72.6,15.0
2026-09-06 21:07:55,31.8,72.4,15.0
2026-09-06 21:08:25,31.9,72.4,15.0
2026-09-06 21:08:55,31.9,71.5,15.0
2026-09-06 21:09:25,31.9,71.7,15.0
2026-09-06 21:09:55,31.8,71.7,15.0
2026-09-06 21:10:25,31.8,72.6,15.0
2026-09-06 21:10:55,31.8,72.0,15.0
2026-09-06 21:11:25,31.7,72.0,15.0
2026-09-06 21:11:55,31.8,72.7,15.0
2026-09-06 21:12:25,31.7,72.8,15.0
2026-09-06 21:12:55,31.7,72.4,15.0
2026-09-06 21:13:25,31.7,72.4,15.0
2026-09-06 21:13:55,31.7,72.3,15.0
2026-09-06 21:14:25,31.7,72.3,15.0
2026-09-06 21:14:55,31.7,72.6,15.0
2026-09-06 21:15:25,31.7,72.3,15.0
2026-09-06 21:15:55,31.7,72.3,15.0
2026-09-06 21:16:25,31.6,72.1,15.0
2026-09-06 21:16:55,31.6,72.5,15.0
2026-09-06 21:17:25,31.6,72.3,15.0
2026-09-06 21:17:55,31.6,72.8,15.0
2026-09-06 21:18:25,31.6,72.5,15.0
2026-09-06 21:18:55,31.6,72.5,15.0
2026-09-06 21:19:25,31.6,72.6,15.8
2026-09-06 21:19:55,31.6,72.8,15.0
2026-09-06 21:20:25,31.5,73.2,15.0
2026-09-06 21:20:55,31.5,73.0,15.0
2026-09-06 21:21:25,31.5,72.7,15.0
2026-09-06 21:21:55,31.5,72.8,15.0
2026-09-06 21:22:25,31.5,72.9,15.0
2026-09-06 21:22:55,31.4,73.0,15.0
2026-09-06 21:23:25,31.4,73.0,15.0
2026-09-06 21:23:55,31.4,73.3,15.0
2026-09-06 21:24:25,31.4,73.0,15.0
2026-09-06 21:24:55,31.4,73.0,15.0
2026-09-06 21:25:25,31.4,73.1,15.0
2026-09-06 21:25:55,31.3,73.2,15.0
2026-09-06 21:26:25,31.3,73.3,15.0
2026-09-06 21:26:55,31.3,73.6,15.0
2026-09-06 21:27:25,31.3,73.3,15.0
2026-09-06 21:27:55,31.3,73.6,15.0
2026-09-06 21:28:25,31.3,73.6,15.0
2026-09-06 21:28:55,31.3,73.6,15.0
2026-09-06 21:29:25,31.3,73.2,15.0
2026-09-06 21:29:55,31.3,73.2,15.0
2026-09-06 21:30:25,31.3,73.7,15.0
2026-09-06 21:30:55,31.3,73.8,15.0
2026-09-06 21:31:25,31.3,73.6,15.0
2026-09-06 21:31:55,31.3,74.1,15.0
2026-09-06 21:32:25,31.3,74.0,15.0
2026-09-06 21:32:55,31.3,73.4,15.0
2026-09-06 21:33:25,31.3,73.3,15.0
2026-09-06 21:33:55,31.3,73.1,15.0
2026-09-06 21:34:25,31.2,73.4,15.0
2026-09-06 21:34:55,31.2,73.3,15.0
2026-09-06 21:35:25,31.2,73.1,15.0
2026-09-06 21:35:55,31.2,73.5,15.0
2026-09-06 21:36:25,31.2,73.5,15.0
2026-09-06 21:36:55,31.2,73.1,15.0
2026-09-06 21:37:25,31.2,73.5,15.0
2026-09-06 21:37:55,31.2,73.2,15.0
2026-09-06 21:38:25,31.2,73.2,15.0
2026-09-06 21:38:55,31.2,73.3,15.0
2026-09-06 21:39:25,31.2,73.4,15.0
2026-09-06 21:39:55,31.2,73.4,15.0
2026-09-06 21:40:25,31.1,73.4,15.0
2026-09-06 21:40:55,31.2,73.3,15.0
2026-09-06 21:41:25,31.2,73.9,15.0
2026-09-06 21:41:55,31.2,73.9,15.0
2026-09-06 21:42:25,31.2,73.1,15.0
2026-09-06 21:42:55,31.2,73.2,15.0
2026-09-06 21:43:25,31.2,73.0,15.0
2026-09-06 21:43:55,31.2,73.1,15.0
2026-09-06 21:44:25,31.2,72.8,15.0
2026-09-06 21:44:55,31.2,72.6,15.0
2026-09-06 21:45:25,31.2,72.8,15.0
2026-09-06 21:45:55,31.1,72.8,15.0
2026-09-06 21:46:25,31.1,73.3,15.0
2026-09-06 21:46:55,31.1,73.3,15.0
2026-09-06 21:47:25,31.1,73.4,15.0
2026-09-06 21:47:55,31.0,73.6,15.0
2026-09-06 21:48:25,31.0,73.6,15.0
2026-09-06 21:48:55,31.0,73.7,15.0
2026-09-06 21:49:25,31.0,73.9,15.0
2026-09-06 21:49:55,31.0,73.9,15.0
2026-09-06 21:50:25,30.9,74.0,15.0
2026-09-06 21:50:55,30.9,73.9,15.0
2026-09-06 21:51:25,30.9,74.1,15.0
2026-09-06 21:51:55,30.9,74.5,15.0
2026-09-06 21:52:25,30.8,74.3,15.0
2026-09-06 21:52:55,30.9,74.0,15.0
2026-09-06 21:53:25,30.9,74.0,15.0
2026-09-06 21:53:55,30.8,74.0,15.0
2026-09-06 21:54:25,30.8,74.4,15.0
2026-09-06 21:54:55,30.8,74.4,15.0
2026-09-06 21:55:25,30.8,74.4,15.0
2026-09-06 21:55:55,30.8,74.7,15.0
2026-09-06 21:56:25,30.8,74.8,15.0
2026-09-06 21:56:55,30.8,74.7,15.0
2026-09-06 21:57:25,30.8,74.6,15.0
2026-09-06 21:57:55,30.8,74.5,15.0
2026-09-06 21:58:25,30.8,74.7,15.0
2026-09-06 21:58:55,30.8,74.5,15.0
2026-09-06 21:59:25,30.8,74.2,15.0
2026-09-06 21:59:55,30.8,74.2,15.0
2026-09-06 22:00:25,30.8,74.1,15.0
2026-09-06 22:00:55,30.8,74.3,14.2
2026-09-06 22:01:27,30.8,74.6,14.2
2026-09-06 22:01:57,30.7,74.5,14.2
2026-09-06 22:02:27,30.7,74.5,14.2
2026-09-06 22:02:57,30.7,74.7,14.2
2026-09-06 22:03:27,30.7,74.6,14.2
2026-09-06 22:03:57,30.7,74.5,14.2
2026-09-06 22:04:27,30.7,74.4,14.2
2026-09-06 22:04:57,30.7,74.4,14.2
2026-09-06 22:05:27,30.7,74.4,14.2
2026-09-06 22:05:57,30.8,74.5,14.2
2026-09-06 22:06:27,30.7,74.5,14.2
2026-09-06 22:06:57,30.7,74.3,14.2
2026-09-06 22:07:27,30.8,74.3,14.2
2026-09-06 22:07:57,30.8,74.4,14.2
2026-09-06 22:08:27,30.7,74.4,14.2
2026-09-06 22:08:57,30.7,74.3,14.2
2026-09-06 22:09:28,30.7,74.4,14.2
2026-09-06 22:09:58,30.7,74.4,14.2
2026-09-06 22:10:28,30.7,74.6,14.2
2026-09-06 22:10:58,30.7,74.3,14.2
2026-09-06 22:11:28,30.7,74.4,14.2
2026-09-06 22:11:58,30.7,74.5,14.2
2026-09-06 22:12:28,30.7,74.4,14.2
2026-09-06 22:12:58,30.7,74.4,14.2
2026-09-06 22:13:28,30.7,74.5,14.2
2026-09-06 22:13:58,30.7,74.4,14.2
2026-09-06 22:14:28,30.7,74.5,14.2
2026-09-06 22:14:58,30.7,74.6,14.2
2026-09-06 22:15:28,30.7,74.5,14.2
2026-09-06 22:15:58,30.7,74.6,14.2
2026-09-06 22:16:28,30.7,74.6,14.2
2026-09-06 22:16:58,30.7,74.6,14.2
2026-09-06 22:17:28,30.7,74.5,14.2
2026-09-06 22:17:58,30.7,74.8,14.2
2026-09-06 22:18:28,30.7,75.0,14.2
2026-09-06 22:18:58,30.7,74.8,14.2
2026-09-06 22:19:29,30.7,75.1,14.2
2026-09-06 22:19:59,30.8,75.1,14.2
2026-09-06 22:20:29,30.8,74.8,14.2
2026-09-06 22:20:59,30.8,74.9,14.2
2026-09-06 22:21:29,30.8,74.7,14.2
2026-09-06 22:21:59,30.8,74.8,14.2
2026-09-06 22:22:29,30.8,74.8,14.2
2026-09-06 22:22:59,30.8,74.9,14.2
2026-09-06 22:23:29,30.8,74.8,14.2
2026-09-06 22:23:59,30.8,74.8,16.7
2026-09-06 22:24:29,30.8,75.0,15.0
2026-09-06 22:24:59,30.8,75.1,14.2
2026-09-06 22:25:29,30.8,75.3,14.2
2026-09-06 22:25:59,30.7,75.5,14.2
2026-09-06 22:26:29,30.8,75.6,14.2
2026-09-06 22:26:59,30.8,75.2,15.0
2026-09-06 22:27:29,30.8,75.3,15.0
2026-09-06 22:27:59,30.8,75.3,15.0
2026-09-06 22:28:29,30.8,75.4,15.0
2026-09-06 22:28:59,30.8,75.1,15.0
2026-09-06 22:29:29,30.9,75.1,14.2
2026-09-06 22:29:59,30.8,75.0,14.2
2026-09-06 22:30:29,30.9,74.9,14.2
2026-09-06 22:31:02,30.8,75.0,14.2
2026-09-06 22:31:32,30.8,74.9,14.2
2026-09-06 22:32:02,30.8,75.1,14.2
2026-09-06 22:32:32,30.8,75.2,14.2
2026-09-06 22:33:02,30.8,75.1,14.2
2026-09-06 22:33:32,30.9,75.3,14.2
2026-09-06 22:34:02,30.9,74.9,14.2
2026-09-06 22:34:32,30.9,74.8,14.2
2026-09-06 22:35:02,30.9,74.9,14.2
2026-09-06 22:35:37,30.9,74.9,14.2
2026-09-06 22:36:07,30.9,74.9,14.2
2026-09-06 22:36:37,30.9,75.1,14.2
2026-09-06 22:37:07,30.9,75.3,14.2
2026-09-06 22:37:37,30.9,75.0,14.2
2026-09-06 22:38:04,30.9,75.1,14.2
2026-09-06 22:38:34,30.9,74.8,14.2
2026-09-06 22:39:04,30.9,74.9,15.0
2026-09-06 22:39:34,30.9,74.8,15.0
2026-09-06 22:40:04,30.9,74.6,14.2
2026-09-06 22:40:34,30.9,74.4,14.2
2026-09-06 22:41:04,30.8,74.6,15.0
2026-09-06 22:41:34,30.8,74.8,14.2
2026-09-06 22:42:04,30.8,74.9,15.0
2026-09-06 22:42:34,30.7,75.0,14.2
2026-09-06 22:43:04,30.7,75.1,14.2
2026-09-06 22:43:34,30.7,75.2,14.2
2026-09-06 22:44:04,30.7,75.1,14.2
2026-09-06 22:44:34,30.7,75.6,14.2
2026-09-06 22:45:04,30.7,75.5,15.0
2026-09-06 22:45:34,30.7,75.5,15.0
2026-09-06 22:46:04,30.7,75.7,14.2
2026-09-06 22:46:34,30.6,75.9,14.2
2026-09-06 22:47:04,30.7,75.4,14.2
2026-09-06 22:47:34,30.6,75.7,15.0
2026-09-06 22:48:04,30.7,75.7,14.2
2026-09-06 22:48:34,30.7,75.8,14.2
2026-09-06 22:49:09,30.7,75.5,14.2
2026-09-06 22:49:36,30.7,75.1,15.0
2026-09-06 22:50:10,30.7,75.3,14.2
2026-09-06 22:50:37,30.7,75.1,14.2
2026-09-06 22:51:07,30.6,75.6,4.2
2026-09-06 22:51:37,30.6,75.6,3.3
2026-09-06 22:52:07,30.7,75.6,4.2
2026-09-06 22:52:37,30.7,75.8,3.3
2026-09-06 22:53:07,30.7,75.0,3.3
2026-09-06 22:53:37,30.7,75.0,3.3
2026-09-06 22:54:07,30.7,75.2,3.3
2026-09-06 22:54:37,30.7,75.2,3.3
2026-09-06 22:55:07,30.7,74.9,3.3
2026-09-06 22:55:37,30.7,75.0,3.3
2026-09-06 22:56:07,30.7,74.9,3.3
2026-09-06 22:56:37,30.7,75.0,3.3
2026-09-06 22:57:07,30.7,75.6,4.2
2026-09-06 22:57:37,30.7,75.0,3.3
2026-09-06 22:58:07,30.7,75.1,3.3
2026-09-06 22:58:37,30.7,74.9,3.3
2026-09-06 22:59:07,30.7,75.0,4.2
2026-09-06 22:59:37,30.7,75.2,4.2
2026-09-06 23:00:07,30.7,75.5,4.2
2026-09-06 23:00:37,30.7,75.4,4.2
2026-09-06 23:01:07,30.7,75.5,4.2
2026-09-06 23:01:37,30.7,75.1,3.3
2026-09-06 23:02:07,30.7,76.2,3.3
2026-09-06 23:02:37,30.7,76.0,3.3
2026-09-06 23:03:07,30.7,75.7,3.3
2026-09-06 23:03:37,30.8,75.2,3.3
2026-09-06 23:04:07,30.8,74.9,3.3
2026-09-06 23:04:37,30.8,75.1,4.2
2026-09-06 23:05:07,30.8,74.9,4.2
2026-09-06 23:05:37,30.8,75.0,4.2
2026-09-06 23:06:07,30.8,75.3,4.2
2026-09-06 23:06:37,30.8,75.8,3.3
2026-09-06 23:07:07,30.8,75.7,3.3
2026-09-06 23:07:37,30.8,75.7,3.3
2026-09-06 23:08:07,30.8,75.3,3.3
2026-09-06 23:08:37,30.8,75.2,3.3
2026-09-06 23:09:07,30.8,75.1,3.3
2026-09-06 23:09:37,30.8,75.7,4.2
2026-09-06 23:10:07,30.8,75.2,3.3
2026-09-06 23:10:37,30.8,75.0,3.3
2026-09-06 23:11:07,30.8,74.9,3.3
2026-09-06 23:11:37,30.8,74.9,3.3
2026-09-06 23:12:07,30.8,74.8,3.3
2026-09-06 23:12:37,30.8,74.8,3.3
2026-09-06 23:13:07,30.8,74.8,3.3
2026-09-06 23:13:37,30.7,75.4,3.3
2026-09-06 23:14:07,30.7,75.1,3.3
2026-09-06 23:14:37,30.7,75.1,3.3
2026-09-06 23:15:07,30.7,75.4,3.3
2026-09-06 23:15:37,30.7,75.2,3.3
2026-09-06 23:16:07,30.7,75.3,3.3
2026-09-06 23:16:37,30.7,75.3,3.3
2026-09-06 23:17:07,30.6,76.4,3.3
2026-09-06 23:17:37,30.7,75.7,3.3
2026-09-06 23:18:07,30.7,75.7,3.3
2026-09-06 23:18:37,30.7,75.3,3.3
2026-09-06 23:19:07,30.7,75.1,3.3
2026-09-06 23:19:37,30.7,75.6,3.3
2026-09-06 23:20:07,30.7,75.4,3.3
2026-09-06 23:20:37,30.7,75.6,3.3
2026-09-06 23:21:07,30.7,75.3,3.3
2026-09-06 23:21:37,30.7,75.1,3.3
2026-09-06 23:22:07,30.7,75.2,3.3
2026-09-06 23:22:37,30.7,75.2,3.3
2026-09-06 23:23:07,30.7,76.2,3.3
2026-09-06 23:23:37,30.7,75.4,3.3
2026-09-06 23:24:07,30.7,75.1,3.3
2026-09-06 23:24:37,30.7,75.1,3.3
2026-09-06 23:25:07,30.7,75.4,3.3
2026-09-06 23:25:37,30.7,75.5,3.3
2026-09-06 23:26:07,30.7,76.1,3.3
2026-09-06 23:26:37,30.7,76.7,3.3
2026-09-06 23:27:07,30.7,76.5,3.3
2026-09-06 23:27:37,30.7,75.9,3.3
2026-09-06 23:28:07,30.7,75.5,3.3
2026-09-06 23:28:37,30.7,75.6,3.3
2026-09-06 23:29:07,30.7,75.9,3.3
2026-09-06 23:29:37,30.8,75.5,3.3
2026-09-06 23:30:07,30.7,75.6,3.3
2026-09-06 23:30:37,30.8,76.8,3.3
2026-09-06 23:31:07,30.8,75.8,3.3
2026-09-06 23:31:37,30.8,75.3,3.3
2026-09-06 23:32:07,30.8,75.6,3.3
2026-09-06 23:32:37,30.8,75.9,3.3
2026-09-06 23:33:07,30.8,76.0,3.3
2026-09-06 23:33:37,30.8,75.8,3.3
2026-09-06 23:34:07,30.8,75.6,3.3
2026-09-06 23:34:37,30.8,75.2,3.3
2026-09-06 23:35:07,30.8,75.2,3.3
2026-09-06 23:35:37,30.8,75.7,3.3
2026-09-06 23:36:07,30.7,75.8,3.3
2026-09-06 23:36:37,30.7,75.3,3.3
2026-09-06 23:37:07,30.7,75.4,3.3
2026-09-06 23:37:37,30.7,76.1,3.3
2026-09-06 23:38:07,30.7,76.8,3.3
2026-09-06 23:38:37,30.7,76.8,3.3
2026-09-06 23:39:07,30.7,76.7,3.3
2026-09-06 23:39:37,30.7,77.3,3.3
2026-09-06 23:40:07,30.8,76.0,3.3
2026-09-06 23:40:37,30.8,76.1,3.3
2026-09-06 23:41:07,30.8,76.1,3.3
2026-09-06 23:41:37,30.8,75.8,3.3
2026-09-06 23:42:07,30.8,76.6,3.3
2026-09-06 23:42:37,30.8,76.3,3.3
2026-09-06 23:43:07,30.8,75.4,3.3
2026-09-06 23:43:37,30.8,75.2,3.3
2026-09-06 23:44:07,30.8,76.9,3.3
2026-09-06 23:44:37,30.8,75.8,3.3
2026-09-06 23:45:07,30.8,76.0,3.3
2026-09-06 23:45:37,30.8,77.2,3.3
2026-09-06 23:46:07,30.8,76.1,3.3
2026-09-06 23:46:37,30.8,76.2,3.3
2026-09-06 23:47:07,30.8,75.9,3.3
2026-09-06 23:47:37,30.8,76.5,3.3
2026-09-06 23:48:07,30.8,76.1,3.3
2026-09-06 23:48:37,30.8,76.4,3.3
2026-09-06 23:49:07,30.8,76.7,3.3
2026-09-06 23:49:37,30.8,76.6,3.3
2026-09-06 23:50:07,30.8,76.7,3.3
2026-09-06 23:50:37,30.8,76.4,3.3
2026-09-06 23:51:07,30.9,76.4,3.3
2026-09-06 23:51:37,30.9,76.8,3.3
2026-09-06 23:52:07,30.9,76.2,3.3
2026-09-06 23:52:37,30.9,75.8,3.3
2026-09-06 23:53:07,30.9,76.2,3.3
2026-09-06 23:53:37,30.9,75.7,3.3
2026-09-06 23:54:07,30.9,76.0,3.3
2026-09-06 23:54:37,30.9,75.3,3.3
2026-09-06 23:55:07,30.9,75.6,3.3
2026-09-06 23:55:37,30.8,75.5,3.3
2026-09-06 23:56:07,30.8,75.6,3.3
2026-09-06 23:56:37,30.8,76.2,3.3
2026-09-06 23:57:07,30.8,76.9,3.3
2026-09-06 23:57:37,30.8,76.3,3.3
2026-09-06 23:58:07,30.8,76.5,3.3
2026-09-06 23:58:37,30.8,76.1,3.3
2026-09-06 23:59:07,30.8,76.7,3.3
2026-09-06 23:59:37,30.8,77.0,3.3
2026-09-07 00:00:07,30.8,76.0,3.3
2026-09-07 00:00:37,30.8,76.1,3.3
2026-09-07 00:01:07,30.8,75.8,3.3
2026-09-07 00:01:37,30.8,75.9,3.3
2026-09-07 00:02:07,30.8,75.5,3.3
2026-09-07 00:02:37,30.8,75.6,3.3
2026-09-07 00:03:07,30.8,76.1,3.3
2026-09-07 00:03:37,30.8,76.1,3.3
2026-09-07 00:04:07,30.8,76.5,3.3
2026-09-07 00:04:37,30.8,76.3,3.3
2026-09-07 00:05:07,30.8,76.2,3.3
2026-09-07 00:05:37,30.8,76.8,3.3
2026-09-07 00:06:07,30.8,77.3,3.3
2026-09-07 00:06:37,30.8,76.8,3.3
2026-09-07 00:07:07,30.8,75.9,3.3
2026-09-07 00:07:37,30.8,75.6,3.3
2026-09-07 00:08:07,30.8,75.7,3.3
2026-09-07 00:08:37,30.8,76.2,3.3
2026-09-07 00:09:07,30.8,77.0,3.3
2026-09-07 00:09:37,30.7,76.6,3.3
2026-09-07 00:10:07,30.8,76.3,3.3
2026-09-07 00:10:37,30.8,76.4,3.3
2026-09-07 00:11:07,30.8,77.0,3.3
2026-09-07 00:11:37,30.8,76.3,3.3
2026-09-07 00:12:07,30.8,76.0,3.3
2026-09-07 00:12:37,30.8,76.4,3.3
2026-09-07 00:13:07,30.9,76.3,3.3
2026-09-07 00:13:37,30.8,75.8,3.3
2026-09-07 00:14:07,30.8,75.6,4.2
2026-09-07 00:14:37,30.8,75.8,3.3
2026-09-07 00:15:07,30.8,76.1,3.3
2026-09-07 00:15:37,30.7,76.3,3.3
2026-09-07 00:16:07,30.7,76.0,3.3
2026-09-07 00:16:37,30.7,76.2,3.3
2026-09-07 00:17:07,30.7,76.2,3.3
2026-09-07 00:17:37,30.7,75.3,3.3
2026-09-07 00:18:07,30.7,75.0,3.3
2026-09-07 00:18:37,30.6,75.8,3.3
2026-09-07 00:19:07,30.6,75.0,3.3
2026-09-07 00:19:37,30.5,76.0,3.3
2026-09-07 00:20:07,30.5,74.9,3.3
2026-09-07 00:20:37,30.5,76.0,3.3
2026-09-07 00:21:07,30.5,76.3,3.3
2026-09-07 00:21:37,30.5,76.2,3.3
2026-09-07 00:22:07,30.4,76.4,3.3
2026-09-07 00:22:37,30.4,77.2,3.3
2026-09-07 00:23:07,30.4,77.7,3.3
2026-09-07 00:23:37,30.4,77.5,3.3
2026-09-07 00:24:07,30.5,76.5,3.3
2026-09-07 00:24:37,30.5,76.7,3.3
2026-09-07 00:25:07,30.4,76.6,3.3
2026-09-07 00:25:37,30.4,76.8,3.3
2026-09-07 00:26:07,30.4,76.6,3.3
2026-09-07 00:26:37,30.4,77.1,3.3
2026-09-07 00:27:07,30.4,76.8,3.3
2026-09-07 00:27:37,30.4,78.1,3.3
2026-09-07 00:28:07,30.4,76.9,3.3
2026-09-07 00:28:37,30.4,74.9,3.3
2026-09-07 00:29:07,30.4,75.5,3.3
2026-09-07 00:29:37,30.4,76.5,3.3
2026-09-07 00:30:07,30.4,75.5,3.3
2026-09-07 00:30:37,30.4,76.1,3.3
2026-09-07 00:31:07,30.4,75.8,3.3
2026-09-07 00:31:37,30.4,76.0,3.3
2026-09-07 00:32:07,30.4,75.5,3.3
2026-09-07 00:32:37,30.4,76.1,3.3
2026-09-07 00:33:07,30.4,74.6,3.3
2026-09-07 00:33:37,30.3,75.1,3.3
2026-09-07 00:34:07,30.3,75.6,3.3
2026-09-07 00:34:37,30.3,76.6,3.3
2026-09-07 00:35:07,30.3,78.2,3.3
2026-09-07 00:35:37,30.4,76.8,3.3
2026-09-07 00:36:07,30.4,75.4,3.3
2026-09-07 00:36:37,30.4,75.9,3.3
2026-09-07 00:37:07,30.4,76.0,3.3
2026-09-07 00:37:37,30.4,76.0,3.3
2026-09-07 00:38:07,30.4,76.2,3.3
2026-09-07 00:38:37,30.3,76.1,3.3
2026-09-07 00:39:07,30.3,76.3,3.3
2026-09-07 00:39:37,30.3,76.5,3.3
2026-09-07 00:40:07,30.3,77.9,3.3
2026-09-07 00:40:37,30.3,78.0,3.3
2026-09-07 00:41:07,30.2,76.7,3.3
2026-09-07 00:41:37,30.3,78.2,3.3
2026-09-07 00:42:07,30.3,77.3,3.3
2026-09-07 00:42:37,30.3,76.8,3.3
2026-09-07 00:43:07,30.3,76.7,3.3
2026-09-07 00:43:37,30.3,76.9,3.3
2026-09-07 00:44:07,30.3,76.8,3.3
2026-09-07 00:44:37,30.2,76.9,3.3
2026-09-07 00:45:07,30.2,77.1,3.3
2026-09-07 00:45:37,30.2,76.9,3.3
2026-09-07 00:46:07,30.2,77.0,3.3
2026-09-07 00:46:37,30.2,77.2,3.3
2026-09-07 00:47:07,30.1,77.4,3.3
2026-09-07 00:47:37,30.1,77.2,3.3
2026-09-07 00:48:07,30.2,77.5,0.0
2026-09-07 00:48:37,30.2,77.3,0.0
2026-09-07 00:49:07,30.1,77.3,0.0
2026-09-07 00:49:37,30.1,77.7,0.0
2026-09-07 00:50:07,30.1,77.4,0.0
2026-09-07 00:50:37,30.2,78.3,0.0
2026-09-07 00:51:07,30.2,77.9,0.0
2026-09-07 00:51:37,30.2,77.0,0.0
2026-09-07 00:52:07,30.2,77.0,0.0
2026-09-07 00:52:37,30.2,76.8,0.0
2026-09-07 00:53:07,30.2,76.8,0.0
2026-09-07 00:53:37,30.2,76.8,0.0
2026-09-07 00:54:07,30.1,77.5,0.0
2026-09-07 00:54:37,30.2,77.2,0.0
2026-09-07 00:55:07,30.1,77.2,0.0
2026-09-07 00:55:37,30.1,77.2,0.0
2026-09-07 00:56:07,30.1,77.1,0.0
2026-09-07 00:56:37,30.1,77.2,0.0
2026-09-07 00:57:07,30.1,77.6,0.0
2026-09-07 00:57:37,30.1,77.4,0.0
2026-09-07 00:58:07,30.1,77.4,0.0
2026-09-07 00:58:37,30.0,77.4,0.0
2026-09-07 00:59:07,30.1,77.6,0.0
2026-09-07 00:59:37,30.0,78.4,0.0
2026-09-07 01:00:07,30.0,78.3,0.0
2026-09-07 01:00:37,30.1,77.5,0.0
2026-09-07 01:01:07,30.1,77.4,0.0
2026-09-07 01:01:37,30.1,77.3,0.0
2026-09-07 01:02:07,30.1,77.0,0.0
2026-09-07 01:02:37,30.1,76.9,0.0
2026-09-07 01:03:07,30.1,77.0,0.0
2026-09-07 01:03:37,30.1,77.0,0.0
2026-09-07 01:04:07,30.1,76.9,0.0
2026-09-07 01:04:37,30.1,77.0,0.0
2026-09-07 01:05:07,30.0,77.0,0.0
2026-09-07 01:05:37,30.0,77.3,0.0
2026-09-07 01:06:07,30.0,77.3,0.0
2026-09-07 01:06:37,30.0,77.4,0.0
2026-09-07 01:07:07,30.0,77.8,0.0
2026-09-07 01:07:37,30.0,77.4,0.0
2026-09-07 01:08:07,30.0,77.5,0.0
2026-09-07 01:08:37,30.0,77.4,0.0
2026-09-07 01:09:07,30.0,77.3,0.0
2026-09-07 01:09:37,30.0,78.9,0.0
2026-09-07 01:10:07,30.0,77.6,0.0
2026-09-07 01:10:37,30.0,77.3,0.0
2026-09-07 01:11:07,30.1,77.3,0.0
2026-09-07 01:11:37,30.1,77.5,0.0
2026-09-07 01:12:07,30.1,79.1,0.0
2026-09-07 01:12:37,30.1,78.5,0.0
2026-09-07 01:13:07,30.2,77.8,0.0
2026-09-07 01:13:37,30.2,77.1,0.0
2026-09-07 01:14:07,30.2,77.1,0.0
2026-09-07 01:14:37,30.3,76.5,0.0
2026-09-07 01:15:07,30.3,76.8,0.0
2026-09-07 01:15:37,30.3,76.5,0.0
2026-09-07 01:16:07,30.3,76.4,0.8
2026-09-07 01:16:37,30.3,76.8,0.0
2026-09-07 01:17:07,30.2,77.9,0.0
2026-09-07 01:17:37,30.3,77.1,0.0
2026-09-07 01:18:07,30.3,76.9,0.0
2026-09-07 01:18:37,30.3,77.0,0.0
2026-09-07 01:19:07,30.3,77.1,0.0
2026-09-07 01:19:37,30.3,77.0,0.0
2026-09-07 01:20:07,30.3,77.5,0.0
2026-09-07 01:20:37,30.3,77.6,0.0
2026-09-07 01:21:07,30.3,77.6,0.0
2026-09-07 01:21:37,30.4,76.7,0.0
2026-09-07 01:22:07,30.4,77.1,0.0
2026-09-07 01:22:37,30.4,76.8,0.0
2026-09-07 01:23:07,30.4,75.9,0.0
2026-09-07 01:23:37,30.4,75.7,0.0
2026-09-07 01:24:07,30.4,75.7,0.0
2026-09-07 01:24:37,30.4,75.8,0.0
2026-09-07 01:25:07,30.4,76.0,0.0
2026-09-07 01:25:37,30.4,76.1,0.0
2026-09-07 01:26:07,30.3,75.8,0.0
2026-09-07 01:26:37,30.3,76.0,0.0
2026-09-07 01:27:07,30.3,76.8,0.0
2026-09-07 01:27:37,30.3,76.3,0.0
2026-09-07 01:28:07,30.3,76.1,0.0
2026-09-07 01:28:37,30.3,75.7,0.0
2026-09-07 01:29:07,30.3,75.8,0.0
2026-09-07 01:29:37,30.3,75.7,0.0
2026-09-07 01:30:07,30.3,75.9,0.0
2026-09-07 01:30:37,30.3,76.0,0.0
2026-09-07 01:31:07,30.3,76.4,0.0
2026-09-07 01:31:37,30.3,76.4,0.0
2026-09-07 01:32:07,30.3,77.2,0.0
2026-09-07 01:32:37,30.3,76.7,0.0
2026-09-07 01:33:07,30.3,77.2,0.0
2026-09-07 01:33:37,30.4,77.6,0.0
2026-09-07 01:34:07,30.4,78.0,0.0
2026-09-07 01:34:37,30.4,76.5,0.0
2026-09-07 01:35:07,30.4,76.2,0.0
2026-09-07 01:35:37,30.4,76.3,0.0
2026-09-07 01:36:07,30.4,76.3,0.0
2026-09-07 01:36:37,30.4,76.3,0.0
2026-09-07 01:37:07,30.4,76.7,0.0
2026-09-07 01:37:37,30.4,76.0,0.0
2026-09-07 01:38:07,30.4,76.1,0.0
2026-09-07 01:38:37,30.4,76.4,0.0
2026-09-07 01:39:07,30.4,76.2,0.0
2026-09-07 01:39:37,30.4,75.9,0.0
2026-09-07 01:40:07,30.4,75.8,0.0
2026-09-07 01:40:37,30.4,76.6,0.0
2026-09-07 01:41:07,30.4,77.5,0.0
2026-09-07 01:41:37,30.5,77.2,0.0
2026-09-07 01:42:07,30.5,76.5,0.0
2026-09-07 01:42:37,30.5,76.5,0.0
2026-09-07 01:43:07,30.5,76.5,0.0
2026-09-07 01:43:37,30.5,77.0,0.0
2026-09-07 01:44:07,30.5,75.6,0.0
2026-09-07 01:44:37,30.5,75.8,0.0
2026-09-07 01:45:07,30.5,75.4,0.0
2026-09-07 01:45:37,30.5,75.4,0.0
2026-09-07 01:46:07,30.5,75.8,0.0
2026-09-07 01:46:37,30.5,75.1,0.0
2026-09-07 01:47:07,30.4,75.6,0.0
2026-09-07 01:47:37,30.4,76.4,0.0
2026-09-07 01:48:07,30.4,76.8,0.0
2026-09-07 01:48:37,30.4,76.6,0.0
2026-09-07 01:49:07,30.4,75.4,0.0
2026-09-07 01:49:37,30.4,75.1,0.0
2026-09-07 01:50:07,30.4,75.2,0.0
2026-09-07 01:50:37,30.4,75.2,0.0
2026-09-07 01:51:07,30.4,75.3,0.0
2026-09-07 01:51:37,30.4,75.9,0.0
2026-09-07 01:52:07,30.4,75.7,0.0
2026-09-07 01:52:37,30.3,75.4,0.0
2026-09-07 01:53:07,30.3,75.5,0.0
2026-09-07 01:53:37,30.3,76.2,0.0
2026-09-07 01:54:07,30.3,76.3,0.0
2026-09-07 01:54:37,30.3,75.8,0.0
2026-09-07 01:55:07,30.3,76.1,0.0
2026-09-07 01:55:37,30.3,75.9,0.0
2026-09-07 01:56:07,30.3,76.0,0.0
2026-09-07 01:56:37,30.3,76.4,0.0
2026-09-07 01:57:07,30.3,77.8,0.0
2026-09-07 01:57:37,30.3,77.1,0.0
2026-09-07 01:58:07,30.3,76.1,0.0
2026-09-07 01:58:37,30.4,76.9,0.0
2026-09-07 01:59:07,30.4,77.1,0.0
2026-09-07 01:59:37,30.4,75.8,0.0
2026-09-07 02:00:07,30.4,76.0,0.0
2026-09-07 02:00:37,30.4,77.2,0.0
2026-09-07 02:01:07,30.5,77.6,0.0
2026-09-07 02:01:37,30.5,76.2,0.0
2026-09-07 02:02:07,30.5,75.8,0.0
2026-09-07 02:02:37,30.5,75.4,0.0
2026-09-07 02:03:07,30.5,74.9,0.0
2026-09-07 02:03:37,30.5,75.0,0.0
2026-09-07 02:04:07,30.5,75.3,0.0
2026-09-07 02:04:37,30.4,75.3,0.0
2026-09-07 02:05:07,30.4,75.7,0.0
2026-09-07 02:05:37,30.4,75.4,0.0
2026-09-07 02:06:07,30.4,75.2,0.0
2026-09-07 02:06:37,30.4,75.2,0.0
2026-09-07 02:07:07,30.3,77.4,0.0
2026-09-07 02:07:37,30.3,77.4,0.0
2026-09-07 02:08:07,30.4,76.4,0.0
2026-09-07 02:08:37,30.4,75.9,0.0
2026-09-07 02:09:07,30.4,75.7,0.0
2026-09-07 02:09:37,30.4,76.1,0.0
2026-09-07 02:10:07,30.4,75.8,0.0
2026-09-07 02:10:37,30.4,75.4,0.0
2026-09-07 02:11:07,30.4,75.2,0.0
2026-09-07 02:11:37,30.4,75.8,0.0
2026-09-07 02:12:07,30.4,75.9,0.0
2026-09-07 02:12:37,30.3,75.5,0.0
2026-09-07 02:13:07,30.3,75.2,0.0
2026-09-07 02:13:37,30.3,75.2,0.0
2026-09-07 02:14:07,30.3,75.2,0.0
2026-09-07 02:14:37,30.2,75.4,0.0
2026-09-07 02:15:07,30.2,75.9,0.0
2026-09-07 02:15:37,30.2,75.4,0.0
2026-09-07 02:16:07,30.2,75.4,0.0
2026-09-07 02:16:37,30.2,75.3,0.0
2026-09-07 02:17:07,30.2,76.3,0.0
2026-09-07 02:17:37,30.2,75.9,0.0
2026-09-07 02:18:07,30.1,75.7,0.0
2026-09-07 02:18:37,30.1,75.9,0.0
2026-09-07 02:19:07,30.1,76.1,0.0
2026-09-07 02:19:37,30.1,76.2,0.0
2026-09-07 02:20:07,30.1,76.3,0.0
2026-09-07 02:20:37,30.1,76.4,0.0
2026-09-07 02:21:07,30.1,76.2,0.0
2026-09-07 02:21:37,30.1,76.8,0.0
2026-09-07 02:22:07,30.1,76.5,0.0
2026-09-07 02:22:37,30.1,76.2,0.0
2026-09-07 02:23:07,30.1,76.2,0.0
2026-09-07 02:23:37,30.1,76.2,0.0
2026-09-07 02:24:07,30.1,76.2,0.0
2026-09-07 02:24:37,30.1,76.3,0.0
2026-09-07 02:25:07,30.1,76.3,0.0
2026-09-07 02:25:37,30.1,76.3,0.0
2026-09-07 02:26:07,30.1,76.1,0.0
2026-09-07 02:26:37,30.1,75.9,0.0
2026-09-07 02:27:07,30.1,76.2,0.0
2026-09-07 02:27:37,30.1,76.2,0.0
2026-09-07 02:28:07,30.1,76.0,0.0
2026-09-07 02:28:37,30.1,76.2,0.0
2026-09-07 02:29:07,30.1,76.5,0.0
2026-09-07 02:29:37,30.1,76.5,0.0
2026-09-07 02:30:07,30.1,76.1,0.0
2026-09-07 02:30:37,30.1,76.6,0.0
2026-09-07 02:31:07,30.1,76.2,0.0
2026-09-07 02:31:37,30.1,76.1,0.0
2026-09-07 02:32:07,30.1,76.2,0.0
2026-09-07 02:32:37,30.1,76.1,0.0
2026-09-07 02:33:07,30.0,76.9,0.0
2026-09-07 02:33:37,30.0,76.7,0.0
2026-09-07 02:34:07,30.0,76.6,0.0
2026-09-07 02:34:37,30.1,76.1,0.0
2026-09-07 02:35:07,30.1,76.0,0.0
2026-09-07 02:35:37,30.0,75.9,0.0
2026-09-07 02:36:07,30.0,76.1,0.0
2026-09-07 02:36:37,30.0,76.0,0.0
2026-09-07 02:37:07,30.0,76.3,0.0
2026-09-07 02:37:37,30.0,76.3,0.0
2026-09-07 02:38:07,30.0,76.4,0.0
2026-09-07 02:38:37,30.0,76.6,0.0
2026-09-07 02:39:07,30.0,77.5,0.0
2026-09-07 02:39:37,29.9,77.0,0.0
2026-09-07 02:40:07,30.0,76.8,0.0
2026-09-07 02:40:37,30.0,76.8,0.0
2026-09-07 02:41:07,30.0,76.4,0.0
2026-09-07 02:41:37,30.0,76.3,0.0
2026-09-07 02:42:07,30.0,76.3,0.0
2026-09-07 02:42:37,30.0,76.4,0.0
2026-09-07 02:43:07,30.0,76.6,0.0
2026-09-07 02:43:37,30.0,77.1,0.0
2026-09-07 02:44:07,30.0,78.0,0.0
2026-09-07 02:44:37,30.0,78.4,0.0
2026-09-07 02:45:07,30.0,77.5,0.0
2026-09-07 02:45:37,30.0,77.4,0.0
2026-09-07 02:46:07,30.1,77.3,0.0
2026-09-07 02:46:37,30.1,76.8,0.0
2026-09-07 02:47:07,30.2,76.0,0.0
2026-09-07 02:47:37,30.2,75.9,0.0
2026-09-07 02:48:07,30.1,75.9,0.0
2026-09-07 02:48:37,30.1,76.1,0.0
2026-09-07 02:49:07,30.1,76.2,0.0
2026-09-07 02:49:37,30.0,76.0,0.0
2026-09-07 02:50:07,30.0,76.1,0.0
2026-09-07 02:50:37,30.0,76.5,0.0
2026-09-07 02:51:07,30.0,76.7,0.0
2026-09-07 02:51:37,30.0,77.1,0.0
2026-09-07 02:52:07,30.0,77.7,0.0
2026-09-07 02:52:37,30.0,77.8,0.0
2026-09-07 02:53:07,30.1,76.6,0.0
2026-09-07 02:53:37,30.1,76.5,0.0
2026-09-07 02:54:07,30.1,76.6,0.0
2026-09-07 02:54:37,30.1,76.5,0.0
2026-09-07 02:55:07,30.1,76.6,0.0
2026-09-07 02:55:37,30.1,76.6,0.0
2026-09-07 02:56:07,30.1,76.2,0.0
2026-09-07 02:56:37,30.1,76.1,0.0
2026-09-07 02:57:07,30.1,76.0,0.0
2026-09-07 02:57:37,30.0,76.1,0.0
2026-09-07 02:58:07,30.0,76.3,0.0
2026-09-07 02:58:37,30.0,76.3,0.0
2026-09-07 02:59:07,30.0,76.3,0.0
2026-09-07 02:59:37,30.0,76.3,0.0
2026-09-07 03:00:07,30.0,76.3,0.0
2026-09-07 03:00:37,30.0,76.4,0.0
2026-09-07 03:01:07,30.0,76.7,0.0
2026-09-07 03:01:37,29.9,77.2,0.0
2026-09-07 03:02:07,30.0,77.1,0.0
2026-09-07 03:02:37,30.0,77.4,0.0
2026-09-07 03:03:07,30.0,77.2,0.0
2026-09-07 03:03:37,30.0,76.8,0.0
2026-09-07 03:04:07,30.0,76.6,0.0
2026-09-07 03:04:37,30.0,76.7,0.0
2026-09-07 03:05:07,30.0,76.4,0.0
2026-09-07 03:05:37,30.0,76.5,0.0
2026-09-07 03:06:07,30.0,76.5,0.0
2026-09-07 03:06:37,30.0,76.4,0.0
2026-09-07 03:07:07,30.0,77.9,0.0
2026-09-07 03:07:37,30.0,76.8,0.0
2026-09-07 03:08:07,30.0,76.4,0.0
2026-09-07 03:08:37,30.0,76.3,0.0
2026-09-07 03:09:07,30.0,76.8,0.0
2026-09-07 03:09:37,29.9,76.5,0.0
2026-09-07 03:10:07,30.0,76.7,0.0
2026-09-07 03:10:37,29.9,76.8,0.0
2026-09-07 03:11:07,29.9,77.4,0.0
2026-09-07 03:11:37,29.9,76.9,0.0
2026-09-07 03:12:07,29.9,76.7,0.0
2026-09-07 03:12:37,29.9,76.9,0.0
2026-09-07 03:13:07,29.9,77.1,0.0
2026-09-07 03:13:37,29.9,76.8,0.0
2026-09-07 03:14:07,29.9,76.9,0.0
2026-09-07 03:14:37,29.9,77.0,0.0
2026-09-07 03:15:07,29.9,77.1,0.0
2026-09-07 03:15:37,29.9,77.1,0.0
2026-09-07 03:16:07,29.9,77.2,0.0
2026-09-07 03:16:37,29.9,77.1,0.0
2026-09-07 03:17:07,29.9,77.2,0.0
2026-09-07 03:17:37,29.9,77.1,0.0
2026-09-07 03:18:07,29.9,77.2,0.0
2026-09-07 03:18:37,29.9,77.2,0.0
2026-09-07 03:19:07,29.9,77.1,0.0
2026-09-07 03:19:37,29.8,77.2,0.0
2026-09-07 03:20:07,29.8,78.6,0.0
2026-09-07 03:20:37,29.8,77.8,0.0
2026-09-07 03:21:07,29.9,77.4,0.0
2026-09-07 03:21:37,29.9,77.8,0.0
2026-09-07 03:22:07,29.9,77.1,0.0
2026-09-07 03:22:37,29.9,76.8,0.0
2026-09-07 03:23:07,29.9,76.8,0.0
2026-09-07 03:23:37,29.9,76.7,0.0
2026-09-07 03:24:07,29.9,77.0,0.0
2026-09-07 03:24:37,29.9,77.2,0.0
2026-09-07 03:25:07,29.9,77.1,0.0
2026-09-07 03:25:37,29.9,76.9,0.0
2026-09-07 03:26:07,29.9,77.3,0.0
2026-09-07 03:26:37,29.9,77.3,0.0
2026-09-07 03:27:07,29.9,76.9,0.0
2026-09-07 03:27:37,29.9,77.0,0.0
2026-09-07 03:28:07,29.9,77.0,0.0
2026-09-07 03:28:37,29.9,77.1,0.0
2026-09-07 03:29:07,29.9,77.1,0.0
2026-09-07 03:29:37,29.8,77.1,0.0
2026-09-07 03:30:07,29.8,77.6,0.0
2026-09-07 03:30:37,29.8,77.3,0.0
2026-09-07 03:31:07,29.8,77.2,0.0
2026-09-07 03:31:37,29.8,77.1,0.0
2026-09-07 03:32:07,29.8,77.2,0.0
2026-09-07 03:32:37,29.8,77.3,0.0
2026-09-07 03:33:07,29.8,77.3,0.0
2026-09-07 03:33:37,29.8,77.4,0.0
2026-09-07 03:34:07,29.8,77.4,0.0
2026-09-07 03:34:37,29.8,77.5,0.0
2026-09-07 03:35:07,29.8,77.5,0.0
2026-09-07 03:35:37,29.8,77.7,0.0
2026-09-07 03:36:07,29.8,77.7,0.0
2026-09-07 03:36:37,29.8,77.4,0.0
2026-09-07 03:37:07,29.8,77.2,0.0
2026-09-07 03:37:37,29.8,77.3,0.0
2026-09-07 03:38:07,29.8,77.3,0.0
2026-09-07 03:38:37,29.7,77.5,0.0
2026-09-07 03:39:07,29.7,77.4,0.0
2026-09-07 03:39:37,29.7,78.5,0.0
2026-09-07 03:40:07,29.7,79.4,0.0
2026-09-07 03:40:37,29.8,78.1,0.0
2026-09-07 03:41:07,29.8,77.7,0.0
2026-09-07 03:41:37,29.8,77.3,0.0
2026-09-07 03:42:07,29.8,77.2,0.0
2026-09-07 03:42:37,29.8,77.3,0.0
2026-09-07 03:43:07,29.8,77.4,0.0
2026-09-07 03:43:37,29.8,77.4,0.0
2026-09-07 03:44:07,29.8,77.4,0.0
2026-09-07 03:44:37,29.8,77.5,0.0
2026-09-07 03:45:07,29.8,77.4,0.0
2026-09-07 03:45:37,29.8,77.5,0.0
2026-09-07 03:46:07,29.7,77.6,0.0
2026-09-07 03:46:37,29.7,77.7,0.0
2026-09-07 03:47:07,29.7,77.7,0.0
2026-09-07 03:47:37,29.7,77.7,0.0
2026-09-07 03:48:07,29.7,77.8,0.0
2026-09-07 03:48:37,29.7,77.9,0.0
2026-09-07 03:49:07,29.7,77.9,0.0
2026-09-07 03:49:37,29.7,78.0,0.0
2026-09-07 03:50:07,29.7,78.0,0.0
2026-09-07 03:50:37,29.7,78.1,0.0
2026-09-07 03:51:07,29.7,78.2,0.0
2026-09-07 03:51:37,29.7,78.0,0.0
2026-09-07 03:52:07,29.7,78.0,0.0
2026-09-07 03:52:37,29.7,78.1,0.0
2026-09-07 03:53:07,29.7,78.0,0.0
2026-09-07 03:53:37,29.7,78.2,0.0
2026-09-07 03:54:07,29.7,78.1,0.0
2026-09-07 03:54:37,29.7,77.9,0.0
2026-09-07 03:55:07,29.7,77.9,0.0
2026-09-07 03:55:37,29.7,77.8,0.0
2026-09-07 03:56:07,29.7,78.0,0.0
2026-09-07 03:56:37,29.7,78.0,0.0
2026-09-07 03:57:07,29.7,78.0,0.0
2026-09-07 03:57:37,29.7,78.2,0.0
2026-09-07 03:58:07,29.7,78.1,0.0
2026-09-07 03:58:37,29.7,78.1,0.0
2026-09-07 03:59:07,29.7,78.1,0.0
2026-09-07 03:59:37,29.7,78.1,0.0
2026-09-07 04:00:07,29.7,78.1,0.0
2026-09-07 04:00:37,29.7,78.2,0.0
2026-09-07 04:01:07,29.7,79.2,0.0
2026-09-07 04:01:37,29.7,78.5,0.0
2026-09-07 04:02:07,29.7,78.4,0.0
2026-09-07 04:02:37,29.7,78.2,0.0
2026-09-07 04:03:07,29.7,78.1,0.0
2026-09-07 04:03:37,29.8,78.1,0.0
2026-09-07 04:04:07,29.8,78.0,0.0
2026-09-07 04:04:37,29.7,78.0,0.0
2026-09-07 04:05:07,29.7,78.2,0.0
2026-09-07 04:05:37,29.7,78.0,0.0
2026-09-07 04:06:07,29.7,78.1,0.0
2026-09-07 04:06:37,29.7,78.2,0.0
2026-09-07 04:07:07,29.7,78.1,0.0
2026-09-07 04:07:37,29.7,78.3,0.0
2026-09-07 04:08:07,29.7,78.2,0.0
2026-09-07 04:08:37,29.7,78.2,0.0
2026-09-07 04:09:07,29.7,78.2,0.0
2026-09-07 04:09:37,29.7,78.8,0.0
2026-09-07 04:10:07,29.7,78.4,0.0
2026-09-07 04:10:37,29.7,78.6,0.0
2026-09-07 04:11:07,29.7,78.4,0.0
2026-09-07 04:11:37,29.7,78.3,0.0
2026-09-07 04:12:07,29.7,78.3,0.0
2026-09-07 04:12:37,29.7,78.2,0.0
2026-09-07 04:13:07,29.7,78.4,0.0
2026-09-07 04:13:37,29.7,78.5,0.0
2026-09-07 04:14:07,29.7,78.3,0.0
2026-09-07 04:14:37,29.7,78.3,0.0
2026-09-07 04:15:07,29.7,78.8,0.0
2026-09-07 04:15:37,29.7,79.4,0.0
2026-09-07 04:16:07,29.7,78.4,0.0
2026-09-07 04:16:37,29.7,78.5,0.0
2026-09-07 04:17:07,29.8,78.2,0.0
2026-09-07 04:17:37,29.8,78.2,0.0
2026-09-07 04:18:07,29.7,78.1,0.0
2026-09-07 04:18:37,29.8,78.3,0.0
2026-09-07 04:19:07,29.7,78.3,0.0
2026-09-07 04:19:37,29.7,78.2,0.0
2026-09-07 04:20:07,29.7,78.2,0.0
2026-09-07 04:20:37,29.7,78.2,0.0
2026-09-07 04:21:07,29.7,78.2,0.0
2026-09-07 04:21:37,29.7,78.2,0.0
2026-09-07 04:22:07,29.7,78.2,0.0
2026-09-07 04:22:37,29.6,78.5,0.0
2026-09-07 04:23:07,29.6,78.4,0.0
2026-09-07 04:23:37,29.6,78.5,0.0
2026-09-07 04:24:07,29.6,78.5,0.0
2026-09-07 04:24:37,29.6,78.6,0.0
2026-09-07 04:25:07,29.6,78.6,0.0
2026-09-07 04:25:37,29.6,78.6,0.0
2026-09-07 04:26:07,29.6,78.5,0.0
2026-09-07 04:26:37,29.6,78.6,0.0
2026-09-07 04:27:07,29.6,78.6,0.0
2026-09-07 04:27:37,29.6,78.6,0.0
2026-09-07 04:28:07,29.6,79.5,0.0
2026-09-07 04:28:37,29.6,79.6,0.0
2026-09-07 04:29:07,29.6,78.7,0.0
2026-09-07 04:29:37,29.7,78.3,0.0
2026-09-07 04:30:07,29.7,78.2,0.0
2026-09-07 04:30:37,29.7,78.2,0.0
2026-09-07 04:31:07,29.7,78.3,0.0
2026-09-07 04:31:37,29.7,78.3,0.0
2026-09-07 04:32:07,29.7,78.1,0.0
2026-09-07 04:32:37,29.7,78.1,0.0
2026-09-07 04:33:07,29.7,78.2,0.0
2026-09-07 04:33:37,29.7,78.2,0.0
2026-09-07 04:34:07,29.7,78.1,0.0
2026-09-07 04:34:37,29.7,78.2,0.0
2026-09-07 04:35:07,29.7,78.1,0.0
2026-09-07 04:35:37,29.7,78.2,0.0
2026-09-07 04:36:07,29.7,78.2,0.0
2026-09-07 04:36:37,29.7,78.1,0.0
2026-09-07 04:37:07,29.7,78.1,0.0
2026-09-07 04:37:37,29.6,78.2,0.0
2026-09-07 04:38:07,29.6,78.1,0.0
2026-09-07 04:38:37,29.6,78.5,0.0
2026-09-07 04:39:07,29.6,78.3,0.0
2026-09-07 04:39:37,29.6,78.2,0.0
2026-09-07 04:40:07,29.6,78.3,0.0
2026-09-07 04:40:37,29.6,78.2,0.0
2026-09-07 04:41:07,29.6,78.4,0.0
2026-09-07 04:41:37,29.6,78.9,0.0
2026-09-07 04:42:07,29.6,78.5,0.0
2026-09-07 04:42:37,29.6,78.3,0.0
2026-09-07 04:43:07,29.7,78.2,0.0
2026-09-07 04:43:37,29.7,78.3,0.0
2026-09-07 04:44:07,29.7,78.2,0.0
2026-09-07 04:44:37,29.7,78.1,0.0
2026-09-07 04:45:07,29.7,78.1,0.0
2026-09-07 04:45:37,29.7,78.2,0.0
2026-09-07 04:46:07,29.6,78.2,0.0
2026-09-07 04:46:37,29.6,78.2,0.0
2026-09-07 04:47:07,29.6,78.3,0.0
2026-09-07 04:47:37,29.6,78.3,0.0
2026-09-07 04:48:07,29.6,78.3,0.0
2026-09-07 04:48:37,29.6,78.6,0.0
2026-09-07 04:49:07,29.6,78.6,0.0
2026-09-07 04:49:37,29.7,78.4,0.0
2026-09-07 04:50:07,29.7,78.3,0.0
2026-09-07 04:50:37,29.7,78.2,0.0
2026-09-07 04:51:07,29.7,78.3,0.0
2026-09-07 04:51:37,29.7,78.3,0.0
2026-09-07 04:52:07,29.6,78.2,0.0
2026-09-07 04:52:37,29.6,78.4,0.0
2026-09-07 04:53:07,29.6,78.3,0.0
2026-09-07 04:53:37,29.6,78.3,0.0
2026-09-07 04:54:07,29.6,78.8,0.0
2026-09-07 04:54:37,29.6,78.8,0.0
2026-09-07 04:55:07,29.6,79.2,0.0
2026-09-07 04:55:37,29.6,79.4,0.0
2026-09-07 04:56:07,29.7,78.6,0.0
2026-09-07 04:56:37,29.7,79.1,0.0
2026-09-07 04:57:07,29.8,78.7,0.0
2026-09-07 04:57:37,29.8,78.0,0.0
2026-09-07 04:58:07,29.8,78.1,0.0
2026-09-07 04:58:37,29.8,77.6,0.0
2026-09-07 04:59:07,29.8,77.7,0.0
2026-09-07 04:59:37,29.8,77.9,0.0
2026-09-07 05:00:07,29.8,77.9,0.0
2026-09-07 05:00:37,29.8,78.0,0.0
2026-09-07 05:01:07,29.8,78.5,0.0
2026-09-07 05:01:37,29.8,78.4,0.0
2026-09-07 05:02:07,29.8,77.9,0.0
2026-09-07 05:02:37,29.8,77.9,0.0
2026-09-07 05:03:07,29.8,77.9,0.0
2026-09-07 05:03:37,29.8,77.7,0.0
2026-09-07 05:04:07,29.8,77.6,0.0
2026-09-07 05:04:37,29.8,77.8,0.0
2026-09-07 05:05:07,29.7,78.1,0.0
2026-09-07 05:05:37,29.7,78.1,0.0
2026-09-07 05:06:07,29.7,78.2,0.0
2026-09-07 05:06:37,29.7,78.2,0.0
2026-09-07 05:07:07,29.7,78.8,0.0
2026-09-07 05:07:37,29.7,78.4,0.0
2026-09-07 05:08:07,29.7,78.1,0.0
2026-09-07 05:08:37,29.7,78.1,0.0
2026-09-07 05:09:07,29.7,78.1,0.0
2026-09-07 05:09:37,29.7,78.4,0.0
2026-09-07 05:10:07,29.7,78.2,0.0
2026-09-07 05:10:37,29.7,78.3,0.0
2026-09-07 05:11:07,29.6,78.3,0.0
2026-09-07 05:11:37,29.6,78.3,0.0
2026-09-07 05:12:07,29.6,78.3,0.0
2026-09-07 05:12:37,29.6,78.3,0.0
2026-09-07 05:13:07,29.6,78.3,0.0
2026-09-07 05:13:37,29.6,78.3,0.0
2026-09-07 05:14:07,29.6,78.4,0.0
2026-09-07 05:14:37,29.6,78.3,0.0
2026-09-07 05:15:07,29.6,78.3,0.0
2026-09-07 05:15:37,29.6,78.4,0.0
2026-09-07 05:16:07,29.6,78.7,0.0
2026-09-07 05:16:37,29.6,78.5,0.0
2026-09-07 05:17:07,29.6,78.2,0.0
2026-09-07 05:17:37,29.6,78.3,0.0
2026-09-07 05:18:07,29.6,78.5,0.0
2026-09-07 05:18:37,29.6,78.5,0.0
2026-09-07 05:19:07,29.6,78.4,0.0
2026-09-07 05:19:37,29.6,78.3,0.0
2026-09-07 05:20:07,29.6,78.3,0.0
2026-09-07 05:20:37,29.6,78.2,0.0
2026-09-07 05:21:07,29.6,78.3,0.0
2026-09-07 05:21:37,29.6,78.3,0.0
2026-09-07 05:22:07,29.6,78.3,0.0
2026-09-07 05:22:37,29.6,78.2,0.0
2026-09-07 05:23:07,29.6,78.3,0.0
2026-09-07 05:23:37,29.6,78.5,0.0
2026-09-07 05:24:07,29.6,78.5,0.0
2026-09-07 05:24:37,29.6,78.4,0.0
2026-09-07 05:25:07,29.6,78.4,0.0
2026-09-07 05:25:37,29.6,78.1,0.0
2026-09-07 05:26:07,29.6,78.1,0.0
2026-09-07 05:26:37,29.6,78.2,0.0
2026-09-07 05:27:07,29.6,78.3,0.0
2026-09-07 05:27:37,29.5,78.3,0.0
2026-09-07 05:28:07,29.5,78.4,0.0
2026-09-07 05:28:37,29.5,78.5,0.0
2026-09-07 05:29:07,29.5,78.7,0.0
2026-09-07 05:29:37,29.5,78.6,0.0
2026-09-07 05:30:07,29.5,78.8,0.0
2026-09-07 05:30:37,29.5,78.7,0.0
2026-09-07 05:31:07,29.5,78.7,0.0
2026-09-07 05:31:37,29.5,78.8,0.0
2026-09-07 05:32:07,29.5,79.2,0.0
2026-09-07 05:32:37,29.5,78.9,0.0
2026-09-07 05:33:07,29.6,78.6,0.0
2026-09-07 05:33:37,29.6,78.5,0.0
2026-09-07 05:34:07,29.6,78.6,0.0
2026-09-07 05:34:37,29.6,78.4,0.0
2026-09-07 05:35:07,29.6,78.5,0.0
2026-09-07 05:35:37,29.6,78.7,0.0
2026-09-07 05:36:07,29.6,78.6,0.0
2026-09-07 05:36:37,29.6,78.6,0.8
2026-09-07 05:37:07,29.6,78.6,0.8
2026-09-07 05:37:37,29.6,78.6,0.8
2026-09-07 05:38:07,29.5,78.8,0.8
2026-09-07 05:38:37,29.5,79.1,0.8
2026-09-07 05:39:07,29.6,78.9,0.8
2026-09-07 05:39:37,29.6,78.8,0.8
2026-09-07 05:40:07,29.6,78.8,0.8
2026-09-07 05:40:37,29.6,78.6,0.8
2026-09-07 05:41:07,29.6,78.3,0.8
2026-09-07 05:41:37,29.6,78.3,0.8
2026-09-07 05:42:07,29.6,78.8,0.8
2026-09-07 05:42:37,29.6,78.3,0.8
2026-09-07 05:43:07,29.6,78.2,1.7
2026-09-07 05:43:37,29.6,78.4,1.7
2026-09-07 05:44:07,29.6,78.4,1.7
2026-09-07 05:44:37,29.6,78.7,1.7
2026-09-07 05:45:07,29.5,78.7,1.7
2026-09-07 05:45:37,29.6,78.6,1.7
2026-09-07 05:46:07,29.5,78.6,1.7
2026-09-07 05:46:37,29.5,78.7,1.7
2026-09-07 05:47:07,29.5,78.7,2.5
2026-09-07 05:47:37,29.5,78.8,2.5
2026-09-07 05:48:07,29.5,78.9,2.5
2026-09-07 05:48:37,29.5,78.9,2.5
2026-09-07 05:49:07,29.5,78.8,3.3
2026-09-07 05:49:37,29.5,78.7,2.5
2026-09-07 05:50:07,29.5,78.7,2.5
2026-09-07 05:50:37,29.5,78.7,2.5
2026-09-07 05:51:07,29.5,78.6,2.5
2026-09-07 05:51:37,29.5,78.6,2.5
2026-09-07 05:52:07,29.5,78.7,2.5
2026-09-07 05:52:37,29.5,78.8,3.3
2026-09-07 05:53:07,29.5,78.9,3.3
2026-09-07 05:53:37,29.5,79.0,3.3
2026-09-07 05:54:07,29.5,78.7,3.3
2026-09-07 05:54:37,29.5,78.7,3.3
2026-09-07 05:55:07,29.5,78.7,3.3
2026-09-07 05:55:37,29.5,79.0,3.3
2026-09-07 05:56:07,29.5,78.9,4.2
2026-09-07 05:56:37,29.5,78.8,4.2
2026-09-07 05:57:07,29.5,78.8,4.2
2026-09-07 05:57:37,29.5,78.7,4.2
2026-09-07 05:58:07,29.5,79.0,5.0
2026-09-07 05:58:37,29.5,79.2,5.0
2026-09-07 05:59:07,29.5,79.2,5.0
2026-09-07 05:59:37,29.5,79.3,5.8
2026-09-07 06:00:07,29.5,79.2,5.8
2026-09-07 06:00:37,29.5,79.0,5.8
2026-09-07 06:01:07,29.5,78.9,6.7
2026-09-07 06:01:37,29.5,78.8,6.7
2026-09-07 06:02:07,29.5,78.8,6.7
2026-09-07 06:02:37,29.5,78.7,6.7
2026-09-07 06:03:07,29.5,78.8,7.5
2026-09-07 06:03:37,29.5,78.8,7.5
2026-09-07 06:04:07,29.5,78.9,7.5
2026-09-07 06:04:37,29.5,79.0,7.5
2026-09-07 06:05:07,29.5,79.1,7.5
2026-09-07 06:05:37,29.5,79.1,7.5
2026-09-07 06:06:07,29.5,78.9,7.5
2026-09-07 06:06:37,29.5,78.7,7.5
2026-09-07 06:07:07,29.5,78.5,8.3
2026-09-07 06:07:37,29.5,78.5,8.3
2026-09-07 06:08:07,29.5,78.6,8.3
2026-09-07 06:08:37,29.5,78.6,8.3
2026-09-07 06:09:07,29.5,78.8,8.3
2026-09-07 06:09:37,29.5,78.8,8.3
2026-09-07 06:10:07,29.5,78.8,8.3
2026-09-07 06:10:37,29.5,78.8,8.3
2026-09-07 06:11:07,29.5,78.9,9.2
2026-09-07 06:11:37,29.5,78.8,9.2
2026-09-07 06:12:07,29.5,78.8,9.2
2026-09-07 06:12:37,29.5,78.8,9.2
2026-09-07 06:13:07,29.5,78.8,9.2
2026-09-07 06:13:37,29.5,78.9,10.0
2026-09-07 06:14:07,29.4,78.9,10.0
2026-09-07 06:14:37,29.5,79.0,10.8
2026-09-07 06:15:07,29.5,79.1,10.8
2026-09-07 06:15:37,29.5,78.9,11.7
2026-09-07 06:16:07,29.5,79.3,11.7
2026-09-07 06:16:37,29.5,79.1,12.5
2026-09-07 06:17:07,29.5,80.0,12.5
2026-09-07 06:17:37,29.5,79.8,13.3
2026-09-07 06:18:07,29.5,79.2,13.3
2026-09-07 06:18:37,29.5,79.6,13.3
2026-09-07 06:19:07,29.6,79.2,13.3
2026-09-07 06:19:37,29.6,78.8,14.2
2026-09-07 06:20:07,29.6,78.7,14.2
2026-09-07 06:20:37,29.6,78.5,14.2
2026-09-07 06:21:07,29.6,78.7,14.2
2026-09-07 06:21:37,29.6,78.7,15.0
2026-09-07 06:22:07,29.6,78.7,15.0
2026-09-07 06:22:37,29.6,78.8,15.0
2026-09-07 06:23:07,29.5,78.8,15.8
2026-09-07 06:23:37,29.5,78.7,16.7
2026-09-07 06:24:07,29.5,78.7,17.5
2026-09-07 06:24:37,29.5,79.0,17.5
2026-09-07 06:25:07,29.5,79.1,18.3
2026-09-07 06:25:37,29.5,79.2,19.2
2026-09-07 06:26:07,29.5,79.1,19.2
2026-09-07 06:26:37,29.5,79.0,20.0
2026-09-07 06:27:07,29.4,79.2,20.8
2026-09-07 06:27:37,29.4,79.2,20.8
2026-09-07 06:28:07,29.5,79.2,21.7
2026-09-07 06:28:37,29.4,79.3,21.7
2026-09-07 06:29:07,29.4,79.3,22.5
2026-09-07 06:29:37,29.4,79.4,22.5
2026-09-07 06:30:07,29.4,79.5,23.3
2026-09-07 06:30:37,29.4,79.4,23.3
2026-09-07 06:31:07,29.4,79.5,24.2
2026-09-07 06:31:37,29.4,79.4,25.0
2026-09-07 06:32:07,29.4,79.3,25.0
2026-09-07 06:32:37,29.4,79.4,25.8
2026-09-07 06:33:07,29.4,79.4,25.8
2026-09-07 06:33:37,29.4,79.6,26.7
2026-09-07 06:34:07,29.4,79.9,27.5
2026-09-07 06:34:37,29.5,79.6,27.5
2026-09-07 06:35:07,29.5,79.3,28.3
2026-09-07 06:35:37,29.5,79.3,29.2
2026-09-07 06:36:07,29.5,79.3,30.0
2026-09-07 06:36:37,29.5,79.4,30.8
2026-09-07 06:37:07,29.5,80.1,30.8
2026-09-07 06:37:37,29.5,80.0,31.7
2026-09-07 06:38:07,29.5,80.0,32.5
2026-09-07 06:38:37,29.6,79.6,33.3
2026-09-07 06:39:07,29.6,79.7,34.2
2026-09-07 06:39:37,29.6,79.9,35.0
2026-09-07 06:40:07,29.6,79.7,35.0
2026-09-07 06:40:37,29.7,79.1,43.3
2026-09-07 06:41:07,29.7,79.8,43.3
2026-09-07 06:41:37,29.7,79.7,43.3
2026-09-07 06:42:07,29.7,79.5,43.3
2026-09-07 06:42:37,29.7,78.9,42.5
2026-09-07 06:43:07,29.7,79.1,42.5
2026-09-07 06:43:37,29.7,79.5,41.7
2026-09-07 06:44:07,29.7,79.3,41.7
2026-09-07 06:44:37,29.7,79.7,40.8
2026-09-07 06:45:07,29.7,79.1,40.0
2026-09-07 06:45:37,29.7,78.7,39.2
2026-09-07 06:46:07,29.7,78.7,39.2
2026-09-07 06:46:37,29.7,78.9,38.3
2026-09-07 06:47:07,29.7,79.2,38.3
2026-09-07 06:47:37,29.7,79.2,38.3
2026-09-07 06:48:07,29.7,79.4,38.3
2026-09-07 06:48:37,29.7,79.8,38.3
2026-09-07 06:49:07,29.8,79.4,38.3
2026-09-07 06:49:37,29.8,78.7,39.2
2026-09-07 06:50:07,29.9,78.5,39.2
2026-09-07 06:50:37,29.9,78.7,39.2
2026-09-07 06:51:07,29.8,78.9,39.2
2026-09-07 06:51:37,29.8,78.9,39.2
2026-09-07 06:52:07,29.8,79.0,40.0
2026-09-07 06:52:37,29.8,79.2,40.8
2026-09-07 06:53:07,29.8,79.6,41.7
2026-09-07 06:53:37,29.8,80.1,42.5
2026-09-07 06:54:07,29.8,80.7,42.5
2026-09-07 06:54:37,29.8,80.5,42.5
2026-09-07 06:55:07,29.8,80.5,42.5
2026-09-07 06:55:37,29.9,80.5,42.5
2026-09-07 06:56:07,29.9,79.4,42.5
2026-09-07 06:56:37,29.9,79.0,42.5
2026-09-07 06:57:07,29.9,79.6,42.5
2026-09-07 06:57:37,29.9,79.6,43.3
2026-09-07 06:58:07,29.9,79.3,44.2
2026-09-07 06:58:37,29.9,79.3,45.0
2026-09-07 06:59:07,29.9,79.9,45.8
2026-09-07 06:59:37,29.9,79.4,46.7
2026-09-07 07:00:07,29.9,79.5,47.5
2026-09-07 07:00:37,29.9,80.0,47.5
2026-09-07 07:01:07,29.9,80.0,47.5
2026-09-07 07:01:37,29.9,80.7,47.5
2026-09-07 07:02:07,29.9,80.0,48.3
2026-09-07 07:02:37,29.9,79.8,48.3
2026-09-07 07:03:07,29.9,79.6,48.3
2026-09-07 07:03:37,29.9,79.0,49.2
2026-09-07 07:04:07,30.0,78.7,50.0
2026-09-07 07:04:37,29.9,78.9,50.0
2026-09-07 07:05:07,29.9,78.7,50.8
2026-09-07 07:05:37,29.9,78.8,50.8
2026-09-07 07:06:07,29.9,78.8,50.8
2026-09-07 07:06:37,29.8,78.9,50.0
2026-09-07 07:07:07,29.8,78.9,50.0
2026-09-07 07:07:37,29.8,79.8,42.5
2026-09-07 07:08:07,29.8,79.1,42.5
2026-09-07 07:08:37,29.8,79.2,42.5
2026-09-07 07:09:07,29.7,79.2,42.5
2026-09-07 07:09:37,29.8,79.2,43.3
2026-09-07 07:10:07,29.8,79.2,45.0
2026-09-07 07:10:37,29.7,79.3,45.8
2026-09-07 07:11:07,29.7,79.7,45.8
2026-09-07 07:11:37,29.7,79.6,45.8
2026-09-07 07:12:07,29.7,79.5,45.8
2026-09-07 07:12:37,29.7,79.7,46.7
2026-09-07 07:13:07,29.7,79.8,47.5
2026-09-07 07:13:37,29.7,79.6,49.2
2026-09-07 07:14:07,29.7,79.6,51.7
2026-09-07 07:14:37,29.7,79.8,55.8
2026-09-07 07:15:07,29.7,79.9,57.5
2026-09-07 07:15:37,29.7,80.1,57.5
2026-09-07 07:16:07,29.7,79.8,56.7
2026-09-07 07:16:37,29.7,79.7,55.8
2026-09-07 07:17:07,29.7,80.0,52.5
2026-09-07 07:17:37,29.7,80.2,52.5
2026-09-07 07:18:07,29.8,80.1,52.5
2026-09-07 07:18:37,29.8,80.0,52.5
2026-09-07 07:19:07,29.9,79.8,51.7
2026-09-07 07:19:37,29.9,79.7,50.0
2026-09-07 07:20:07,29.9,79.9,49.2
2026-09-07 07:20:37,29.9,79.9,49.2
2026-09-07 07:21:07,30.0,79.4,49.2
2026-09-07 07:21:37,30.0,79.1,50.0
2026-09-07 07:22:07,30.0,79.0,52.5
2026-09-07 07:22:37,30.0,79.2,55.8
2026-09-07 07:23:07,30.0,79.6,58.3
2026-09-07 07:23:37,30.0,79.7,60.0
2026-09-07 07:24:07,30.0,79.4,61.7
2026-09-07 07:24:37,30.0,79.1,62.5
2026-09-07 07:25:07,30.0,79.0,63.3
2026-09-07 07:25:37,30.0,79.1,64.2
2026-09-07 07:26:07,30.0,79.3,65.0
2026-09-07 07:26:37,30.0,79.5,65.0
2026-09-07 07:27:07,30.1,79.3,66.7
2026-09-07 07:27:37,30.1,79.7,65.8
2026-09-07 07:28:07,30.1,79.7,67.5
2026-09-07 07:28:37,30.2,79.3,69.2
2026-09-07 07:29:07,30.2,79.1,70.8
2026-09-07 07:29:37,30.2,79.2,72.5
2026-09-07 07:30:07,30.2,79.1,73.3
2026-09-07 07:30:37,30.2,79.0,74.2
2026-09-07 07:31:07,30.2,78.8,74.2
2026-09-07 07:31:37,30.2,79.3,73.3
2026-09-07 07:32:07,30.1,79.0,73.3
2026-09-07 07:32:37,30.1,79.2,75.0
2026-09-07 07:33:07,30.1,79.7,75.8
2026-09-07 07:33:37,30.1,80.0,75.8
2026-09-07 07:34:07,30.2,80.4,75.8
2026-09-07 07:34:37,30.2,80.1,75.8
2026-09-07 07:35:07,30.2,79.4,75.0
2026-09-07 07:35:37,30.3,79.5,75.0
2026-09-07 07:36:07,30.3,79.6,75.0
2026-09-07 07:36:37,30.4,79.5,74.2
2026-09-07 07:37:07,30.4,79.4,74.2
2026-09-07 07:37:37,30.4,79.0,76.7
2026-09-07 07:38:07,30.4,78.9,76.7
2026-09-07 07:38:37,30.5,78.1,76.7
2026-09-07 07:39:07,30.5,78.3,75.8
2026-09-07 07:39:37,30.5,78.6,76.7
2026-09-07 07:40:07,30.5,79.1,75.8
2026-09-07 07:40:37,30.5,79.4,76.7
2026-09-07 07:41:07,30.5,78.8,80.0
2026-09-07 07:41:37,30.5,78.3,85.0
2026-09-07 07:42:07,30.5,78.8,89.2
2026-09-07 07:42:37,30.5,78.4,92.5
2026-09-07 07:43:07,30.6,78.9,96.7
2026-09-07 07:43:37,30.6,77.6,99.2
2026-09-07 07:44:07,30.6,76.8,101.7
2026-09-07 07:44:37,30.6,77.5,103.3
2026-09-07 07:45:07,30.6,77.0,100.0
2026-09-07 07:45:37,30.6,78.3,100.0
2026-09-07 07:46:07,30.6,78.3,101.7
2026-09-07 07:46:37,30.6,78.7,103.3
2026-09-07 07:47:07,30.6,78.2,105.0
2026-09-07 07:47:37,30.6,78.3,105.8
2026-09-07 07:48:07,30.6,78.2,105.0
2026-09-07 07:48:37,30.7,77.5,108.3
2026-09-07 07:49:07,30.7,78.1,110.0
2026-09-07 07:49:37,30.7,76.7,105.8
2026-09-07 07:50:07,30.7,76.6,105.0
2026-09-07 07:50:37,30.7,75.4,105.0
2026-09-07 07:51:07,30.7,74.9,103.3
2026-09-07 07:51:37,30.7,75.3,100.0
2026-09-07 07:52:07,30.7,74.9,100.0
2026-09-07 07:52:37,30.6,75.0,94.2
2026-09-07 07:53:07,30.6,74.9,90.0
2026-09-07 07:53:37,30.6,74.9,87.5
2026-09-07 07:54:07,30.6,75.0,85.0
2026-09-07 07:54:37,30.6,76.1,81.7
2026-09-07 07:55:07,30.6,75.9,79.2
2026-09-07 07:55:37,30.5,75.7,76.7
2026-09-07 07:56:07,30.5,76.4,75.8
2026-09-07 07:56:37,30.6,75.7,75.8
2026-09-07 07:57:07,30.6,76.0,76.7
2026-09-07 07:57:37,30.6,75.8,79.2
2026-09-07 07:58:07,30.6,75.8,83.3
2026-09-07 07:58:37,30.6,75.3,86.7
2026-09-07 07:59:07,30.6,76.3,89.2
2026-09-07 07:59:37,30.5,75.1,90.8
2026-09-07 08:00:07,30.6,74.8,89.2
2026-09-07 08:00:37,30.5,74.6,85.8
2026-09-07 08:01:07,30.5,74.8,85.0
2026-09-07 08:01:37,30.6,75.0,83.3
2026-09-07 08:02:07,30.5,76.3,83.3
2026-09-07 08:02:37,30.5,76.3,84.2
2026-09-07 08:03:07,30.5,75.6,85.8
2026-09-07 08:03:37,30.6,74.4,89.2
2026-09-07 08:04:07,30.6,75.9,92.5
2026-09-07 08:04:37,30.5,75.4,97.5
2026-09-07 08:05:07,30.5,75.6,101.7
2026-09-07 08:05:37,30.5,75.3,100.8
2026-09-07 08:06:07,30.5,74.6,103.3
2026-09-07 08:06:37,30.5,74.6,105.8
2026-09-07 08:07:07,30.5,74.6,111.7
2026-09-07 08:07:37,30.5,74.6,114.2
2026-09-07 08:08:07,30.4,75.3,117.5
2026-09-07 08:08:37,30.5,74.7,127.5
2026-09-07 08:09:07,30.4,74.5,129.2
2026-09-07 08:09:37,30.4,74.8,120.8
2026-09-07 08:10:07,30.5,75.0,115.8
2026-09-07 08:10:37,30.4,75.7,114.2
2026-09-07 08:11:07,30.5,75.7,117.5
2026-09-07 08:11:37,30.4,75.7,122.5
2026-09-07 08:12:07,30.5,75.4,126.7
2026-09-07 08:12:37,30.5,76.5,129.2
2026-09-07 08:13:07,30.5,76.2,130.0
2026-09-07 08:13:37,30.5,75.5,130.0
2026-09-07 08:14:07,30.5,74.8,125.0
2026-09-07 08:14:37,30.5,75.4,120.0
2026-09-07 08:15:07,30.5,75.4,116.7
2026-09-07 08:15:37,30.5,75.2,115.8
2026-09-07 08:16:07,30.5,75.0,115.0
2026-09-07 08:16:37,30.5,74.7,115.0
2026-09-07 08:17:07,30.4,75.5,118.3
2026-09-07 08:17:37,30.5,75.1,123.3
2026-09-07 08:18:07,30.5,75.0,126.7
2026-09-07 08:18:37,30.5,75.3,127.5
2026-09-07 08:19:07,30.5,74.8,125.8
2026-09-07 08:19:37,30.5,74.8,125.0
2026-09-07 08:20:07,30.5,75.2,125.0
2026-09-07 08:20:37,30.5,75.0,125.0
2026-09-07 08:21:07,30.4,76.3,125.8
2026-09-07 08:21:37,30.5,75.4,126.7
2026-09-07 08:22:07,30.5,75.3,127.5
2026-09-07 08:22:37,30.5,75.0,129.2
2026-09-07 08:23:07,30.5,75.3,131.7
2026-09-07 08:23:37,30.5,74.7,135.0
2026-09-07 08:24:07,30.5,75.5,138.3
2026-09-07 08:24:37,30.5,76.0,140.0
2026-09-07 08:25:07,30.6,74.9,139.2
2026-09-07 08:25:37,30.6,73.6,142.5
2026-09-07 08:26:07,30.6,73.9,146.7
2026-09-07 08:26:37,30.6,73.6,150.0
2026-09-07 08:27:07,30.6,73.6,153.3
2026-09-07 08:27:37,30.6,74.8,154.2
2026-09-07 08:28:07,30.6,76.1,157.5
2026-09-07 08:28:37,30.6,74.4,163.3
2026-09-07 08:29:07,30.6,75.9,165.8
2026-09-07 08:29:37,30.7,75.3,175.0
2026-09-07 08:30:07,30.7,73.5,180.8
2026-09-07 08:30:37,30.8,73.1,190.8
2026-09-07 08:31:07,30.8,73.0,204.2
2026-09-07 08:31:37,30.8,72.6,220.0
2026-09-07 08:32:07,30.8,73.1,230.8
2026-09-07 08:32:37,30.8,74.0,241.7
2026-09-07 08:33:07,30.8,74.1,259.2
2026-09-07 08:33:37,30.8,72.6,265.0
2026-09-07 08:34:07,30.8,72.6,272.5
2026-09-07 08:34:37,30.8,72.5,282.5
2026-09-07 08:35:07,30.8,72.5,285.8
2026-09-07 08:35:37,30.8,74.3,300.8
2026-09-07 08:36:07,30.8,73.8,311.7
2026-09-07 08:36:37,30.8,73.0,310.8
2026-09-07 08:37:07,30.8,73.4,303.3
2026-09-07 08:37:37,30.8,73.9,295.0
2026-09-07 08:38:07,30.9,72.5,303.3
2026-09-07 08:38:37,30.8,72.3,311.7
2026-09-07 08:39:07,30.8,72.2,316.7
2026-09-07 08:39:37,30.9,72.2,320.8
2026-09-07 08:40:07,30.9,72.3,332.5
2026-09-07 08:40:37,30.9,72.8,338.3
2026-09-07 08:41:07,30.9,73.0,340.0
2026-09-07 08:41:37,30.9,73.5,335.8
2026-09-07 08:42:07,30.9,73.7,341.7
2026-09-07 08:42:37,30.9,73.7,345.0
2026-09-07 08:43:07,30.9,72.6,350.0
2026-09-07 08:43:37,30.9,72.7,356.7
2026-09-07 08:44:07,30.9,72.8,360.8
2026-09-07 08:44:37,30.9,74.9,355.8
2026-09-07 08:45:07,30.9,74.0,349.2
2026-09-07 08:45:37,31.0,74.4,344.2
2026-09-07 08:46:07,30.9,74.3,337.5
2026-09-07 08:46:37,31.0,73.5,337.5
2026-09-07 08:47:07,31.1,73.3,336.7
2026-09-07 08:47:37,31.1,73.7,346.7
2026-09-07 08:48:07,31.1,73.8,356.7
2026-09-07 08:48:37,31.1,72.9,368.3
2026-09-07 08:49:07,31.1,73.2,388.3
2026-09-07 08:49:37,31.1,72.5,398.3
2026-09-07 08:50:07,31.1,73.8,224.2
2026-09-07 08:50:37,31.1,73.6,250.0
2026-09-07 08:51:07,31.1,73.6,388.3
2026-09-07 08:51:37,31.1,73.8,383.3
2026-09-07 08:52:07,31.1,73.1,375.0
2026-09-07 08:52:37,31.1,73.5,415.0
2026-09-07 08:53:07,31.1,73.4,443.3
2026-09-07 08:53:37,31.2,73.8,467.5
2026-09-07 08:54:07,31.2,72.7,470.8
2026-09-07 08:54:37,31.2,73.2,475.8
2026-09-07 08:55:07,31.2,72.5,486.7
2026-09-07 08:55:37,31.2,73.1,496.7
2026-09-07 08:56:07,31.3,72.9,507.5
2026-09-07 08:56:37,31.3,73.0,514.2
2026-09-07 08:57:07,31.3,73.2,505.8
2026-09-07 08:57:37,31.3,71.8,505.0
2026-09-07 08:58:07,31.3,74.1,501.7
2026-09-07 08:58:47,31.3,72.9,490.0
2026-09-07 08:59:17,31.3,72.0,488.3
2026-09-07 08:59:47,31.3,71.6,490.8
2026-09-07 09:00:18,31.3,71.3,496.7
2026-09-07 09:00:48,31.3,74.1,503.3
2026-09-07 09:01:18,31.3,73.8,509.2
2026-09-07 09:01:48,31.3,74.0,509.2
2026-09-07 09:02:18,31.4,73.2,496.7
2026-09-07 09:02:48,31.4,71.3,290.8
2026-09-07 09:03:18,31.4,72.3,165.0
2026-09-07 09:03:48,31.4,71.4,149.2
2026-09-07 09:04:19,31.4,72.0,142.5
2026-09-07 09:04:49,31.4,72.2,139.2
2026-09-07 09:05:19,31.4,72.8,136.7
2026-09-07 09:05:49,31.4,73.3,134.2
2026-09-07 09:06:19,31.5,72.0,134.2
2026-09-07 09:06:49,31.4,71.4,134.2
2026-09-07 09:07:19,31.4,71.7,137.5
2026-09-07 09:07:50,31.4,70.6,145.0
2026-09-07 09:08:20,31.4,71.3,147.5
2026-09-07 09:08:50,31.4,70.6,147.5
2026-09-07 09:09:20,31.4,70.8,147.5
2026-09-07 09:09:50,31.4,70.7,149.2
2026-09-07 09:10:20,31.3,70.4,152.5
2026-09-07 09:10:50,31.3,70.2,157.5
2026-09-07 09:11:20,31.3,70.1,206.7
2026-09-07 09:11:51,31.3,70.5,292.5
2026-09-07 09:12:21,31.3,70.3,347.5
2026-09-07 09:12:51,31.3,70.6,357.5
2026-09-07 09:13:21,31.2,70.9,507.5
2026-09-07 09:13:51,31.2,70.9,519.2
2026-09-07 09:14:21,31.2,71.3,508.3
2026-09-07 09:14:51,31.2,71.5,516.7
2026-09-07 09:15:22,31.2,69.9,520.0
2026-09-07 09:15:52,31.2,71.5,520.8
2026-09-07 09:16:22,31.2,72.6,505.0
2026-09-07 09:16:52,31.2,72.8,505.0
2026-09-07 09:17:22,31.3,73.9,504.2
2026-09-07 09:17:52,31.3,73.7,489.2
2026-09-07 09:18:22,31.4,73.3,482.5
2026-09-07 09:18:53,31.4,71.8,496.7
2026-09-07 09:19:23,31.4,71.7,505.8
2026-09-07 09:19:53,31.4,70.4,517.5
2026-09-07 09:20:23,31.5,71.1,523.3
2026-09-07 09:20:53,31.5,70.9,525.8
2026-09-07 09:21:23,31.5,70.0,528.3
2026-09-07 09:21:54,31.5,69.7,519.2
2026-09-07 09:22:24,31.6,70.7,520.0
2026-09-07 09:22:54,31.6,70.8,529.2
2026-09-07 09:23:24,31.6,69.7,531.7
2026-09-07 09:23:54,31.6,70.7,530.8
2026-09-07 09:24:24,31.6,72.7,546.7
2026-09-07 09:24:54,31.6,71.6,546.7
2026-09-07 09:25:24,31.7,71.6,561.7
2026-09-07 09:25:54,31.7,71.1,572.5
2026-09-07 09:26:24,31.7,69.9,584.2
2026-09-07 09:26:55,31.7,71.5,565.0
2026-09-07 09:27:25,31.7,70.3,565.8
2026-09-07 09:27:55,31.7,69.5,552.5
2026-09-07 09:28:25,31.7,70.6,546.7
2026-09-07 09:28:55,31.8,69.6,535.8
2026-09-07 09:29:25,31.8,69.5,514.2
2026-09-07 09:29:55,31.8,71.2,509.2
2026-09-07 09:30:26,31.8,71.2,508.3
2026-09-07 09:30:56,31.8,69.5,519.2
2026-09-07 09:31:26,31.8,70.7,510.0
2026-09-07 09:31:56,31.8,70.5,514.2
2026-09-07 09:32:26,31.8,70.0,511.7
2026-09-07 09:32:56,31.8,70.0,481.7
2026-09-07 09:33:26,31.8,69.2,498.3
2026-09-07 09:33:56,31.8,70.0,479.2
2026-09-07 09:34:26,31.8,70.6,432.5
2026-09-07 09:34:57,31.9,70.3,513.3
2026-09-07 09:35:27,31.8,69.1,431.7
2026-09-07 09:35:57,31.8,69.2,490.0
2026-09-07 09:36:27,31.9,69.2,505.0
2026-09-07 09:36:57,31.9,69.9,385.0
2026-09-07 09:37:27,31.9,70.8,515.0
2026-09-07 09:37:50,31.9,70.8,515.8
2026-09-07 09:38:20,31.9,68.1,526.7
2026-09-07 09:38:50,31.9,68.7,532.5
2026-09-07 09:39:20,31.9,68.5,527.5
2026-09-07 09:39:50,31.9,68.2,504.2
2026-09-07 09:40:20,31.9,70.2,450.8
2026-09-07 09:40:50,31.9,70.4,515.8
2026-09-07 09:41:20,31.9,69.6,191.7
2026-09-07 09:41:50,31.9,67.8,522.5
2026-09-07 09:42:20,32.0,68.4,520.0
2026-09-07 09:42:50,31.9,68.1,440.0
2026-09-07 09:43:20,32.0,68.3,115.0
2026-09-07 09:43:50,32.0,70.5,70.8
2026-09-07 09:44:20,32.0,69.4,65.0
2026-09-07 09:44:50,32.0,69.7,63.3
2026-09-07 09:45:20,32.0,69.9,66.7
2026-09-07 09:45:50,32.0,69.9,93.3
2026-09-07 09:46:20,32.0,69.4,118.3
2026-09-07 09:46:50,32.0,68.8,83.3
2026-09-07 09:47:20,32.0,68.7,72.5
2026-09-07 09:47:50,32.0,68.9,65.0
2026-09-07 09:48:20,31.9,69.7,57.5
2026-09-07 09:48:50,31.9,69.5,48.3
2026-09-07 09:49:20,31.9,68.7,43.3
2026-09-07 09:49:50,31.9,67.9,39.2
2026-09-07 09:50:20,31.8,67.8,35.8
2026-09-07 09:50:50,31.8,67.8,33.3
2026-09-07 09:51:20,31.8,69.4,32.5
2026-09-07 09:51:50,31.7,69.7,31.7
2026-09-07 09:52:20,31.8,69.3,30.8
2026-09-07 09:52:50,31.7,69.9,30.8
2026-09-07 09:53:20,31.7,69.8,30.0
2026-09-07 09:53:50,31.7,69.7,30.0
2026-09-07 09:54:20,31.7,69.1,29.2
2026-09-07 09:54:50,31.7,68.6,29.2
2026-09-07 09:55:20,31.7,68.7,28.3
2026-09-07 09:55:50,31.6,69.0,28.3
2026-09-07 09:56:20,31.6,69.6,27.5
2026-09-07 09:56:50,31.6,70.3,26.7
2026-09-07 09:57:20,31.6,70.3,26.7
2026-09-07 09:57:50,31.5,70.7,25.8
2026-09-07 09:58:20,31.5,70.9,25.8
2026-09-07 09:58:50,31.5,71.2,25.8
2026-09-07 09:59:20,31.4,71.4,25.8
2026-09-07 09:59:50,31.4,71.5,26.7
2026-09-07 10:00:20,31.4,71.5,26.7
2026-09-07 10:00:50,31.4,71.7,27.5
2026-09-07 10:01:20,31.3,72.2,28.3
2026-09-07 10:01:50,31.3,71.8,29.2
2026-09-07 10:02:20,31.3,71.7,29.2
2026-09-07 10:02:50,31.3,71.7,29.2
2026-09-07 10:03:20,31.3,72.7,29.2
2026-09-07 10:03:50,31.3,72.8,29.2
2026-09-07 10:04:20,31.3,72.0,29.2
2026-09-07 10:04:50,31.3,72.3,29.2
2026-09-07 10:05:20,31.2,72.1,29.2
2026-09-07 10:05:50,31.2,72.0,29.2
2026-09-07 10:06:39,31.2,71.9,28.3
2026-09-07 10:07:09,31.2,71.8,28.3
2026-09-07 10:07:40,31.1,72.2,28.3
2026-09-07 10:08:10,31.1,71.9,29.2
2026-09-07 10:08:40,31.1,71.9,29.2
2026-09-07 10:09:10,31.1,71.8,30.0
2026-09-07 10:09:40,31.1,72.2,30.0
2026-09-07 10:10:10,31.1,71.8,30.8
2026-09-07 10:10:40,31.1,72.2,31.7
2026-09-07 10:11:11,31.1,72.3,32.5
2026-09-07 10:11:41,31.1,71.9,33.3
2026-09-07 10:12:11,31.1,71.6,33.3
2026-09-07 10:12:41,31.1,72.2,34.2
2026-09-07 10:13:11,31.1,72.3,34.2
2026-09-07 10:13:41,31.0,72.3,35.0
2026-09-07 10:14:11,31.0,72.5,35.8
2026-09-07 10:14:42,31.0,72.6,35.8
2026-09-07 10:15:12,31.0,72.7,35.8
2026-09-07 10:15:42,30.9,72.8,36.7
2026-09-07 10:16:12,30.9,72.9,36.7
2026-09-07 10:16:42,30.9,73.8,36.7
2026-09-07 10:17:12,30.9,73.1,35.8
2026-09-07 10:17:42,30.9,72.8,35.8
2026-09-07 10:18:13,30.9,73.0,35.8
2026-09-07 10:18:43,30.9,73.3,35.8
2026-09-07 10:19:13,30.8,73.6,35.8
2026-09-07 10:19:43,30.8,73.3,35.8
2026-09-07 10:20:13,30.8,73.2,36.7
2026-09-07 10:20:43,30.9,73.7,36.7
2026-09-07 10:21:13,30.9,73.7,37.5
2026-09-07 10:21:43,30.9,73.7,37.5
2026-09-07 10:22:14,30.9,73.5,37.5
2026-09-07 10:22:44,30.9,73.5,37.5
2026-09-07 10:23:14,30.9,73.6,37.5
2026-09-07 10:23:44,30.9,73.4,37.5
2026-09-07 10:24:14,30.9,73.5,37.5
2026-09-07 10:24:44,30.9,73.8,38.3
2026-09-07 10:25:14,30.9,73.4,37.5
2026-09-07 10:25:45,30.9,73.2,38.3
2026-09-07 10:26:15,30.9,73.0,38.3
2026-09-07 10:26:45,30.9,73.1,38.3
2026-09-07 10:27:15,30.9,72.9,37.5
2026-09-07 10:27:45,30.8,73.0,37.5
2026-09-07 10:28:15,30.8,73.1,37.5
2026-09-07 10:28:45,30.8,73.3,37.5
2026-09-07 10:29:15,30.8,73.2,38.3
2026-09-07 10:29:45,30.8,73.2,39.2
2026-09-07 10:30:16,30.8,73.2,40.0
2026-09-07 10:30:46,30.8,73.3,40.8
2026-09-07 10:31:16,30.8,73.6,43.3
2026-09-07 10:31:46,30.8,73.8,44.2
2026-09-07 10:32:16,30.8,74.2,44.2
2026-09-07 10:32:46,30.8,74.5,44.2
2026-09-07 10:33:16,30.7,74.8,44.2
2026-09-07 10:33:46,30.7,75.1,44.2
2026-09-07 10:34:17,30.7,75.2,45.0
2026-09-07 10:34:47,30.7,75.2,45.8
2026-09-07 10:35:17,30.7,75.3,46.7
2026-09-07 10:35:47,30.6,75.2,48.3
2026-09-07 10:36:17,30.6,75.1,50.0
2026-09-07 10:36:47,30.6,74.9,50.8
2026-09-07 10:37:17,30.6,74.7,52.5
2026-09-07 10:37:47,30.6,74.4,55.8
2026-09-07 10:38:17,30.6,74.4,56.7
2026-09-07 10:38:48,30.6,74.6,57.5
2026-09-07 10:39:18,30.5,74.8,58.3
2026-09-07 10:39:48,30.6,74.9,60.0
2026-09-07 10:40:18,30.6,74.9,60.8
2026-09-07 10:40:48,30.6,74.8,61.7
2026-09-07 10:41:18,30.6,74.7,61.7
2026-09-07 10:41:48,30.6,74.5,61.7
2026-09-07 10:42:19,30.6,74.4,62.5
2026-09-07 10:42:49,30.6,74.0,61.7
2026-09-07 10:43:19,30.6,73.9,60.8
2026-09-07 10:43:49,30.6,73.5,59.2
2026-09-07 10:44:19,30.6,73.3,59.2
2026-09-07 10:44:49,30.6,73.1,58.3
2026-09-07 10:45:19,30.6,73.3,58.3
2026-09-07 10:45:49,30.6,73.3,60.0
2026-09-07 10:46:19,30.6,73.5,61.7
2026-09-07 10:46:50,30.6,73.9,64.2
2026-09-07 10:47:20,30.6,74.4,66.7
2026-09-07 10:47:50,30.6,74.7,70.0
2026-09-07 10:48:20,30.6,74.8,72.5
2026-09-07 10:48:50,30.6,74.9,75.8
2026-09-07 10:49:20,30.6,75.2,74.2
2026-09-07 10:49:50,30.6,75.6,72.5
2026-09-07 10:50:21,30.6,75.5,71.7
2026-09-07 10:50:51,30.6,75.0,72.5
2026-09-07 10:51:11,30.6,74.9,73.3
2026-09-07 10:51:41,30.7,75.1,74.2
2026-09-07 10:52:11,30.7,74.9,75.8
2026-09-07 10:52:41,30.7,74.7,76.7
2026-09-07 10:53:11,30.7,74.9,78.3
2026-09-07 10:53:41,30.7,74.7,80.0
2026-09-07 10:54:11,30.7,74.5,81.7
2026-09-07 10:54:41,30.7,75.0,84.2
2026-09-07 10:55:11,30.8,74.8,85.0
2026-09-07 10:55:41,30.8,74.7,85.8
2026-09-07 10:56:11,30.8,74.4,87.5
2026-09-07 10:56:41,30.8,74.3,89.2
2026-09-07 10:57:11,30.8,74.4,90.8
2026-09-07 10:57:41,30.8,74.7,92.5
2026-09-07 10:58:11,30.8,75.0,95.0
2026-09-07 10:58:41,30.8,74.9,97.5
2026-09-07 10:59:11,30.8,74.4,101.7
2026-09-07 10:59:41,30.8,74.5,108.3
2026-09-07 11:00:11,30.8,74.4,114.2
2026-09-07 11:00:41,30.9,74.5,120.8
2026-09-07 11:01:11,30.8,74.3,132.5
2026-09-07 11:01:41,30.9,74.3,183.3
2026-09-07 11:02:11,30.9,73.6,169.2
2026-09-07 11:02:41,30.9,74.1,180.0
2026-09-07 11:03:11,30.9,73.6,218.3
2026-09-07 11:03:41,31.0,73.3,355.0
2026-09-07 11:04:11,31.0,72.7,444.2
2026-09-07 11:04:41,31.0,72.8,509.2
2026-09-07 11:05:11,31.0,72.6,545.8
2026-09-07 11:05:41,31.1,72.8,592.5
2026-09-07 11:06:11,31.1,72.7,577.5
2026-09-07 11:06:41,31.1,72.5,579.2
2026-09-07 11:07:11,31.2,72.0,545.8
2026-09-07 11:07:41,31.2,72.3,453.3
2026-09-07 11:08:11,31.2,72.8,545.0
2026-09-07 11:08:41,31.3,73.3,609.2
2026-09-07 11:09:11,31.3,72.8,635.0
2026-09-07 11:09:41,31.3,72.3,659.2
2026-09-07 11:10:11,31.4,72.4,670.8
2026-09-07 11:10:41,31.4,72.3,680.0
2026-09-07 11:11:11,31.5,72.6,679.2
2026-09-07 11:11:41,31.5,72.3,685.8
2026-09-07 11:12:11,31.5,72.6,708.3
2026-09-07 11:12:41,31.6,71.9,699.2
2026-09-07 11:13:11,31.6,72.3,686.7
2026-09-07 11:13:41,31.6,72.0,691.7
2026-09-07 11:14:11,31.7,72.2,674.2
2026-09-07 11:14:41,31.7,71.4,660.8
2026-09-07 11:15:11,31.8,72.0,657.5
2026-09-07 11:15:41,31.8,71.8,645.8
2026-09-07 11:16:11,31.8,71.6,653.3
2026-09-07 11:16:41,31.8,71.2,662.5
2026-09-07 11:17:11,31.9,71.0,671.7
2026-09-07 11:17:41,31.9,71.0,671.7
2026-09-07 11:18:11,31.9,71.3,671.7
2026-09-07 11:18:41,32.0,71.6,665.8
2026-09-07 11:19:11,32.0,70.9,665.0
2026-09-07 11:19:41,32.0,71.0,668.3
2026-09-07 11:20:11,32.0,70.4,672.5
2026-09-07 11:20:41,32.0,70.0,666.7
2026-09-07 11:21:11,32.1,69.7,664.2
2026-09-07 11:21:41,32.1,70.3,652.5
2026-09-07 11:22:11,32.1,69.4,630.8
2026-09-07 11:22:41,32.1,70.6,630.0
2026-09-07 11:23:11,32.2,70.2,615.8
2026-09-07 11:23:41,32.2,69.4,620.0
2026-09-07 11:24:11,32.2,69.9,638.3
2026-09-07 11:24:41,32.2,68.8,658.3
2026-09-07 11:25:11,32.2,69.0,660.0
2026-09-07 11:25:41,32.2,70.2,681.7
2026-09-07 11:26:11,32.3,71.1,692.5
2026-09-07 11:26:41,32.3,69.8,724.2
2026-09-07 11:27:11,32.3,70.8,727.5
2026-09-07 11:27:41,32.3,69.7,724.2
2026-09-07 11:28:11,32.3,70.7,719.2
2026-09-07 11:28:41,32.3,71.0,703.3
2026-09-07 11:29:11,32.4,70.0,685.0
2026-09-07 11:29:41,32.4,70.2,660.8
2026-09-07 11:30:11,32.4,69.4,645.8
2026-09-07 11:30:41,32.4,70.1,600.0
2026-09-07 11:31:11,32.4,69.7,325.8
2026-09-07 11:31:41,32.4,70.9,289.2
2026-09-07 11:32:11,32.4,70.6,634.2
2026-09-07 11:32:41,32.4,71.0,660.0
2026-09-07 11:33:11,32.4,70.4,589.2
2026-09-07 11:33:41,32.4,70.5,630.8
2026-09-07 11:34:11,32.4,71.0,614.2
2026-09-07 11:34:41,32.4,70.8,290.8
2026-09-07 11:35:11,32.4,70.8,257.5
2026-09-07 11:35:41,32.4,71.0,255.8
2026-09-07 11:36:11,32.4,71.2,249.2
2026-09-07 11:36:41,32.4,69.3,247.5
2026-09-07 11:37:11,32.4,69.0,247.5
2026-09-07 11:37:41,32.4,69.4,249.2
2026-09-07 11:38:11,32.4,68.3,250.0
2026-09-07 11:38:41,32.3,69.1,253.3
2026-09-07 11:39:11,32.3,69.1,252.5
2026-09-07 11:39:41,32.3,69.5,675.0
2026-09-07 11:40:11,32.3,68.6,609.2
2026-09-07 11:40:41,32.3,68.7,240.0
2026-09-07 11:41:11,32.3,68.9,236.7
2026-09-07 11:41:41,32.3,70.0,248.3
2026-09-07 11:42:11,32.3,69.9,248.3
2026-09-07 11:42:41,32.3,70.4,253.3
2026-09-07 11:43:11,32.3,70.8,274.2
2026-09-07 11:43:41,32.3,69.5,365.0
2026-09-07 11:44:11,32.3,68.2,645.8
2026-09-07 11:44:41,32.3,67.8,602.5
2026-09-07 11:45:11,32.3,68.6,650.8
2026-09-07 11:45:41,32.3,67.6,612.5
2026-09-07 11:46:11,32.4,66.7,529.2
2026-09-07 11:46:41,32.4,67.5,455.8
2026-09-07 11:47:11,32.4,67.1,384.2
2026-09-07 11:47:41,32.4,69.7,355.0
2026-09-07 11:48:11,32.4,68.1,362.5
2026-09-07 11:48:41,32.4,67.6,577.5
2026-09-07 11:49:11,32.4,69.1,502.5
2026-09-07 11:49:41,32.5,68.9,413.3
2026-09-07 11:50:11,32.5,68.1,530.0
2026-09-07 11:50:41,32.5,67.8,655.8
2026-09-07 11:51:11,32.5,69.3,372.5
2026-09-07 11:51:41,32.5,68.6,399.2
2026-09-07 11:52:11,32.5,68.7,245.0
2026-09-07 11:52:41,32.5,68.5,205.0
2026-09-07 11:53:11,32.5,68.2,185.8
2026-09-07 11:53:41,32.5,67.4,175.0
2026-09-07 11:54:11,32.5,67.7,155.0
2026-09-07 11:54:41,32.5,67.7,146.7
2026-09-07 11:55:11,32.5,67.6,140.8
2026-09-07 11:55:41,32.5,67.3,137.5
2026-09-07 11:56:11,32.5,67.7,135.8
2026-09-07 11:56:41,32.5,67.2,180.0
2026-09-07 11:57:11,32.5,68.6,170.8
2026-09-07 11:57:41,32.5,68.5,122.5
2026-09-07 11:58:11,32.5,67.7,113.3
2026-09-07 11:58:41,32.4,67.8,108.3
2026-09-07 11:59:11,32.4,68.3,104.2
2026-09-07 11:59:41,32.4,69.8,103.3
2026-09-07 12:00:11,32.4,68.1,103.3
2026-09-07 12:00:41,32.4,68.2,103.3
2026-09-07 12:01:11,32.4,68.8,101.7
2026-09-07 12:01:41,32.4,69.5,100.0
2026-09-07 12:02:11,32.4,68.6,100.8
2026-09-07 12:02:41,32.4,68.7,104.2
2026-09-07 12:03:11,32.3,69.6,111.7
2026-09-07 12:03:41,32.3,68.3,119.2
2026-09-07 12:04:11,32.3,68.5,126.7
2026-09-07 12:04:41,32.3,67.9,134.2
2026-09-07 12:05:11,32.3,67.9,141.7
2026-09-07 12:05:41,32.3,69.2,147.5
2026-09-07 12:06:11,32.3,68.1,151.7
2026-09-07 12:06:41,32.3,67.6,152.5
2026-09-07 12:07:11,32.2,67.8,155.8
2026-09-07 12:07:41,32.2,67.7,159.2
2026-09-07 12:08:11,32.2,67.3,170.0
2026-09-07 12:08:41,32.2,67.4,174.2
2026-09-07 12:09:11,32.2,66.1,182.5
2026-09-07 12:09:41,32.2,66.7,194.2
2026-09-07 12:10:11,32.2,65.9,364.2
2026-09-07 12:10:41,32.2,66.0,543.3
2026-09-07 12:11:11,32.2,67.0,589.2
2026-09-07 12:11:41,32.2,68.6,597.5
2026-09-07 12:12:11,32.3,68.0,595.8
2026-09-07 12:12:41,32.3,67.4,578.3
2026-09-07 12:13:11,32.3,69.5,400.8
2026-09-07 12:13:41,32.3,69.3,451.7
2026-09-07 12:14:11,32.3,71.2,479.2
2026-09-07 12:14:41,32.3,71.1,273.3
2026-09-07 12:15:11,32.3,68.3,440.8
2026-09-07 12:15:41,32.3,67.6,560.0
2026-09-07 12:16:11,32.3,67.9,582.5
2026-09-07 12:16:41,32.3,68.8,309.2
2026-09-07 12:17:11,32.4,70.2,596.7
2026-09-07 12:17:41,32.4,69.5,621.7
2026-09-07 12:18:11,32.4,69.8,659.2
2026-09-07 12:18:41,32.4,69.5,663.3
2026-09-07 12:19:11,32.4,70.1,660.0
2026-09-07 12:19:41,32.4,71.1,660.8
2026-09-07 12:20:11,32.4,69.7,674.2
2026-09-07 12:20:41,32.4,70.0,674.2
2026-09-07 12:21:11,32.4,70.2,670.8
2026-09-07 12:21:41,32.4,69.6,659.2
2026-09-07 12:22:11,32.4,67.8,646.7
2026-09-07 12:22:41,32.4,70.6,625.0
2026-09-07 12:23:11,32.5,70.5,581.7
2026-09-07 12:23:41,32.5,69.8,582.5
2026-09-07 12:24:11,32.5,70.3,582.5
2026-09-07 12:24:41,32.5,69.7,636.7
2026-09-07 12:25:11,32.5,70.6,695.0
2026-09-07 12:25:41,32.6,69.3,703.3
2026-09-07 12:26:11,32.6,69.9,705.0
2026-09-07 12:26:41,32.6,69.2,705.8
2026-09-07 12:27:11,32.6,70.0,675.0
2026-09-07 12:27:41,32.6,68.7,653.3
2026-09-07 12:28:11,32.6,68.5,339.2
2026-09-07 12:28:41,32.6,66.7,495.0
2026-09-07 12:29:11,32.6,67.4,331.7
2026-09-07 12:29:41,32.6,67.7,283.3
2026-09-07 12:30:11,32.6,69.6,343.3
2026-09-07 12:30:41,32.7,70.4,525.8
2026-09-07 12:31:11,32.7,68.0,501.7
2026-09-07 12:31:41,32.6,70.0,246.7
2026-09-07 12:32:11,32.7,70.3,265.0
2026-09-07 12:32:41,32.6,67.8,290.0
2026-09-07 12:33:11,32.6,67.1,203.3
2026-09-07 12:33:41,32.6,67.3,212.5
2026-09-07 12:34:11,32.6,68.3,197.5
2026-09-07 12:34:41,32.6,68.7,190.8
2026-09-07 12:35:11,32.6,68.5,181.7
2026-09-07 12:35:41,32.6,67.3,176.7
2026-09-07 12:36:11,32.6,66.9,171.7
2026-09-07 12:36:41,32.6,66.7,170.0
2026-09-07 12:37:11,32.6,66.5,169.2
2026-09-07 12:37:41,32.6,66.5,170.8
2026-09-07 12:38:11,32.6,66.1,172.5
2026-09-07 12:38:41,32.6,66.2,175.0
2026-09-07 12:39:11,32.6,66.3,182.5
2026-09-07 12:39:41,32.6,66.8,200.8
2026-09-07 12:40:11,32.6,68.0,212.5
2026-09-07 12:40:41,32.6,67.2,405.0
2026-09-07 12:41:11,32.6,66.4,500.0
2026-09-07 12:41:41,32.5,68.3,573.3
2026-09-07 12:42:11,32.6,69.2,561.7
2026-09-07 12:42:41,32.6,68.5,591.7
2026-09-07 12:43:11,32.6,68.7,615.0
2026-09-07 12:43:41,32.6,69.2,630.8
2026-09-07 12:44:11,32.6,68.2,605.8
2026-09-07 12:44:41,32.6,66.8,609.2
2026-09-07 12:45:11,32.6,69.6,599.2
2026-09-07 12:45:41,32.7,68.9,568.3
2026-09-07 12:46:11,32.7,69.3,559.2
2026-09-07 12:46:41,32.7,66.6,162.5
2026-09-07 12:47:11,32.7,67.2,152.5
2026-09-07 12:47:41,32.7,66.7,150.8
2026-09-07 12:48:11,32.7,66.2,140.0
2026-09-07 12:48:41,32.7,66.2,133.3
2026-09-07 12:49:11,32.7,67.0,168.3
2026-09-07 12:49:41,32.7,65.4,463.3
2026-09-07 12:50:11,32.7,65.8,470.0
2026-09-07 12:50:41,32.7,68.2,231.7
2026-09-07 12:51:11,32.7,65.1,132.5
2026-09-07 12:51:41,32.7,65.0,126.7
2026-09-07 12:52:11,32.7,66.3,122.5
2026-09-07 12:52:41,32.7,65.4,120.0
2026-09-07 12:53:11,32.7,65.9,120.8
2026-09-07 12:53:41,32.7,64.9,121.7
2026-09-07 12:54:11,32.7,64.9,125.0
2026-09-07 12:54:41,32.7,64.7,138.3
2026-09-07 12:55:11,32.7,65.4,363.3
2026-09-07 12:55:41,32.7,66.1,485.0
2026-09-07 12:56:11,32.7,65.7,498.3
2026-09-07 12:56:41,32.7,66.3,513.3
2026-09-07 12:57:11,32.7,65.3,512.5
2026-09-07 12:57:41,32.7,65.7,523.3
2026-09-07 12:58:11,32.7,65.4,539.2
2026-09-07 12:58:41,32.7,65.5,544.2
2026-09-07 12:59:11,32.7,65.5,548.3
2026-09-07 12:59:41,32.7,65.8,547.5
2026-09-07 13:00:11,32.7,64.8,543.3
2026-09-07 13:00:41,32.7,66.4,525.8
2026-09-07 13:01:11,32.7,67.3,520.0
2026-09-07 13:01:41,32.8,67.6,515.0
2026-09-07 13:02:11,32.8,68.2,502.5
2026-09-07 13:02:41,32.8,67.0,499.2
2026-09-07 13:03:11,32.8,65.9,496.7
2026-09-07 13:03:41,32.8,66.3,488.3
2026-09-07 13:04:11,32.9,67.0,471.7
2026-09-07 13:04:41,32.9,66.0,450.8
2026-09-07 13:05:11,32.9,66.4,390.8
2026-09-07 13:05:41,33.0,66.3,376.7
2026-09-07 13:06:11,33.0,64.5,270.0
2026-09-07 13:06:41,33.0,63.5,128.3
2026-09-07 13:07:11,33.0,63.8,124.2
2026-09-07 13:07:41,33.0,65.3,129.2
2026-09-07 13:08:11,33.0,64.3,150.8
2026-09-07 13:08:41,32.9,65.7,385.0
2026-09-07 13:09:11,33.0,65.7,387.5
2026-09-07 13:09:41,33.0,65.0,342.5
2026-09-07 13:10:11,32.9,65.4,341.7
2026-09-07 13:10:41,32.9,65.4,179.2
2026-09-07 13:11:11,32.9,65.2,169.2
2026-09-07 13:11:41,32.9,64.5,159.2
2026-09-07 13:12:11,32.9,64.3,153.3
2026-09-07 13:12:41,32.8,67.6,144.2
2026-09-07 13:13:11,32.8,66.2,140.0
2026-09-07 13:13:41,32.8,65.6,146.7
2026-09-07 13:14:11,32.8,65.6,165.0
2026-09-07 13:14:41,32.8,63.7,188.3
2026-09-07 13:15:11,32.8,64.3,150.0
2026-09-07 13:15:41,32.8,65.3,146.7
2026-09-07 13:16:11,32.8,65.1,145.0
2026-09-07 13:16:41,32.8,64.0,136.7
2026-09-07 13:17:11,32.8,63.8,130.0
2026-09-07 13:17:41,32.8,64.6,125.0
2026-09-07 13:18:11,32.7,65.5,121.7
2026-09-07 13:18:41,32.7,65.1,117.5
2026-09-07 13:19:11,32.7,64.8,113.3
2026-09-07 13:19:41,32.7,65.5,110.8
2026-09-07 13:20:11,32.7,66.0,110.8
2026-09-07 13:20:41,32.7,64.3,111.7
2026-09-07 13:21:11,32.7,64.5,112.5
2026-09-07 13:21:41,32.7,64.1,111.7
2026-09-07 13:22:11,32.7,64.9,110.0
2026-09-07 13:22:41,32.7,65.8,105.8
2026-09-07 13:23:11,32.7,66.2,101.7
2026-09-07 13:23:41,32.7,66.5,103.3
2026-09-07 13:24:11,32.7,64.0,113.3
2026-09-07 13:24:41,32.7,64.6,121.7
2026-09-07 13:25:11,32.7,64.9,134.2
2026-09-07 13:25:41,32.7,64.8,190.0
2026-09-07 13:26:11,32.7,64.8,315.8
2026-09-07 13:26:41,32.6,65.6,319.2
2026-09-07 13:27:11,32.6,65.0,312.5
2026-09-07 13:27:41,32.6,64.3,313.3
2026-09-07 13:28:11,32.6,65.1,288.3
2026-09-07 13:28:41,32.6,66.9,300.8
2026-09-07 13:29:11,32.6,65.8,302.5
2026-09-07 13:29:41,32.6,65.3,302.5
2026-09-07 13:30:11,32.6,65.8,308.3
2026-09-07 13:30:41,32.6,65.4,308.3
2026-09-07 13:31:11,32.6,65.4,304.2
2026-09-07 13:31:41,32.6,63.5,303.3
2026-09-07 13:32:11,32.6,67.2,303.3
2026-09-07 13:32:54,32.7,64.7,296.7
2026-09-07 13:33:24,32.7,63.4,293.3
2026-09-07 13:33:54,32.7,64.6,285.8
2026-09-07 13:34:24,32.7,64.0,281.7
2026-09-07 13:34:54,32.7,63.8,283.3
2026-09-07 13:35:24,32.7,64.0,284.2
2026-09-07 13:35:54,32.7,64.1,288.3
2026-09-07 13:36:24,32.7,66.1,288.3
2026-09-07 13:36:55,32.7,66.4,288.3
2026-09-07 13:37:25,32.7,66.6,289.2
2026-09-07 13:37:55,32.7,64.7,286.7
2026-09-07 13:38:25,32.7,66.4,283.3
2026-09-07 13:38:55,32.7,65.9,280.8
2026-09-07 13:39:25,32.7,65.4,280.8
2026-09-07 13:39:55,32.7,64.5,280.0
2026-09-07 13:40:25,32.7,64.7,273.3
2026-09-07 13:40:56,32.7,66.5,269.2
2026-09-07 13:41:26,32.8,64.6,263.3
2026-09-07 13:41:56,32.8,66.7,255.8
2026-09-07 13:42:26,32.8,67.1,250.8
2026-09-07 13:42:56,32.8,67.6,246.7
2026-09-07 13:43:26,32.8,64.8,241.7
2026-09-07 13:43:56,32.8,62.9,238.3
2026-09-07 13:44:26,32.8,62.3,234.2
2026-09-07 13:44:57,32.8,64.7,230.8
2026-09-07 13:45:27,32.9,66.5,227.5
2026-09-07 13:45:57,32.9,63.7,223.3
2026-09-07 13:46:27,32.9,63.8,218.3
2026-09-07 13:46:57,32.9,67.4,215.0
2026-09-07 13:47:27,33.0,65.1,208.3
2026-09-07 13:47:57,32.9,66.1,205.0
2026-09-07 13:48:28,33.0,64.0,201.7
2026-09-07 13:48:58,32.9,64.3,202.5
2026-09-07 13:49:28,32.9,64.3,203.3
2026-09-07 13:49:58,32.9,65.2,205.0
2026-09-07 13:50:28,33.0,66.3,211.7
2026-09-07 13:50:58,32.9,64.3,215.0
2026-09-07 13:51:28,32.9,65.3,215.0
2026-09-07 13:51:58,32.9,64.8,229.2
2026-09-07 13:52:29,32.9,64.1,229.2
2026-09-07 13:52:52,32.9,65.3,223.3
2026-09-07 13:53:22,32.9,63.8,212.5
2026-09-07 13:53:52,32.9,66.3,212.5
2026-09-07 13:54:22,32.9,64.4,211.7
2026-09-07 13:54:52,32.9,66.0,215.0
2026-09-07 13:55:22,32.9,64.0,212.5
2026-09-07 13:55:52,32.9,64.8,215.8
2026-09-07 13:56:22,32.9,62.5,215.8
2026-09-07 13:56:52,32.9,65.1,215.8
2026-09-07 13:57:22,32.9,65.0,212.5
2026-09-07 13:57:52,33.0,67.2,210.0
2026-09-07 13:58:22,33.0,66.5,205.8
2026-09-07 13:58:52,32.9,65.3,202.5
2026-09-07 13:59:22,32.9,67.7,197.5
2026-09-07 13:59:52,32.9,66.9,196.7
2026-09-07 14:00:22,32.9,65.6,194.2
2026-09-07 14:00:52,32.9,67.6,192.5
2026-09-07 14:01:22,32.9,67.1,191.7
2026-09-07 14:01:52,32.9,67.1,193.3
2026-09-07 14:02:22,32.9,66.7,194.2
2026-09-07 14:02:52,32.9,68.1,192.5
2026-09-07 14:03:22,32.9,65.4,191.7
2026-09-07 14:03:52,32.9,65.6,190.8
2026-09-07 14:04:22,32.9,67.5,191.7
2026-09-07 14:04:52,32.9,68.4,193.3
2026-09-07 14:05:22,32.9,66.6,192.5
2026-09-07 14:05:52,32.9,67.2,191.7
2026-09-07 14:06:22,32.9,66.0,192.5
2026-09-07 14:06:52,32.8,65.5,193.3
2026-09-07 14:07:22,32.8,64.5,193.3
2026-09-07 14:07:52,32.8,64.6,192.5
2026-09-07 14:08:22,32.8,66.5,190.8
2026-09-07 14:08:52,32.8,67.5,190.0
2026-09-07 14:09:22,32.8,65.6,190.8
2026-09-07 14:09:52,32.8,66.2,192.5
2026-09-07 14:10:22,32.8,66.3,194.2
2026-09-07 14:10:52,32.8,66.2,195.0
2026-09-07 14:11:22,32.8,68.2,195.0
2026-09-07 14:11:52,32.8,65.0,193.3
2026-09-07 14:12:22,32.8,64.5,193.3
2026-09-07 14:12:52,32.8,65.3,193.3
2026-09-07 14:13:22,32.8,67.3,192.5
2026-09-07 14:13:52,32.8,66.7,195.0
2026-09-07 14:14:22,32.8,64.3,192.5
2026-09-07 14:14:52,32.8,64.7,196.7
2026-09-07 14:15:22,32.7,64.7,196.7
2026-09-07 14:15:52,32.7,64.2,195.0
2026-09-07 14:16:22,32.7,64.5,190.8
2026-09-07 14:16:52,32.7,64.4,185.0
2026-09-07 14:17:22,32.7,65.8,180.8
2026-09-07 14:17:52,32.7,64.6,175.8
2026-09-07 14:18:22,32.7,66.4,170.8
2026-09-07 14:18:52,32.7,68.0,166.7
2026-09-07 14:19:22,32.7,66.0,163.3
2026-09-07 14:19:52,32.7,67.6,159.2
2026-09-07 14:20:22,32.8,68.4,156.7
2026-09-07 14:20:52,32.8,67.0,153.3
2026-09-07 14:21:22,32.7,68.1,151.7
2026-09-07 14:21:52,32.8,68.5,148.3
2026-09-07 14:22:22,32.8,68.8,144.2
2026-09-07 14:22:52,32.8,65.3,138.3
2026-09-07 14:23:22,32.8,67.2,130.8
2026-09-07 14:23:52,32.8,67.6,120.0
2026-09-07 14:24:22,32.8,65.7,112.5
2026-09-07 14:24:52,32.8,67.3,101.7
2026-09-07 14:25:22,32.8,68.0,85.0
2026-09-07 14:25:52,32.8,63.8,81.7
2026-09-07 14:26:22,32.8,67.8,78.3
2026-09-07 14:26:52,32.8,65.9,75.0
2026-09-07 14:27:22,32.8,65.5,72.5
2026-09-07 14:27:52,32.8,66.1,71.7
2026-09-07 14:28:22,32.8,64.6,70.0
2026-09-07 14:28:52,32.7,65.4,69.2
2026-09-07 14:29:22,32.7,65.0,70.0
2026-09-07 14:29:52,32.7,65.6,70.8
2026-09-07 14:30:22,32.7,64.8,71.7
2026-09-07 14:30:52,32.7,64.8,72.5
2026-09-07 14:31:22,32.7,64.8,73.3
2026-09-07 14:31:52,32.7,65.0,74.2
2026-09-07 14:32:22,32.7,64.7,77.5
2026-09-07 14:32:52,32.7,64.7,82.5
2026-09-07 14:33:22,32.7,65.4,87.5
2026-09-07 14:33:52,32.7,65.6,93.3
2026-09-07 14:34:22,32.6,66.9,98.3
2026-09-07 14:34:52,32.6,66.2,104.2
2026-09-07 14:35:22,32.6,66.2,110.8
2026-09-07 14:35:52,32.6,64.8,116.7
2026-09-07 14:36:22,32.6,65.3,120.0
2026-09-07 14:36:52,32.6,67.0,123.3
2026-09-07 14:37:22,32.6,67.7,124.2
2026-09-07 14:37:52,32.6,65.3,118.3
2026-09-07 14:38:22,32.6,64.9,103.3
2026-09-07 14:38:52,32.6,65.3,100.8
2026-09-07 14:39:22,32.6,65.1,96.7
2026-09-07 14:39:52,32.6,65.4,93.3
2026-09-07 14:40:22,32.6,66.9,89.2
2026-09-07 14:40:52,32.6,65.7,85.8
2026-09-07 14:41:22,32.5,66.1,83.3
2026-09-07 14:41:52,32.5,65.3,80.8
2026-09-07 14:42:22,32.5,65.0,78.3
2026-09-07 14:42:52,32.5,65.8,75.8
2026-09-07 14:43:22,32.5,65.9,75.0
2026-09-07 14:43:52,32.5,67.6,75.0
2026-09-07 14:44:22,32.5,65.6,75.8
2026-09-07 14:44:52,32.4,66.4,76.7
2026-09-07 14:45:22,32.4,66.6,78.3
2026-09-07 14:45:52,32.4,66.1,78.3
2026-09-07 14:46:22,32.4,65.6,79.2
2026-09-07 14:46:52,32.4,66.8,80.0
2026-09-07 14:47:22,32.4,66.3,80.8
2026-09-07 14:47:52,32.4,66.8,81.7
2026-09-07 14:48:22,32.3,66.1,81.7
2026-09-07 14:48:52,32.3,66.1,80.8
2026-09-07 14:49:22,32.3,68.8,80.0
2026-09-07 14:49:52,32.3,67.7,78.3
2026-09-07 14:50:22,32.3,68.5,76.7
2026-09-07 14:50:52,32.4,66.7,75.8
2026-09-07 14:51:22,32.4,66.8,75.0
2026-09-07 14:51:52,32.4,65.1,73.3
2026-09-07 14:52:22,32.4,64.7,70.8
2026-09-07 14:52:52,32.4,65.6,66.7
2026-09-07 14:53:22,32.4,66.4,65.8
2026-09-07 14:53:52,32.4,66.0,64.2
2026-09-07 14:54:22,32.4,65.4,63.3
2026-09-07 14:54:52,32.4,65.7,61.7
2026-09-07 14:55:22,32.4,66.2,59.2
2026-09-07 14:55:52,32.4,66.3,57.5
2026-09-07 14:56:22,32.4,67.3,55.8
2026-09-07 14:56:52,32.5,65.9,55.8
2026-09-07 14:57:30,32.5,66.6,56.7
2026-09-07 14:58:00,32.5,66.5,59.2
2026-09-07 14:58:30,32.5,65.4,60.8
2026-09-07 14:59:00,32.5,65.4,62.5
2026-09-07 14:59:30,32.5,64.8,63.3
2026-09-07 15:00:01,32.5,64.8,62.5
2026-09-07 15:00:31,32.5,67.7,61.7
2026-09-07 15:01:01,32.5,67.9,60.0
2026-09-07 15:01:31,32.5,65.7,59.2
2026-09-07 15:02:01,32.5,64.4,57.5
2026-09-07 15:02:31,32.5,66.3,56.7
2026-09-07 15:03:01,32.5,67.7,55.0
2026-09-07 15:03:31,32.5,67.8,52.5
2026-09-07 15:04:02,32.5,65.0,51.7
2026-09-07 15:04:32,32.5,64.9,51.7
2026-09-07 15:05:02,32.5,64.0,52.5
2026-09-07 15:05:32,32.5,64.2,55.8
2026-09-07 15:06:02,32.5,65.4,58.3
2026-09-07 15:06:32,32.4,66.8,60.0
2026-09-07 15:07:03,32.5,67.7,62.5
2026-09-07 15:07:33,32.5,67.5,65.0
2026-09-07 15:08:03,32.5,67.2,68.3
2026-09-07 15:08:33,32.5,67.8,70.0
2026-09-07 15:09:03,32.5,68.1,71.7
2026-09-07 15:09:33,32.5,68.4,73.3
2026-09-07 15:10:03,32.5,66.8,74.2
2026-09-07 15:10:33,32.5,65.8,75.0
2026-09-07 15:11:03,32.5,65.5,75.0
2026-09-07 15:11:34,32.5,65.4,75.0
2026-09-07 15:12:04,32.5,65.9,74.2
2026-09-07 15:12:34,32.5,65.2,70.8
2026-09-07 15:13:04,32.5,66.3,69.2
2026-09-07 15:13:34,32.5,65.2,69.2
2026-09-07 15:14:04,32.5,65.0,66.7
2026-09-07 15:14:34,32.5,65.6,65.8
2026-09-07 15:15:04,32.4,65.4,64.2
2026-09-07 15:15:35,32.5,66.3,61.7
2026-09-07 15:16:05,32.5,65.4,59.2
2026-09-07 15:16:35,32.5,64.5,57.5
2026-09-07 15:17:05,32.5,66.2,56.7
2026-09-07 15:17:35,32.5,64.9,55.8
2026-09-07 15:18:05,32.5,64.3,55.8
2026-09-07 15:18:35,32.5,64.4,56.7
2026-09-07 15:19:05,32.4,65.1,57.5
2026-09-07 15:19:35,32.5,64.8,58.3
2026-09-07 15:20:06,32.5,64.4,59.2
2026-09-07 15:20:36,32.5,64.6,60.8
2026-09-07 15:21:06,32.4,64.9,61.7
2026-09-07 15:21:36,32.5,65.1,63.3
2026-09-07 15:22:06,32.4,64.7,65.0
2026-09-07 15:22:36,32.4,65.1,65.0
2026-09-07 15:23:06,32.4,64.7,65.0
2026-09-07 15:23:36,32.4,65.1,65.0
2026-09-07 15:24:07,32.4,64.3,64.2
2026-09-07 15:24:37,32.4,65.1,63.3
2026-09-07 15:25:07,32.4,65.3,62.5
2026-09-07 15:25:37,32.4,65.6,60.8
2026-09-07 15:26:07,32.4,66.2,59.2
2026-09-07 15:26:37,32.4,65.7,59.2
2026-09-07 15:27:07,32.4,66.1,60.8
2026-09-07 15:27:37,32.4,67.8,61.7
2026-09-07 15:28:08,32.4,66.1,62.5
2026-09-07 15:28:38,32.4,65.7,61.7
2026-09-07 15:29:08,32.4,64.9,62.5
2026-09-07 15:29:38,32.4,66.4,62.5
2026-09-07 15:30:08,32.4,65.2,62.5
2026-09-07 15:30:38,32.4,65.8,63.3
2026-09-07 15:31:08,32.4,65.0,64.2
2026-09-07 15:31:38,32.4,66.2,65.0
2026-09-07 15:32:09,32.4,66.4,66.7
2026-09-07 15:32:39,32.4,65.3,67.5
2026-09-07 15:33:09,32.4,65.2,68.3
2026-09-07 15:33:39,32.4,67.8,68.3
2026-09-07 15:34:09,32.4,67.4,67.5
2026-09-07 15:34:39,32.4,64.6,65.8
2026-09-07 15:35:09,32.4,64.2,64.2
2026-09-07 15:35:39,32.4,64.4,63.3
2026-09-07 15:36:10,32.4,67.4,63.3
2026-09-07 15:36:40,32.4,65.4,63.3
2026-09-07 15:37:10,32.4,64.9,62.5
2026-09-07 15:37:40,32.4,64.5,61.7
2026-09-07 15:38:10,32.4,64.3,61.7
2026-09-07 15:38:40,32.4,64.2,61.7
2026-09-07 15:39:10,32.4,63.5,62.5
2026-09-07 15:39:40,32.4,63.9,62.5
2026-09-07 15:40:11,32.4,64.3,63.3
2026-09-07 15:40:41,32.4,63.8,63.3
2026-09-07 15:41:11,32.4,64.5,63.3
2026-09-07 15:41:41,32.4,64.1,62.5
2026-09-07 15:42:11,32.5,64.2,62.5
2026-09-07 15:42:41,32.5,63.6,62.5
2026-09-07 15:43:11,32.4,64.2,62.5
2026-09-07 15:43:41,32.4,63.9,61.7
2026-09-07 15:44:12,32.5,64.3,62.5
2026-09-07 15:44:42,32.4,65.3,63.3
2026-09-07 15:45:12,32.4,64.8,64.2
2026-09-07 15:45:42,32.4,64.1,65.0
2026-09-07 15:46:12,32.4,64.7,66.7
2026-09-07 15:46:42,32.4,65.6,66.7
2026-09-07 15:47:12,32.4,64.6,67.5
2026-09-07 15:47:43,32.4,63.8,66.7
2026-09-07 15:48:13,32.4,64.7,65.0
2026-09-07 15:48:43,32.4,64.5,63.3
2026-09-07 15:49:13,32.4,65.6,60.0
2026-09-07 15:49:43,32.4,65.4,57.5
2026-09-07 15:50:13,32.4,65.4,52.5
2026-09-07 15:50:43,32.4,65.1,49.2
2026-09-07 15:51:13,32.4,63.8,46.7
2026-09-07 15:51:44,32.4,65.1,43.3
2026-09-07 15:52:14,32.4,64.1,40.8
2026-09-07 15:52:44,32.4,64.4,40.0
2026-09-07 15:53:14,32.4,65.3,39.2
2026-09-07 15:53:44,32.4,65.8,38.3
2026-09-07 15:54:14,32.3,66.2,38.3
2026-09-07 15:54:45,32.4,64.2,37.5
2026-09-07 15:55:15,32.4,64.7,37.5
2026-09-07 15:55:45,32.4,64.5,37.5
2026-09-07 15:56:15,32.4,64.2,37.5
2026-09-07 15:56:45,32.4,64.5,37.5
2026-09-07 15:57:15,32.3,65.4,37.5
2026-09-07 15:57:45,32.3,65.4,37.5
2026-09-07 15:58:15,32.3,65.3,38.3
2026-09-07 15:58:46,32.3,65.3,39.2
2026-09-07 15:59:16,32.3,65.6,39.2
2026-09-07 15:59:46,32.3,65.2,40.0
2026-09-07 16:00:16,32.3,64.8,40.8
2026-09-07 16:00:46,32.3,64.9,41.7
2026-09-07 16:01:16,32.3,65.1,41.7
2026-09-07 16:01:46,32.3,65.1,41.7
2026-09-07 16:02:17,32.3,65.7,41.7
2026-09-07 16:02:47,32.3,65.4,40.8
2026-09-07 16:03:17,32.3,65.4,39.2
2026-09-07 16:03:47,32.3,65.3,36.7
2026-09-07 16:04:17,32.3,65.7,33.3
2026-09-07 16:04:47,32.2,65.5,30.8
2026-09-07 16:05:17,32.3,65.4,28.3
2026-09-07 16:05:47,32.2,65.7,27.5
2026-09-07 16:06:18,32.2,65.9,26.7
2026-09-07 16:06:48,32.2,65.7,26.7
2026-09-07 16:07:18,32.2,68.3,27.5
2026-09-07 16:07:48,32.3,68.4,30.8
2026-09-07 16:08:18,32.3,66.3,30.8
2026-09-07 16:08:48,32.2,67.0,31.7
2026-09-07 16:09:18,32.2,68.8,31.7
2026-09-07 16:09:49,32.3,68.9,32.5
2026-09-07 16:10:19,32.3,67.0,30.0
2026-09-07 16:10:49,32.3,68.0,30.8
2026-09-07 16:11:19,32.3,66.2,30.8
2026-09-07 16:11:49,32.3,66.7,30.8
2026-09-07 16:12:19,32.3,65.9,31.7
2026-09-07 16:12:49,32.3,67.4,32.5
2026-09-07 16:13:19,32.3,66.4,32.5
2026-09-07 16:13:50,32.3,66.3,33.3
2026-09-07 16:14:20,32.3,66.0,34.2
2026-09-07 16:14:50,32.3,65.8,34.2
2026-09-07 16:15:20,32.3,66.0,33.3
2026-09-07 16:15:50,32.3,66.4,31.7
2026-09-07 16:16:20,32.3,66.7,30.0
2026-09-07 16:16:50,32.3,65.5,29.2
2026-09-07 16:17:20,32.3,66.0,28.3
2026-09-07 16:17:50,32.3,66.1,28.3
2026-09-07 16:18:21,32.3,65.7,28.3
2026-09-07 16:18:51,32.3,66.7,29.2
2026-09-07 16:19:21,32.3,65.7,30.0
2026-09-07 16:19:51,32.3,65.5,30.0
2026-09-07 16:20:21,32.3,66.2,30.0
2026-09-07 16:20:51,32.3,65.5,30.0
2026-09-07 16:21:21,32.3,65.8,30.0
2026-09-07 16:21:51,32.3,65.3,29.2
2026-09-07 16:22:22,32.3,65.7,28.3
2026-09-07 16:22:52,32.3,65.3,27.5
2026-09-07 16:23:22,32.3,66.0,27.5
2026-09-07 16:23:52,32.3,65.7,27.5
2026-09-07 16:24:22,32.3,66.4,27.5
2026-09-07 16:24:52,32.3,66.2,27.5
2026-09-07 16:25:22,32.3,65.3,28.3
2026-09-07 16:25:52,32.3,65.0,29.2
2026-09-07 16:26:23,32.3,65.3,30.0
2026-09-07 16:26:53,32.3,66.3,30.8
2026-09-07 16:27:23,32.3,66.1,31.7
2026-09-07 16:27:53,32.3,66.2,32.5
2026-09-07 16:28:23,32.3,66.4,33.3
2026-09-07 16:28:53,32.3,64.9,34.2
2026-09-07 16:29:23,32.3,65.4,34.2
2026-09-07 16:29:53,32.3,65.4,33.3
2026-09-07 16:30:24,32.3,65.3,31.7
2026-09-07 16:30:54,32.3,65.3,30.0
2026-09-07 16:31:24,32.3,65.0,28.3
2026-09-07 16:31:54,32.3,64.8,26.7
2026-09-07 16:32:24,32.3,65.1,25.8
2026-09-07 16:32:54,32.2,64.9,25.8
2026-09-07 16:33:24,32.2,64.9,25.8
2026-09-07 16:33:54,32.2,65.1,25.8
2026-09-07 16:34:25,32.2,65.1,25.8
2026-09-07 16:34:55,32.2,65.3,26.7
2026-09-07 16:35:25,32.2,65.0,26.7
2026-09-07 16:35:55,32.2,65.3,26.7
2026-09-07 16:36:25,32.2,65.5,26.7
2026-09-07 16:36:55,32.2,66.3,25.8
2026-09-07 16:37:25,32.2,66.3,25.8
2026-09-07 16:37:56,32.2,66.4,25.8
2026-09-07 16:38:26,32.2,66.9,25.0
2026-09-07 16:38:56,32.2,66.5,24.2
2026-09-07 16:39:26,32.2,66.8,23.3
2026-09-07 16:39:56,32.2,66.3,22.5
2026-09-07 16:40:26,32.2,65.9,22.5
2026-09-07 16:40:56,32.2,66.5,21.7
2026-09-07 16:41:26,32.2,66.4,21.7
2026-09-07 16:41:57,32.1,66.5,21.7
2026-09-07 16:42:27,32.2,66.4,21.7
2026-09-07 16:42:57,32.2,66.1,21.7
2026-09-07 16:43:27,32.2,66.6,21.7
2026-09-07 16:43:57,32.2,66.8,21.7
2026-09-07 16:44:27,32.2,66.9,21.7
2026-09-07 16:44:57,32.2,67.6,20.8
2026-09-07 16:45:28,32.1,66.6,19.2
2026-09-07 16:45:58,32.1,66.0,17.5
2026-09-07 16:46:28,32.1,66.5,16.7
2026-09-07 16:46:58,32.1,66.5,16.7
2026-09-07 16:47:28,32.2,66.6,16.7
2026-09-07 16:47:58,32.1,66.0,16.7
2026-09-07 16:48:28,32.1,66.1,17.5
2026-09-07 16:48:58,32.1,66.4,18.3
2026-09-07 16:49:29,32.1,66.7,18.3
2026-09-07 16:49:59,32.1,66.9,20.0
2026-09-07 16:50:29,32.1,67.3,20.8
2026-09-07 16:50:59,32.1,66.6,20.8
2026-09-07 16:51:29,32.1,66.6,20.8
2026-09-07 16:51:59,32.1,66.6,20.8
2026-09-07 16:52:29,32.1,66.9,20.0
2026-09-07 16:53:00,32.1,65.9,19.2
2026-09-07 16:53:30,32.1,65.9,18.3
2026-09-07 16:54:00,32.1,66.3,17.5
2026-09-07 16:54:30,32.1,66.6,17.5
2026-09-07 16:55:00,32.1,66.8,17.5
2026-09-07 16:55:30,32.1,66.7,18.3
2026-09-07 16:56:00,32.1,66.8,19.2
2026-09-07 16:56:31,32.1,65.8,19.2
2026-09-07 16:57:01,32.1,66.4,19.2
2026-09-07 16:57:31,32.1,67.0,18.3
2026-09-07 16:58:01,32.1,66.1,18.3
2026-09-07 16:58:31,32.1,66.8,17.5
2026-09-07 16:59:01,32.1,66.3,16.7
2026-09-07 16:59:31,32.1,66.3,15.8
2026-09-07 17:00:02,32.1,67.4,15.8
2026-09-07 17:00:32,32.1,66.6,15.0
2026-09-07 17:01:02,32.1,66.1,14.2
2026-09-07 17:01:32,32.1,66.5,14.2
2026-09-07 17:02:02,32.1,66.2,13.3
2026-09-07 17:02:32,32.1,66.6,13.3
2026-09-07 17:03:02,32.1,66.3,12.5
2026-09-07 17:03:33,32.1,66.6,12.5
2026-09-07 17:04:03,32.1,66.1,12.5
2026-09-07 17:04:33,32.1,66.3,12.5
2026-09-07 17:05:03,32.1,66.1,12.5
2026-09-07 17:05:33,32.1,67.4,12.5
2026-09-07 17:06:03,32.1,67.9,12.5
2026-09-07 17:06:33,32.2,66.7,12.5
2026-09-07 17:07:03,32.1,66.5,12.5
2026-09-07 17:07:34,32.1,65.9,12.5
2026-09-07 17:08:04,32.2,65.8,12.5
2026-09-07 17:08:34,32.1,66.7,12.5
2026-09-07 17:09:04,32.1,66.2,12.5
2026-09-07 17:09:34,32.1,66.1,12.5
2026-09-07 17:10:04,32.2,66.2,12.5
2026-09-07 17:10:34,32.2,66.9,12.5
2026-09-07 17:11:04,32.2,67.0,12.5
2026-09-07 17:11:34,32.2,65.8,12.5
2026-09-07 17:12:05,32.1,66.5,12.5
2026-09-07 17:12:35,32.2,66.7,12.5
2026-09-07 17:13:05,32.1,65.9,12.5
2026-09-07 17:13:35,32.2,66.7,12.5
2026-09-07 17:14:05,32.1,66.3,12.5
2026-09-07 17:14:35,32.1,66.2,12.5
2026-09-07 17:15:05,32.1,66.5,11.7
2026-09-07 17:15:35,32.1,66.3,11.7
2026-09-07 17:16:06,32.1,65.9,11.7
2026-09-07 17:16:36,32.1,65.9,10.8
2026-09-07 17:17:06,32.1,66.1,10.8
2026-09-07 17:17:36,32.1,66.3,13.3
2026-09-07 17:18:06,32.1,66.6,13.3
2026-09-07 17:18:36,32.1,67.4,12.5
2026-09-07 17:19:06,32.1,67.1,10.8
2026-09-07 17:19:36,32.1,67.8,10.0
2026-09-07 17:20:07,32.1,66.4,10.0
2026-09-07 17:20:37,32.1,66.8,10.0
2026-09-07 17:21:07,32.1,67.2,10.0
2026-09-07 17:21:37,32.1,67.4,9.2
2026-09-07 17:22:07,32.1,66.7,9.2
2026-09-07 17:22:37,32.1,67.1,14.2
2026-09-07 17:23:07,32.1,68.7,14.2
2026-09-07 17:23:38,32.2,65.7,13.3
2026-09-07 17:24:08,32.2,66.1,13.3
2026-09-07 17:24:38,32.1,66.1,13.3
2026-09-07 17:25:08,32.2,66.7,13.3
2026-09-07 17:25:38,32.2,66.8,12.5
2026-09-07 17:26:08,32.2,66.4,12.5
2026-09-07 17:26:38,32.2,66.9,12.5
2026-09-07 17:27:08,32.2,65.9,12.5
2026-09-07 17:27:38,32.2,66.2,12.5
2026-09-07 17:28:09,32.2,66.8,12.5
2026-09-07 17:28:39,32.2,66.4,12.5
2026-09-07 17:29:09,32.2,66.4,11.7
2026-09-07 17:29:39,32.3,66.3,11.7
2026-09-07 17:30:09,32.3,66.2,11.7
2026-09-07 17:30:39,32.2,66.6,11.7
2026-09-07 17:31:09,32.2,65.9,11.7
2026-09-07 17:31:40,32.2,66.1,11.7
2026-09-07 17:32:10,32.2,66.3,11.7
2026-09-07 17:32:40,32.2,66.8,11.7
2026-09-07 17:33:10,32.2,66.6,13.3
2026-09-07 17:33:40,32.3,66.7,11.7
2026-09-07 17:34:10,32.3,66.8,11.7
2026-09-07 17:34:40,32.3,66.0,10.8
2026-09-07 17:35:10,32.2,67.0,10.8
2026-09-07 17:35:41,32.2,67.5,10.8
2026-09-07 17:36:11,32.2,66.9,10.8
2026-09-07 17:36:41,32.2,67.1,10.8
2026-09-07 17:37:11,32.3,67.6,10.8
2026-09-07 17:37:41,32.3,67.2,10.8
2026-09-07 17:38:11,32.3,67.5,10.8
2026-09-07 17:38:41,32.3,67.6,10.8
2026-09-07 17:39:12,32.3,67.2,10.8
2026-09-07 17:39:42,32.3,67.1,10.8
2026-09-07 17:40:12,32.3,67.4,10.8
2026-09-07 17:40:42,32.3,67.4,10.8
2026-09-07 17:41:12,32.3,67.2,10.0
2026-09-07 17:41:42,32.3,67.2,10.0
2026-09-07 17:42:12,32.4,67.0,10.0
2026-09-07 17:42:42,32.3,66.8,10.0
2026-09-07 17:43:13,32.3,67.3,10.0
2026-09-07 17:43:43,32.3,67.3,10.0
2026-09-07 17:44:13,32.3,67.4,10.0
2026-09-07 17:44:43,32.3,67.1,10.0
2026-09-07 17:45:13,32.3,67.1,10.0
2026-09-07 17:45:43,32.3,67.1,10.0
2026-09-07 17:46:13,32.3,67.3,10.0
2026-09-07 17:46:44,32.3,67.0,9.2
2026-09-07 17:47:14,32.3,67.2,10.0
2026-09-07 17:47:44,32.3,67.2,9.2
2026-09-07 17:48:14,32.3,67.4,10.0
2026-09-07 17:48:44,32.3,67.3,9.2
2026-09-07 17:49:14,32.3,67.6,9.2
2026-09-07 17:49:44,32.4,68.4,9.2
2026-09-07 17:50:14,32.4,68.4,9.2
2026-09-07 17:50:45,32.4,68.2,9.2
2026-09-07 17:51:15,32.4,67.8,9.2
2026-09-07 17:51:45,32.3,68.3,9.2
2026-09-07 17:52:15,32.4,68.4,9.2
2026-09-07 17:52:45,32.4,68.6,9.2
2026-09-07 17:53:15,32.4,68.2,9.2
2026-09-07 17:53:45,32.4,68.6,8.3
2026-09-07 17:54:15,32.5,68.5,8.3
2026-09-07 17:54:46,32.5,68.4,8.3
2026-09-07 17:55:06,32.5,67.6,8.3
2026-09-07 17:55:36,32.5,66.9,8.3
2026-09-07 17:56:06,32.5,66.8,10.0
2026-09-07 17:56:36,32.4,66.9,7.5
2026-09-07 17:57:06,32.4,67.0,7.5
2026-09-07 17:57:36,32.4,66.8,7.5
2026-09-07 17:58:06,32.4,67.5,7.5
2026-09-07 17:58:36,32.4,67.4,7.5
2026-09-07 17:59:06,32.4,67.3,7.5
2026-09-07 17:59:36,32.4,67.4,7.5
2026-09-07 18:00:06,32.4,67.4,7.5
2026-09-07 18:00:36,32.4,67.8,7.5
2026-09-07 18:01:06,32.4,67.7,6.7
2026-09-07 18:01:36,32.4,67.5,6.7
2026-09-07 18:02:06,32.4,67.6,6.7
2026-09-07 18:02:36,32.4,67.5,6.7
2026-09-07 18:03:06,32.4,67.3,6.7
2026-09-07 18:03:36,32.4,67.5,6.7
2026-09-07 18:04:06,32.4,67.0,6.7
2026-09-07 18:04:36,32.4,66.8,6.7
2026-09-07 18:05:06,32.4,66.2,6.7
2026-09-07 18:05:36,32.4,67.3,6.7
2026-09-07 18:06:06,32.4,67.5,6.7
2026-09-07 18:06:36,32.4,67.8,5.8
2026-09-07 18:07:06,32.4,67.7,5.8
2026-09-07 18:07:36,32.4,67.5,5.8
2026-09-07 18:08:06,32.4,67.6,5.8
2026-09-07 18:08:36,32.4,67.4,13.3
2026-09-07 18:09:06,32.5,67.5,13.3
2026-09-07 18:09:36,32.5,67.5,12.5
2026-09-07 18:10:06,32.5,67.8,11.7
2026-09-07 18:10:36,32.5,67.1,10.8
2026-09-07 18:11:06,32.5,67.1,10.8
2026-09-07 18:11:36,32.5,67.5,10.8
2026-09-07 18:12:06,32.5,67.1,10.8
2026-09-07 18:12:36,32.5,67.5,10.8
2026-09-07 18:13:06,32.5,67.1,10.8
2026-09-07 18:13:36,32.5,67.3,10.8
2026-09-07 18:14:06,32.5,67.6,10.8
2026-09-07 18:14:36,32.5,67.1,10.8
2026-09-07 18:15:06,32.5,67.5,10.8
2026-09-07 18:15:36,32.5,67.3,10.8
2026-09-07 18:16:06,32.4,67.1,10.8
2026-09-07 18:16:36,32.4,67.0,10.8
2026-09-07 18:17:06,32.4,66.9,10.8
2026-09-07 18:17:36,32.4,66.9,10.8
2026-09-07 18:18:06,32.4,67.3,10.8
2026-09-07 18:18:36,32.4,67.6,10.0
2026-09-07 18:19:06,32.4,67.4,10.8
2026-09-07 18:19:36,32.5,66.8,8.3
2026-09-07 18:20:06,32.5,66.8,10.8
2026-09-07 18:20:36,32.5,66.8,10.0
2026-09-07 18:21:06,32.5,67.6,10.0
2026-09-07 18:21:36,32.5,67.3,10.0
2026-09-07 18:22:06,32.4,67.3,10.8
2026-09-07 18:22:36,32.4,67.5,8.3
2026-09-07 18:23:06,32.4,67.3,8.3
2026-09-07 18:23:36,32.5,66.8,10.8
2026-09-07 18:24:06,32.4,66.8,8.3
2026-09-07 18:24:36,32.4,67.1,8.3
2026-09-07 18:25:06,32.5,66.5,8.3
2026-09-07 18:25:36,32.4,66.8,8.3
2026-09-07 18:26:06,32.4,66.9,10.0
2026-09-07 18:26:36,32.4,67.2,8.3
2026-09-07 18:27:06,32.4,67.2,8.3
2026-09-07 18:27:36,32.4,67.0,8.3
2026-09-07 18:28:06,32.4,67.1,10.8
2026-09-07 18:28:36,32.4,67.1,10.0
2026-09-07 18:29:06,32.4,67.2,8.3
2026-09-07 18:29:36,32.4,67.1,8.3
2026-09-07 18:30:06,32.4,67.1,11.7
2026-09-07 18:30:36,32.3,67.4,8.3
2026-09-07 18:31:06,32.3,66.9,8.3
2026-09-07 18:31:36,32.4,67.3,10.0
2026-09-07 18:32:06,32.4,67.4,10.0
2026-09-07 18:32:36,32.3,67.5,8.3
2026-09-07 18:33:09,32.4,66.9,8.3
2026-09-07 18:33:39,32.4,67.0,8.3
2026-09-07 18:34:09,32.4,66.7,8.3
2026-09-07 18:34:39,32.3,67.0,8.3
2026-09-07 18:35:09,32.3,66.7,8.3
2026-09-07 18:35:39,32.3,66.9,8.3
2026-09-07 18:36:09,32.3,67.0,8.3
2026-09-07 18:36:39,32.3,67.0,8.3
2026-09-07 18:37:09,32.3,67.3,8.3
2026-09-07 18:37:39,32.3,67.3,8.3
2026-09-07 18:38:09,32.3,67.2,10.0
2026-09-07 18:38:39,32.3,67.8,10.0
2026-09-07 18:39:09,32.2,67.5,8.3
2026-09-07 18:39:39,32.3,67.4,8.3
2026-09-07 18:40:09,32.3,67.8,8.3
2026-09-07 18:40:39,32.2,67.4,8.3
2026-09-07 18:41:09,32.3,67.5,8.3
2026-09-07 18:41:39,32.3,67.8,9.2
2026-09-07 18:42:09,32.3,67.5,8.3
2026-09-07 18:42:39,32.3,67.5,8.3
2026-09-07 18:43:09,32.3,67.7,8.3
2026-09-07 18:43:39,32.3,67.6,8.3
2026-09-07 18:44:27,32.3,67.7,8.3
2026-09-07 18:44:54,32.3,68.1,9.2
2026-09-07 18:45:24,32.3,68.9,9.2
2026-09-07 18:45:54,32.3,68.6,10.0
2026-09-07 18:46:24,32.3,68.8,8.3
2026-09-07 18:46:54,32.3,69.0,8.3
2026-09-07 18:47:24,32.3,69.2,8.3
2026-09-07 18:47:54,32.2,69.3,8.3
2026-09-07 18:48:24,32.2,69.5,10.0
2026-09-07 18:48:54,32.2,70.0,8.3
2026-09-07 18:49:24,32.2,69.8,8.3
2026-09-07 18:49:54,32.2,70.1,8.3
2026-09-07 18:50:24,32.2,70.2,8.3
2026-09-07 18:50:54,32.2,70.2,10.0
2026-09-07 18:51:24,32.2,70.4,8.3
2026-09-07 18:51:54,32.2,70.5,8.3
2026-09-07 18:52:24,32.2,70.8,8.3
2026-09-07 18:52:54,32.2,71.3,8.3
2026-09-07 18:53:24,32.1,71.5,8.3
2026-09-07 18:53:54,32.1,71.7,8.3
2026-09-07 18:54:24,32.1,71.7,9.2
2026-09-07 18:54:54,32.1,71.9,8.3
2026-09-07 18:55:24,32.1,72.2,9.2
2026-09-07 18:55:54,32.1,72.7,10.0
2026-09-07 18:56:24,32.0,72.6,8.3
2026-09-07 18:56:54,32.0,72.8,10.8
2026-09-07 18:57:24,32.0,73.1,9.2
2026-09-07 18:57:54,32.0,73.2,9.2
2026-09-07 18:58:24,32.0,73.2,8.3
2026-09-07 18:58:54,32.0,73.4,8.3
2026-09-07 18:59:24,32.0,73.5,8.3
2026-09-07 18:59:54,32.0,73.6,10.0
2026-09-07 19:00:24,31.9,73.6,10.0
2026-09-07 19:00:54,32.0,73.7,10.0
2026-09-07 19:01:24,32.0,73.7,8.3
2026-09-07 19:01:54,32.0,73.8,9.2
2026-09-07 19:02:24,32.0,73.8,9.2
2026-09-07 19:02:54,32.0,73.8,8.3
2026-09-07 19:03:24,32.0,73.8,8.3
2026-09-07 19:03:54,32.0,73.9,8.3
2026-09-07 19:04:24,31.9,73.9,8.3
2026-09-07 19:04:54,32.0,74.0,8.3
2026-09-07 19:05:24,31.9,74.0,8.3
2026-09-07 19:05:54,31.9,74.1,8.3
2026-09-07 19:06:24,31.9,74.1,10.0
2026-09-07 19:06:54,31.9,74.3,10.0
2026-09-07 19:07:24,32.0,74.2,10.8
2026-09-07 19:07:54,31.9,74.2,7.5
2026-09-07 19:08:24,31.9,74.2,7.5
2026-09-07 19:08:54,31.9,74.3,7.5
2026-09-07 19:09:24,31.9,74.4,7.5
2026-09-07 19:09:54,31.9,74.5,7.5
2026-09-07 19:10:24,31.9,74.5,7.5
2026-09-07 19:10:54,31.8,74.6,7.5
2026-09-07 19:11:24,31.8,74.7,7.5
2026-09-07 19:11:54,31.8,74.7,7.5
2026-09-07 19:12:24,31.8,74.8,7.5
2026-09-07 19:12:54,31.8,74.8,7.5
2026-09-07 19:13:24,31.8,74.9,8.3
2026-09-07 19:13:54,31.8,75.0,10.8
2026-09-07 19:14:24,31.8,75.1,9.2
2026-09-07 19:14:54,31.8,75.0,8.3
2026-09-07 19:15:24,31.8,75.1,8.3
2026-09-07 19:15:54,31.8,75.1,8.3
2026-09-07 19:16:24,31.8,75.1,8.3
2026-09-07 19:16:54,31.8,75.1,8.3
2026-09-07 19:17:24,31.8,75.0,8.3
2026-09-07 19:17:54,31.8,75.1,8.3
2026-09-07 19:18:24,31.8,75.0,8.3
2026-09-07 19:18:54,31.8,75.1,8.3
2026-09-07 19:19:24,31.8,75.1,8.3
2026-09-07 19:19:54,31.8,75.1,10.0
2026-09-07 19:20:24,31.8,75.2,10.0
2026-09-07 19:20:54,31.8,75.3,10.0
2026-09-07 19:21:24,31.8,75.3,8.3
2026-09-07 19:21:54,31.8,75.2,8.3
2026-09-07 19:22:24,31.8,75.3,8.3
2026-09-07 19:22:54,31.8,75.4,10.8
2026-09-07 19:23:24,31.8,75.4,10.8
2026-09-07 19:23:54,31.8,75.6,10.8
2026-09-07 19:24:24,31.8,75.5,10.8
2026-09-07 19:24:54,31.8,75.7,10.8
2026-09-07 19:25:24,31.8,75.8,12.5
2026-09-07 19:25:54,31.8,75.8,10.8
2026-09-07 19:26:24,31.7,75.9,15.8
2026-09-07 19:26:54,31.8,75.9,10.8
2026-09-07 19:27:24,31.8,76.1,10.8
2026-09-07 19:27:54,31.8,76.0,10.8
2026-09-07 19:28:24,31.8,75.6,10.8
2026-09-07 19:28:54,31.7,75.9,10.8
2026-09-07 19:29:24,31.7,76.1,13.3
2026-09-07 19:29:54,31.7,76.5,10.8
2026-09-07 19:30:24,31.6,76.8,10.8
2026-09-07 19:30:54,31.7,76.5,10.8
2026-09-07 19:31:24,31.7,76.6,11.7
2026-09-07 19:31:54,31.7,76.2,12.5
2026-09-07 19:32:24,31.6,76.1,10.0
2026-09-07 19:32:54,31.6,76.3,11.7
2026-09-07 19:33:24,31.6,76.4,10.8
2026-09-07 19:33:54,31.6,76.4,10.8
2026-09-07 19:34:24,31.6,76.6,10.8
2026-09-07 19:34:54,31.6,76.8,10.8
2026-09-07 19:35:24,31.6,76.5,10.0
2026-09-07 19:35:54,31.6,76.6,10.0
2026-09-07 19:36:24,31.6,76.8,10.8
2026-09-07 19:36:54,31.6,77.0,10.0
2026-09-07 19:37:24,31.6,77.0,10.0
2026-09-07 19:37:54,31.7,76.7,10.0
2026-09-07 19:38:24,31.7,76.8,10.8
2026-09-07 19:38:54,31.7,76.2,10.0
2026-09-07 19:39:24,31.7,76.5,10.8
2026-09-07 19:39:54,31.6,77.4,10.8
2026-09-07 19:40:24,31.7,76.5,10.0
2026-09-07 19:40:54,31.7,77.7,10.0
2026-09-07 19:41:24,31.7,77.0,10.8
2026-09-07 19:41:54,31.7,76.4,10.8
2026-09-07 19:42:24,31.7,76.5,10.8
2026-09-07 19:42:54,31.7,76.7,10.8
2026-09-07 19:43:24,31.7,77.0,10.8
2026-09-07 19:43:54,31.7,76.1,10.8
2026-09-07 19:44:24,31.7,76.1,10.8
2026-09-07 19:44:54,31.7,76.2,10.0
2026-09-07 19:45:24,31.7,76.3,10.8
2026-09-07 19:45:54,31.7,76.8,10.0
2026-09-07 19:46:24,31.7,76.2,10.0
2026-09-07 19:46:54,31.7,76.4,10.8
2026-09-07 19:47:24,31.6,76.6,10.8
2026-09-07 19:47:54,31.6,75.3,10.8
2026-09-07 19:48:24,31.6,75.3,10.8
2026-09-07 19:48:54,31.6,76.8,10.8
2026-09-07 19:49:24,31.6,76.3,10.8
2026-09-07 19:49:54,31.6,76.1,10.8
2026-09-07 19:50:24,31.6,76.5,10.8
2026-09-07 19:50:54,31.6,76.7,10.8
2026-09-07 19:51:24,31.6,76.7,10.8
2026-09-07 19:51:54,31.6,76.9,10.0
2026-09-07 19:52:24,31.6,76.7,10.8
2026-09-07 19:52:54,31.6,77.0,10.8
2026-09-07 19:53:24,31.6,77.1,10.8
2026-09-07 19:53:54,31.6,77.3,10.8
2026-09-07 19:54:24,31.7,77.0,10.8
2026-09-07 19:54:54,31.7,76.9,10.8
2026-09-07 19:55:24,31.7,77.1,10.8
2026-09-07 19:55:54,31.7,77.3,10.8
2026-09-07 19:56:24,31.7,77.0,10.0
2026-09-07 19:56:54,31.7,76.8,10.8
2026-09-07 19:57:24,31.7,76.7,10.0
2026-09-07 19:57:54,31.7,76.4,10.0
2026-09-07 19:58:24,31.7,76.5,10.0
2026-09-07 19:58:54,31.7,76.9,10.0
2026-09-07 19:59:24,31.7,77.5,10.0
2026-09-07 19:59:54,31.7,77.7,10.0
2026-09-07 20:00:24,31.7,77.8,10.0
2026-09-07 20:00:54,31.8,77.6,10.8
2026-09-07 20:01:24,31.8,77.1,10.8
2026-09-07 20:01:54,31.7,77.6,10.8
2026-09-07 20:02:24,31.7,77.8,10.8
2026-09-07 20:02:54,31.7,77.8,10.8
2026-09-07 20:03:24,31.7,78.1,10.0
2026-09-07 20:03:54,31.7,77.3,10.8
2026-09-07 20:04:24,31.7,76.8,10.8
2026-09-07 20:04:54,31.7,77.2,10.0
2026-09-07 20:05:24,31.7,77.3,10.8
2026-09-07 20:05:54,31.7,77.9,9.2
2026-09-07 20:06:24,31.7,77.9,9.2
2026-09-07 20:06:54,31.7,77.4,9.2
2026-09-07 20:07:24,31.7,77.6,9.2
2026-09-07 20:07:54,31.6,77.2,9.2
2026-09-07 20:08:24,31.6,77.8,9.2
2026-09-07 20:08:54,31.6,77.9,9.2
2026-09-07 20:09:24,31.6,77.7,9.2
2026-09-07 20:09:54,31.6,77.6,10.8
2026-09-07 20:10:24,31.6,78.5,10.8
2026-09-07 20:10:54,31.6,79.1,10.0
2026-09-07 20:11:24,31.6,78.3,10.0
2026-09-07 20:12:07,31.7,77.8,10.8
2026-09-07 20:12:33,31.7,77.7,10.8
2026-09-07 20:13:03,31.7,77.1,10.8
2026-09-07 20:13:33,31.6,77.4,10.8
2026-09-07 20:14:03,31.6,77.3,10.8
2026-09-07 20:14:33,31.6,77.0,10.8
2026-09-07 20:15:03,31.6,76.4,10.8
2026-09-07 20:15:33,31.6,77.2,10.8
2026-09-07 20:16:03,31.6,77.3,10.8
2026-09-07 20:16:33,31.6,77.9,10.8
2026-09-07 20:17:03,31.5,77.3,10.8
2026-09-07 20:17:33,31.5,76.7,10.8
2026-09-07 20:18:03,31.5,77.6,10.8
2026-09-07 20:18:33,31.5,77.8,10.8
2026-09-07 20:19:03,31.5,78.0,10.8
2026-09-07 20:19:33,31.5,78.4,10.8
2026-09-07 20:20:03,31.5,78.3,10.8
2026-09-07 20:20:33,31.5,78.5,10.8
2026-09-07 20:21:03,31.5,77.3,10.8
2026-09-07 20:21:33,31.5,77.4,10.8
2026-09-07 20:22:03,31.5,78.4,10.8
2026-09-07 20:22:33,31.5,77.9,10.8
2026-09-07 20:23:03,31.5,78.1,10.8
2026-09-07 20:23:33,31.5,78.1,10.8
2026-09-07 20:24:03,31.6,77.7,10.8
2026-09-07 20:24:33,31.6,77.9,10.8
2026-09-07 20:25:03,31.6,78.1,10.8
2026-09-07 20:25:33,31.6,78.1,10.8
2026-09-07 20:26:03,31.6,78.1,10.8
2026-09-07 20:26:33,31.5,77.8,10.8
2026-09-07 20:27:03,31.6,78.0,10.8
2026-09-07 20:27:33,31.5,78.6,10.8
2026-09-07 20:28:03,31.6,78.0,10.8
2026-09-07 20:28:33,31.5,77.8,10.8
2026-09-07 20:29:03,31.6,78.6,10.8
2026-09-07 20:29:33,31.6,78.3,10.8
2026-09-07 20:30:03,31.6,77.7,10.8
2026-09-07 20:30:33,31.6,77.6,10.8
2026-09-07 20:31:03,31.6,77.9,10.8
2026-09-07 20:31:33,31.6,78.3,10.8
2026-09-07 20:32:03,31.6,78.4,10.8
2026-09-07 20:32:33,31.6,78.2,10.8
2026-09-07 20:33:03,31.6,77.4,10.8
2026-09-07 20:33:33,31.6,77.3,10.8
2026-09-07 20:34:03,31.6,77.5,10.8
2026-09-07 20:34:33,31.5,77.6,10.8
2026-09-07 20:35:03,31.5,77.6,11.7
2026-09-07 20:35:33,31.5,78.2,10.8
2026-09-07 20:36:03,31.5,78.6,10.8
2026-09-07 20:36:33,31.5,78.2,10.8
2026-09-07 20:37:03,31.5,78.3,10.0
2026-09-07 20:37:33,31.5,77.8,10.8
2026-09-07 20:38:03,31.5,77.9,10.8
2026-09-07 20:38:33,31.5,78.3,10.8
2026-09-07 20:39:03,31.5,78.3,10.8
2026-09-07 20:39:33,31.5,78.4,10.8
2026-09-07 20:40:03,31.5,77.7,10.8
2026-09-07 20:40:33,31.5,77.7,10.8
2026-09-07 20:41:03,31.5,77.6,10.8
2026-09-07 20:41:33,31.5,77.6,10.8
2026-09-07 20:42:03,31.5,77.8,10.8
2026-09-07 20:42:33,31.5,78.0,10.8
2026-09-07 20:43:03,31.4,77.8,10.8
2026-09-07 20:43:33,31.4,78.1,10.8
2026-09-07 20:44:03,31.4,78.2,10.8
2026-09-07 20:44:33,31.4,78.1,10.8
2026-09-07 20:45:03,31.4,78.1,10.8
2026-09-07 20:45:33,31.4,78.2,10.8
2026-09-07 20:46:03,31.3,78.2,10.8
2026-09-07 20:46:33,31.3,78.7,10.8
2026-09-07 20:47:03,31.3,78.0,10.8
2026-09-07 20:47:33,31.3,78.9,10.8
2026-09-07 20:48:03,31.3,78.7,10.8
2026-09-07 20:48:33,31.3,78.7,10.8
2026-09-07 20:49:03,31.3,78.8,10.8
2026-09-07 20:49:33,31.3,78.7,10.8
2026-09-07 20:50:03,31.3,79.1,10.8
2026-09-07 20:50:33,31.3,79.1,10.8
2026-09-07 20:51:03,31.3,79.3,10.8
2026-09-07 20:51:33,31.3,79.2,10.8
2026-09-07 20:52:03,31.3,79.7,10.8
2026-09-07 20:52:33,31.3,79.3,10.8
2026-09-07 20:53:03,31.3,79.1,10.8
2026-09-07 20:53:33,31.3,79.2,10.8
2026-09-07 20:54:03,31.3,79.3,10.8
2026-09-07 20:54:33,31.3,79.2,10.8
2026-09-07 20:55:03,31.3,78.4,10.8
2026-09-07 20:55:33,31.3,78.8,10.8
2026-09-07 20:56:03,31.3,78.9,10.8
2026-09-07 20:56:33,31.3,79.1,10.8
2026-09-07 20:57:03,31.3,78.9,10.8
2026-09-07 20:57:33,31.2,78.9,10.8
2026-09-07 20:58:03,31.2,79.2,10.8
2026-09-07 20:58:33,31.2,79.4,10.8
2026-09-07 20:59:03,31.2,79.1,10.8
2026-09-07 20:59:33,31.2,79.1,10.8
2026-09-07 21:00:03,31.2,79.4,10.8
2026-09-07 21:00:33,31.2,78.9,10.8
2026-09-07 21:01:03,31.2,79.5,10.8
2026-09-07 21:01:33,31.2,79.6,10.8
2026-09-07 21:02:03,31.2,79.5,10.0
2026-09-07 21:02:33,31.2,79.4,10.8
2026-09-07 21:03:03,31.2,79.4,10.8
2026-09-07 21:03:33,31.2,79.6,10.8
2026-09-07 21:04:03,31.2,79.4,10.8
2026-09-07 21:04:33,31.2,79.5,10.8
2026-09-07 21:05:03,31.2,79.5,10.8
2026-09-07 21:05:33,31.2,79.3,10.0
2026-09-07 21:06:03,31.2,79.3,10.8
2026-09-07 21:06:33,31.3,79.2,10.8
2026-09-07 21:07:03,31.2,79.1,10.0
2026-09-07 21:07:33,31.2,79.1,10.0
2026-09-07 21:08:03,31.2,79.3,10.8
2026-09-07 21:08:33,31.2,79.4,10.0
2026-09-07 21:09:03,31.2,79.6,10.8
2026-09-07 21:09:33,31.3,79.4,10.0
2026-09-07 21:10:03,31.3,79.4,10.0
2026-09-07 21:10:33,31.3,79.3,10.8
2026-09-07 21:11:03,31.3,79.4,10.8
2026-09-07 21:11:33,31.3,79.2,10.8
2026-09-07 21:12:03,31.3,79.4,10.8
2026-09-07 21:12:33,31.3,79.5,10.8
2026-09-07 21:13:03,31.3,79.6,10.8
2026-09-07 21:13:33,31.3,79.6,10.8
2026-09-07 21:14:03,31.3,79.6,10.8
2026-09-07 21:14:33,31.3,79.3,10.8
2026-09-07 21:15:03,31.3,79.5,10.8
2026-09-07 21:15:33,31.3,79.7,10.8
2026-09-07 21:16:03,31.3,79.6,10.8
2026-09-07 21:16:33,31.4,79.5,10.8
2026-09-07 21:17:03,31.4,79.0,10.8
2026-09-07 21:17:33,31.4,79.4,10.8
2026-09-07 21:18:03,31.3,79.4,10.8
2026-09-07 21:18:33,31.4,79.1,10.8
2026-09-07 21:19:03,31.4,79.1,10.8
2026-09-07 21:19:33,31.4,79.2,10.8
2026-09-07 21:20:03,31.4,79.4,10.8
2026-09-07 21:20:33,31.4,79.4,8.3
2026-09-07 21:21:03,31.4,79.3,8.3
2026-09-07 21:21:33,31.3,79.6,8.3
2026-09-07 21:22:03,31.3,79.3,10.8
2026-09-07 21:22:33,31.3,79.5,8.3
2026-09-07 21:23:03,31.3,79.3,8.3
2026-09-07 21:23:33,31.3,79.2,8.3
2026-09-07 21:24:03,31.3,79.2,8.3
2026-09-07 21:24:33,31.3,79.4,8.3
2026-09-07 21:25:03,31.3,79.2,10.8
2026-09-07 21:25:33,31.3,79.7,8.3
2026-09-07 21:26:03,31.3,79.6,8.3
2026-09-07 21:26:33,31.3,79.8,8.3
2026-09-07 21:27:03,31.3,79.9,8.3
2026-09-07 21:27:33,31.3,79.8,8.3
2026-09-07 21:28:03,31.3,79.8,8.3
2026-09-07 21:28:33,31.2,79.8,8.3
2026-09-07 21:29:03,31.2,79.9,8.3
2026-09-07 21:29:33,31.3,79.7,8.3
2026-09-07 21:30:03,31.2,79.8,8.3
2026-09-07 21:30:33,31.3,79.6,8.3
2026-09-07 21:31:03,31.3,79.8,8.3
2026-09-07 21:31:33,31.3,79.1,8.3
2026-09-07 21:32:03,31.3,79.4,8.3
2026-09-07 21:32:33,31.3,79.6,8.3
2026-09-07 21:33:03,31.2,79.6,8.3
2026-09-07 21:33:33,31.3,79.4,8.3
2026-09-07 21:34:03,31.2,79.5,8.3
2026-09-07 21:34:33,31.2,79.6,8.3
2026-09-07 21:35:03,31.2,79.9,8.3
2026-09-07 21:35:33,31.2,80.0,8.3
2026-09-07 21:36:03,31.2,79.9,8.3
2026-09-07 21:36:33,31.2,79.7,8.3
2026-09-07 21:37:03,31.2,79.8,8.3
2026-09-07 21:37:33,31.3,79.8,8.3
2026-09-07 21:38:03,31.3,79.7,8.3
2026-09-07 21:38:33,31.3,79.0,10.8
2026-09-07 21:39:03,31.4,79.4,8.3
2026-09-07 21:39:33,31.4,79.9,8.3
2026-09-07 21:40:03,31.5,79.5,10.8
2026-09-07 21:40:33,31.5,79.5,10.0
2026-09-07 21:41:03,31.6,79.3,10.0
2026-09-07 21:41:33,31.6,79.3,10.8
2026-09-07 21:42:03,31.6,79.4,10.0
2026-09-07 21:42:33,31.6,79.3,10.0
2026-09-07 21:43:03,31.6,79.2,10.0
2026-09-07 21:43:33,31.7,78.6,10.0
2026-09-07 21:44:03,31.7,78.5,10.0
2026-09-07 21:44:33,31.7,78.6,10.0
2026-09-07 21:45:03,31.7,78.3,10.0
2026-09-07 21:45:33,31.7,78.3,10.0
2026-09-07 21:46:03,31.6,78.8,10.0
2026-09-07 21:46:33,31.6,78.7,10.0
2026-09-07 21:47:03,31.6,78.2,10.0
2026-09-07 21:47:33,31.6,78.7,10.0
2026-09-07 21:48:03,31.6,78.5,10.0
2026-09-07 21:48:33,31.5,78.3,10.0
2026-09-07 21:49:03,31.5,78.7,10.0
2026-09-07 21:49:33,31.5,79.2,10.0
2026-09-07 21:50:03,31.5,79.5,10.0
2026-09-07 21:50:33,31.5,79.4,10.0
2026-09-07 21:51:03,31.5,79.2,10.0
2026-09-07 21:51:33,31.5,79.5,10.0
2026-09-07 21:52:03,31.5,79.3,10.0
2026-09-07 21:52:33,31.5,79.0,10.0
2026-09-07 21:53:03,31.5,78.3,10.0
2026-09-07 21:53:33,31.5,78.3,10.0
2026-09-07 21:54:03,31.5,78.8,10.0
2026-09-07 21:54:33,31.4,78.9,10.0
2026-09-07 21:55:03,31.4,78.7,10.0
2026-09-07 21:55:33,31.4,78.7,10.0
2026-09-07 21:56:03,31.4,79.2,10.0
2026-09-07 21:56:33,31.4,79.0,10.0
2026-09-07 21:57:05,31.4,79.2,10.0
2026-09-07 21:57:35,31.3,79.7,10.0
2026-09-07 21:58:05,31.3,79.2,10.0
2026-09-07 21:58:35,31.3,79.7,10.0
2026-09-07 21:59:05,31.3,79.4,10.0
2026-09-07 21:59:35,31.4,79.6,9.2
2026-09-07 22:00:05,31.4,79.1,9.2
2026-09-07 22:00:35,31.4,78.7,9.2
2026-09-07 22:01:05,31.4,79.0,7.5
2026-09-07 22:01:35,31.3,79.2,7.5
2026-09-07 22:02:05,31.3,79.7,7.5
2026-09-07 22:02:35,31.3,79.1,7.5
2026-09-07 22:03:05,31.3,79.1,7.5
2026-09-07 22:03:35,31.3,79.0,7.5
2026-09-07 22:04:05,31.3,79.0,7.5
2026-09-07 22:04:35,31.3,79.1,7.5
2026-09-07 22:05:05,31.3,78.9,7.5
2026-09-07 22:05:35,31.3,79.0,7.5
2026-09-07 22:06:05,31.3,78.9,7.5
2026-09-07 22:06:35,31.3,79.1,7.5
2026-09-07 22:07:05,31.3,79.1,7.5
2026-09-07 22:07:35,31.3,79.0,8.3
2026-09-07 22:08:05,31.3,79.2,8.3
2026-09-07 22:08:35,31.3,79.1,8.3
2026-09-07 22:09:05,31.3,79.1,8.3
2026-09-07 22:09:35,31.3,79.2,8.3
2026-09-07 22:10:05,31.3,79.1,8.3
2026-09-07 22:10:35,31.3,79.2,8.3
2026-09-07 22:11:05,31.2,79.1,8.3
2026-09-07 22:11:35,31.3,79.2,8.3
2026-09-07 22:12:05,31.2,79.2,8.3
2026-09-07 22:12:35,31.2,79.4,8.3
2026-09-07 22:13:05,31.2,79.4,8.3
2026-09-07 22:13:35,31.2,79.4,8.3
2026-09-07 22:14:05,31.2,79.3,8.3
2026-09-07 22:14:35,31.2,79.3,8.3
2026-09-07 22:15:05,31.2,79.6,8.3
2026-09-07 22:15:35,31.2,79.5,8.3
2026-09-07 22:16:06,31.2,79.4,10.0
2026-09-07 22:16:36,31.2,79.5,8.3
2026-09-07 22:17:06,31.2,79.4,8.3
2026-09-07 22:17:36,31.2,79.5,8.3
2026-09-07 22:18:06,31.1,79.6,8.3
2026-09-07 22:18:36,31.1,79.7,8.3
2026-09-07 22:19:06,31.1,79.8,8.3
2026-09-07 22:19:36,31.1,79.8,8.3
2026-09-07 22:20:06,31.1,79.8,8.3
2026-09-07 22:20:36,31.0,80.0,8.3
2026-09-07 22:21:06,31.0,80.1,8.3
2026-09-07 22:21:36,31.0,80.3,8.3
2026-09-07 22:22:06,31.0,80.4,8.3
2026-09-07 22:22:36,31.0,80.5,8.3
2026-09-07 22:23:06,30.9,80.5,8.3
2026-09-07 22:23:36,30.9,80.6,8.3
2026-09-07 22:24:06,30.9,80.6,8.3
2026-09-07 22:24:36,30.9,80.6,8.3
2026-09-07 22:25:06,30.9,80.6,8.3
2026-09-07 22:25:36,30.9,80.7,8.3
2026-09-07 22:26:06,30.9,80.8,8.3
2026-09-07 22:26:36,30.9,80.7,8.3
2026-09-07 22:27:06,30.8,80.8,8.3
2026-09-07 22:27:36,30.8,80.9,8.3
2026-09-07 22:28:06,30.8,81.1,8.3
2026-09-07 22:28:36,30.8,81.2,7.5
2026-09-07 22:29:06,30.8,81.1,8.3
2026-09-07 22:29:36,30.8,81.1,8.3
2026-09-07 22:30:06,30.8,81.1,8.3
2026-09-07 22:30:36,30.8,81.1,8.3
2026-09-07 22:31:06,30.8,81.2,8.3
2026-09-07 22:31:36,30.8,81.2,8.3
2026-09-07 22:32:06,30.8,81.3,8.3
2026-09-07 22:32:36,30.8,81.6,8.3
2026-09-07 22:33:06,30.7,81.6,8.3
2026-09-07 22:33:36,30.7,81.7,8.3
2026-09-07 22:34:06,30.8,81.7,8.3
2026-09-07 22:34:36,30.8,81.6,8.3
2026-09-07 22:35:06,30.8,81.6,8.3
2026-09-07 22:35:36,30.8,81.5,8.3
2026-09-07 22:36:06,30.8,81.4,8.3
2026-09-07 22:36:36,30.8,81.7,8.3
2026-09-07 22:37:06,30.8,81.3,8.3
2026-09-07 22:37:36,30.8,81.2,7.5
2026-09-07 22:38:11,30.8,81.2,7.5
2026-09-07 22:38:41,30.8,81.4,7.5
2026-09-07 22:39:11,30.8,81.3,7.5
2026-09-07 22:39:41,30.8,81.3,7.5
2026-09-07 22:40:11,30.8,81.3,7.5
2026-09-07 22:40:41,30.8,81.2,7.5
2026-09-07 22:41:11,30.8,81.2,7.5
2026-09-07 22:41:59,30.8,81.4,7.5
2026-09-07 22:42:52,30.8,81.5,7.5
2026-09-07 22:43:04,30.8,81.5,7.5
2026-09-07 22:43:34,30.8,81.4,7.5
2026-09-07 22:44:04,30.8,81.5,7.5
2026-09-07 22:44:34,30.8,81.2,7.5
2026-09-07 22:45:04,30.8,81.3,7.5
2026-09-07 22:45:34,30.8,81.3,7.5
2026-09-07 22:46:04,30.8,81.2,7.5
2026-09-07 22:46:34,30.8,81.4,7.5
2026-09-07 22:47:04,30.8,81.5,7.5
2026-09-07 22:47:34,30.8,81.3,7.5
2026-09-07 22:48:04,30.8,81.3,7.5
2026-09-07 22:48:34,30.8,81.3,7.5
2026-09-07 22:49:04,30.8,81.3,7.5
2026-09-07 22:49:37,30.8,81.3,7.5
2026-09-07 22:50:07,30.8,81.4,7.5
2026-09-07 22:50:37,30.8,81.6,7.5
2026-09-07 22:51:07,30.8,81.4,7.5
2026-09-07 22:51:37,30.8,81.2,7.5
2026-09-07 22:52:07,30.8,81.4,7.5
2026-09-07 22:52:37,30.8,81.4,7.5
2026-09-07 22:53:07,30.8,81.3,7.5
2026-09-07 22:53:37,30.8,81.3,7.5
2026-09-07 22:54:07,30.8,81.4,7.5
2026-09-07 22:54:37,30.8,81.5,7.5
2026-09-07 22:55:07,30.8,81.4,7.5
2026-09-07 22:55:37,30.8,81.5,7.5
2026-09-07 22:56:07,30.8,81.3,7.5
2026-09-07 22:56:37,30.8,81.3,7.5
2026-09-07 22:57:07,30.8,81.2,7.5
2026-09-07 22:57:37,30.8,81.0,7.5
2026-09-07 22:58:07,30.8,81.3,7.5
2026-09-07 22:58:37,30.8,81.1,7.5
2026-09-07 22:59:07,30.8,81.0,7.5
2026-09-07 22:59:37,30.8,81.3,7.5
2026-09-07 23:00:07,30.8,81.1,7.5
2026-09-07 23:00:37,30.8,81.3,7.5
2026-09-07 23:01:07,30.8,81.2,7.5
2026-09-07 23:01:37,30.8,81.3,7.5
2026-09-07 23:02:07,30.7,81.3,7.5
2026-09-07 23:02:37,30.7,81.5,7.5
2026-09-07 23:03:09,30.8,81.5,7.5
2026-09-07 23:03:39,30.7,81.6,7.5
2026-09-07 23:04:09,30.7,81.5,7.5
2026-09-07 23:04:39,30.7,81.5,7.5
2026-09-07 23:05:09,30.7,81.6,7.5
2026-09-07 23:05:39,30.7,81.5,7.5
2026-09-07 23:06:09,30.7,81.6,7.5
2026-09-07 23:06:39,30.8,81.5,7.5
2026-09-07 23:07:09,30.7,81.5,7.5
2026-09-07 23:07:39,30.8,81.6,7.5
2026-09-07 23:08:09,30.7,81.6,7.5
2026-09-07 23:08:39,30.7,81.6,7.5
2026-09-07 23:09:09,30.8,81.6,7.5
2026-09-07 23:09:39,30.8,81.4,7.5
2026-09-07 23:10:11,30.8,81.3,7.5
2026-09-07 23:10:41,30.8,81.3,7.5
2026-09-07 23:11:11,30.8,81.3,7.5
2026-09-07 23:11:41,30.8,81.3,7.5
2026-09-07 23:12:11,30.8,81.3,7.5
2026-09-07 23:12:41,30.8,81.2,7.5
2026-09-07 23:13:11,30.8,81.2,7.5
2026-09-07 23:13:53,30.8,81.3,7.5
2026-09-07 23:14:20,30.8,81.2,7.5
2026-09-07 23:14:50,30.8,81.2,7.5
2026-09-07 23:15:20,30.8,81.3,10.0
2026-09-07 23:15:50,30.8,81.3,10.0
2026-09-07 23:16:20,30.7,81.3,10.0
2026-09-07 23:16:50,30.8,81.2,10.0
2026-09-07 23:17:20,30.7,81.4,7.5
2026-09-07 23:17:50,30.7,81.4,7.5
2026-09-07 23:18:20,30.8,81.2,7.5
2026-09-07 23:18:50,30.8,81.1,7.5
2026-09-07 23:19:22,30.8,81.0,7.5
2026-09-07 23:19:52,30.8,80.9,7.5
2026-09-07 23:20:22,30.8,80.9,7.5
2026-09-07 23:20:52,30.8,80.9,7.5
2026-09-07 23:21:22,30.8,81.0,7.5
2026-09-07 23:21:52,30.8,81.0,7.5
2026-09-07 23:22:22,30.8,81.0,7.5
2026-09-07 23:22:52,30.8,80.9,7.5
2026-09-07 23:23:22,30.8,80.8,7.5
2026-09-07 23:23:52,30.8,80.8,7.5
2026-09-07 23:24:22,30.8,80.6,7.5
2026-09-07 23:24:52,30.8,80.6,7.5
2026-09-07 23:25:22,30.8,80.6,7.5
2026-09-07 23:25:52,30.8,80.5,7.5
2026-09-07 23:26:22,30.8,80.3,7.5
2026-09-07 23:26:52,30.7,80.5,7.5
2026-09-07 23:27:54,30.7,80.6,7.5
2026-09-07 23:28:15,30.8,80.1,7.5
2026-09-07 23:28:45,30.8,80.4,7.5
2026-09-07 23:29:15,30.7,80.2,7.5
2026-09-07 23:29:45,30.7,80.3,7.5
2026-09-07 23:30:15,30.7,80.2,7.5
2026-09-07 23:30:45,30.8,80.7,7.5
2026-09-07 23:31:15,30.7,80.0,7.5
2026-09-07 23:31:45,30.8,80.2,7.5
2026-09-07 23:32:15,30.8,80.2,7.5
2026-09-07 23:32:45,30.8,80.6,7.5
2026-09-07 23:33:15,30.8,80.1,7.5
2026-09-07 23:33:45,30.8,79.7,9.2
2026-09-07 23:34:15,30.8,80.3,7.5
2026-09-07 23:34:45,30.8,80.7,7.5
2026-09-07 23:35:15,30.9,79.8,7.5
2026-09-07 23:35:45,30.9,80.1,7.5
2026-09-07 23:36:15,30.9,79.5,7.5
2026-09-07 23:36:45,30.9,80.4,7.5
2026-09-07 23:37:15,30.9,80.0,7.5
2026-09-07 23:37:45,31.0,79.8,7.5
2026-09-07 23:38:15,31.0,80.5,7.5
2026-09-07 23:38:45,31.0,79.7,7.5
2026-09-07 23:39:15,31.0,79.7,8.3
2026-09-07 23:39:45,31.1,79.8,10.0
2026-09-07 23:40:15,31.1,78.9,4.2
2026-09-07 23:40:45,31.1,78.8,4.2
2026-09-07 23:41:15,31.1,78.4,4.2
2026-09-07 23:41:45,31.1,79.4,4.2
2026-09-07 23:42:15,31.1,79.2,4.2
2026-09-07 23:42:45,31.2,78.8,4.2
2026-09-07 23:43:15,31.2,78.6,4.2
2026-09-07 23:43:45,31.2,77.8,4.2
2026-09-07 23:44:15,31.2,78.1,4.2
2026-09-07 23:44:45,31.2,78.3,4.2
2026-09-07 23:45:15,31.1,77.8,4.2
2026-09-07 23:45:45,31.1,78.6,4.2
2026-09-07 23:46:15,31.0,78.8,4.2
2026-09-07 23:46:45,31.0,79.2,4.2
2026-09-07 23:47:15,31.0,78.7,4.2
2026-09-07 23:47:45,30.9,78.3,4.2
2026-09-07 23:48:15,30.9,79.0,4.2
2026-09-07 23:48:45,30.9,79.2,4.2
2026-09-07 23:49:15,30.9,77.9,4.2
2026-09-07 23:49:45,30.9,78.2,4.2
2026-09-07 23:50:15,30.8,78.9,4.2
2026-09-07 23:50:45,30.8,79.4,4.2
2026-09-07 23:51:15,30.8,79.7,4.2
2026-09-07 23:51:45,30.8,79.8,4.2
2026-09-07 23:52:15,30.8,79.5,4.2
2026-09-07 23:52:45,30.8,79.4,4.2
2026-09-07 23:53:15,30.7,79.6,4.2
2026-09-07 23:53:45,30.7,79.7,4.2
2026-09-07 23:54:15,30.7,79.7,4.2
2026-09-07 23:54:45,30.7,80.1,4.2
2026-09-07 23:55:15,30.7,80.0,4.2
2026-09-07 23:55:45,30.7,80.3,4.2
2026-09-07 23:56:15,30.7,80.2,4.2
2026-09-07 23:56:45,30.7,80.5,4.2
2026-09-07 23:57:15,30.8,80.2,4.2
2026-09-07 23:57:45,30.8,80.0,4.2
2026-09-07 23:58:15,30.8,79.9,4.2
2026-09-07 23:58:45,30.8,80.1,4.2
2026-09-07 23:59:15,30.8,80.1,4.2
2026-09-07 23:59:45,30.8,80.3,4.2
2026-09-08 00:00:15,30.8,79.9,4.2
2026-09-08 00:00:45,30.8,80.2,4.2
2026-09-08 00:01:15,30.8,80.1,4.2
2026-09-08 00:01:45,30.8,79.8,4.2
2026-09-08 00:02:15,30.9,79.6,4.2
2026-09-08 00:02:45,30.9,79.6,4.2
2026-09-08 00:03:15,30.9,79.3,4.2
2026-09-08 00:03:45,30.9,79.7,4.2
2026-09-08 00:04:15,30.9,79.8,4.2
2026-09-08 00:04:45,30.9,79.6,4.2
2026-09-08 00:05:15,30.9,79.6,4.2
2026-09-08 00:05:45,30.9,79.8,4.2
2026-09-08 00:06:15,30.9,79.9,4.2
2026-09-08 00:06:45,30.8,80.0,4.2
2026-09-08 00:07:15,30.8,80.2,4.2
2026-09-08 00:07:45,30.8,80.1,4.2
2026-09-08 00:08:15,30.8,80.1,4.2
2026-09-08 00:08:45,30.8,80.1,4.2
2026-09-08 00:09:15,30.8,79.7,4.2
2026-09-08 00:09:45,30.8,79.7,4.2
2026-09-08 00:10:15,30.8,80.1,4.2
2026-09-08 00:10:45,30.8,80.3,4.2
2026-09-08 00:11:15,30.8,80.3,4.2
2026-09-08 00:11:45,30.8,80.5,4.2
2026-09-08 00:12:15,30.8,80.6,4.2
2026-09-08 00:12:45,30.8,80.6,4.2
2026-09-08 00:13:15,30.7,80.2,4.2
2026-09-08 00:13:45,30.7,80.5,4.2
2026-09-08 00:14:15,30.7,80.6,4.2
2026-09-08 00:14:45,30.7,80.8,4.2
2026-09-08 00:15:15,30.7,80.9,4.2
2026-09-08 00:15:45,30.7,80.9,4.2
2026-09-08 00:16:15,30.7,80.7,4.2
2026-09-08 00:16:45,30.7,80.7,4.2
2026-09-08 00:17:15,30.7,80.7,4.2
2026-09-08 00:17:45,30.7,80.8,4.2
2026-09-08 00:18:15,30.6,80.7,4.2
2026-09-08 00:18:45,30.7,80.4,4.2
2026-09-08 00:19:15,30.7,81.1,4.2
2026-09-08 00:19:45,30.7,80.8,4.2
2026-09-08 00:20:15,30.7,80.9,4.2
2026-09-08 00:20:45,30.7,80.8,4.2
2026-09-08 00:21:15,30.7,80.8,4.2
2026-09-08 00:21:45,30.6,80.8,0.0
2026-09-08 00:22:15,30.6,80.9,0.0
2026-09-08 00:22:45,30.6,81.0,0.0
2026-09-08 00:23:15,30.6,81.0,0.0
2026-09-08 00:23:45,30.6,80.9,0.0
2026-09-08 00:24:15,30.6,81.0,0.0
2026-09-08 00:24:45,30.6,81.2,0.0
2026-09-08 00:25:15,30.6,81.0,0.0
2026-09-08 00:25:45,30.6,80.8,0.0
2026-09-08 00:26:15,30.6,80.8,0.0
2026-09-08 00:26:45,30.6,80.8,0.0
2026-09-08 00:27:15,30.6,80.9,0.0
2026-09-08 00:27:45,30.6,81.3,0.0
2026-09-08 00:28:15,30.6,81.0,0.0
2026-09-08 00:28:45,30.6,81.1,0.0
2026-09-08 00:29:15,30.6,80.3,0.0
2026-09-08 00:29:45,30.6,80.8,0.0
2026-09-08 00:30:15,30.6,80.9,0.0
2026-09-08 00:30:45,30.6,81.0,0.0
2026-09-08 00:31:15,30.5,81.1,0.0
2026-09-08 00:31:45,30.5,81.2,0.0
2026-09-08 00:32:15,30.5,81.2,0.0
2026-09-08 00:32:45,30.5,81.3,0.0
2026-09-08 00:33:15,30.5,81.4,0.0
2026-09-08 00:33:45,30.5,81.5,0.0
2026-09-08 00:34:15,30.5,81.4,0.0
2026-09-08 00:34:45,30.5,81.6,0.0
2026-09-08 00:35:15,30.5,81.5,0.0
2026-09-08 00:35:45,30.5,81.6,0.0
2026-09-08 00:36:15,30.5,81.6,0.0
2026-09-08 00:36:45,30.5,81.6,0.0
2026-09-08 00:37:15,30.5,81.6,0.0
2026-09-08 00:37:45,30.5,81.6,0.0
2026-09-08 00:38:15,30.5,81.5,0.0
2026-09-08 00:38:45,30.5,81.3,0.0
2026-09-08 00:39:15,30.5,81.6,0.0
2026-09-08 00:39:45,30.4,81.6,0.0
2026-09-08 00:40:15,30.5,81.6,0.0
2026-09-08 00:40:45,30.5,81.5,0.0
2026-09-08 00:41:15,30.5,81.4,0.0
2026-09-08 00:41:45,30.5,81.5,0.0
2026-09-08 00:42:15,30.4,81.3,0.0
2026-09-08 00:42:45,30.4,81.5,0.0
2026-09-08 00:43:15,30.5,81.5,0.0
2026-09-08 00:43:45,30.5,81.5,0.0
2026-09-08 00:44:15,30.5,81.4,0.0
2026-09-08 00:44:45,30.5,81.4,0.0
2026-09-08 00:45:15,30.5,81.4,0.0
2026-09-08 00:45:45,30.5,81.4,0.0
2026-09-08 00:46:15,30.5,81.3,0.0
2026-09-08 00:46:45,30.5,81.2,0.0
2026-09-08 00:47:15,30.5,81.2,0.0
2026-09-08 00:47:45,30.5,81.1,0.0
2026-09-08 00:48:15,30.5,81.2,0.0
2026-09-08 00:48:45,30.5,81.4,0.0
2026-09-08 00:49:15,30.5,81.2,0.0
2026-09-08 00:49:45,30.5,81.1,0.0
2026-09-08 00:50:15,30.5,80.8,0.0
2026-09-08 00:50:45,30.5,80.9,0.0
2026-09-08 00:51:15,30.5,80.8,0.0
2026-09-08 00:51:45,30.5,80.8,0.0
2026-09-08 00:52:15,30.5,80.8,0.0
2026-09-08 00:52:45,30.5,80.7,0.0
2026-09-08 00:53:15,30.5,80.9,0.0
2026-09-08 00:53:45,30.5,80.9,0.0
2026-09-08 00:54:15,30.5,80.9,0.0
2026-09-08 00:54:45,30.5,80.8,0.0
2026-09-08 00:55:15,30.5,81.3,0.0
2026-09-08 00:55:45,30.5,81.2,0.0
2026-09-08 00:56:15,30.5,80.9,0.0
2026-09-08 00:56:45,30.5,81.5,0.0
2026-09-08 00:57:15,30.5,81.2,0.0
2026-09-08 00:57:45,30.6,80.7,0.0
2026-09-08 00:58:15,30.6,80.6,0.0
2026-09-08 00:58:45,30.6,80.7,0.0
2026-09-08 00:59:15,30.5,80.7,0.0
2026-09-08 00:59:45,30.5,80.8,0.0
2026-09-08 01:00:15,30.5,80.8,0.0
2026-09-08 01:00:45,30.5,81.1,0.0
2026-09-08 01:01:15,30.5,80.7,0.0
2026-09-08 01:01:45,30.6,80.5,0.0
2026-09-08 01:02:15,30.5,80.7,0.0
2026-09-08 01:02:45,30.5,80.4,0.0
2026-09-08 01:03:15,30.5,80.8,0.0
2026-09-08 01:03:45,30.5,80.5,0.0
2026-09-08 01:04:15,30.5,80.5,0.0
2026-09-08 01:04:45,30.5,80.5,0.0
2026-09-08 01:05:15,30.5,80.7,0.0
2026-09-08 01:05:45,30.5,80.7,0.0
2026-09-08 01:06:15,30.5,80.6,0.0
2026-09-08 01:06:45,30.5,80.7,0.0
2026-09-08 01:07:15,30.5,80.6,0.0
2026-09-08 01:07:45,30.5,80.7,0.0
2026-09-08 01:08:15,30.5,80.7,0.0
2026-09-08 01:08:45,30.5,80.8,0.0
2026-09-08 01:09:15,30.5,80.6,0.0
2026-09-08 01:09:45,30.5,80.5,0.0
2026-09-08 01:10:15,30.5,80.6,0.0
2026-09-08 01:10:45,30.5,80.9,0.0
2026-09-08 01:11:15,30.5,80.8,0.0
2026-09-08 01:11:45,30.5,80.6,0.0
2026-09-08 01:12:15,30.5,80.3,0.0
2026-09-08 01:12:45,30.5,80.1,0.0
2026-09-08 01:13:15,30.5,80.3,0.0
2026-09-08 01:13:45,30.5,80.3,0.0
2026-09-08 01:14:15,30.5,80.7,0.0
2026-09-08 01:14:45,30.5,80.7,0.0
2026-09-08 01:15:15,30.5,80.8,0.0
2026-09-08 01:15:45,30.5,80.4,0.0
2026-09-08 01:16:15,30.5,80.2,0.0
2026-09-08 01:16:45,30.5,80.3,0.0
2026-09-08 01:17:15,30.4,80.4,0.0
2026-09-08 01:17:45,30.4,80.5,0.0
2026-09-08 01:18:15,30.4,80.4,0.0
2026-09-08 01:18:45,30.4,80.5,0.0
2026-09-08 01:19:15,30.4,80.4,0.0
2026-09-08 01:19:45,30.4,80.6,0.0
2026-09-08 01:20:15,30.4,80.3,0.0
2026-09-08 01:20:45,30.4,80.4,0.0
2026-09-08 01:21:15,30.4,80.0,0.0
2026-09-08 01:21:45,30.4,80.2,0.0
2026-09-08 01:22:15,30.4,80.2,0.0
2026-09-08 01:22:45,30.4,80.3,0.0
2026-09-08 01:23:15,30.4,80.3,0.0
2026-09-08 01:23:45,30.4,80.3,0.0
2026-09-08 01:24:15,30.4,80.4,0.0
2026-09-08 01:24:45,30.4,80.4,0.0
2026-09-08 01:25:15,30.4,80.4,0.0
2026-09-08 01:25:45,30.4,80.4,0.0
2026-09-08 01:26:15,30.4,80.6,0.0
2026-09-08 01:26:45,30.4,80.6,0.0
2026-09-08 01:27:15,30.4,80.6,0.0
2026-09-08 01:27:45,30.4,80.5,0.0
2026-09-08 01:28:15,30.4,80.5,0.0
2026-09-08 01:28:45,30.4,80.5,0.0
2026-09-08 01:29:15,30.4,80.4,0.0
2026-09-08 01:29:45,30.4,80.7,0.0
2026-09-08 01:30:15,30.4,80.5,0.0
2026-09-08 01:30:45,30.4,80.5,0.0
2026-09-08 01:31:15,30.4,80.4,0.0
2026-09-08 01:31:45,30.4,80.9,0.0
2026-09-08 01:32:15,30.4,80.4,0.0
2026-09-08 01:32:45,30.4,80.6,0.0
2026-09-08 01:33:15,30.4,80.1,0.0
2026-09-08 01:33:45,30.5,80.1,0.0
2026-09-08 01:34:15,30.5,80.1,0.0
2026-09-08 01:34:45,30.5,80.0,0.0
2026-09-08 01:35:15,30.5,80.2,0.0
2026-09-08 01:35:45,30.4,80.2,0.0
2026-09-08 01:36:15,30.4,80.2,0.0
2026-09-08 01:36:45,30.4,80.2,0.0
2026-09-08 01:37:15,30.4,80.4,0.0
2026-09-08 01:37:45,30.4,80.7,0.0
2026-09-08 01:38:15,30.4,81.2,0.0
2026-09-08 01:38:45,30.4,80.4,0.0
2026-09-08 01:39:15,30.4,80.3,0.0
2026-09-08 01:39:45,30.4,80.3,0.0
2026-09-08 01:40:15,30.4,80.4,0.0
2026-09-08 01:40:45,30.4,80.5,0.0
2026-09-08 01:41:15,30.4,81.0,0.0
2026-09-08 01:41:45,30.4,80.6,0.0
2026-09-08 01:42:15,30.4,80.6,0.0
2026-09-08 01:42:45,30.4,80.7,0.0
2026-09-08 01:43:15,30.4,80.7,0.0
2026-09-08 01:43:45,30.4,80.7,0.0
2026-09-08 01:44:15,30.4,81.0,0.0
2026-09-08 01:44:45,30.3,80.9,0.0
2026-09-08 01:45:15,30.3,80.6,0.0
2026-09-08 01:45:45,30.3,80.7,0.0
2026-09-08 01:46:15,30.3,80.8,0.0
2026-09-08 01:46:45,30.3,80.7,0.0
2026-09-08 01:47:15,30.3,80.8,0.0
2026-09-08 01:47:45,30.3,80.8,0.0
2026-09-08 01:48:15,30.3,80.8,0.0
2026-09-08 01:48:45,30.3,80.9,0.0
2026-09-08 01:49:15,30.3,81.0,0.0
2026-09-08 01:49:45,30.3,80.8,0.0
2026-09-08 01:50:15,30.3,81.1,0.0
2026-09-08 01:50:45,30.3,81.1,0.0
2026-09-08 01:51:15,30.3,81.2,0.0
2026-09-08 01:51:45,30.3,81.2,0.0
2026-09-08 01:52:15,30.3,81.1,0.0
2026-09-08 01:52:45,30.2,81.1,0.0
2026-09-08 01:53:15,30.3,81.1,0.0
2026-09-08 01:53:45,30.3,80.8,0.0
2026-09-08 01:54:15,30.3,80.8,0.0
2026-09-08 01:54:45,30.3,80.7,0.0
2026-09-08 01:55:15,30.3,80.7,0.0
2026-09-08 01:55:45,30.3,80.9,0.0
2026-09-08 01:56:15,30.3,81.0,0.0
2026-09-08 01:56:45,30.2,80.9,0.0
2026-09-08 01:57:15,30.2,81.0,0.0
2026-09-08 01:57:45,30.2,81.0,0.0
2026-09-08 01:58:15,30.2,81.1,0.0
2026-09-08 01:58:45,30.2,81.2,0.0
2026-09-08 01:59:15,30.2,81.1,0.0
2026-09-08 01:59:45,30.2,81.2,0.0
2026-09-08 02:00:12,30.2,81.1,0.0
2026-09-08 02:00:42,30.2,81.1,0.0
2026-09-08 02:01:12,30.2,81.3,0.0
2026-09-08 02:01:42,30.2,81.3,0.0
2026-09-08 02:02:12,30.3,81.4,0.0
2026-09-08 02:02:42,30.3,81.6,0.0
2026-09-08 02:03:12,30.3,81.2,0.0
2026-09-08 02:03:42,30.3,81.0,0.0
2026-09-08 02:04:12,30.4,80.7,0.0
2026-09-08 02:04:42,30.4,80.7,0.0
2026-09-08 02:05:12,30.4,80.6,0.0
2026-09-08 02:05:42,30.3,80.7,0.0
2026-09-08 02:06:12,30.3,80.6,0.0
2026-09-08 02:06:42,30.3,80.8,0.0
2026-09-08 02:07:12,30.3,80.7,0.0
2026-09-08 02:07:42,30.3,80.7,0.0
2026-09-08 02:08:12,30.3,81.2,0.0
2026-09-08 02:08:42,30.3,80.8,0.0
2026-09-08 02:09:12,30.3,80.7,0.0
2026-09-08 02:09:42,30.3,80.6,0.0
2026-09-08 02:10:12,30.3,80.7,0.0
2026-09-08 02:10:42,30.3,80.7,0.0
2026-09-08 02:11:12,30.3,80.7,0.0
2026-09-08 02:11:42,30.3,80.7,0.0
2026-09-08 02:12:12,30.3,80.7,0.0
2026-09-08 02:12:42,30.3,80.8,0.0
2026-09-08 02:13:12,30.3,81.0,0.0
2026-09-08 02:13:42,30.3,81.3,0.0
2026-09-08 02:14:12,30.3,81.7,0.0
2026-09-08 02:14:42,30.3,80.9,0.0
2026-09-08 02:15:12,30.3,80.9,0.0
2026-09-08 02:15:42,30.3,80.7,0.0
2026-09-08 02:16:12,30.3,80.7,0.0
2026-09-08 02:16:42,30.3,80.7,0.0
2026-09-08 02:17:12,30.3,80.7,0.0
2026-09-08 02:17:42,30.3,80.9,0.0
2026-09-08 02:18:12,30.3,81.1,0.0
2026-09-08 02:18:42,30.3,80.8,0.0
2026-09-08 02:19:12,30.3,81.7,0.0
2026-09-08 02:19:42,30.3,81.1,0.0
2026-09-08 02:20:12,30.4,80.7,0.0
2026-09-08 02:20:42,30.4,80.5,0.0
2026-09-08 02:21:12,30.4,80.7,0.0
2026-09-08 02:21:42,30.4,80.6,0.0
2026-09-08 02:22:12,30.4,80.5,0.0
2026-09-08 02:22:42,30.4,80.8,0.0
2026-09-08 02:23:12,30.4,80.7,0.0
2026-09-08 02:23:42,30.4,80.6,0.0
2026-09-08 02:24:12,30.4,80.6,0.0
2026-09-08 02:24:42,30.3,80.6,0.0
2026-09-08 02:25:12,30.3,80.7,0.0
2026-09-08 02:25:42,30.3,80.6,0.0
2026-09-08 02:26:12,30.3,80.8,0.0
2026-09-08 02:26:42,30.3,80.8,0.0
2026-09-08 02:27:12,30.3,80.8,0.0
2026-09-08 02:27:42,30.3,80.8,0.0
2026-09-08 02:28:12,30.3,80.7,0.0
2026-09-08 02:28:42,30.3,80.7,0.0
2026-09-08 02:29:12,30.3,80.5,0.0
2026-09-08 02:29:42,30.2,80.7,0.0
2026-09-08 02:30:12,30.2,80.9,0.0
2026-09-08 02:30:42,30.3,80.6,0.0
2026-09-08 02:31:12,30.3,80.8,0.0
2026-09-08 02:31:42,30.2,80.7,0.0
2026-09-08 02:32:12,30.2,80.8,0.0
2026-09-08 02:32:42,30.2,80.9,0.0
2026-09-08 02:33:12,30.2,81.1,0.0
2026-09-08 02:33:42,30.2,81.2,0.0
2026-09-08 02:34:12,30.2,81.3,0.0
2026-09-08 02:34:42,30.2,81.2,0.0
2026-09-08 02:35:12,30.2,80.9,0.0
2026-09-08 02:35:42,30.2,81.0,0.0
2026-09-08 02:36:12,30.2,81.0,0.0
2026-09-08 02:36:42,30.2,81.0,0.0
2026-09-08 02:37:12,30.2,80.9,0.0
2026-09-08 02:37:42,30.2,80.9,0.0
2026-09-08 02:38:12,30.2,81.0,0.0
2026-09-08 02:38:42,30.2,81.3,0.0
2026-09-08 02:39:12,30.2,81.4,0.0
2026-09-08 02:39:42,30.2,81.0,0.0
2026-09-08 02:40:12,30.2,80.8,0.0
2026-09-08 02:40:42,30.2,80.4,0.0
2026-09-08 02:41:12,30.2,80.8,0.0
2026-09-08 02:41:42,30.2,80.8,0.0
2026-09-08 02:42:12,30.3,80.7,0.0
2026-09-08 02:42:42,30.2,80.5,0.0
2026-09-08 02:43:12,30.3,80.5,0.0
2026-09-08 02:43:42,30.3,80.3,0.0
2026-09-08 02:44:12,30.3,80.9,0.0
2026-09-08 02:44:42,30.3,80.9,0.0
2026-09-08 02:45:12,30.3,80.7,0.0
2026-09-08 02:45:42,30.3,80.6,0.0
2026-09-08 02:46:12,30.3,80.7,0.0
2026-09-08 02:46:42,30.3,80.6,0.0
2026-09-08 02:47:12,30.3,80.6,0.0
2026-09-08 02:47:42,30.3,80.6,0.0
2026-09-08 02:48:12,30.3,80.7,0.0
2026-09-08 02:48:42,30.3,80.8,0.0
2026-09-08 02:49:12,30.3,80.8,0.0
2026-09-08 02:49:42,30.2,81.6,0.0
2026-09-08 02:50:12,30.2,81.3,0.0
2026-09-08 02:50:42,30.2,80.9,0.0
2026-09-08 02:51:12,30.3,81.0,0.0
2026-09-08 02:51:42,30.3,80.8,0.0
2026-09-08 02:52:12,30.3,80.7,0.0
2026-09-08 02:52:42,30.3,80.7,0.0
2026-09-08 02:53:12,30.3,80.6,0.0
2026-09-08 02:53:42,30.3,80.6,0.0
2026-09-08 02:54:12,30.3,80.6,0.0
2026-09-08 02:54:42,30.3,80.6,0.0
2026-09-08 02:55:12,30.2,80.7,0.0
2026-09-08 02:55:42,30.3,80.7,0.0
2026-09-08 02:56:12,30.2,80.8,0.0
2026-09-08 02:56:42,30.2,80.8,0.0
2026-09-08 02:57:12,30.2,80.8,0.0
2026-09-08 02:57:42,30.2,80.8,0.0
2026-09-08 02:58:12,30.2,80.9,0.0
2026-09-08 02:58:42,30.2,81.0,0.0
2026-09-08 02:59:12,30.2,81.0,0.0
2026-09-08 02:59:42,30.1,81.0,0.0
2026-09-08 03:00:12,30.1,81.1,0.0
2026-09-08 03:00:42,30.1,81.2,0.0
2026-09-08 03:01:12,30.1,81.2,0.0
2026-09-08 03:01:42,30.1,81.2,0.0
2026-09-08 03:02:12,30.1,81.2,0.0
2026-09-08 03:02:42,30.1,81.3,0.0
2026-09-08 03:03:12,30.1,81.3,0.0
2026-09-08 03:03:42,30.1,81.2,0.0
2026-09-08 03:04:12,30.1,81.4,0.0
2026-09-08 03:04:42,30.1,81.4,0.0
2026-09-08 03:05:12,30.1,81.2,0.0
2026-09-08 03:05:42,30.1,81.1,0.0
2026-09-08 03:06:12,30.1,81.3,0.0
2026-09-08 03:06:42,30.1,81.2,0.0
2026-09-08 03:07:12,30.1,81.3,0.0
2026-09-08 03:07:42,30.1,81.3,0.0
2026-09-08 03:08:12,30.1,81.3,0.0
2026-09-08 03:08:42,30.1,81.6,0.0
2026-09-08 03:09:12,30.1,81.6,0.0
2026-09-08 03:09:42,30.1,81.3,0.0
2026-09-08 03:10:12,30.1,81.2,0.0
2026-09-08 03:10:42,30.1,81.3,0.0
2026-09-08 03:11:12,30.1,81.3,0.0
2026-09-08 03:11:42,30.1,81.3,0.0
2026-09-08 03:12:12,30.1,81.3,0.0
2026-09-08 03:12:42,30.1,81.4,0.0
2026-09-08 03:13:12,30.1,81.3,0.0
2026-09-08 03:13:42,30.1,81.4,0.0
2026-09-08 03:14:12,30.1,81.3,0.0
2026-09-08 03:14:42,30.1,81.3,0.0
2026-09-08 03:15:12,30.1,81.2,0.0
2026-09-08 03:15:42,30.0,81.3,0.0
2026-09-08 03:16:12,30.0,81.4,0.0
2026-09-08 03:16:42,30.0,81.5,0.0
2026-09-08 03:17:12,30.0,81.4,0.0
2026-09-08 03:17:42,30.0,81.5,0.0
2026-09-08 03:18:12,30.0,81.4,0.0
2026-09-08 03:18:42,30.0,81.3,0.0
2026-09-08 03:19:12,30.0,81.6,0.0
2026-09-08 03:19:42,30.0,81.4,0.0
2026-09-08 03:20:12,30.0,81.5,0.0
2026-09-08 03:20:42,30.0,81.3,0.0
2026-09-08 03:21:12,30.0,81.4,0.0
2026-09-08 03:21:42,30.0,81.4,0.0
2026-09-08 03:22:12,30.0,81.8,0.0
2026-09-08 03:22:42,30.0,81.8,0.0
2026-09-08 03:23:12,30.0,81.5,0.0
2026-09-08 03:23:42,30.0,81.4,0.0
2026-09-08 03:24:12,30.0,81.4,0.0
2026-09-08 03:24:42,30.0,81.4,0.0
2026-09-08 03:25:12,30.0,81.4,0.0
2026-09-08 03:25:42,30.0,81.5,0.0
2026-09-08 03:26:12,30.0,81.5,0.0
2026-09-08 03:26:42,30.0,81.4,0.0
2026-09-08 03:27:12,30.0,81.6,0.0
2026-09-08 03:27:42,30.0,81.6,0.0
2026-09-08 03:28:12,30.0,82.2,0.0
2026-09-08 03:28:42,30.0,81.3,0.0
2026-09-08 03:29:12,30.0,81.4,0.0
2026-09-08 03:29:42,30.1,81.2,0.0
2026-09-08 03:30:12,30.1,81.2,0.0
2026-09-08 03:30:42,30.1,81.2,0.0
2026-09-08 03:31:12,30.0,81.1,0.0
2026-09-08 03:31:42,30.1,81.3,0.0
2026-09-08 03:32:12,30.1,81.9,0.0
2026-09-08 03:32:42,30.1,82.1,0.0
2026-09-08 03:33:12,30.1,81.1,0.0
2026-09-08 03:33:42,30.1,81.1,0.0
2026-09-08 03:34:12,30.1,81.0,0.0
2026-09-08 03:34:42,30.1,80.9,0.0
2026-09-08 03:35:12,30.1,81.1,0.0
2026-09-08 03:35:42,30.1,80.9,0.0
2026-09-08 03:36:12,30.1,81.0,0.0
2026-09-08 03:36:42,30.1,81.1,0.0
2026-09-08 03:37:12,30.1,81.0,0.0
2026-09-08 03:37:42,30.1,81.0,0.0
2026-09-08 03:38:12,30.1,80.9,0.0
2026-09-08 03:38:42,30.1,81.0,0.0
2026-09-08 03:39:12,30.1,81.1,0.0
2026-09-08 03:39:42,30.1,81.1,0.0
2026-09-08 03:40:12,30.1,81.1,0.0
2026-09-08 03:40:42,30.0,81.2,0.0
2026-09-08 03:41:12,30.1,81.3,0.0
2026-09-08 03:41:42,30.1,81.4,0.0
2026-09-08 03:42:12,30.0,81.4,0.0
2026-09-08 03:42:42,30.0,81.9,0.0
2026-09-08 03:43:12,30.1,81.6,0.0
2026-09-08 03:43:42,30.1,81.3,0.0
2026-09-08 03:44:12,30.1,81.2,0.0
2026-09-08 03:44:42,30.1,81.2,0.0
2026-09-08 03:45:12,30.1,81.2,0.0
2026-09-08 03:45:42,30.1,81.3,0.0
2026-09-08 03:46:12,30.1,81.3,0.0
2026-09-08 03:46:42,30.0,81.2,0.0
2026-09-08 03:47:12,30.0,81.4,0.0
2026-09-08 03:47:42,30.1,81.5,0.0
2026-09-08 03:48:12,30.0,81.5,0.0
2026-09-08 03:48:42,30.0,81.4,0.0
2026-09-08 03:49:12,30.0,81.4,0.0
2026-09-08 03:49:42,30.0,81.5,0.0
2026-09-08 03:50:12,30.0,81.4,0.0
2026-09-08 03:50:42,30.0,81.5,0.0
2026-09-08 03:51:12,30.0,81.6,0.0
2026-09-08 03:51:42,30.0,81.5,0.0
2026-09-08 03:52:12,30.0,81.6,0.0
2026-09-08 03:52:42,30.0,81.7,0.0
2026-09-08 03:53:12,30.0,81.9,0.0
2026-09-08 03:53:42,30.0,81.6,0.0
2026-09-08 03:54:12,30.0,81.7,0.0
2026-09-08 03:54:42,30.0,81.5,0.0
2026-09-08 03:55:12,30.0,81.5,0.0
2026-09-08 03:55:42,30.0,81.6,0.0
2026-09-08 03:56:12,30.0,81.5,0.0
2026-09-08 03:56:42,30.0,81.5,0.0
2026-09-08 03:57:12,30.0,81.5,0.0
2026-09-08 03:57:42,30.0,81.7,0.0
2026-09-08 03:58:12,30.0,81.4,0.0
2026-09-08 03:58:42,30.0,81.2,0.0
2026-09-08 03:59:12,30.0,81.2,0.0
2026-09-08 03:59:42,30.0,81.2,0.0
2026-09-08 04:00:12,30.0,81.2,0.0
2026-09-08 04:00:42,30.0,81.1,0.0
2026-09-08 04:01:12,30.0,81.1,0.0
2026-09-08 04:01:42,30.0,81.2,0.0
2026-09-08 04:02:12,30.0,81.2,0.0
2026-09-08 04:02:42,30.0,81.3,0.0
2026-09-08 04:03:12,29.9,81.3,0.0
2026-09-08 04:03:42,30.0,81.4,0.0
2026-09-08 04:04:12,29.9,81.3,0.0
2026-09-08 04:04:42,30.0,81.4,0.0
2026-09-08 04:05:12,30.0,81.3,0.0
2026-09-08 04:05:42,29.9,81.3,0.0
2026-09-08 04:06:12,29.9,81.3,0.0
2026-09-08 04:06:42,29.9,81.2,0.0
2026-09-08 04:07:12,29.9,81.1,0.0
2026-09-08 04:07:42,29.9,81.1,0.0
2026-09-08 04:08:12,29.9,81.2,0.0
2026-09-08 04:08:42,29.9,81.1,0.0
2026-09-08 04:09:12,29.9,81.3,0.0
2026-09-08 04:09:42,29.9,81.2,0.0
2026-09-08 04:10:12,29.9,81.2,0.0
2026-09-08 04:10:42,29.9,80.9,0.0
2026-09-08 04:11:12,29.9,80.9,0.0
2026-09-08 04:11:42,29.9,80.9,0.0
2026-09-08 04:12:12,29.9,80.9,0.0
2026-09-08 04:12:42,29.9,80.8,0.0
2026-09-08 04:13:12,29.9,80.7,0.0
2026-09-08 04:13:42,29.9,80.9,0.0
2026-09-08 04:14:12,29.9,81.0,0.0
2026-09-08 04:14:42,29.9,81.0,0.0
2026-09-08 04:15:12,29.9,81.1,0.0
2026-09-08 04:15:42,29.9,81.2,0.0
2026-09-08 04:16:12,29.9,81.2,0.0
2026-09-08 04:16:42,29.9,81.3,0.0
2026-09-08 04:17:12,29.9,81.4,0.0
2026-09-08 04:17:42,29.9,81.3,0.0
2026-09-08 04:18:12,29.9,81.3,0.0
2026-09-08 04:18:42,29.9,81.3,0.0
2026-09-08 04:19:12,29.9,81.3,0.0
2026-09-08 04:19:42,29.9,81.4,0.0
2026-09-08 04:20:12,29.9,81.4,0.0
2026-09-08 04:20:42,29.9,81.5,0.0
2026-09-08 04:21:12,29.9,81.5,0.0
2026-09-08 04:21:42,29.9,81.4,0.0
2026-09-08 04:22:12,29.9,81.5,0.0
2026-09-08 04:22:42,29.9,81.6,0.0
2026-09-08 04:23:12,29.9,81.7,0.0
2026-09-08 04:23:42,29.9,81.6,0.0
2026-09-08 04:24:12,29.9,81.6,0.0
2026-09-08 04:24:42,29.9,81.6,0.0
2026-09-08 04:25:12,29.9,81.6,0.0
2026-09-08 04:25:42,29.9,81.5,0.0
2026-09-08 04:26:12,29.9,81.4,0.0
2026-09-08 04:26:42,29.9,81.5,0.0
2026-09-08 04:27:12,29.9,81.4,0.0
2026-09-08 04:27:42,29.9,81.4,0.0
2026-09-08 04:28:12,29.9,81.4,0.0
2026-09-08 04:28:42,29.9,81.4,0.0
2026-09-08 04:29:12,29.9,81.3,0.0
2026-09-08 04:29:42,29.9,81.3,0.0
2026-09-08 04:30:12,29.9,81.3,0.0
2026-09-08 04:30:42,29.9,81.3,0.0
2026-09-08 04:31:12,29.9,81.3,0.0
2026-09-08 04:31:42,29.9,81.4,0.0
2026-09-08 04:32:12,29.9,81.3,0.0
2026-09-08 04:32:42,29.9,81.3,0.0
2026-09-08 04:33:12,29.9,81.5,0.0
2026-09-08 04:33:42,29.9,81.4,0.0
2026-09-08 04:34:12,29.8,81.5,0.0
2026-09-08 04:34:42,29.8,81.6,0.0
2026-09-08 04:35:12,29.8,81.7,0.0
2026-09-08 04:35:42,29.8,81.4,0.0
2026-09-08 04:36:12,29.8,81.7,0.0
2026-09-08 04:36:42,29.9,81.6,0.0
2026-09-08 04:37:12,29.9,81.4,0.0
2026-09-08 04:37:42,29.9,81.2,0.0
2026-09-08 04:38:12,29.9,81.1,0.0
2026-09-08 04:38:42,29.9,81.5,0.0
2026-09-08 04:39:12,29.9,81.2,0.0
2026-09-08 04:39:42,30.0,81.1,0.0
2026-09-08 04:40:12,30.0,81.0,0.0
2026-09-08 04:40:42,30.0,80.8,0.0
2026-09-08 04:41:12,30.0,80.8,0.0
2026-09-08 04:41:42,30.0,80.8,0.0
2026-09-08 04:42:12,30.0,80.9,0.0
2026-09-08 04:42:42,30.0,81.0,0.0
2026-09-08 04:43:12,30.0,80.8,0.0
2026-09-08 04:43:42,30.0,81.1,0.0
2026-09-08 04:44:12,30.0,81.3,0.0
2026-09-08 04:44:42,30.0,81.3,0.0
2026-09-08 04:45:12,30.0,81.1,0.0
2026-09-08 04:45:42,30.0,80.9,0.0
2026-09-08 04:46:12,30.0,80.8,0.0
2026-09-08 04:46:42,30.0,80.8,0.0
2026-09-08 04:47:12,30.0,80.9,0.0
2026-09-08 04:47:42,30.0,81.0,0.0
2026-09-08 04:48:12,30.0,81.4,0.0
2026-09-08 04:48:42,30.0,81.5,0.0
2026-09-08 04:49:12,30.0,80.9,0.0
2026-09-08 04:49:42,30.0,81.0,0.0
2026-09-08 04:50:12,30.0,81.0,0.0
2026-09-08 04:50:42,30.0,81.0,0.0
2026-09-08 04:51:12,30.0,81.0,0.0
2026-09-08 04:51:42,30.0,81.0,0.0
2026-09-08 04:52:12,30.0,81.1,0.0
2026-09-08 04:52:42,30.0,81.1,0.0
2026-09-08 04:53:12,30.0,81.2,0.0
2026-09-08 04:53:42,29.9,81.3,0.0
2026-09-08 04:54:12,29.9,81.3,0.0
2026-09-08 04:54:42,29.9,81.4,0.0
2026-09-08 04:55:12,29.9,81.4,0.0
2026-09-08 04:55:42,29.9,81.4,0.0
2026-09-08 04:56:12,29.9,81.3,0.0
2026-09-08 04:56:42,29.9,81.3,0.0
2026-09-08 04:57:12,29.9,81.3,0.0
2026-09-08 04:57:42,29.9,81.3,0.0
2026-09-08 04:58:12,29.9,81.3,0.0
2026-09-08 04:58:42,29.9,81.3,0.0
2026-09-08 04:59:12,29.9,81.4,0.0
2026-09-08 04:59:42,29.9,81.4,0.0
2026-09-08 05:00:12,29.9,81.6,0.0
2026-09-08 05:00:42,29.9,81.7,0.0
2026-09-08 05:01:12,29.9,81.6,0.0
2026-09-08 05:01:42,29.9,81.5,0.0
2026-09-08 05:02:12,29.9,81.6,0.0
2026-09-08 05:02:42,29.9,81.5,0.0
2026-09-08 05:03:12,29.9,81.5,0.0
2026-09-08 05:03:42,29.9,81.6,0.0
2026-09-08 05:04:12,29.9,81.7,0.0
2026-09-08 05:04:42,29.9,81.7,0.0
2026-09-08 05:05:12,29.9,81.8,0.0
2026-09-08 05:05:42,29.9,81.7,0.0
2026-09-08 05:06:12,29.9,81.7,0.0
2026-09-08 05:06:42,29.9,81.9,0.0
2026-09-08 05:07:12,29.9,81.9,0.0
2026-09-08 05:07:42,29.9,81.9,0.0
2026-09-08 05:08:12,29.9,81.9,0.0
2026-09-08 05:08:42,29.9,81.9,0.0
2026-09-08 05:09:12,29.9,82.0,0.0
2026-09-08 05:09:42,29.9,82.0,0.0
2026-09-08 05:10:12,29.9,81.8,0.0
2026-09-08 05:10:42,29.9,81.8,0.0
2026-09-08 05:11:12,29.9,81.8,0.0
2026-09-08 05:11:42,29.9,81.9,0.0
2026-09-08 05:12:12,29.9,81.9,0.0
2026-09-08 05:12:42,29.9,81.9,0.0
2026-09-08 05:13:12,29.9,81.9,0.0
2026-09-08 05:13:42,29.9,81.9,0.0
2026-09-08 05:14:12,29.9,81.9,0.0
2026-09-08 05:14:42,29.9,81.9,0.0
2026-09-08 05:15:12,29.9,81.8,0.0
2026-09-08 05:15:42,29.9,81.6,0.0
2026-09-08 05:16:12,29.9,81.9,0.0
2026-09-08 05:16:42,29.9,81.7,0.0
2026-09-08 05:17:12,29.9,81.8,0.0
2026-09-08 05:17:42,29.9,81.6,0.0
2026-09-08 05:18:12,29.9,81.6,0.0
2026-09-08 05:18:42,29.9,81.5,0.0
2026-09-08 05:19:12,29.9,81.5,0.0
2026-09-08 05:19:42,29.9,81.5,0.0
2026-09-08 05:20:12,29.9,81.5,0.0
2026-09-08 05:20:42,29.9,81.6,0.0
2026-09-08 05:21:12,29.9,81.6,0.0
2026-09-08 05:21:42,29.9,81.6,0.0
2026-09-08 05:22:12,29.9,81.7,0.0
2026-09-08 05:22:42,29.8,81.7,0.0
2026-09-08 05:23:12,29.9,81.8,0.0
2026-09-08 05:23:42,29.8,82.0,0.0
2026-09-08 05:24:12,29.8,81.9,0.0
2026-09-08 05:24:42,29.8,81.8,0.0
2026-09-08 05:25:12,29.8,82.1,0.0
2026-09-08 05:25:42,29.8,81.9,0.0
2026-09-08 05:26:12,29.8,82.0,0.0
2026-09-08 05:26:42,29.8,82.2,0.0
2026-09-08 05:27:12,29.8,82.1,0.0
2026-09-08 05:27:42,29.8,82.1,0.0
2026-09-08 05:28:12,29.8,82.1,0.0
2026-09-08 05:28:42,29.8,82.1,0.0
2026-09-08 05:29:12,29.9,82.2,0.0
2026-09-08 05:29:42,29.9,82.2,0.0
2026-09-08 05:30:12,29.9,82.2,0.0
2026-09-08 05:30:42,29.9,82.3,0.0
2026-09-08 05:31:12,29.9,82.2,0.0
2026-09-08 05:31:42,29.9,82.2,0.0
2026-09-08 05:32:12,29.9,82.1,0.0
2026-09-08 05:32:42,29.9,82.2,0.0
2026-09-08 05:33:12,29.9,82.2,0.0
2026-09-08 05:33:42,29.9,82.2,0.0
2026-09-08 05:34:12,29.9,82.3,0.0
2026-09-08 05:34:42,29.8,82.2,0.0
2026-09-08 05:35:12,29.8,82.3,0.0
2026-09-08 05:35:42,29.8,82.3,0.0
2026-09-08 05:36:12,29.8,82.5,0.0
2026-09-08 05:36:42,29.8,82.6,0.0
2026-09-08 05:37:12,29.8,82.7,0.0
2026-09-08 05:37:42,29.8,82.6,0.8
2026-09-08 05:38:12,29.8,82.8,0.8
2026-09-08 05:38:42,29.8,82.5,0.8
2026-09-08 05:39:12,29.8,82.5,0.8
2026-09-08 05:39:42,29.8,82.8,0.8
2026-09-08 05:40:12,29.8,82.5,0.8
2026-09-08 05:40:42,29.8,82.4,0.8
2026-09-08 05:41:12,29.9,82.2,0.8
2026-09-08 05:41:42,29.9,82.3,0.8
2026-09-08 05:42:12,29.9,82.3,0.8
2026-09-08 05:42:42,29.9,82.4,0.8
2026-09-08 05:43:12,29.9,82.5,0.8
2026-09-08 05:43:42,29.9,82.3,0.8
2026-09-08 05:44:12,29.9,82.6,1.7
2026-09-08 05:44:42,29.9,82.5,1.7
2026-09-08 05:45:12,29.9,82.6,1.7
2026-09-08 05:45:42,29.8,82.9,1.7
2026-09-08 05:46:12,29.8,82.7,1.7
2026-09-08 05:46:42,29.8,82.7,1.7
2026-09-08 05:47:12,29.8,82.8,1.7
2026-09-08 05:47:42,29.8,82.7,1.7
2026-09-08 05:48:12,29.8,83.0,2.5
2026-09-08 05:48:42,29.9,82.8,2.5
2026-09-08 05:49:12,29.9,82.6,2.5
2026-09-08 05:49:42,29.9,82.6,2.5
2026-09-08 05:50:12,29.9,82.7,2.5
2026-09-08 05:50:42,29.9,82.8,2.5
2026-09-08 05:51:12,29.9,83.1,3.3
2026-09-08 05:51:42,29.9,83.0,3.3
2026-09-08 05:52:12,29.8,83.1,3.3
2026-09-08 05:52:42,29.9,83.1,3.3
2026-09-08 05:53:12,29.9,82.9,3.3
2026-09-08 05:53:42,29.9,83.0,3.3
2026-09-08 05:54:12,29.9,83.1,4.2
2026-09-08 05:54:42,29.9,83.1,4.2
2026-09-08 05:55:12,29.9,83.2,4.2
2026-09-08 05:55:42,29.9,83.1,4.2
2026-09-08 05:56:12,29.8,83.1,4.2
2026-09-08 05:56:42,29.8,83.2,5.0
2026-09-08 05:57:12,29.8,83.2,5.0
2026-09-08 05:57:42,29.8,83.3,5.0
2026-09-08 05:58:12,29.8,83.3,5.0
2026-09-08 05:58:42,29.8,83.3,5.8
2026-09-08 05:59:12,29.8,83.3,5.8
2026-09-08 05:59:42,29.8,83.3,5.8
2026-09-08 06:00:12,29.8,83.3,5.8
2026-09-08 06:00:42,29.8,83.3,5.8
2026-09-08 06:01:12,29.8,83.4,6.7
2026-09-08 06:01:42,29.8,83.4,6.7
2026-09-08 06:02:12,29.8,83.4,6.7
2026-09-08 06:02:42,29.8,83.4,6.7
2026-09-08 06:03:12,29.8,83.5,6.7
2026-09-08 06:03:42,29.8,83.3,7.5
2026-09-08 06:04:12,29.8,83.3,7.5
2026-09-08 06:04:42,29.8,83.3,7.5
2026-09-08 06:05:12,29.8,83.3,7.5
2026-09-08 06:05:42,29.8,83.3,8.3
2026-09-08 06:06:12,29.8,83.3,8.3
2026-09-08 06:06:42,29.8,83.3,8.3
2026-09-08 06:07:12,29.8,83.3,8.3
2026-09-08 06:07:42,29.8,83.2,9.2
2026-09-08 06:08:12,29.8,83.2,9.2
2026-09-08 06:08:42,29.8,83.1,9.2
2026-09-08 06:09:12,29.8,83.2,9.2
2026-09-08 06:09:42,29.8,83.4,10.0
2026-09-08 06:10:12,29.8,83.5,10.0
2026-09-08 06:10:42,29.8,82.9,10.0
2026-09-08 06:11:12,29.9,82.9,10.0
2026-09-08 06:11:42,29.9,82.8,10.8
2026-09-08 06:12:12,29.9,82.4,10.8
2026-09-08 06:12:42,29.9,82.1,10.8
2026-09-08 06:13:12,29.9,82.2,11.7
2026-09-08 06:13:42,30.0,82.3,11.7
2026-09-08 06:14:12,30.0,82.5,11.7
2026-09-08 06:14:42,30.0,82.6,11.7
2026-09-08 06:15:12,30.0,82.6,12.5
2026-09-08 06:15:42,29.9,82.5,12.5
2026-09-08 06:16:12,29.9,82.5,12.5
2026-09-08 06:16:42,29.9,82.5,12.5
2026-09-08 06:17:12,29.9,82.6,12.5
2026-09-08 06:17:42,29.9,82.6,13.3
2026-09-08 06:18:12,29.9,82.6,13.3
2026-09-08 06:18:42,29.9,82.6,15.8
2026-09-08 06:19:12,29.9,82.7,15.8
2026-09-08 06:19:42,29.9,82.7,15.8
2026-09-08 06:20:12,29.9,82.8,15.8
2026-09-08 06:20:42,29.9,82.6,16.7
2026-09-08 06:21:12,29.9,82.7,16.7
2026-09-08 06:21:42,29.9,82.8,16.7
2026-09-08 06:22:12,29.9,82.8,17.5
2026-09-08 06:22:42,29.8,82.8,16.7
2026-09-08 06:23:12,29.8,82.9,17.5
2026-09-08 06:23:42,29.8,82.9,17.5
2026-09-08 06:24:12,29.8,82.9,18.3
2026-09-08 06:24:42,29.8,83.4,18.3
2026-09-08 06:25:12,29.8,83.1,18.3
2026-09-08 06:25:42,29.9,82.8,19.2
2026-09-08 06:26:12,29.9,82.7,19.2
2026-09-08 06:26:42,29.9,82.6,19.2
2026-09-08 06:27:12,29.9,82.7,20.0
2026-09-08 06:27:42,29.9,82.7,20.0
2026-09-08 06:28:12,29.9,82.8,20.0
2026-09-08 06:28:42,29.9,82.8,20.0
2026-09-08 06:29:12,29.9,82.9,20.8
2026-09-08 06:29:42,29.8,82.8,20.8
2026-09-08 06:30:12,29.9,82.8,20.8
2026-09-08 06:30:42,29.8,83.1,21.7
2026-09-08 06:31:12,29.8,83.1,21.7
2026-09-08 06:31:42,29.8,83.0,21.7
2026-09-08 06:32:12,29.8,83.1,22.5
2026-09-08 06:32:42,29.8,83.1,22.5
2026-09-08 06:33:12,29.8,83.1,22.5
2026-09-08 06:33:42,29.8,83.1,23.3
2026-09-08 06:34:12,29.8,83.1,23.3
2026-09-08 06:34:42,29.8,83.0,23.3
2026-09-08 06:35:12,29.8,83.0,24.2
2026-09-08 06:35:42,29.8,83.0,24.2
2026-09-08 06:36:12,29.8,83.2,24.2
2026-09-08 06:36:42,29.8,83.4,25.0
2026-09-08 06:37:12,29.8,83.6,25.0
2026-09-08 06:37:42,29.8,83.3,25.8
2026-09-08 06:38:12,29.8,83.3,25.8
2026-09-08 06:38:42,29.8,83.2,25.8
2026-09-08 06:39:12,29.9,82.9,25.8
2026-09-08 06:39:42,29.9,82.9,26.7
2026-09-08 06:40:12,29.9,83.0,26.7
2026-09-08 06:40:42,29.9,83.0,30.8
2026-09-08 06:41:12,29.9,82.7,30.8
2026-09-08 06:41:42,29.9,82.8,31.7
2026-09-08 06:42:12,29.9,83.1,31.7
2026-09-08 06:42:42,29.9,83.6,31.7
2026-09-08 06:43:12,29.9,83.4,31.7
2026-09-08 06:43:42,29.9,82.8,31.7
2026-09-08 06:44:12,29.9,83.2,32.5
2026-09-08 06:44:42,29.9,83.2,32.5
2026-09-08 06:45:12,29.9,83.4,32.5
2026-09-08 06:45:42,29.9,82.7,33.3
2026-09-08 06:46:12,29.9,82.2,33.3
2026-09-08 06:46:42,29.9,82.6,33.3
2026-09-08 06:47:12,29.9,82.4,34.2
2026-09-08 06:47:42,30.0,82.6,34.2
2026-09-08 06:48:12,30.0,82.0,34.2
2026-09-08 06:48:42,30.0,82.2,34.2
2026-09-08 06:49:12,30.0,82.7,35.0
2026-09-08 06:49:42,30.0,82.6,35.0
2026-09-08 06:50:12,30.0,82.8,35.0
2026-09-08 06:50:42,30.0,82.4,35.0
2026-09-08 06:51:12,30.0,82.9,35.8
2026-09-08 06:51:42,30.0,82.3,35.8
2026-09-08 06:52:12,30.1,82.2,35.8
2026-09-08 06:52:42,30.1,82.0,35.8
2026-09-08 06:53:12,30.1,82.5,36.7
2026-09-08 06:53:42,30.1,82.7,36.7
2026-09-08 06:54:12,30.2,82.0,36.7
2026-09-08 06:54:42,30.2,81.9,36.7
2026-09-08 06:55:12,30.2,81.6,37.5
2026-09-08 06:55:42,30.2,81.3,37.5
2026-09-08 06:56:12,30.2,81.3,38.3
2026-09-08 06:56:42,30.2,81.4,38.3
2026-09-08 06:57:12,30.2,82.3,39.2
2026-09-08 06:57:42,30.2,81.7,39.2
2026-09-08 06:58:12,30.3,82.2,40.0
2026-09-08 06:58:42,30.3,81.1,40.0
2026-09-08 06:59:12,30.3,80.9,40.0
2026-09-08 06:59:42,30.3,81.7,40.8
2026-09-08 07:00:12,30.3,81.8,40.8
2026-09-08 07:00:42,30.3,81.7,41.7
2026-09-08 07:01:12,30.3,81.2,42.5
2026-09-08 07:01:42,30.3,81.3,42.5
2026-09-08 07:02:12,30.3,81.1,43.3
2026-09-08 07:02:42,30.4,81.0,43.3
2026-09-08 07:03:12,30.3,80.9,44.2
2026-09-08 07:03:42,30.3,80.8,44.2
2026-09-08 07:04:12,30.4,80.9,44.2
2026-09-08 07:04:42,30.3,81.0,44.2
2026-09-08 07:05:12,30.3,81.8,44.2
2026-09-08 07:05:42,30.3,82.2,44.2
2026-09-08 07:06:12,30.3,81.0,44.2
2026-09-08 07:06:42,30.4,80.7,44.2
2026-09-08 07:07:12,30.3,81.0,33.3
2026-09-08 07:07:42,30.3,80.8,40.8
2026-09-08 07:08:12,30.3,81.0,35.8
2026-09-08 07:08:42,30.3,81.0,40.8
2026-09-08 07:09:12,30.3,80.9,40.8
2026-09-08 07:09:42,30.2,81.0,41.7
2026-09-08 07:10:12,30.2,81.1,41.7
2026-09-08 07:10:42,30.2,81.3,41.7
2026-09-08 07:11:12,30.1,81.4,41.7
2026-09-08 07:11:42,30.1,81.5,41.7
2026-09-08 07:12:12,30.1,81.5,42.5
2026-09-08 07:12:42,30.1,81.5,42.5
2026-09-08 07:13:12,30.0,81.5,42.5
2026-09-08 07:13:42,30.0,81.7,43.3
2026-09-08 07:14:12,30.0,81.8,43.3
2026-09-08 07:14:42,30.0,81.9,44.2
2026-09-08 07:15:12,30.0,82.2,44.2
2026-09-08 07:15:42,30.0,82.0,45.0
2026-09-08 07:16:12,29.9,82.0,45.0
2026-09-08 07:16:42,30.0,82.1,45.8
2026-09-08 07:17:12,29.9,82.7,45.8
2026-09-08 07:17:42,29.9,83.1,46.7
2026-09-08 07:18:12,29.9,82.7,46.7
2026-09-08 07:18:42,30.0,82.5,46.7
2026-09-08 07:19:12,30.0,82.4,47.5
2026-09-08 07:19:42,30.0,82.3,46.7
2026-09-08 07:20:12,30.0,83.0,47.5
2026-09-08 07:20:42,30.1,83.0,47.5
2026-09-08 07:21:12,30.1,82.6,48.3
2026-09-08 07:21:42,30.1,82.0,48.3
2026-09-08 07:22:12,30.1,82.1,48.3
2026-09-08 07:22:42,30.2,81.8,49.2
2026-09-08 07:23:12,30.1,81.7,49.2
2026-09-08 07:23:42,30.1,82.2,50.0
2026-09-08 07:24:12,30.1,81.9,49.2
2026-09-08 07:24:42,30.1,82.1,49.2
2026-09-08 07:25:12,30.1,81.8,49.2
2026-09-08 07:25:42,30.1,81.7,50.0
2026-09-08 07:26:12,30.1,81.9,50.0
2026-09-08 07:26:42,30.1,81.8,50.8
2026-09-08 07:27:12,30.1,81.7,50.8
2026-09-08 07:27:42,30.1,81.7,50.8
2026-09-08 07:28:12,30.1,81.8,51.7
2026-09-08 07:28:42,30.1,81.8,52.5
2026-09-08 07:29:12,30.1,82.0,52.5
2026-09-08 07:29:42,30.0,81.9,55.0
2026-09-08 07:30:12,30.0,82.0,55.8
2026-09-08 07:30:42,30.0,81.8,56.7
2026-09-08 07:31:12,30.0,81.9,57.5
2026-09-08 07:31:42,30.0,82.9,58.3
2026-09-08 07:32:12,30.0,82.9,60.0
2026-09-08 07:32:42,30.1,82.6,60.8
2026-09-08 07:33:12,30.1,82.0,61.7
2026-09-08 07:33:42,30.2,81.8,61.7
2026-09-08 07:34:12,30.2,81.7,62.5
2026-09-08 07:34:42,30.2,81.6,63.3
2026-09-08 07:35:12,30.2,81.6,64.2
2026-09-08 07:35:42,30.2,81.5,64.2
2026-09-08 07:36:12,30.2,82.1,65.0
2026-09-08 07:36:42,30.1,82.4,65.0
2026-09-08 07:37:12,30.2,82.3,65.8
2026-09-08 07:37:42,30.2,81.7,65.8
2026-09-08 07:38:12,30.2,81.5,67.5
2026-09-08 07:38:42,30.2,81.5,67.5
2026-09-08 07:39:12,30.2,81.5,67.5
2026-09-08 07:39:42,30.2,81.6,67.5
2026-09-08 07:40:12,30.2,81.7,68.3
2026-09-08 07:40:42,30.1,81.8,67.5
2026-09-08 07:41:12,30.1,81.7,67.5
2026-09-08 07:41:42,30.1,82.2,66.7
2026-09-08 07:42:12,30.1,82.5,66.7
2026-09-08 07:42:42,30.1,82.6,66.7
2026-09-08 07:43:12,30.2,82.1,67.5
2026-09-08 07:43:42,30.2,82.2,67.5
2026-09-08 07:44:12,30.2,82.1,67.5
2026-09-08 07:44:42,30.2,81.8,69.2
2026-09-08 07:45:12,30.2,82.1,70.8
2026-09-08 07:45:42,30.2,82.0,71.7
2026-09-08 07:46:12,30.2,81.7,73.3
2026-09-08 07:46:42,30.2,81.9,74.2
2026-09-08 07:47:12,30.2,81.8,75.8
2026-09-08 07:47:42,30.2,81.9,74.2
2026-09-08 07:48:12,30.2,82.0,76.7
2026-09-08 07:48:42,30.2,82.1,76.7
2026-09-08 07:49:12,30.2,82.2,76.7
2026-09-08 07:49:42,30.2,82.2,76.7
2026-09-08 07:50:12,30.2,82.4,77.5
2026-09-08 07:50:42,30.2,82.6,78.3
2026-09-08 07:51:12,30.2,82.2,79.2
2026-09-08 07:51:42,30.2,82.1,79.2
2026-09-08 07:52:12,30.2,82.2,76.7
2026-09-08 07:52:42,30.2,82.3,74.2
2026-09-08 07:53:12,30.2,82.2,75.0
2026-09-08 07:53:42,30.2,82.2,76.7
2026-09-08 07:54:12,30.1,82.2,77.5
2026-09-08 07:54:42,30.2,82.5,77.5
2026-09-08 07:55:12,30.1,82.3,78.3
2026-09-08 07:55:42,30.1,82.3,79.2
2026-09-08 07:56:12,30.2,82.3,80.0
2026-09-08 07:56:42,30.2,82.3,80.0
2026-09-08 07:57:12,30.2,82.4,80.8
2026-09-08 07:57:42,30.2,82.4,82.5
2026-09-08 07:58:12,30.1,82.4,84.2
2026-09-08 07:58:42,30.1,82.4,85.8
2026-09-08 07:59:12,30.2,82.9,88.3
2026-09-08 07:59:42,30.2,82.8,90.8
2026-09-08 08:00:12,30.2,82.4,94.2
2026-09-08 08:00:42,30.2,82.4,95.8
2026-09-08 08:01:12,30.2,82.5,98.3
2026-09-08 08:01:42,30.2,82.4,97.5
2026-09-08 08:02:12,30.3,82.1,95.8
2026-09-08 08:02:42,30.3,82.2,96.7
2026-09-08 08:03:12,30.3,82.3,96.7
2026-09-08 08:03:42,30.3,82.3,94.2
2026-09-08 08:04:12,30.3,82.3,90.0
2026-09-08 08:04:42,30.3,82.4,91.7
2026-09-08 08:05:12,30.3,82.4,95.0
2026-09-08 08:05:42,30.3,82.4,94.2
2026-09-08 08:06:12,30.3,82.4,92.5
2026-09-08 08:06:42,30.3,82.5,85.8
2026-09-08 08:07:12,30.3,82.9,80.0
2026-09-08 08:07:42,30.3,83.1,75.0
2026-09-08 08:08:12,30.3,83.6,70.8
2026-09-08 08:08:42,30.3,83.3,69.2
2026-09-08 08:09:12,30.3,83.4,69.2
2026-09-08 08:09:42,30.3,83.3,68.3
2026-09-08 08:10:12,30.3,83.2,65.0
2026-09-08 08:10:42,30.4,83.2,61.7
2026-09-08 08:11:12,30.4,83.3,59.2
2026-09-08 08:11:42,30.4,83.4,57.5
2026-09-08 08:12:12,30.4,83.1,56.7
2026-09-08 08:12:42,30.4,82.7,55.8
2026-09-08 08:13:12,30.4,82.7,55.0
2026-09-08 08:13:42,30.4,82.9,55.0
2026-09-08 08:14:12,30.4,83.0,55.0
2026-09-08 08:14:42,30.4,82.5,56.7
2026-09-08 08:15:12,30.4,82.9,57.5
2026-09-08 08:15:42,30.4,82.7,58.3
2026-09-08 08:16:12,30.4,82.3,58.3
2026-09-08 08:16:42,30.4,82.3,57.5
2026-09-08 08:17:12,30.4,82.7,56.7
2026-09-08 08:17:42,30.4,83.0,60.0
2026-09-08 08:18:12,30.5,82.9,65.0
2026-09-08 08:18:42,30.5,83.1,68.3
2026-09-08 08:19:12,30.4,82.9,70.0
2026-09-08 08:19:42,30.5,82.4,71.7
2026-09-08 08:20:12,30.4,82.4,69.2
2026-09-08 08:20:42,30.4,82.4,69.2
2026-09-08 08:21:12,30.4,82.4,69.2
2026-09-08 08:21:42,30.4,82.9,70.0
2026-09-08 08:22:12,30.4,82.9,71.7
2026-09-08 08:22:42,30.4,82.9,75.0
2026-09-08 08:23:12,30.4,82.8,76.7
2026-09-08 08:23:42,30.4,82.6,79.2
2026-09-08 08:24:12,30.5,82.7,82.5
2026-09-08 08:24:42,30.5,82.8,85.0
2026-09-08 08:25:12,30.5,82.2,86.7
2026-09-08 08:25:42,30.5,81.9,87.5
2026-09-08 08:26:12,30.5,82.4,89.2
2026-09-08 08:26:42,30.5,82.7,90.8
2026-09-08 08:27:12,30.5,83.1,91.7
2026-09-08 08:27:42,30.5,82.5,93.3
2026-09-08 08:28:12,30.5,82.5,100.0
2026-09-08 08:28:42,30.5,83.6,100.0
2026-09-08 08:29:12,30.5,83.6,102.5
2026-09-08 08:29:42,30.5,83.6,90.8
2026-09-08 08:30:12,30.5,83.5,86.7
2026-09-08 08:30:42,30.5,83.1,84.2
2026-09-08 08:31:12,30.5,83.0,81.7
2026-09-08 08:31:42,30.5,82.4,80.8
2026-09-08 08:32:12,30.5,81.8,80.8
2026-09-08 08:32:42,30.5,82.2,83.3
2026-09-08 08:33:12,30.6,81.5,88.3
2026-09-08 08:33:42,30.5,81.1,94.2
2026-09-08 08:34:12,30.5,81.3,101.7
2026-09-08 08:34:42,30.6,81.6,124.2
2026-09-08 08:35:12,30.6,82.2,155.0
2026-09-08 08:35:42,30.6,82.0,190.0
2026-09-08 08:36:12,30.6,81.2,163.3
2026-09-08 08:36:42,30.6,81.5,130.8
2026-09-08 08:37:12,30.6,81.7,177.5
2026-09-08 08:37:42,30.6,81.8,193.3
2026-09-08 08:38:12,30.6,81.7,210.0
2026-09-08 08:38:42,30.6,81.3,217.5
2026-09-08 08:39:12,30.7,81.3,189.2
2026-09-08 08:39:42,30.7,81.1,117.5
2026-09-08 08:40:12,30.7,81.0,110.0
2026-09-08 08:40:42,30.7,81.1,106.7
2026-09-08 08:41:12,30.7,81.1,105.0
2026-09-08 08:41:42,30.7,81.4,105.8
2026-09-08 08:42:12,30.7,80.4,102.5
2026-09-08 08:42:42,30.7,80.2,97.5
2026-09-08 08:43:12,30.8,81.4,92.5
2026-09-08 08:43:42,30.8,81.4,90.8
2026-09-08 08:44:12,30.8,80.6,90.8
2026-09-08 08:44:42,30.8,80.6,93.3
2026-09-08 08:45:12,30.8,80.3,95.8
2026-09-08 08:45:42,30.8,80.5,100.0
2026-09-08 08:46:12,30.8,80.6,105.8
2026-09-08 08:46:42,30.8,80.8,164.2
2026-09-08 08:47:12,30.8,80.5,195.8
2026-09-08 08:47:42,30.9,79.8,210.0
2026-09-08 08:48:12,30.8,79.0,280.8
2026-09-08 08:48:42,30.8,79.7,269.2
2026-09-08 08:49:12,30.8,79.8,253.3
2026-09-08 08:49:42,30.8,79.9,216.7
2026-09-08 08:50:12,30.8,80.1,154.2
2026-09-08 08:50:42,30.8,79.7,116.7
2026-09-08 08:51:12,30.8,79.9,115.0
2026-09-08 08:51:42,30.8,79.6,124.2
2026-09-08 08:52:12,30.8,79.1,212.5
2026-09-08 08:52:42,30.8,79.0,204.2
2026-09-08 08:53:12,30.8,79.3,130.8
2026-09-08 08:53:42,30.9,79.9,118.3
2026-09-08 08:54:12,30.9,79.3,114.2
2026-09-08 08:54:42,30.9,79.5,115.0
2026-09-08 08:55:12,30.9,80.3,122.5
2026-09-08 08:55:42,30.9,79.1,118.3
2026-09-08 08:56:12,30.9,79.8,120.8
2026-09-08 08:56:42,30.9,78.4,223.3
2026-09-08 08:57:12,30.9,78.3,116.7
2026-09-08 08:57:42,30.9,79.9,97.5
2026-09-08 08:58:12,30.8,79.5,85.8
2026-09-08 08:58:42,30.9,79.4,78.3
2026-09-08 08:59:12,30.8,79.4,72.5
2026-09-08 08:59:42,30.8,79.3,69.2
2026-09-08 09:00:12,30.8,79.6,66.7
2026-09-08 09:00:42,30.8,79.2,65.8
2026-09-08 09:01:12,30.8,79.3,65.0
2026-09-08 09:01:42,30.8,80.3,65.0
2026-09-08 09:02:12,30.8,80.5,65.8
2026-09-08 09:02:42,30.8,80.1,66.7
2026-09-08 09:03:12,30.8,79.3,69.2
2026-09-08 09:03:42,30.8,79.4,72.5
2026-09-08 09:04:12,30.8,79.0,78.3
2026-09-08 09:04:42,30.8,79.0,85.0
2026-09-08 09:05:12,30.8,79.0,95.8
2026-09-08 09:05:42,30.8,79.8,104.2
2026-09-08 09:06:12,30.8,79.5,109.2
2026-09-08 09:06:42,30.8,79.7,112.5
2026-09-08 09:07:12,30.8,79.6,102.5
2026-09-08 09:07:42,30.8,79.2,101.7
2026-09-08 09:08:12,30.8,79.2,105.8
2026-09-08 09:08:42,30.8,79.8,113.3
2026-09-08 09:09:12,30.8,80.4,122.5
2026-09-08 09:09:42,30.8,80.0,130.8
2026-09-08 09:10:12,30.8,79.8,120.0
2026-09-08 09:10:42,30.8,80.0,118.3
2026-09-08 09:11:12,30.8,80.1,124.2
2026-09-08 09:11:42,30.8,80.1,130.0
2026-09-08 09:12:12,30.8,79.9,137.5
2026-09-08 09:12:42,30.8,79.7,150.0
2026-09-08 09:13:12,30.8,79.7,148.3
2026-09-08 09:13:42,30.8,79.4,138.3
2026-09-08 09:14:12,30.8,79.6,125.8
2026-09-08 09:14:42,30.8,79.3,115.8
2026-09-08 09:15:12,30.8,79.5,105.8
2026-09-08 09:15:42,30.8,79.4,100.0
2026-09-08 09:16:12,30.8,79.5,97.5
2026-09-08 09:16:42,30.8,79.4,98.3
2026-09-08 09:17:12,30.8,79.5,101.7
2026-09-08 09:17:42,30.8,79.5,103.3
2026-09-08 09:18:12,30.8,80.3,102.5
2026-09-08 09:18:42,30.8,79.5,102.5
2026-09-08 09:19:12,30.8,80.2,105.0
2026-09-08 09:19:42,30.8,79.7,105.0
2026-09-08 09:20:12,30.8,79.8,105.0
2026-09-08 09:20:42,30.8,79.4,110.0
2026-09-08 09:21:12,30.8,79.4,124.2
2026-09-08 09:21:42,30.8,79.4,135.8
2026-09-08 09:22:12,30.8,80.2,138.3
2026-09-08 09:22:42,30.8,79.8,135.8
2026-09-08 09:23:12,30.8,80.5,134.2
2026-09-08 09:23:42,30.8,80.0,133.3
2026-09-08 09:24:12,30.8,79.0,144.2
2026-09-08 09:24:42,30.8,79.6,148.3
2026-09-08 09:25:12,30.9,79.7,140.0
2026-09-08 09:25:42,30.8,79.9,131.7
2026-09-08 09:26:12,30.9,80.3,124.2
2026-09-08 09:26:42,30.8,79.5,115.0
2026-09-08 09:27:12,30.8,80.1,110.8
2026-09-08 09:27:42,30.8,80.3,104.2
2026-09-08 09:28:12,30.9,79.1,98.3
2026-09-08 09:28:42,30.9,79.4,91.7
2026-09-08 09:29:12,30.9,80.0,88.3
2026-09-08 09:29:42,30.9,79.9,85.8
2026-09-08 09:30:12,30.9,79.7,81.7
2026-09-08 09:30:42,30.9,79.7,80.8
2026-09-08 09:31:12,30.9,79.8,80.8
2026-09-08 09:31:42,30.9,79.4,83.3
2026-09-08 09:32:12,30.9,79.8,88.3
2026-09-08 09:32:42,31.0,79.5,95.0
2026-09-08 09:33:12,30.9,79.7,100.0
2026-09-08 09:33:42,31.0,79.9,105.0
2026-09-08 09:34:12,30.9,79.2,114.2
2026-09-08 09:34:42,31.0,79.0,118.3
2026-09-08 09:35:12,31.0,78.6,125.8
2026-09-08 09:35:42,30.9,78.7,135.8
2026-09-08 09:36:12,30.9,78.5,180.8
2026-09-08 09:36:42,30.9,78.6,140.0
2026-09-08 09:37:12,30.9,78.4,124.2
2026-09-08 09:37:42,30.9,78.6,120.0
2026-09-08 09:38:12,30.9,79.0,102.5
2026-09-08 09:38:42,30.9,79.1,95.8
2026-09-08 09:39:12,30.9,78.8,93.3
2026-09-08 09:39:42,30.9,78.6,91.7
2026-09-08 09:40:12,30.9,78.1,145.8
2026-09-08 09:40:42,30.9,78.2,95.8
2026-09-08 09:41:12,30.9,77.9,90.8
2026-09-08 09:41:42,30.9,77.7,89.2
2026-09-08 09:42:12,30.9,77.6,92.5
2026-09-08 09:42:42,30.9,77.8,95.8
2026-09-08 09:43:12,30.9,77.8,95.0
2026-09-08 09:43:42,30.9,77.9,91.7
2026-09-08 09:44:12,30.9,77.9,90.8
2026-09-08 09:44:42,30.9,78.0,87.5
2026-09-08 09:45:12,30.9,77.8,86.7
2026-09-08 09:45:42,30.9,78.4,87.5
2026-09-08 09:46:12,30.9,78.6,90.0
2026-09-08 09:46:42,30.9,78.3,90.0
2026-09-08 09:47:12,30.9,78.3,90.0
2026-09-08 09:47:42,30.9,78.6,90.8
2026-09-08 09:48:12,30.9,78.7,94.2
2026-09-08 09:48:42,30.9,78.3,97.5
2026-09-08 09:49:12,30.9,78.0,100.0
2026-09-08 09:49:42,30.9,78.1,102.5
2026-09-08 09:50:12,30.9,78.6,105.8
2026-09-08 09:50:42,30.9,78.4,118.3
2026-09-08 09:51:12,30.9,78.2,139.2
2026-09-08 09:51:42,30.9,78.4,209.2
2026-09-08 09:52:12,30.9,78.6,370.0
2026-09-08 09:52:42,30.9,78.8,396.7
2026-09-08 09:53:12,30.9,78.6,422.5
2026-09-08 09:53:42,31.0,78.1,457.5
2026-09-08 09:54:12,31.0,78.0,470.8
2026-09-08 09:54:42,31.0,78.3,485.0
2026-09-08 09:55:12,31.0,78.1,486.7
2026-09-08 09:55:42,31.0,78.3,170.8
2026-09-08 09:56:12,31.0,78.3,169.2
2026-09-08 09:56:42,31.0,78.1,156.7
2026-09-08 09:57:12,31.1,77.8,131.7
2026-09-08 09:57:42,31.1,78.3,120.8
2026-09-08 09:58:12,31.1,78.3,110.8
2026-09-08 09:58:42,31.1,77.3,100.0
2026-09-08 09:59:12,31.1,76.0,95.8
2026-09-08 09:59:42,31.1,76.7,94.2
2026-09-08 10:00:12,31.1,75.9,95.0
2026-09-08 10:00:42,31.1,76.8,95.8
2026-09-08 10:01:12,31.2,76.8,98.3
2026-09-08 10:01:42,31.2,76.8,96.7
2026-09-08 10:02:12,31.2,78.1,95.8
2026-09-08 10:02:42,31.2,77.0,98.3
2026-09-08 10:03:12,31.2,76.5,100.8
2026-09-08 10:03:42,31.2,76.4,104.2
2026-09-08 10:04:12,31.2,75.9,111.7
2026-09-08 10:04:42,31.2,75.4,120.8
2026-09-08 10:05:12,31.2,75.7,139.2
2026-09-08 10:05:42,31.2,75.0,157.5
2026-09-08 10:06:12,31.2,74.5,170.0
2026-09-08 10:06:42,31.1,74.7,175.8
2026-09-08 10:07:12,31.1,75.0,187.5
2026-09-08 10:07:42,31.1,74.8,420.0
2026-09-08 10:08:12,31.1,74.4,377.5
2026-09-08 10:08:42,31.1,75.9,258.3
2026-09-08 10:09:12,31.1,76.4,150.8
2026-09-08 10:09:42,31.1,75.2,139.2
2026-09-08 10:10:12,31.1,74.8,135.8
2026-09-08 10:10:42,31.1,75.2,138.3
2026-09-08 10:11:12,31.1,75.9,140.8
2026-09-08 10:11:42,31.1,75.9,146.7
2026-09-08 10:12:12,31.2,75.1,150.0
2026-09-08 10:12:42,31.1,75.2,151.7
2026-09-08 10:13:12,31.1,75.2,154.2
2026-09-08 10:13:42,31.2,76.6,150.0
2026-09-08 10:14:12,31.1,75.0,148.3
2026-09-08 10:14:42,31.2,74.8,156.7
2026-09-08 10:15:12,31.1,74.7,334.2
2026-09-08 10:15:42,31.1,75.6,145.8
2026-09-08 10:16:12,31.2,75.8,138.3
2026-09-08 10:16:42,31.2,76.9,131.7
2026-09-08 10:17:12,31.2,77.7,130.0
2026-09-08 10:17:42,31.2,77.6,126.7
2026-09-08 10:18:12,31.2,77.3,127.5
2026-09-08 10:18:42,31.2,76.2,129.2
2026-09-08 10:19:12,31.2,76.3,130.8
2026-09-08 10:19:42,31.2,75.7,131.7
2026-09-08 10:20:12,31.2,75.5,135.8
2026-09-08 10:20:42,31.3,75.4,154.2
2026-09-08 10:21:12,31.2,75.5,227.5
2026-09-08 10:21:42,31.3,73.7,444.2
2026-09-08 10:22:12,31.3,74.0,521.7
2026-09-08 10:22:42,31.3,74.2,635.8
2026-09-08 10:23:12,31.3,74.1,550.0
2026-09-08 10:23:42,31.3,74.4,265.8
2026-09-08 10:24:12,31.3,74.2,395.8
2026-09-08 10:24:42,31.3,74.0,197.5
2026-09-08 10:25:12,31.4,74.2,173.3
2026-09-08 10:25:42,31.3,75.2,165.8
2026-09-08 10:26:12,31.4,76.0,171.7
2026-09-08 10:26:42,31.4,75.1,190.8
2026-09-08 10:27:12,31.4,75.0,327.5
2026-09-08 10:27:42,31.4,74.9,628.3
2026-09-08 10:28:12,31.4,75.0,616.7
2026-09-08 10:28:42,31.4,74.4,634.2
2026-09-08 10:29:12,31.4,74.6,635.8
2026-09-08 10:29:42,31.5,73.8,615.0
2026-09-08 10:30:12,31.5,74.6,554.2
2026-09-08 10:30:42,31.5,75.9,265.0
2026-09-08 10:31:12,31.6,75.6,278.3
2026-09-08 10:31:42,31.6,73.7,572.5
2026-09-08 10:32:12,31.6,74.4,620.8
2026-09-08 10:32:42,31.7,75.6,654.2
2026-09-08 10:33:12,31.7,74.2,263.3
2026-09-08 10:33:42,31.6,73.7,248.3
2026-09-08 10:34:12,31.7,73.4,255.0
2026-09-08 10:34:42,31.8,73.3,312.5
2026-09-08 10:35:12,31.7,73.7,577.5
2026-09-08 10:35:42,31.8,73.8,651.7
2026-09-08 10:36:12,31.8,74.4,600.0
2026-09-08 10:36:42,31.8,73.8,494.2
2026-09-08 10:37:12,31.8,74.8,312.5
2026-09-08 10:37:42,31.8,75.0,150.8
2026-09-08 10:38:12,31.9,73.2,129.2
2026-09-08 10:38:42,31.9,72.9,113.3
2026-09-08 10:39:12,31.9,72.9,99.2
2026-09-08 10:39:42,31.9,73.6,90.0
2026-09-08 10:40:12,31.9,73.0,85.8
2026-09-08 10:40:42,31.8,72.8,83.3
2026-09-08 10:41:12,31.8,73.6,81.7
2026-09-08 10:41:42,31.8,72.9,79.2
2026-09-08 10:42:12,31.8,72.9,78.3
2026-09-08 10:42:42,31.8,73.8,76.7
2026-09-08 10:43:12,31.8,73.9,75.8
2026-09-08 10:43:42,31.8,74.1,76.7
2026-09-08 10:44:12,31.7,74.6,78.3
2026-09-08 10:44:42,31.8,74.7,80.0
2026-09-08 10:45:12,31.8,74.4,80.8
2026-09-08 10:45:42,31.7,74.5,80.0
2026-09-08 10:46:12,31.7,74.3,77.5
2026-09-08 10:46:42,31.7,74.3,76.7
2026-09-08 10:47:12,31.7,74.0,75.8
2026-09-08 10:47:42,31.7,74.3,75.0
2026-09-08 10:48:12,31.7,74.4,75.8
2026-09-08 10:48:42,31.7,74.4,76.7
2026-09-08 10:49:12,31.7,74.3,80.0
2026-09-08 10:49:42,31.6,74.4,85.0
2026-09-08 10:50:12,31.7,74.3,85.8
2026-09-08 10:50:42,31.6,74.3,85.0
2026-09-08 10:51:27,31.6,74.1,86.7
2026-09-08 10:51:57,31.6,74.3,88.3
2026-09-08 10:52:27,31.6,74.3,89.2
2026-09-08 10:52:57,31.6,74.5,87.5
2026-09-08 10:53:28,31.6,74.3,84.2
2026-09-08 10:53:58,31.6,74.3,82.5
2026-09-08 10:54:28,31.6,74.8,82.5
2026-09-08 10:54:58,31.6,74.1,83.3
2026-09-08 10:55:28,31.5,73.9,85.0
2026-09-08 10:55:58,31.6,74.8,89.2
2026-09-08 10:56:28,31.6,74.6,90.8
2026-09-08 10:56:58,31.5,74.7,90.0
2026-09-08 10:57:29,31.5,75.6,92.5
2026-09-08 10:57:59,31.6,75.2,96.7
2026-09-08 10:58:29,31.6,74.2,99.2
2026-09-08 10:58:59,31.5,74.5,100.0
2026-09-08 10:59:29,31.5,75.2,101.7
2026-09-08 10:59:59,31.5,75.1,102.5
2026-09-08 11:00:29,31.5,74.7,109.2
2026-09-08 11:00:59,31.5,75.0,118.3
2026-09-08 11:01:30,31.5,74.7,131.7
2026-09-08 11:02:00,31.5,74.8,161.7
2026-09-08 11:02:30,31.5,74.5,219.2
2026-09-08 11:03:00,31.5,75.1,585.0
2026-09-08 11:03:30,31.5,74.5,633.3
2026-09-08 11:04:00,31.6,74.4,205.8
2026-09-08 11:04:30,31.6,74.3,215.0
2026-09-08 11:05:00,31.5,74.6,369.2
2026-09-08 11:05:30,31.6,75.1,190.8
2026-09-08 11:06:01,31.6,75.0,185.8
2026-09-08 11:06:31,31.6,74.8,180.8
2026-09-08 11:07:01,31.6,74.7,173.3
2026-09-08 11:07:31,31.6,74.6,164.2
2026-09-08 11:08:01,31.6,74.7,151.7
2026-09-08 11:08:31,31.6,74.5,145.8
2026-09-08 11:09:01,31.6,74.8,143.3
2026-09-08 11:09:32,31.6,74.2,145.0
2026-09-08 11:10:02,31.5,74.3,165.0
2026-09-08 11:10:32,31.6,74.7,375.0
2026-09-08 11:11:02,31.6,74.8,326.7
2026-09-08 11:11:32,31.6,74.7,624.2
2026-09-08 11:12:02,31.6,74.9,230.0
2026-09-08 11:12:32,31.6,74.5,227.5
2026-09-08 11:13:02,31.6,74.6,391.7
2026-09-08 11:13:32,31.6,74.2,428.3
2026-09-08 11:14:03,31.6,74.2,230.0
2026-09-08 11:14:33,31.6,74.1,246.7
2026-09-08 11:15:03,31.6,74.0,579.2
2026-09-08 11:15:33,31.7,74.2,525.0
2026-09-08 11:16:03,31.6,74.2,553.3
2026-09-08 11:16:33,31.7,74.5,679.2
2026-09-08 11:17:03,31.7,74.7,565.8
2026-09-08 11:17:34,31.8,75.2,620.0
2026-09-08 11:18:04,31.8,74.5,664.2
2026-09-08 11:18:34,31.8,74.3,663.3
2026-09-08 11:19:04,31.9,74.9,662.5
2026-09-08 11:19:34,31.9,74.8,655.8
2026-09-08 11:20:04,31.9,74.8,650.0
2026-09-08 11:20:34,31.9,74.4,650.8
2026-09-08 11:21:04,31.9,74.5,641.7
2026-09-08 11:21:35,31.9,75.1,576.7
2026-09-08 11:22:05,32.0,74.9,601.7
2026-09-08 11:22:35,32.0,75.1,602.5
2026-09-08 11:23:05,32.0,74.9,585.8
2026-09-08 11:23:35,32.0,74.8,589.2
2026-09-08 11:24:05,32.0,75.0,201.7
2026-09-08 11:24:35,32.0,74.2,182.5
2026-09-08 11:25:06,32.0,73.2,169.2
2026-09-08 11:25:36,32.0,73.1,155.8
2026-09-08 11:26:06,32.0,72.5,145.8
2026-09-08 11:26:36,32.0,74.2,136.7
2026-09-08 11:27:06,32.0,74.6,129.2
2026-09-08 11:27:36,32.0,74.8,121.7
2026-09-08 11:28:06,32.0,74.6,115.0
2026-09-08 11:28:36,32.0,74.8,110.0
2026-09-08 11:29:07,32.0,74.8,105.0
2026-09-08 11:29:37,32.0,74.1,104.2
2026-09-08 11:30:07,32.0,73.6,105.0
2026-09-08 11:30:37,32.0,72.7,105.8
2026-09-08 11:31:07,32.0,72.7,109.2
2026-09-08 11:31:37,32.0,74.3,113.3
2026-09-08 11:32:07,32.0,74.2,118.3
2026-09-08 11:32:38,31.9,73.4,125.8
2026-09-08 11:33:08,31.9,74.0,145.0
2026-09-08 11:33:38,31.9,74.1,327.5
2026-09-08 11:34:08,31.9,73.1,139.2
2026-09-08 11:34:38,31.9,73.9,132.5
2026-09-08 11:35:08,31.9,74.7,139.2
2026-09-08 11:35:38,31.9,73.5,140.0
2026-09-08 11:36:08,31.9,72.9,135.8
2026-09-08 11:36:39,32.0,72.5,132.5
2026-09-08 11:37:09,32.0,72.7,127.5
2026-09-08 11:37:39,32.0,72.7,121.7
2026-09-08 11:38:09,32.0,70.5,114.2
2026-09-08 11:38:39,32.0,71.9,109.2
2026-09-08 11:39:09,32.0,73.7,102.5
2026-09-08 11:39:39,32.0,73.5,97.5
2026-09-08 11:40:10,32.0,73.7,95.0
2026-09-08 11:40:40,32.0,73.9,93.3
2026-09-08 11:41:10,32.0,73.8,94.2
2026-09-08 11:41:40,32.0,74.4,95.0
2026-09-08 11:42:10,32.0,74.0,96.7
2026-09-08 11:42:40,31.9,73.3,96.7
2026-09-08 11:43:10,32.0,73.1,95.8
2026-09-08 11:43:40,32.0,73.3,94.2
2026-09-08 11:44:11,32.0,73.3,95.0
2026-09-08 11:44:41,32.0,72.9,96.7
2026-09-08 11:45:11,32.0,73.8,100.0
2026-09-08 11:45:41,31.9,73.4,104.2
2026-09-08 11:46:11,31.9,72.5,105.8
2026-09-08 11:46:41,31.9,72.4,110.0
2026-09-08 11:47:11,31.9,73.4,118.3
2026-09-08 11:47:42,31.9,72.0,128.3
2026-09-08 11:48:12,31.9,72.1,141.7
2026-09-08 11:48:42,31.9,72.3,155.0
2026-09-08 11:49:12,31.9,72.9,178.3
2026-09-08 11:49:42,31.9,73.0,182.5
2026-09-08 11:50:12,31.9,72.9,178.3
2026-09-08 11:50:42,31.9,72.9,179.2
2026-09-08 11:51:13,31.9,73.0,188.3
2026-09-08 11:51:43,31.9,72.6,186.7
2026-09-08 11:52:13,31.9,73.1,191.7
2026-09-08 11:52:43,31.9,72.9,220.8
2026-09-08 11:53:13,31.9,73.0,530.8
2026-09-08 11:53:43,31.9,73.6,584.2
2026-09-08 11:54:13,32.0,73.3,574.2
2026-09-08 11:54:43,32.0,73.8,323.3
2026-09-08 11:55:13,32.0,73.8,569.2
2026-09-08 11:55:44,32.0,74.2,584.2
2026-09-08 11:56:14,32.0,73.0,572.5
2026-09-08 11:56:44,32.0,72.9,575.0
2026-09-08 11:57:14,32.0,72.5,560.8
2026-09-08 11:57:44,32.0,72.8,560.8
2026-09-08 11:58:14,32.1,72.8,190.8
2026-09-08 11:58:44,32.0,73.1,170.8
2026-09-08 11:59:14,32.1,72.9,161.7
2026-09-08 11:59:45,32.1,73.4,149.2
2026-09-08 12:00:15,32.1,73.1,142.5
2026-09-08 12:00:45,32.0,74.0,133.3
2026-09-08 12:01:15,32.0,73.2,125.8
2026-09-08 12:01:45,32.0,74.1,125.8
2026-09-08 12:02:15,32.0,74.5,125.8
2026-09-08 12:02:45,32.0,73.5,128.3
2026-09-08 12:03:15,32.0,74.1,137.5
2026-09-08 12:03:46,32.0,72.8,150.8
2026-09-08 12:04:16,32.0,73.0,159.2
2026-09-08 12:04:46,32.0,73.9,165.8
2026-09-08 12:05:16,31.9,74.0,193.3
2026-09-08 12:05:46,31.9,73.3,233.3
2026-09-08 12:06:16,31.9,73.0,279.2
2026-09-08 12:06:46,31.9,73.7,527.5
2026-09-08 12:07:16,32.0,72.9,532.5
2026-09-08 12:07:47,31.9,73.0,530.8
2026-09-08 12:08:17,31.9,73.2,515.8
2026-09-08 12:08:39,31.9,73.9,506.7
2026-09-08 12:09:09,31.9,73.8,481.7
2026-09-08 12:09:39,31.9,73.9,264.2
2026-09-08 12:10:09,31.9,74.2,230.8
2026-09-08 12:10:39,32.0,74.2,221.7
2026-09-08 12:11:09,32.0,74.7,220.0
2026-09-08 12:11:39,32.0,74.0,232.5
2026-09-08 12:12:09,31.9,72.7,308.3
2026-09-08 12:12:39,32.0,73.9,417.5
2026-09-08 12:13:09,31.9,72.9,523.3
2026-09-08 12:13:39,32.0,72.8,545.0
2026-09-08 12:14:09,32.0,74.1,549.2
2026-09-08 12:14:39,32.0,74.1,547.5
2026-09-08 12:15:09,32.0,74.2,570.8
2026-09-08 12:15:39,32.0,72.3,594.2
2026-09-08 12:16:09,32.1,72.7,615.8
2026-09-08 12:16:39,32.1,73.2,628.3
2026-09-08 12:17:09,32.1,73.1,625.8
2026-09-08 12:17:39,32.1,71.5,603.3
2026-09-08 12:18:09,32.1,72.5,580.8
2026-09-08 12:18:39,32.2,73.4,559.2
2026-09-08 12:19:09,32.2,73.2,565.0
2026-09-08 12:19:39,32.2,73.2,535.0
2026-09-08 12:20:09,32.3,72.3,498.3
2026-09-08 12:20:39,32.2,71.7,490.0
2026-09-08 12:21:09,32.2,71.8,488.3
2026-09-08 12:21:39,32.3,73.3,525.8
2026-09-08 12:22:09,32.3,73.3,540.8
2026-09-08 12:22:39,32.3,72.3,540.8
2026-09-08 12:23:09,32.3,72.5,555.0
2026-09-08 12:23:39,32.3,71.4,568.3
2026-09-08 12:24:09,32.3,73.0,563.3
2026-09-08 12:24:39,32.4,71.2,536.7
2026-09-08 12:25:09,32.4,70.6,482.5
2026-09-08 12:25:39,32.4,71.4,347.5
2026-09-08 12:26:09,32.4,71.6,210.8
2026-09-08 12:26:39,32.4,70.3,196.7
2026-09-08 12:27:09,32.4,69.7,185.0
2026-09-08 12:27:39,32.4,69.5,176.7
2026-09-08 12:28:09,32.4,70.1,171.7
2026-09-08 12:28:39,32.4,69.6,167.5
2026-09-08 12:29:09,32.4,70.4,165.0
2026-09-08 12:29:39,32.4,69.9,165.8
2026-09-08 12:30:09,32.3,70.3,168.3
2026-09-08 12:30:39,32.4,69.8,167.5
2026-09-08 12:31:09,32.3,69.9,164.2
2026-09-08 12:31:39,32.3,69.7,157.5
2026-09-08 12:32:09,32.3,69.9,153.3
2026-09-08 12:32:39,32.3,71.1,147.5
2026-09-08 12:33:09,32.3,70.7,141.7
2026-09-08 12:33:39,32.3,69.7,138.3
2026-09-08 12:34:09,32.2,70.7,134.2
2026-09-08 12:34:39,32.2,70.5,130.0
2026-09-08 12:35:09,32.2,71.0,127.5
2026-09-08 12:35:39,32.2,70.5,123.3
2026-09-08 12:36:09,32.2,71.9,120.0
2026-09-08 12:36:39,32.2,71.1,117.5
2026-09-08 12:37:09,32.2,71.8,115.0
2026-09-08 12:37:39,32.2,72.4,112.5
2026-09-08 12:38:09,32.2,71.3,110.0
2026-09-08 12:38:39,32.2,71.4,102.5
2026-09-08 12:39:09,32.2,71.8,95.8
2026-09-08 12:39:39,32.1,72.1,91.7
2026-09-08 12:40:09,32.1,71.7,88.3
2026-09-08 12:40:39,32.1,70.7,86.7
2026-09-08 12:41:09,32.1,71.2,87.5
2026-09-08 12:41:39,32.1,72.0,87.5
2026-09-08 12:42:09,32.1,71.0,85.8
2026-09-08 12:42:39,32.1,71.4,86.7
2026-09-08 12:43:09,32.0,71.4,86.7
2026-09-08 12:43:39,32.0,71.1,87.5
2026-09-08 12:44:09,32.1,70.8,88.3
2026-09-08 12:44:39,32.0,70.8,90.8
2026-09-08 12:45:09,32.0,70.3,96.7
2026-09-08 12:45:39,32.0,70.7,104.2
2026-09-08 12:46:09,32.0,70.7,109.2
2026-09-08 12:46:39,32.0,71.0,100.8
2026-09-08 12:47:09,32.0,70.8,95.8
2026-09-08 12:47:39,32.0,70.7,95.0
2026-09-08 12:48:09,32.0,70.2,94.2
2026-09-08 12:48:39,32.0,70.5,85.8
2026-09-08 12:49:09,32.0,71.0,75.8
2026-09-08 12:49:39,32.0,70.8,69.2
2026-09-08 12:50:09,32.0,70.3,65.0
2026-09-08 12:50:39,32.0,70.2,61.7
2026-09-08 12:51:09,32.0,70.9,60.8
2026-09-08 12:51:39,32.0,71.1,61.7
2026-09-08 12:52:09,31.9,71.1,63.3
2026-09-08 12:52:39,31.9,71.2,66.7
2026-09-08 12:53:09,31.9,70.9,72.5
2026-09-08 12:53:39,31.9,71.4,78.3
2026-09-08 12:54:09,31.9,71.5,87.5
2026-09-08 12:54:39,31.9,71.2,93.3
2026-09-08 12:55:09,31.9,70.7,99.2
2026-09-08 12:55:39,31.9,72.6,104.2
2026-09-08 12:56:09,31.9,71.4,110.8
2026-09-08 12:56:39,31.9,71.8,113.3
2026-09-08 12:57:09,31.9,70.9,116.7
2026-09-08 12:57:39,31.9,71.1,120.0
2026-09-08 12:58:09,31.9,73.0,124.2
2026-09-08 12:58:39,31.9,71.0,129.2
2026-09-08 12:59:09,31.9,72.0,131.7
2026-09-08 12:59:39,31.9,71.1,130.0
2026-09-08 13:00:09,31.9,70.4,130.8
2026-09-08 13:00:39,31.9,69.8,131.7
2026-09-08 13:01:09,31.9,70.1,132.5
2026-09-08 13:01:39,31.9,70.9,134.2
2026-09-08 13:02:09,31.9,69.8,134.2
2026-09-08 13:02:39,31.9,71.2,133.3
2026-09-08 13:03:09,31.9,70.5,130.8
2026-09-08 13:03:39,31.9,70.3,125.8
2026-09-08 13:04:09,31.9,71.0,121.7
2026-09-08 13:04:39,31.9,71.1,123.3
2026-09-08 13:05:09,31.9,71.0,121.7
2026-09-08 13:05:39,31.9,70.2,117.5
2026-09-08 13:06:09,31.9,70.6,119.2
2026-09-08 13:06:39,31.9,70.7,123.3
2026-09-08 13:07:09,31.9,70.8,129.2
2026-09-08 13:07:39,31.9,70.8,141.7
2026-09-08 13:08:09,31.9,70.8,159.2
2026-09-08 13:08:39,31.9,70.4,180.0
2026-09-08 13:09:09,31.9,71.4,331.7
2026-09-08 13:09:39,31.9,72.4,361.7
2026-09-08 13:10:09,32.0,73.6,330.0
2026-09-08 13:10:39,32.0,73.6,310.8
2026-09-08 13:11:09,32.0,73.4,211.7
2026-09-08 13:11:39,32.0,72.9,234.2
2026-09-08 13:12:09,32.0,72.3,185.8
2026-09-08 13:12:39,32.0,71.8,185.0
2026-09-08 13:13:09,32.0,70.9,185.0
2026-09-08 13:13:39,32.0,70.7,188.3
2026-09-08 13:14:09,32.0,70.3,194.2
2026-09-08 13:14:39,32.0,70.4,200.0
2026-09-08 13:15:09,32.0,70.6,254.2
2026-09-08 13:15:39,32.0,70.2,299.2
2026-09-08 13:16:09,32.0,69.9,289.2
2026-09-08 13:16:39,32.0,69.8,301.7
2026-09-08 13:17:09,32.0,69.9,316.7
2026-09-08 13:17:39,32.0,69.6,326.7
2026-09-08 13:18:09,32.0,70.0,335.8
2026-09-08 13:18:39,32.0,69.8,344.2
2026-09-08 13:19:09,32.1,69.9,346.7
2026-09-08 13:19:39,32.0,70.6,348.3
2026-09-08 13:20:09,32.1,70.6,347.5
2026-09-08 13:20:39,32.1,69.7,343.3
2026-09-08 13:21:09,32.1,70.6,336.7
2026-09-08 13:21:39,32.1,70.1,335.8
2026-09-08 13:22:09,32.1,70.0,334.2
2026-09-08 13:22:39,32.1,69.4,335.8
2026-09-08 13:23:09,32.1,70.6,340.8
2026-09-08 13:23:39,32.1,70.2,334.2
2026-09-08 13:24:09,32.2,69.6,330.8
2026-09-08 13:24:39,32.2,71.4,325.8
2026-09-08 13:25:09,32.2,72.7,319.2
2026-09-08 13:25:39,32.3,72.3,308.3
2026-09-08 13:26:09,32.3,72.4,301.7
2026-09-08 13:26:39,32.3,70.7,290.8
2026-09-08 13:27:09,32.3,69.4,274.2
2026-09-08 13:27:39,32.3,71.5,249.2
2026-09-08 13:28:09,32.3,71.4,211.7
2026-09-08 13:28:39,32.3,70.3,130.0
2026-09-08 13:29:09,32.3,70.8,142.5
2026-09-08 13:29:39,32.3,69.2,110.0
2026-09-08 13:30:09,32.3,71.9,100.8
2026-09-08 13:30:39,32.4,70.2,95.0
2026-09-08 13:31:09,32.3,71.8,88.3
2026-09-08 13:31:39,32.4,69.3,85.8
2026-09-08 13:32:09,32.4,71.4,90.8
2026-09-08 13:32:39,32.4,69.7,98.3
2026-09-08 13:33:09,32.4,68.6,120.0
2026-09-08 13:33:39,32.3,68.8,169.2
2026-09-08 13:34:09,32.4,68.8,145.8
2026-09-08 13:34:39,32.3,68.7,233.3
2026-09-08 13:35:09,32.3,69.3,158.3
2026-09-08 13:35:39,32.3,69.8,156.7
2026-09-08 13:36:09,32.3,69.7,157.5
2026-09-08 13:36:39,32.3,71.4,191.7
2026-09-08 13:37:09,32.3,71.6,224.2
2026-09-08 13:37:39,32.4,71.0,225.8
2026-09-08 13:38:09,32.4,68.9,225.8
2026-09-08 13:38:39,32.3,68.8,212.5
2026-09-08 13:39:09,32.3,69.3,200.0
2026-09-08 13:39:39,32.3,71.1,175.0
2026-09-08 13:40:09,32.3,71.6,136.7
2026-09-08 13:40:39,32.3,72.2,145.0
2026-09-08 13:41:09,32.3,72.5,159.2
2026-09-08 13:41:39,32.3,71.2,160.0
2026-09-08 13:42:09,32.4,70.3,156.7
2026-09-08 13:42:39,32.4,71.3,152.5
2026-09-08 13:43:09,32.4,69.7,145.0
2026-09-08 13:43:39,32.4,68.7,136.7
2026-09-08 13:44:09,32.3,68.6,102.5
2026-09-08 13:44:39,32.3,68.3,96.7
2026-09-08 13:45:09,32.3,70.5,90.0
2026-09-08 13:45:39,32.4,70.8,85.8
2026-09-08 13:46:09,32.4,69.6,80.8
2026-09-08 13:46:39,32.4,69.3,75.8
2026-09-08 13:47:09,32.3,69.3,71.7
2026-09-08 13:47:39,32.3,69.6,67.5
2026-09-08 13:48:09,32.3,69.4,63.3
2026-09-08 13:48:39,32.3,69.4,60.8
2026-09-08 13:49:09,32.3,69.4,57.5
2026-09-08 13:49:39,32.3,69.8,55.8
2026-09-08 13:50:09,32.3,69.9,52.5
2026-09-08 13:50:39,32.3,72.2,51.7
2026-09-08 13:51:09,32.3,71.7,50.8
2026-09-08 13:51:39,32.2,71.0,50.0
2026-09-08 13:52:09,32.2,70.4,49.2
2026-09-08 13:52:39,32.2,70.6,49.2
2026-09-08 13:53:09,32.2,70.6,48.3
2026-09-08 13:53:39,32.2,71.2,47.5
2026-09-08 13:54:09,32.2,71.3,47.5
2026-09-08 13:54:39,32.2,72.3,47.5
2026-09-08 13:55:09,32.2,72.6,48.3
2026-09-08 13:55:39,32.2,70.8,49.2
2026-09-08 13:56:09,32.2,70.4,50.0
2026-09-08 13:56:39,32.2,70.3,50.8
2026-09-08 13:57:09,32.2,69.3,51.7
2026-09-08 13:57:39,32.2,69.5,52.5
2026-09-08 13:58:09,32.1,69.6,55.8
2026-09-08 13:58:39,32.1,69.2,57.5
2026-09-08 13:59:09,32.1,69.8,60.8
2026-09-08 13:59:39,32.1,71.0,65.0
2026-09-08 14:00:09,32.1,69.4,68.3
2026-09-08 14:00:39,32.1,70.2,70.8
2026-09-08 14:01:09,32.1,69.8,71.7
2026-09-08 14:01:39,32.0,70.0,72.5
2026-09-08 14:02:09,32.0,68.8,72.5
2026-09-08 14:02:39,32.0,70.9,73.3
2026-09-08 14:03:09,32.0,71.3,75.0
2026-09-08 14:03:39,32.0,72.8,77.5
2026-09-08 14:04:09,32.1,71.5,80.0
2026-09-08 14:04:39,32.0,73.0,80.0
2026-09-08 14:05:09,32.1,71.2,77.5
2026-09-08 14:05:39,32.0,69.0,75.0
2026-09-08 14:06:09,32.0,69.8,72.5
2026-09-08 14:06:39,32.0,70.8,70.8
2026-09-08 14:07:09,32.0,70.0,68.3
2026-09-08 14:07:39,32.0,69.3,67.5
2026-09-08 14:08:09,32.0,71.3,67.5
2026-09-08 14:08:39,32.0,69.9,65.8
2026-09-08 14:09:09,32.0,69.7,65.0
2026-09-08 14:09:39,32.0,69.4,65.0
2026-09-08 14:10:09,32.0,69.4,65.0
2026-09-08 14:10:39,32.0,69.0,62.5
2026-09-08 14:11:09,32.0,69.4,60.0
2026-09-08 14:11:39,32.0,68.9,58.3
2026-09-08 14:12:09,32.0,69.5,56.7
2026-09-08 14:12:39,32.0,69.1,55.0
2026-09-08 14:13:09,32.0,68.7,55.8
2026-09-08 14:13:39,32.0,69.4,55.8
2026-09-08 14:14:09,32.0,70.1,57.5
2026-09-08 14:14:39,32.0,69.5,57.5
2026-09-08 14:15:09,32.0,68.9,58.3
2026-09-08 14:15:39,32.0,68.9,60.8
2026-09-08 14:16:09,32.0,68.7,64.2
2026-09-08 14:16:39,32.0,69.0,66.7
2026-09-08 14:17:09,32.0,68.5,69.2
2026-09-08 14:17:39,32.0,68.5,73.3
2026-09-08 14:18:09,32.0,68.9,77.5
2026-09-08 14:18:39,32.0,68.3,80.0
2026-09-08 14:19:09,32.0,69.1,84.2
2026-09-08 14:19:39,32.0,68.5,89.2
2026-09-08 14:20:09,32.0,68.9,91.7
2026-09-08 14:20:39,32.0,69.3,91.7
2026-09-08 14:21:09,32.0,71.6,85.8
2026-09-08 14:21:39,32.0,70.3,79.2
2026-09-08 14:22:09,32.0,70.2,72.5
2026-09-08 14:22:39,32.0,69.8,66.7
2026-09-08 14:23:09,32.0,69.1,64.2
2026-09-08 14:23:39,32.0,68.4,65.0
2026-09-08 14:24:09,32.0,69.0,71.7
2026-09-08 14:24:39,32.0,69.3,75.8
2026-09-08 14:25:09,32.0,68.9,82.5
2026-09-08 14:25:39,32.0,69.9,89.2
2026-09-08 14:26:09,32.0,70.0,97.5
2026-09-08 14:26:39,32.0,70.2,102.5
2026-09-08 14:27:09,31.9,70.3,108.3
2026-09-08 14:27:39,31.9,70.7,110.8
2026-09-08 14:28:09,31.9,72.3,111.7
2026-09-08 14:28:39,31.9,72.4,111.7
2026-09-08 14:29:09,31.9,71.1,110.0
2026-09-08 14:29:39,31.9,71.6,110.0
2026-09-08 14:30:09,31.9,71.0,110.0
2026-09-08 14:30:39,31.9,70.6,110.0
2026-09-08 14:31:09,31.9,69.8,111.7
2026-09-08 14:31:39,31.9,70.0,111.7
2026-09-08 14:32:09,31.9,70.2,112.5
2026-09-08 14:32:39,31.8,70.7,113.3
2026-09-08 14:33:09,31.8,71.2,114.2
2026-09-08 14:33:39,31.8,72.2,116.7
2026-09-08 14:34:09,31.8,72.2,120.0
2026-09-08 14:34:39,31.9,72.2,120.0
2026-09-08 14:35:09,31.8,71.6,116.7
2026-09-08 14:35:39,31.8,71.8,113.3
2026-09-08 14:36:09,31.8,71.1,110.8
2026-09-08 14:36:39,31.8,70.7,109.2
2026-09-08 14:37:09,31.8,70.8,105.8
2026-09-08 14:37:39,31.8,70.9,105.0
2026-09-08 14:38:09,31.8,71.0,105.0
2026-09-08 14:38:39,31.8,70.3,105.0
2026-09-08 14:39:09,31.8,70.2,105.8
2026-09-08 14:39:39,31.8,69.1,109.2
2026-09-08 14:40:09,31.8,69.8,110.0
2026-09-08 14:40:39,31.8,69.6,118.3
2026-09-08 14:41:09,31.8,70.4,125.0
2026-09-08 14:41:39,31.8,71.5,128.3
2026-09-08 14:42:09,31.8,70.6,130.8
2026-09-08 14:42:39,31.9,71.1,132.5
2026-09-08 14:43:09,31.9,70.3,133.3
2026-09-08 14:43:39,31.9,70.6,133.3
2026-09-08 14:44:09,31.9,70.4,131.7
2026-09-08 14:44:39,31.9,71.0,130.0
2026-09-08 14:45:09,31.9,70.6,118.3
2026-09-08 14:45:39,31.9,69.8,109.2
2026-09-08 14:46:09,31.9,69.1,115.0
2026-09-08 14:46:39,31.9,69.2,109.2
2026-09-08 14:47:09,31.9,69.1,93.3
2026-09-08 14:47:39,31.9,69.7,90.0
2026-09-08 14:48:09,31.9,69.6,94.2
2026-09-08 14:48:39,31.9,70.2,99.2
2026-09-08 14:49:09,31.9,70.6,108.3
2026-09-08 14:49:39,31.9,69.8,109.2
2026-09-08 14:50:09,31.9,69.7,128.3
2026-09-08 14:50:39,31.9,69.8,130.0
2026-09-08 14:51:09,31.9,70.2,130.0
2026-09-08 14:51:39,31.9,69.7,130.8
2026-09-08 14:52:09,31.9,70.7,131.7
2026-09-08 14:52:39,31.9,69.1,132.5
2026-09-08 14:53:09,31.9,69.5,131.7
2026-09-08 14:53:39,32.0,70.1,131.7
2026-09-08 14:54:09,32.0,69.6,130.0
2026-09-08 14:54:39,32.0,69.7,129.2
2026-09-08 14:55:09,32.0,71.3,128.3
2026-09-08 14:55:39,32.0,72.2,126.7
2026-09-08 14:56:09,32.0,70.6,126.7
2026-09-08 14:56:39,32.0,69.3,127.5
2026-09-08 14:57:09,32.0,68.6,128.3
2026-09-08 14:57:39,32.0,68.8,128.3
2026-09-08 14:58:09,32.0,69.2,129.2
2026-09-08 14:58:39,32.0,69.1,129.2
2026-09-08 14:59:09,32.0,69.6,130.8
2026-09-08 14:59:39,32.0,68.7,132.5
2026-09-08 15:00:09,32.0,69.3,133.3
2026-09-08 15:00:39,32.0,69.0,133.3
2026-09-08 15:01:09,32.0,68.1,133.3
2026-09-08 15:01:39,32.0,68.3,131.7
2026-09-08 15:02:09,32.0,68.8,129.2
2026-09-08 15:02:39,32.0,69.4,125.8
2026-09-08 15:03:09,32.0,69.1,124.2
2026-09-08 15:03:39,32.0,69.4,123.3
2026-09-08 15:04:09,32.0,69.2,120.8
2026-09-08 15:04:39,32.0,69.3,110.0
2026-09-08 15:05:09,32.0,69.0,103.3
2026-09-08 15:05:39,32.0,68.1,99.2
2026-09-08 15:06:09,32.0,69.6,96.7
2026-09-08 15:06:39,32.0,70.1,95.0
2026-09-08 15:07:09,32.0,70.1,93.3
2026-09-08 15:07:39,32.0,72.7,90.8
2026-09-08 15:08:09,32.1,68.7,91.7
2026-09-08 15:08:39,32.1,72.1,98.3
2026-09-08 15:09:09,32.1,71.8,104.2
2026-09-08 15:09:39,32.1,71.0,105.0
2026-09-08 15:10:09,32.1,69.9,105.0
2026-09-08 15:10:39,32.1,68.6,105.0
2026-09-08 15:11:09,32.1,69.1,108.3
2026-09-08 15:11:39,32.1,69.8,104.2
2026-09-08 15:12:09,32.1,69.1,100.0
2026-09-08 15:12:39,32.1,68.6,94.2
2026-09-08 15:13:09,32.1,68.2,87.5
2026-09-08 15:13:39,32.1,70.0,84.2
2026-09-08 15:14:09,32.1,69.1,82.5
2026-09-08 15:14:39,32.1,69.3,81.7
2026-09-08 15:15:09,32.1,68.8,80.0
2026-09-08 15:15:39,32.1,68.8,80.8
2026-09-08 15:16:09,32.1,68.7,81.7
2026-09-08 15:16:39,32.1,68.8,82.5
2026-09-08 15:17:09,32.1,68.8,83.3
2026-09-08 15:17:39,32.1,68.4,83.3
2026-09-08 15:18:09,32.1,68.4,81.7
2026-09-08 15:18:39,32.0,67.7,78.3
2026-09-08 15:19:09,32.0,67.9,74.2
2026-09-08 15:19:39,32.0,69.4,71.7
2026-09-08 15:20:09,32.0,69.9,67.5
2026-09-08 15:20:39,32.0,70.0,64.2
2026-09-08 15:21:09,32.0,69.2,59.2
2026-09-08 15:21:39,32.0,68.9,55.8
2026-09-08 15:22:09,32.0,69.8,52.5
2026-09-08 15:22:39,32.0,72.3,50.0
2026-09-08 15:23:09,32.0,70.9,46.7
2026-09-08 15:23:39,32.0,70.4,45.8
2026-09-08 15:24:09,32.0,70.5,46.7
2026-09-08 15:24:39,32.0,68.6,45.8
2026-09-08 15:25:09,32.0,69.4,45.0
2026-09-08 15:25:39,32.0,68.9,44.2
2026-09-08 15:26:09,32.0,68.9,43.3
2026-09-08 15:26:39,32.0,69.6,43.3
2026-09-08 15:27:09,32.0,69.2,41.7
2026-09-08 15:27:39,32.0,67.8,40.8
2026-09-08 15:28:09,32.0,68.5,40.0
2026-09-08 15:28:39,32.0,68.1,39.2
2026-09-08 15:29:09,32.0,68.7,38.3
2026-09-08 15:29:39,32.0,67.9,36.7
2026-09-08 15:30:09,32.0,68.6,36.7
2026-09-08 15:30:39,32.0,68.2,36.7
2026-09-08 15:31:09,32.0,69.4,37.5
2026-09-08 15:31:39,32.0,69.0,38.3
2026-09-08 15:32:09,31.9,68.6,40.0
2026-09-08 15:32:39,31.9,68.6,42.5
2026-09-08 15:33:09,31.9,69.1,43.3
2026-09-08 15:33:39,31.9,69.3,44.2
2026-09-08 15:34:09,31.9,69.2,44.2
2026-09-08 15:34:39,31.9,69.0,45.0
2026-09-08 15:35:09,31.9,68.8,46.7
2026-09-08 15:35:39,31.9,68.5,50.0
2026-09-08 15:36:09,31.9,70.7,50.8
2026-09-08 15:36:39,31.9,69.2,50.0
2026-09-08 15:37:09,31.9,69.5,49.2
2026-09-08 15:37:39,31.9,69.9,47.5
2026-09-08 15:38:09,31.9,69.4,47.5
2026-09-08 15:38:39,31.9,69.4,46.7
2026-09-08 15:39:09,31.9,69.6,45.8
2026-09-08 15:39:39,31.9,69.9,45.8
2026-09-08 15:40:09,31.9,70.0,45.8
2026-09-08 15:40:39,31.9,70.3,45.8
2026-09-08 15:41:09,31.9,70.4,45.8
2026-09-08 15:41:39,31.9,70.2,45.8
2026-09-08 15:42:09,31.9,70.7,45.8
2026-09-08 15:42:39,31.9,71.1,45.8
2026-09-08 15:43:09,31.9,70.0,46.7
2026-09-08 15:43:39,31.9,69.5,46.7
2026-09-08 15:44:09,31.8,69.2,46.7
2026-09-08 15:44:39,31.9,69.1,46.7
2026-09-08 15:45:09,31.8,68.3,45.8
2026-09-08 15:45:39,31.8,69.2,45.8
2026-09-08 15:46:09,31.8,68.5,45.0
2026-09-08 15:46:39,31.8,68.6,45.0
2026-09-08 15:47:09,31.8,69.0,44.2
2026-09-08 15:47:39,31.8,69.4,44.2
2026-09-08 15:48:09,31.8,68.7,43.3
2026-09-08 15:48:39,31.8,68.7,42.5
2026-09-08 15:49:09,31.8,68.6,41.7
2026-09-08 15:49:39,31.8,69.3,41.7
2026-09-08 15:50:09,31.8,69.7,41.7
2026-09-08 15:50:39,31.8,69.3,41.7
2026-09-08 15:51:09,31.8,70.1,40.8
2026-09-08 15:51:39,31.8,70.1,40.8
2026-09-08 15:52:09,31.7,69.0,40.8
2026-09-08 15:52:39,31.7,68.9,40.0
2026-09-08 15:53:09,31.7,69.4,40.0
2026-09-08 15:53:39,31.7,69.8,39.2
2026-09-08 15:54:09,31.7,69.5,39.2
2026-09-08 15:54:39,31.7,69.8,38.3
2026-09-08 15:55:09,31.7,69.5,38.3
2026-09-08 15:55:39,31.7,69.3,39.2
2026-09-08 15:56:09,31.7,69.4,39.2
2026-09-08 15:56:39,31.7,70.2,40.0
2026-09-08 15:57:09,31.7,70.3,40.0
2026-09-08 15:57:39,31.7,70.9,40.8
2026-09-08 15:58:09,31.7,70.9,41.7
2026-09-08 15:58:39,31.7,71.2,41.7
2026-09-08 15:59:09,31.7,70.4,42.5
2026-09-08 15:59:39,31.6,69.7,43.3
2026-09-08 16:00:09,31.7,68.9,43.3
2026-09-08 16:00:39,31.6,69.3,44.2
2026-09-08 16:01:09,31.6,70.3,44.2
2026-09-08 16:01:39,31.7,69.6,45.0
2026-09-08 16:02:09,31.6,69.2,45.0
2026-09-08 16:02:39,31.6,69.1,45.8
2026-09-08 16:03:09,31.6,69.5,46.7
2026-09-08 16:03:39,31.7,69.7,48.3
2026-09-08 16:04:09,31.6,69.4,49.2
2026-09-08 16:04:39,31.7,69.9,50.8
2026-09-08 16:05:09,31.7,69.3,51.7
2026-09-08 16:05:39,31.7,69.3,52.5
2026-09-08 16:06:09,31.7,70.0,55.8
2026-09-08 16:06:39,31.7,70.8,58.3
2026-09-08 16:07:09,31.7,72.4,59.2
2026-09-08 16:07:39,31.7,72.2,59.2
2026-09-08 16:08:09,31.7,70.4,59.2
2026-09-08 16:08:39,31.7,71.6,59.2
2026-09-08 16:09:09,31.7,71.6,59.2
2026-09-08 16:09:39,31.7,70.6,58.3
2026-09-08 16:10:09,31.7,70.4,58.3
2026-09-08 16:10:39,31.7,70.3,59.2
2026-09-08 16:11:09,31.7,70.8,60.8
2026-09-08 16:11:39,31.7,70.5,60.8
2026-09-08 16:12:09,31.7,70.9,60.8
2026-09-08 16:12:39,31.7,70.6,60.0
2026-09-08 16:13:09,31.7,70.1,59.2
2026-09-08 16:13:39,31.7,70.4,58.3
2026-09-08 16:14:09,31.7,70.8,57.5
2026-09-08 16:14:39,31.7,70.5,55.8
2026-09-08 16:15:09,31.7,71.0,55.0
2026-09-08 16:15:39,31.7,71.0,55.0
2026-09-08 16:16:09,31.6,71.3,56.7
2026-09-08 16:16:39,31.7,71.7,58.3
2026-09-08 16:17:09,31.6,71.5,60.0
2026-09-08 16:17:39,31.7,71.3,60.0
2026-09-08 16:18:09,31.6,71.2,60.8
2026-09-08 16:18:39,31.6,70.8,60.0
2026-09-08 16:19:09,31.6,70.7,59.2
2026-09-08 16:19:39,31.6,69.7,57.5
2026-09-08 16:20:09,31.6,69.3,55.0
2026-09-08 16:20:39,31.6,69.1,50.8
2026-09-08 16:21:09,31.6,69.3,49.2
2026-09-08 16:21:39,31.6,70.1,47.5
2026-09-08 16:22:09,31.6,70.9,47.5
2026-09-08 16:22:39,31.6,71.9,45.8
2026-09-08 16:23:09,31.6,71.6,42.5
2026-09-08 16:23:39,31.6,70.6,38.3
2026-09-08 16:24:09,31.6,71.2,35.0
2026-09-08 16:24:39,31.6,71.7,33.3
2026-09-08 16:25:09,31.6,70.6,32.5
2026-09-08 16:25:39,31.6,70.1,30.8
2026-09-08 16:26:09,31.6,70.7,29.2
2026-09-08 16:26:39,31.6,70.3,26.7
2026-09-08 16:27:09,31.6,70.9,25.0
2026-09-08 16:27:39,31.6,71.4,23.3
2026-09-08 16:28:09,31.6,70.5,21.7
2026-09-08 16:28:39,31.6,70.3,20.8
2026-09-08 16:29:09,31.6,70.5,20.0
2026-09-08 16:29:39,31.6,70.9,20.0
2026-09-08 16:30:09,31.6,70.0,19.2
2026-09-08 16:30:39,31.6,71.2,19.2
2026-09-08 16:31:09,31.6,69.9,19.2
2026-09-08 16:31:39,31.6,70.2,19.2
2026-09-08 16:32:09,31.6,70.6,19.2
2026-09-08 16:32:39,31.7,70.6,18.3
2026-09-08 16:33:09,31.7,70.6,18.3
2026-09-08 16:33:39,31.7,70.3,18.3
2026-09-08 16:34:09,31.7,69.8,17.5
2026-09-08 16:34:39,31.7,69.5,17.5
2026-09-08 16:35:09,31.7,69.1,17.5
2026-09-08 16:35:39,31.7,69.0,18.3
2026-09-08 16:36:09,31.7,68.5,18.3
2026-09-08 16:36:39,31.7,68.8,16.7
2026-09-08 16:37:09,31.7,68.5,15.8
2026-09-08 16:37:39,31.7,69.6,15.0
2026-09-08 16:38:09,31.7,69.7,14.2
2026-09-08 16:38:39,31.7,71.7,14.2
2026-09-08 16:39:09,31.7,70.0,14.2
2026-09-08 16:39:39,31.7,71.2,14.2
2026-09-08 16:40:09,31.7,69.6,14.2
2026-09-08 16:40:39,31.7,69.6,15.0
2026-09-08 16:41:09,31.7,70.0,15.0
2026-09-08 16:41:39,31.7,69.9,15.8
2026-09-08 16:42:09,31.7,69.9,15.8
2026-09-08 16:42:39,31.7,70.7,16.7
2026-09-08 16:43:09,31.7,71.0,16.7
2026-09-08 16:43:39,31.7,71.1,15.0
2026-09-08 16:44:09,31.7,71.6,14.2
2026-09-08 16:44:39,31.7,71.3,13.3
2026-09-08 16:45:09,31.7,71.1,12.5
2026-09-08 16:45:39,31.7,70.2,11.7
2026-09-08 16:46:09,31.7,69.9,10.8
2026-09-08 16:46:39,31.7,70.0,10.0
2026-09-08 16:47:09,31.7,69.6,9.2
2026-09-08 16:47:39,31.7,69.4,9.2
2026-09-08 16:48:09,31.8,69.4,8.3
2026-09-08 16:48:39,31.7,69.6,7.5
2026-09-08 16:49:09,31.8,69.3,7.5
2026-09-08 16:49:39,31.8,69.4,7.5
2026-09-08 16:50:09,31.8,68.9,6.7
2026-09-08 16:50:39,31.8,69.0,6.7
2026-09-08 16:51:09,31.8,68.9,6.7
2026-09-08 16:51:39,31.8,69.1,6.7
2026-09-08 16:52:09,31.8,69.9,6.7
2026-09-08 16:52:39,31.8,69.8,6.7
2026-09-08 16:53:09,31.8,71.3,6.7
2026-09-08 16:53:39,31.8,71.2,6.7
2026-09-08 16:54:09,31.8,71.4,5.8
2026-09-08 16:54:39,31.8,71.4,5.8
2026-09-08 16:55:09,31.8,70.8,5.8
2026-09-08 16:55:39,31.8,70.6,5.8
2026-09-08 16:56:09,31.8,70.7,5.8
2026-09-08 16:56:39,31.8,70.6,5.8
2026-09-08 16:57:09,31.8,70.8,5.8
2026-09-08 16:57:39,31.8,70.9,5.8
2026-09-08 16:58:09,31.8,71.6,5.8
2026-09-08 16:58:39,31.8,71.3,6.7
2026-09-08 16:59:09,31.8,71.4,6.7
2026-09-08 16:59:39,31.8,71.8,6.7
2026-09-08 17:00:09,31.8,71.6,5.8
2026-09-08 17:00:39,31.8,71.4,5.8
2026-09-08 17:01:09,31.8,71.9,5.8
2026-09-08 17:01:39,31.8,72.0,5.8
2026-09-08 17:02:09,31.7,72.0,5.8
2026-09-08 17:02:39,31.7,71.8,5.8
2026-09-08 17:03:09,31.7,71.9,5.8
2026-09-08 17:03:39,31.7,71.8,5.8
2026-09-08 17:04:09,31.8,71.9,5.8
2026-09-08 17:04:39,31.8,70.8,5.8
2026-09-08 17:05:09,31.7,70.6,5.0
2026-09-08 17:05:39,31.8,70.8,5.0
2026-09-08 17:06:09,31.8,71.3,5.0
2026-09-08 17:06:39,31.8,71.4,5.0
2026-09-08 17:07:09,31.8,71.7,5.0
2026-09-08 17:07:39,31.8,71.8,5.0
2026-09-08 17:08:09,31.8,71.7,5.0
2026-09-08 17:08:39,31.8,71.1,5.0
2026-09-08 17:09:09,31.8,71.1,5.0
2026-09-08 17:09:39,31.8,71.8,5.0
2026-09-08 17:10:09,31.8,71.8,5.8
2026-09-08 17:10:39,31.8,72.6,5.8
2026-09-08 17:11:09,31.8,71.7,5.8
2026-09-08 17:11:39,31.8,71.0,5.8
2026-09-08 17:12:09,31.8,71.4,5.8
2026-09-08 17:12:39,31.8,71.1,5.8
2026-09-08 17:13:09,31.8,71.9,5.8
2026-09-08 17:13:39,31.8,71.9,5.8
2026-09-08 17:14:09,31.8,71.7,5.0
2026-09-08 17:14:39,31.9,71.6,5.0
2026-09-08 17:15:09,31.9,73.2,5.0
2026-09-08 17:15:39,31.9,72.1,5.8
2026-09-08 17:16:09,31.9,72.1,4.2
2026-09-08 17:16:39,31.9,72.5,4.2
2026-09-08 17:17:09,31.9,72.8,4.2
2026-09-08 17:17:39,31.9,72.5,4.2
2026-09-08 17:18:09,31.9,72.3,4.2
2026-09-08 17:18:39,31.9,72.7,4.2
2026-09-08 17:19:09,31.9,73.4,18.3
2026-09-08 17:19:39,31.9,74.1,18.3
2026-09-08 17:20:09,31.9,71.4,18.3
2026-09-08 17:20:39,32.0,70.2,17.5
2026-09-08 17:21:09,32.0,69.1,17.5
2026-09-08 17:21:39,32.0,69.4,17.5
2026-09-08 17:22:09,32.0,69.0,17.5
2026-09-08 17:22:39,32.1,68.9,17.5
2026-09-08 17:23:09,32.1,68.7,16.7
2026-09-08 17:23:39,32.1,68.5,16.7
2026-09-08 17:24:09,32.1,68.7,16.7
2026-09-08 17:24:39,32.2,68.5,16.7
2026-09-08 17:25:09,32.2,68.3,16.7
2026-09-08 17:25:39,32.2,67.9,18.3
2026-09-08 17:26:09,32.2,67.7,18.3
2026-09-08 17:26:39,32.2,68.2,18.3
2026-09-08 17:27:09,32.2,67.7,18.3
2026-09-08 17:27:39,32.2,68.0,18.3
2026-09-08 17:28:09,32.2,67.8,21.7
2026-09-08 17:28:39,32.2,67.8,21.7
2026-09-08 17:29:09,32.3,68.8,21.7
2026-09-08 17:29:39,32.3,69.1,20.8
2026-09-08 17:30:09,32.3,69.1,20.8
2026-09-08 17:30:39,32.3,68.1,20.8
2026-09-08 17:31:09,32.3,68.3,19.2
2026-09-08 17:31:39,32.3,68.6,19.2
2026-09-08 17:32:09,32.3,68.0,19.2
2026-09-08 17:32:39,32.3,67.6,19.2
2026-09-08 17:33:09,32.3,67.5,19.2
2026-09-08 17:33:39,32.3,68.8,19.2
2026-09-08 17:34:09,32.3,68.6,19.2
2026-09-08 17:34:39,32.3,68.3,19.2
2026-09-08 17:35:09,32.3,67.7,20.8
2026-09-08 17:35:39,32.3,68.3,19.2
2026-09-08 17:36:09,32.3,68.7,19.2
2026-09-08 17:36:39,32.3,68.3,19.2
2026-09-08 17:37:09,32.3,68.4,19.2
2026-09-08 17:37:39,32.3,68.3,19.2
2026-09-08 17:38:09,32.3,68.0,19.2
2026-09-08 17:38:39,32.3,68.4,19.2
2026-09-08 17:39:09,32.3,68.9,19.2
2026-09-08 17:39:39,32.3,69.2,19.2
2026-09-08 17:40:09,32.3,68.7,19.2
2026-09-08 17:40:39,32.3,68.5,18.3
2026-09-08 17:41:09,32.3,68.5,18.3
2026-09-08 17:41:39,32.4,68.6,18.3
2026-09-08 17:42:09,32.4,68.3,18.3
2026-09-08 17:42:39,32.4,69.0,18.3
2026-09-08 17:43:09,32.4,68.7,18.3
2026-09-08 17:43:39,32.4,67.6,18.3
2026-09-08 17:44:09,32.5,67.0,18.3
2026-09-08 17:44:39,32.4,67.6,18.3
2026-09-08 17:45:09,32.4,67.2,18.3
2026-09-08 17:45:39,32.4,67.0,18.3
2026-09-08 17:46:09,32.4,67.7,18.3
2026-09-08 17:46:39,32.4,68.0,18.3
2026-09-08 17:47:09,32.5,67.3,18.3
2026-09-08 17:47:39,32.5,66.7,18.3
2026-09-08 17:48:09,32.5,67.0,18.3
2026-09-08 17:48:39,32.4,66.8,18.3
2026-09-08 17:49:09,32.4,67.2,18.3
2026-09-08 17:49:39,32.4,67.4,18.3
2026-09-08 17:50:09,32.4,67.3,18.3
2026-09-08 17:50:39,32.4,67.6,18.3
2026-09-08 17:51:09,32.4,67.5,18.3
2026-09-08 17:51:39,32.4,67.5,18.3
2026-09-08 17:52:09,32.4,67.1,18.3
2026-09-08 17:52:39,32.4,67.1,18.3
2026-09-08 17:53:09,32.4,66.9,17.5
2026-09-08 17:53:39,32.4,67.1,17.5
2026-09-08 17:54:09,32.4,67.3,17.5
2026-09-08 17:54:39,32.4,67.0,17.5
2026-09-08 17:55:09,32.4,66.2,17.5
2026-09-08 17:55:39,32.3,66.9,17.5
2026-09-08 17:56:09,32.4,67.8,17.5
2026-09-08 17:56:39,32.3,67.7,17.5
2026-09-08 17:57:09,32.3,67.2,17.5
2026-09-08 17:57:39,32.3,66.8,17.5
2026-09-08 17:58:09,32.3,67.0,17.5
2026-09-08 17:58:39,32.3,66.9,17.5
2026-09-08 17:59:09,32.3,67.3,17.5
2026-09-08 17:59:39,32.3,66.9,17.5
2026-09-08 18:00:09,32.3,66.9,17.5
2026-09-08 18:00:39,32.3,66.8,17.5
2026-09-08 18:01:09,32.3,67.2,17.5
2026-09-08 18:01:39,32.3,66.9,17.5
2026-09-08 18:02:09,32.3,67.5,17.5
2026-09-08 18:02:39,32.3,67.1,17.5
2026-09-08 18:03:09,32.3,67.0,17.5
2026-09-08 18:03:39,32.3,66.9,17.5
2026-09-08 18:04:09,32.4,66.9,17.5
2026-09-08 18:04:39,32.4,67.1,17.5
2026-09-08 18:05:09,32.3,67.0,16.7
2026-09-08 18:05:39,32.3,66.9,16.7
2026-09-08 18:06:09,32.4,67.0,16.7
2026-09-08 18:06:39,32.4,67.3,16.7
2026-09-08 18:07:09,32.3,66.5,16.7
2026-09-08 18:07:39,32.3,66.9,16.7
2026-09-08 18:08:09,32.3,67.2,16.7
2026-09-08 18:08:39,32.3,67.3,16.7
2026-09-08 18:09:09,32.3,67.1,16.7
2026-09-08 18:09:39,32.3,66.9,16.7
2026-09-08 18:10:09,32.3,67.5,16.7
2026-09-08 18:10:39,32.3,67.5,17.5
2026-09-08 18:11:09,32.3,67.9,16.7
2026-09-08 18:11:39,32.3,67.3,16.7
2026-09-08 18:12:09,32.3,67.9,17.5
2026-09-08 18:12:39,32.3,68.6,17.5
2026-09-08 18:13:09,32.3,69.8,17.5
2026-09-08 18:13:39,32.3,68.7,17.5
2026-09-08 18:14:09,32.3,68.3,17.5
2026-09-08 18:14:39,32.3,70.0,19.2
2026-09-08 18:15:09,32.3,69.2,19.2
2026-09-08 18:15:39,32.3,68.8,18.3
2026-09-08 18:16:09,32.3,70.0,18.3
2026-09-08 18:16:39,32.3,69.4,17.5
2026-09-08 18:17:09,32.4,69.0,18.3
2026-09-08 18:17:39,32.4,69.5,18.3
2026-09-08 18:18:09,32.4,69.3,18.3
2026-09-08 18:18:39,32.4,70.6,18.3
2026-09-08 18:19:09,32.4,70.0,18.3
2026-09-08 18:19:39,32.4,68.9,18.3
2026-09-08 18:20:09,32.4,69.0,18.3
2026-09-08 18:20:39,32.4,69.4,18.3
2026-09-08 18:21:09,32.4,69.5,18.3
2026-09-08 18:21:39,32.4,69.1,18.3
2026-09-08 18:22:09,32.4,68.3,18.3
2026-09-08 18:22:39,32.4,68.7,18.3
2026-09-08 18:23:09,32.5,68.0,18.3
2026-09-08 18:23:39,32.5,68.4,18.3
2026-09-08 18:24:09,32.5,68.5,18.3
2026-09-08 18:24:39,32.5,70.1,18.3
2026-09-08 18:25:09,32.5,70.5,18.3
2026-09-08 18:25:39,32.4,69.0,18.3
2026-09-08 18:26:09,32.4,68.4,18.3
2026-09-08 18:26:39,32.4,68.6,18.3
2026-09-08 18:27:09,32.4,69.5,18.3
2026-09-08 18:27:39,32.4,68.3,18.3
2026-09-08 18:28:09,32.4,68.3,18.3
2026-09-08 18:28:39,32.4,68.3,18.3
2026-09-08 18:29:09,32.4,68.5,18.3
2026-09-08 18:29:39,32.4,68.4,18.3
2026-09-08 18:30:09,32.3,68.8,18.3
2026-09-08 18:30:39,32.3,68.2,18.3
2026-09-08 18:31:09,32.3,68.7,18.3
2026-09-08 18:31:39,32.3,68.3,18.3
2026-09-08 18:32:09,32.3,68.5,18.3
2026-09-08 18:32:39,32.3,68.2,18.3
2026-09-08 18:33:09,32.3,69.0,17.5
2026-09-08 18:33:39,32.3,69.0,17.5
2026-09-08 18:34:09,32.3,69.2,17.5
2026-09-08 18:34:39,32.3,69.0,17.5
2026-09-08 18:35:09,32.3,69.1,17.5
2026-09-08 18:35:52,32.3,68.8,17.5
2026-09-08 18:36:22,32.2,69.3,17.5
2026-09-08 18:36:52,32.2,69.1,17.5
2026-09-08 18:37:22,32.2,68.6,17.5
2026-09-08 18:37:52,32.2,68.8,17.5
2026-09-08 18:38:22,32.2,69.1,17.5
2026-09-08 18:38:52,32.2,68.9,17.5
2026-09-08 18:39:22,32.2,69.7,17.5
2026-09-08 18:39:52,32.2,69.5,17.5
2026-09-08 18:40:22,32.2,69.0,17.5
2026-09-08 18:40:52,32.2,69.6,17.5
2026-09-08 18:41:22,32.2,69.2,17.5
2026-09-08 18:41:52,32.2,71.0,16.7
2026-09-08 18:42:22,32.1,70.1,16.7
2026-09-08 18:42:52,32.1,69.9,16.7
2026-09-08 18:43:20,32.1,69.8,16.7
2026-09-08 18:43:51,32.1,69.5,16.7
2026-09-08 18:44:21,32.0,69.6,16.7
2026-09-08 18:44:51,32.1,69.8,16.7
2026-09-08 18:45:21,32.0,70.4,16.7
2026-09-08 18:45:51,32.0,70.2,16.7
2026-09-08 18:46:21,32.0,72.2,16.7
2026-09-08 18:46:51,32.0,69.5,16.7
2026-09-08 18:47:21,31.9,69.7,16.7
2026-09-08 18:47:51,31.9,70.3,16.7
2026-09-08 18:48:21,31.9,70.2,16.7
2026-09-08 18:48:51,31.9,69.7,16.7
2026-09-08 18:49:21,31.9,69.9,16.7
2026-09-08 18:49:51,31.9,70.6,16.7
2026-09-08 18:50:21,31.9,70.4,16.7
2026-09-08 18:50:51,31.9,69.9,16.7
2026-09-08 18:51:21,31.9,70.1,16.7
2026-09-08 18:51:51,31.9,71.5,16.7
2026-09-08 18:52:21,31.9,69.7,16.7
2026-09-08 18:52:51,31.9,69.0,16.7
2026-09-08 18:53:21,31.9,69.3,16.7
2026-09-08 18:53:51,31.8,69.4,16.7
2026-09-08 18:54:21,31.9,69.5,16.7
2026-09-08 18:54:51,31.9,70.0,16.7
2026-09-08 18:55:21,31.9,69.8,16.7
2026-09-08 18:55:51,31.9,70.6,16.7
2026-09-08 18:56:21,31.9,71.7,16.7
2026-09-08 18:56:51,31.9,70.7,16.7
2026-09-08 18:57:21,31.9,71.2,16.7
2026-09-08 18:57:51,31.9,70.7,16.7
2026-09-08 18:58:21,31.9,71.4,17.5
2026-09-08 18:58:51,31.9,70.9,17.5
2026-09-08 18:59:21,31.9,71.1,17.5
2026-09-08 18:59:51,31.9,72.4,17.5
2026-09-08 19:00:21,31.9,72.6,17.5
2026-09-08 19:00:51,32.0,72.1,17.5
2026-09-08 19:01:21,31.9,74.1,17.5
2026-09-08 19:01:51,31.9,73.9,17.5
2026-09-08 19:02:21,31.9,74.4,17.5
2026-09-08 19:02:51,32.0,71.5,17.5
2026-09-08 19:03:21,31.9,71.1,17.5
2026-09-08 19:03:51,31.9,73.7,17.5
2026-09-08 19:04:21,31.9,75.1,17.5
2026-09-08 19:04:51,31.9,74.6,17.5
2026-09-08 19:05:21,31.9,70.6,17.5
2026-09-08 19:05:51,31.9,71.5,17.5
2026-09-08 19:06:21,31.9,72.6,17.5
2026-09-08 19:06:51,31.9,71.8,17.5
2026-09-08 19:07:21,31.9,70.7,17.5
2026-09-08 19:07:51,31.9,71.7,17.5
2026-09-08 19:08:21,32.0,72.7,17.5
2026-09-08 19:08:51,32.0,72.6,17.5
2026-09-08 19:09:21,32.0,71.9,17.5
2026-09-08 19:09:51,32.0,73.4,17.5
2026-09-08 19:10:21,32.0,71.6,17.5
2026-09-08 19:10:51,32.0,71.9,17.5
2026-09-08 19:11:21,32.0,72.4,17.5
2026-09-08 19:11:51,32.0,72.1,17.5
2026-09-08 19:12:21,32.0,71.9,17.5
2026-09-08 19:12:51,32.0,72.7,17.5
2026-09-08 19:13:21,32.0,73.6,17.5
2026-09-08 19:13:51,32.0,73.4,17.5
2026-09-08 19:14:21,32.0,73.4,17.5
2026-09-08 19:14:51,32.0,74.4,16.7
2026-09-08 19:15:21,32.0,73.7,16.7
2026-09-08 19:15:51,32.0,74.0,16.7
2026-09-08 19:16:21,31.9,72.7,16.7
2026-09-08 19:16:51,32.0,73.3,18.3
2026-09-08 19:17:21,32.0,74.1,16.7
2026-09-08 19:17:51,31.9,74.5,16.7
2026-09-08 19:18:21,31.9,74.3,17.5
2026-09-08 19:18:51,31.9,75.0,16.7
2026-09-08 19:19:21,31.9,74.8,17.5
2026-09-08 19:19:51,31.9,74.5,16.7
2026-09-08 19:20:21,31.9,74.8,17.5
2026-09-08 19:20:51,31.9,74.6,16.7
2026-09-08 19:21:21,31.9,75.7,17.5
2026-09-08 19:21:51,31.9,75.3,16.7
2026-09-08 19:22:21,31.9,75.4,16.7
2026-09-08 19:22:51,31.9,75.5,16.7
2026-09-08 19:23:21,31.9,75.2,16.7
2026-09-08 19:23:51,31.9,74.8,16.7
2026-09-08 19:24:21,31.9,75.3,17.5
2026-09-08 19:24:51,31.9,75.8,16.7
2026-09-08 19:25:21,31.9,75.6,16.7
2026-09-08 19:25:51,31.9,75.6,18.3
2026-09-08 19:26:21,31.9,75.1,18.3
2026-09-08 19:26:51,31.9,75.3,18.3
2026-09-08 19:27:21,31.9,76.1,17.5
2026-09-08 19:27:51,31.9,76.1,18.3
2026-09-08 19:28:21,31.8,76.6,18.3
2026-09-08 19:28:51,31.8,76.7,18.3
2026-09-08 19:29:21,31.8,77.1,18.3
2026-09-08 19:29:51,31.8,76.7,17.5
2026-09-08 19:30:21,31.8,76.7,18.3
2026-09-08 19:30:51,31.8,76.0,18.3
2026-09-08 19:31:21,31.7,76.0,18.3
2026-09-08 19:31:51,31.8,75.8,18.3
2026-09-08 19:32:21,31.8,75.7,18.3
2026-09-08 19:32:51,31.7,76.5,18.3
2026-09-08 19:33:21,31.7,76.9,18.3
2026-09-08 19:33:51,31.7,76.9,18.3
2026-09-08 19:34:21,31.7,76.7,17.5
2026-09-08 19:34:51,31.8,76.3,17.5
2026-09-08 19:35:21,31.8,76.4,18.3
2026-09-08 19:35:51,31.8,76.3,18.3
2026-09-08 19:36:21,31.8,76.0,18.3
2026-09-08 19:36:51,31.8,76.8,18.3
2026-09-08 19:37:21,31.8,76.5,17.5
2026-09-08 19:37:51,31.8,76.9,17.5
2026-09-08 19:38:21,31.8,77.2,18.3
2026-09-08 19:38:51,31.8,77.0,17.5
2026-09-08 19:39:21,31.8,77.1,19.2
2026-09-08 19:39:51,31.8,77.2,18.3
2026-09-08 19:40:21,31.8,77.5,18.3
2026-09-08 19:40:51,31.9,77.4,18.3
2026-09-08 19:41:21,31.9,77.5,18.3
2026-09-08 19:41:51,31.9,76.9,18.3
2026-09-08 19:42:21,31.9,76.5,18.3
2026-09-08 19:42:51,31.9,76.2,17.5
2026-09-08 19:43:21,31.9,76.0,18.3
2026-09-08 19:43:51,31.9,77.8,18.3
2026-09-08 19:44:21,31.9,77.6,18.3
2026-09-08 19:44:51,31.9,77.3,18.3
2026-09-08 19:45:21,31.9,77.2,18.3
2026-09-08 19:45:51,31.9,77.7,18.3
2026-09-08 19:46:21,31.9,78.4,18.3
2026-09-08 19:46:51,31.9,77.2,18.3
2026-09-08 19:47:21,31.9,76.5,18.3
2026-09-08 19:47:51,31.9,76.6,18.3
2026-09-08 19:48:21,31.9,76.5,19.2
2026-09-08 19:48:51,31.9,77.7,19.2
2026-09-08 19:49:21,31.9,78.3,19.2
2026-09-08 19:49:51,31.9,77.8,19.2
2026-09-08 19:50:21,31.9,78.1,19.2
2026-09-08 19:50:51,31.9,77.1,19.2
2026-09-08 19:51:21,31.9,76.9,20.0
2026-09-08 19:51:51,31.9,77.4,20.0
2026-09-08 19:52:21,31.9,77.9,19.2
2026-09-08 19:52:51,31.9,78.3,20.0
2026-09-08 19:53:21,31.9,77.2,19.2
2026-09-08 19:53:51,31.9,77.0,20.0
2026-09-08 19:54:21,31.9,77.2,20.0
2026-09-08 19:54:51,31.9,78.1,19.2
2026-09-08 19:55:21,31.9,78.3,19.2
2026-09-08 19:55:51,31.9,77.2,19.2
2026-09-08 19:56:21,31.9,76.2,18.3
2026-09-08 19:56:51,31.9,75.7,18.3
2026-09-08 19:57:21,31.9,76.6,18.3
2026-09-08 19:57:51,31.9,77.1,19.2
2026-09-08 19:58:21,31.9,78.0,19.2
2026-09-08 19:58:51,31.9,77.5,18.3
2026-09-08 19:59:21,31.9,77.3,18.3
2026-09-08 19:59:51,31.9,77.5,19.2
2026-09-08 20:00:21,31.9,76.3,20.0
2026-09-08 20:00:51,31.9,77.1,20.0
2026-09-08 20:01:21,31.9,77.0,20.0
2026-09-08 20:01:51,31.8,77.1,20.0
2026-09-08 20:02:21,31.9,77.0,20.0
2026-09-08 20:02:51,31.8,77.6,20.0
2026-09-08 20:03:21,31.8,77.4,19.2
2026-09-08 20:03:51,31.8,77.2,19.2
2026-09-08 20:04:21,31.8,77.1,19.2
2026-09-08 20:04:51,31.9,76.7,19.2
2026-09-08 20:05:21,31.9,77.1,19.2
2026-09-08 20:05:51,31.9,75.5,19.2
2026-09-08 20:06:21,31.9,76.4,19.2
2026-09-08 20:06:51,31.9,76.6,19.2
2026-09-08 20:07:21,31.9,75.7,19.2
2026-09-08 20:07:51,31.9,76.3,19.2
2026-09-08 20:08:21,31.9,77.1,19.2
2026-09-08 20:08:51,31.9,76.3,19.2
2026-09-08 20:09:21,31.9,75.9,20.0
2026-09-08 20:09:51,31.8,75.1,20.0
2026-09-08 20:10:21,31.8,75.1,20.0
2026-09-08 20:10:51,31.8,75.9,20.0
2026-09-08 20:11:21,31.8,76.2,20.0
2026-09-08 20:11:51,31.8,76.7,20.0
2026-09-08 20:12:21,31.8,75.6,20.0
2026-09-08 20:12:51,31.8,76.7,20.0
2026-09-08 20:13:21,31.8,76.8,20.0
2026-09-08 20:13:51,31.8,77.1,20.0
2026-09-08 20:14:21,31.8,77.2,20.0
2026-09-08 20:14:51,31.8,76.3,20.0
2026-09-08 20:15:21,31.8,76.9,20.0
2026-09-08 20:15:51,31.8,76.8,20.0
2026-09-08 20:16:21,31.8,76.8,20.0
2026-09-08 20:16:51,31.8,76.8,20.0
2026-09-08 20:17:21,31.8,77.1,20.0
2026-09-08 20:17:51,31.8,77.3,20.0
2026-09-08 20:18:21,31.8,76.2,20.0
2026-09-08 20:18:51,31.8,75.7,20.0
2026-09-08 20:19:21,31.8,75.8,20.0
2026-09-08 20:19:51,31.8,76.4,20.0
2026-09-08 20:20:21,31.8,76.0,20.0
2026-09-08 20:20:51,31.8,76.9,20.0
2026-09-08 20:21:21,31.9,76.8,20.0
2026-09-08 20:21:51,31.9,75.6,20.0
2026-09-08 20:22:21,31.9,76.3,20.0
2026-09-08 20:22:51,31.9,75.8,20.0
2026-09-08 20:23:21,31.9,75.4,20.0
2026-09-08 20:23:51,31.9,75.6,20.0
2026-09-08 20:24:21,31.9,75.3,20.0
2026-09-08 20:24:51,31.8,76.2,20.0
2026-09-08 20:25:21,31.8,76.6,20.0
2026-09-08 20:25:51,31.9,76.4,20.0
2026-09-08 20:26:21,31.9,76.7,18.3
2026-09-08 20:26:51,31.9,76.4,18.3
2026-09-08 20:27:21,31.8,76.0,18.3
2026-09-08 20:27:51,31.9,75.5,18.3
2026-09-08 20:28:21,31.8,75.4,18.3
2026-09-08 20:28:51,31.8,75.6,18.3
2026-09-08 20:29:21,31.8,76.2,18.3
2026-09-08 20:29:51,31.9,76.6,18.3
2026-09-08 20:30:21,31.9,76.7,18.3
2026-09-08 20:30:51,31.9,76.8,18.3
2026-09-08 20:31:21,31.9,76.0,18.3
2026-09-08 20:31:51,31.9,75.6,18.3
2026-09-08 20:32:21,31.9,76.0,18.3
2026-09-08 20:32:51,31.9,75.1,18.3
2026-09-08 20:33:21,31.8,75.0,18.3
2026-09-08 20:33:51,31.8,74.9,18.3
2026-09-08 20:34:21,31.8,75.7,18.3
2026-09-08 20:34:51,31.8,76.8,18.3
2026-09-08 20:35:21,31.8,76.7,19.2
2026-09-08 20:35:51,31.8,76.9,19.2
2026-09-08 20:36:21,31.8,75.5,19.2
2026-09-08 20:36:51,31.8,76.3,19.2
2026-09-08 20:37:21,31.8,76.3,19.2
2026-09-08 20:37:51,31.8,76.9,19.2
2026-09-08 20:38:21,31.8,77.4,19.2
2026-09-08 20:38:51,31.8,75.4,19.2
2026-09-08 20:39:21,31.8,75.6,19.2
2026-09-08 20:39:51,31.7,75.0,19.2
2026-09-08 20:40:21,31.7,76.6,19.2
2026-09-08 20:40:51,31.7,76.7,19.2
2026-09-08 20:41:21,31.7,76.3,19.2
2026-09-08 20:41:51,31.7,75.8,19.2
2026-09-08 20:42:21,31.7,77.1,19.2
2026-09-08 20:42:51,31.7,76.0,19.2
2026-09-08 20:43:21,31.7,76.1,19.2
2026-09-08 20:43:51,31.7,76.9,19.2
2026-09-08 20:44:21,31.7,77.3,20.0
2026-09-08 20:44:51,31.7,76.8,20.0
2026-09-08 20:45:21,31.7,77.6,20.0
2026-09-08 20:45:51,31.7,77.8,20.0
2026-09-08 20:46:21,31.7,78.7,20.0
2026-09-08 20:46:51,31.7,77.7,20.0
2026-09-08 20:47:21,31.7,78.4,20.0
2026-09-08 20:47:51,31.7,77.6,20.0
2026-09-08 20:48:21,31.7,76.1,20.0
2026-09-08 20:48:51,31.7,77.1,21.7
2026-09-08 20:49:21,31.7,76.6,47.5
2026-09-08 20:49:51,31.7,76.4,48.3
2026-09-08 20:50:21,31.7,76.1,43.3
2026-09-08 20:50:51,31.7,76.8,45.8
2026-09-08 20:51:21,31.8,77.0,36.7
2026-09-08 20:51:51,31.8,77.0,25.8
2026-09-08 20:52:21,31.8,77.2,30.0
2026-09-08 20:52:51,31.8,76.4,23.3
2026-09-08 20:53:21,31.8,76.6,23.3
2026-09-08 20:53:51,31.8,75.4,24.2
2026-09-08 20:54:21,31.8,75.7,25.8
2026-09-08 20:54:51,31.8,75.9,25.0
2026-09-08 20:55:21,31.8,77.0,24.2
2026-09-08 20:55:51,31.8,77.1,23.3
2026-09-08 20:56:21,31.8,76.3,23.3
2026-09-08 20:56:51,31.7,76.1,24.2
2026-09-08 20:57:21,31.8,76.6,22.5
2026-09-08 20:57:51,31.8,76.4,22.5
2026-09-08 20:58:21,31.7,75.8,25.0
2026-09-08 20:58:51,31.7,75.4,22.5
2026-09-08 20:59:21,31.7,75.8,24.2
2026-09-08 20:59:51,31.7,75.9,23.3
2026-09-08 21:00:21,31.7,76.1,23.3
2026-09-08 21:00:51,31.7,76.6,23.3
2026-09-08 21:01:21,31.7,75.7,25.0
2026-09-08 21:01:51,31.7,75.5,22.5
2026-09-08 21:02:21,31.7,74.9,24.2
2026-09-08 21:02:51,31.7,75.1,22.5
2026-09-08 21:03:21,31.7,75.8,26.7
2026-09-08 21:03:51,31.7,75.6,26.7
2026-09-08 21:04:21,31.7,75.8,25.8
2026-09-08 21:04:51,31.6,76.4,25.0
2026-09-08 21:05:21,31.6,76.5,25.8
2026-09-08 21:05:51,31.7,76.3,23.3
2026-09-08 21:06:21,31.6,77.2,24.2
2026-09-08 21:06:51,31.7,77.3,25.8
2026-09-08 21:07:21,31.7,77.4,23.3
2026-09-08 21:07:51,31.7,76.7,22.5
2026-09-08 21:08:21,31.7,77.1,22.5
2026-09-08 21:08:51,31.6,77.1,25.0
2026-09-08 21:09:21,31.7,75.7,23.3
2026-09-08 21:09:51,31.6,75.6,24.2
2026-09-08 21:10:21,31.6,76.2,25.0
2026-09-08 21:10:51,31.6,76.6,25.0
2026-09-08 21:11:21,31.6,76.1,25.8
2026-09-08 21:11:51,31.6,75.7,23.3
2026-09-08 21:12:21,31.6,76.1,23.3
2026-09-08 21:12:51,31.6,77.4,25.8
2026-09-08 21:13:21,31.6,77.4,23.3
2026-09-08 21:13:51,31.6,77.5,20.8
2026-09-08 21:14:21,31.5,77.6,20.8
2026-09-08 21:14:51,31.5,77.7,24.2
2026-09-08 21:15:21,31.6,77.8,20.8
2026-09-08 21:15:51,31.6,77.1,20.8
2026-09-08 21:16:21,31.6,76.5,20.8
2026-09-08 21:16:51,31.5,76.5,20.8
2026-09-08 21:17:21,31.5,76.3,20.8
2026-09-08 21:17:51,31.6,76.4,21.7
2026-09-08 21:18:21,31.5,76.9,23.3
2026-09-08 21:18:51,31.5,75.8,23.3
2026-09-08 21:19:21,31.5,75.4,22.5
2026-09-08 21:19:51,31.5,75.9,22.5
2026-09-08 21:20:21,31.5,75.6,25.8
2026-09-08 21:20:51,31.5,75.8,24.2
2026-09-08 21:21:21,31.5,75.6,25.8
2026-09-08 21:21:51,31.5,75.9,24.2
2026-09-08 21:22:21,31.4,75.9,24.2
2026-09-08 21:22:51,31.4,77.8,25.8
2026-09-08 21:23:21,31.4,76.7,24.2
2026-09-08 21:23:51,31.4,76.3,24.2
2026-09-08 21:24:21,31.4,75.6,23.3
2026-09-08 21:24:51,31.4,77.1,23.3
2026-09-08 21:25:21,31.4,75.7,24.2
2026-09-08 21:25:51,31.4,75.7,24.2
2026-09-08 21:26:21,31.4,77.4,25.0
2026-09-08 21:26:51,31.4,77.8,23.3
2026-09-08 21:27:21,31.4,78.5,23.3
2026-09-08 21:27:51,31.4,77.1,22.5
2026-09-08 21:28:21,31.4,77.4,23.3
2026-09-08 21:28:51,31.4,76.8,22.5
2026-09-08 21:29:21,31.4,77.1,23.3
2026-09-08 21:29:51,31.4,78.9,23.3
2026-09-08 21:30:21,31.4,79.0,23.3
2026-09-08 21:30:51,31.4,77.4,22.5
2026-09-08 21:31:21,31.4,78.2,22.5
2026-09-08 21:32:04,31.4,78.2,25.8
2026-09-08 21:32:34,31.4,78.3,23.3
2026-09-08 21:33:04,31.4,78.2,24.2
2026-09-08 21:33:34,31.4,77.3,25.0
2026-09-08 21:34:04,31.4,77.5,25.0
2026-09-08 21:34:34,31.4,77.8,25.0
2026-09-08 21:35:04,31.4,77.3,24.2
2026-09-08 21:35:35,31.4,77.3,25.0
2026-09-08 21:36:05,31.4,78.0,25.0
2026-09-08 21:36:35,31.4,77.4,24.2
2026-09-08 21:37:05,31.4,77.2,25.8
2026-09-08 21:37:35,31.4,77.5,25.8
2026-09-08 21:38:05,31.4,77.4,23.3
2026-09-08 21:38:35,31.4,77.9,23.3
2026-09-08 21:39:05,31.4,78.0,23.3
2026-09-08 21:39:35,31.4,78.1,25.0
2026-09-08 21:40:06,31.4,78.5,23.3
2026-09-08 21:40:36,31.4,78.9,23.3
2026-09-08 21:41:06,31.5,78.0,23.3
2026-09-08 21:41:36,31.5,77.7,23.3
2026-09-08 21:42:06,31.5,79.0,23.3
2026-09-08 21:42:36,31.5,78.1,23.3
2026-09-08 21:43:06,31.5,78.3,25.8
2026-09-08 21:43:37,31.4,78.5,23.3
2026-09-08 21:44:07,31.5,78.6,23.3
2026-09-08 21:44:37,31.5,78.4,24.2
2026-09-08 21:45:07,31.5,77.8,23.3
2026-09-08 21:45:37,31.4,77.7,24.2
2026-09-08 21:46:07,31.4,78.3,24.2
2026-09-08 21:46:37,31.4,78.3,24.2
2026-09-08 21:47:07,31.4,77.5,23.3
2026-09-08 21:47:37,31.4,77.4,24.2
2026-09-08 21:48:08,31.4,77.9,23.3
2026-09-08 21:48:38,31.4,77.5,23.3
2026-09-08 21:49:08,31.4,78.4,22.5
2026-09-08 21:49:38,31.4,77.5,21.7
2026-09-08 21:50:08,31.4,77.2,23.3
2026-09-08 21:50:38,31.4,76.6,25.0
2026-09-08 21:51:08,31.4,77.3,24.2
2026-09-08 21:51:38,31.3,77.8,22.5
2026-09-08 21:52:09,31.3,77.2,24.2
2026-09-08 21:52:39,31.3,77.8,23.3
2026-09-08 21:53:09,31.3,76.9,23.3
2026-09-08 21:53:39,31.3,77.4,25.0
2026-09-08 21:54:09,31.3,77.7,24.2
2026-09-08 21:54:39,31.3,78.7,24.2
2026-09-08 21:55:09,31.3,78.8,21.7
2026-09-08 21:55:39,31.3,77.6,22.5
2026-09-08 21:56:10,31.3,76.8,21.7
2026-09-08 21:56:40,31.3,76.9,22.5
2026-09-08 21:57:10,31.3,76.9,23.3
2026-09-08 21:57:40,31.3,77.4,23.3
2026-09-08 21:58:10,31.3,77.4,24.2
2026-09-08 21:58:40,31.3,77.3,22.5
2026-09-08 21:59:10,31.3,77.6,23.3
2026-09-08 21:59:41,31.3,77.9,21.7
2026-09-08 22:00:11,31.3,78.3,23.3
2026-09-08 22:00:41,31.3,79.0,21.7
2026-09-08 22:01:11,31.3,78.9,21.7
2026-09-08 22:01:41,31.3,77.4,22.5
2026-09-08 22:02:11,31.3,77.3,21.7
2026-09-08 22:02:41,31.3,77.1,24.2
2026-09-08 22:03:11,31.3,76.9,22.5
2026-09-08 22:03:42,31.3,77.8,24.2
2026-09-08 22:04:12,31.3,77.1,21.7
2026-09-08 22:04:42,31.3,77.5,21.7
2026-09-08 22:05:12,31.3,77.3,22.5
2026-09-08 22:05:42,31.3,77.0,24.2
2026-09-08 22:06:12,31.3,78.1,20.8
2026-09-08 22:06:42,31.3,77.1,20.0
2026-09-08 22:07:13,31.3,78.2,21.7
2026-09-08 22:07:43,31.3,77.3,20.8
2026-09-08 22:08:13,31.3,77.1,20.0
2026-09-08 22:08:43,31.3,77.4,20.8
2026-09-08 22:09:13,31.3,77.7,20.0
2026-09-08 22:09:43,31.3,77.4,21.7
2026-09-08 22:10:13,31.3,77.9,20.8
2026-09-08 22:10:43,31.3,77.5,20.8
2026-09-08 22:11:14,31.3,77.8,20.8
2026-09-08 22:11:44,31.3,77.5,20.8
2026-09-08 22:12:14,31.3,77.5,20.8
2026-09-08 22:12:44,31.3,77.6,21.7
2026-09-08 22:13:14,31.3,77.0,21.7
2026-09-08 22:13:44,31.3,77.4,21.7
2026-09-08 22:14:14,31.3,77.2,25.0
2026-09-08 22:14:45,31.3,77.1,24.2
2026-09-08 22:15:15,31.2,77.6,23.3
2026-09-08 22:15:45,31.2,77.4,24.2
2026-09-08 22:16:15,31.3,77.3,23.3
2026-09-08 22:16:45,31.2,77.8,23.3
2026-09-08 22:17:15,31.2,77.4,23.3
2026-09-08 22:17:45,31.2,77.4,22.5
2026-09-08 22:18:16,31.2,77.7,20.0
2026-09-08 22:18:46,31.2,77.9,22.5
2026-09-08 22:19:16,31.3,77.7,20.0
2026-09-08 22:19:46,31.2,78.4,20.0
2026-09-08 22:20:16,31.2,78.7,20.0
2026-09-08 22:20:46,31.2,78.8,20.0
2026-09-08 22:21:16,31.3,78.3,20.0
2026-09-08 22:21:47,31.3,77.7,19.2
2026-09-08 22:22:17,31.3,76.9,19.2
2026-09-08 22:22:47,31.2,77.8,19.2
2026-09-08 22:23:17,31.3,78.4,19.2
2026-09-08 22:23:47,31.2,78.0,20.8
2026-09-08 22:24:17,31.2,77.9,21.7
2026-09-08 22:24:47,31.2,77.5,20.8
2026-09-08 22:25:07,31.2,77.9,20.0
2026-09-08 22:25:37,31.2,78.8,20.0
2026-09-08 22:26:07,31.2,78.6,13.3
2026-09-08 22:26:37,31.2,78.0,13.3
2026-09-08 22:27:07,31.2,77.6,13.3
2026-09-08 22:27:37,31.2,77.6,13.3
2026-09-08 22:28:07,31.2,77.5,13.3
2026-09-08 22:28:37,31.2,77.3,13.3
2026-09-08 22:29:07,31.2,78.2,13.3
2026-09-08 22:29:37,31.2,77.7,13.3
2026-09-08 22:30:07,31.2,78.3,13.3
2026-09-08 22:30:37,31.2,77.4,13.3
2026-09-08 22:31:07,31.2,77.7,13.3
2026-09-08 22:31:37,31.2,77.5,13.3
2026-09-08 22:32:07,31.2,77.9,13.3
2026-09-08 22:32:37,31.2,77.3,13.3
2026-09-08 22:33:07,31.1,77.2,13.3
2026-09-08 22:33:37,31.1,77.2,13.3
2026-09-08 22:34:07,31.1,77.8,13.3
2026-09-08 22:34:37,31.2,77.6,13.3
2026-09-08 22:35:07,31.2,78.0,13.3
2026-09-08 22:35:37,31.2,77.8,13.3
2026-09-08 22:36:07,31.2,77.3,13.3
2026-09-08 22:36:37,31.2,77.5,13.3
2026-09-08 22:37:07,31.2,76.9,13.3
2026-09-08 22:37:37,31.2,76.9,13.3
2026-09-08 22:38:07,31.2,76.9,13.3
2026-09-08 22:38:37,31.2,76.6,13.3
2026-09-08 22:39:07,31.1,77.2,13.3
2026-09-08 22:39:37,31.2,77.7,13.3
2026-09-08 22:40:07,31.2,77.3,13.3
2026-09-08 22:40:37,31.1,77.4,13.3
2026-09-08 22:41:07,31.1,77.9,13.3
2026-09-08 22:41:37,31.2,78.4,13.3
2026-09-08 22:42:07,31.2,77.3,13.3
2026-09-08 22:42:37,31.2,77.3,13.3
2026-09-08 22:43:07,31.2,76.7,13.3
2026-09-08 22:43:37,31.1,76.9,13.3
2026-09-08 22:44:07,31.1,77.1,13.3
2026-09-08 22:44:37,31.1,77.2,13.3
2026-09-08 22:45:07,31.2,76.9,13.3
2026-09-08 22:45:37,31.1,77.0,13.3
2026-09-08 22:46:07,31.1,76.9,13.3
2026-09-08 22:46:37,31.1,76.9,13.3
2026-09-08 22:47:07,31.1,77.0,13.3
2026-09-08 22:47:37,31.1,77.1,13.3
2026-09-08 22:48:07,31.1,77.5,13.3
2026-09-08 22:48:37,31.1,77.9,13.3
2026-09-08 22:49:07,31.1,77.2,13.3
2026-09-08 22:49:37,31.1,76.6,13.3
2026-09-08 22:50:07,31.1,76.5,13.3
2026-09-08 22:50:37,31.1,76.3,13.3
2026-09-08 22:51:07,31.1,76.7,13.3
2026-09-08 22:51:37,31.1,77.2,13.3
2026-09-08 22:52:07,31.1,77.5,13.3
2026-09-08 22:52:37,31.1,77.6,13.3
2026-09-08 22:53:07,31.2,77.1,13.3
2026-09-08 22:53:37,31.2,77.9,13.3
2026-09-08 22:54:07,31.2,77.8,13.3
2026-09-08 22:54:37,31.2,77.3,13.3
2026-09-08 22:55:07,31.2,76.7,13.3
2026-09-08 22:55:37,31.2,76.5,13.3
2026-09-08 22:56:07,31.2,77.1,13.3
2026-09-08 22:56:37,31.2,77.1,13.3
2026-09-08 22:57:07,31.2,77.2,13.3
2026-09-08 22:57:37,31.2,77.1,13.3
2026-09-08 22:58:07,31.1,77.1,13.3
2026-09-08 22:58:37,31.1,76.9,13.3
2026-09-08 22:59:07,31.1,77.0,13.3
2026-09-08 22:59:37,31.1,77.8,13.3
2026-09-08 23:00:07,31.1,77.8,13.3
2026-09-08 23:00:37,31.1,77.6,13.3
2026-09-08 23:01:07,31.1,77.3,13.3
2026-09-08 23:01:37,31.1,77.1,13.3
2026-09-08 23:02:07,31.1,77.0,13.3
2026-09-08 23:02:37,31.1,77.2,13.3
2026-09-08 23:03:07,31.1,76.9,15.8
2026-09-08 23:03:37,31.1,77.2,13.3
2026-09-08 23:04:07,31.1,77.7,13.3
2026-09-08 23:04:37,31.1,77.0,13.3
2026-09-08 23:05:07,31.1,76.4,13.3
2026-09-08 23:05:37,31.1,76.8,13.3
2026-09-08 23:06:07,31.1,77.7,13.3
2026-09-08 23:06:37,31.1,76.9,13.3
2026-09-08 23:07:07,31.1,76.5,13.3
2026-09-08 23:07:37,31.1,76.7,13.3
2026-09-08 23:08:07,31.0,76.8,13.3
2026-09-08 23:08:37,31.0,77.1,13.3
2026-09-08 23:09:07,31.0,76.8,13.3
2026-09-08 23:09:37,31.1,77.5,13.3
2026-09-08 23:10:07,31.0,77.8,13.3
2026-09-08 23:10:37,31.1,77.2,13.3
2026-09-08 23:11:07,31.1,77.5,13.3
2026-09-08 23:11:37,31.1,77.2,13.3
2026-09-08 23:12:07,31.1,77.1,13.3
2026-09-08 23:12:37,31.1,77.7,13.3
2026-09-08 23:13:07,31.1,78.1,13.3
2026-09-08 23:13:37,31.1,77.6,13.3
2026-09-08 23:14:07,31.1,77.4,13.3
2026-09-08 23:14:37,31.1,77.1,13.3
2026-09-08 23:15:07,31.1,77.4,13.3
2026-09-08 23:15:37,31.1,77.7,13.3
2026-09-08 23:16:07,31.1,77.2,13.3
2026-09-08 23:16:37,31.1,77.5,13.3
2026-09-08 23:17:07,31.1,77.2,13.3
2026-09-08 23:17:37,31.1,77.7,13.3
2026-09-08 23:18:07,31.1,75.5,13.3
2026-09-08 23:18:37,31.0,75.8,13.3
2026-09-08 23:19:07,31.1,76.1,13.3
2026-09-08 23:19:37,31.1,77.3,13.3
2026-09-08 23:20:07,31.0,76.4,13.3
2026-09-08 23:20:37,31.0,76.4,13.3
2026-09-08 23:21:07,31.0,76.7,13.3
2026-09-08 23:21:37,31.0,76.2,13.3
2026-09-08 23:22:07,31.0,76.6,13.3
2026-09-08 23:22:37,31.0,77.3,13.3
2026-09-08 23:23:07,31.0,77.0,13.3
2026-09-08 23:23:37,31.0,77.1,13.3
2026-09-08 23:24:07,31.0,77.4,13.3
2026-09-08 23:24:37,31.0,77.2,13.3
2026-09-08 23:25:07,31.0,77.5,13.3
2026-09-08 23:25:37,31.0,77.2,13.3
2026-09-08 23:26:07,31.0,77.0,13.3
2026-09-08 23:26:37,31.0,77.3,13.3
2026-09-08 23:27:07,31.0,77.2,13.3
2026-09-08 23:27:37,31.0,77.0,13.3
2026-09-08 23:28:07,31.0,77.4,13.3
2026-09-08 23:28:37,31.0,77.5,13.3
2026-09-08 23:29:07,31.0,77.0,13.3
2026-09-08 23:29:37,31.0,77.5,13.3
2026-09-08 23:30:07,31.0,77.4,13.3
2026-09-08 23:30:37,31.0,77.3,13.3
2026-09-08 23:31:07,31.0,77.2,13.3
2026-09-08 23:31:37,31.0,77.7,13.3
2026-09-08 23:32:07,31.0,77.7,13.3
2026-09-08 23:32:37,31.0,78.2,13.3
2026-09-08 23:33:07,31.0,77.7,13.3
2026-09-08 23:33:37,31.0,77.7,13.3
2026-09-08 23:34:07,31.0,77.4,13.3
2026-09-08 23:34:37,31.0,78.3,13.3
2026-09-08 23:35:07,31.0,77.9,13.3
2026-09-08 23:35:37,31.0,77.7,13.3
2026-09-08 23:36:07,30.9,78.4,13.3
2026-09-08 23:36:37,30.9,78.2,13.3
2026-09-08 23:37:07,30.9,78.0,13.3
2026-09-08 23:37:37,30.9,78.5,13.3
2026-09-08 23:38:07,31.0,77.9,13.3
2026-09-08 23:38:37,31.0,78.0,13.3
2026-09-08 23:39:07,30.9,77.9,13.3
2026-09-08 23:39:37,30.9,77.9,13.3
2026-09-08 23:40:07,31.0,78.1,13.3
2026-09-08 23:40:37,30.9,77.8,13.3
2026-09-08 23:41:07,31.0,78.0,13.3
2026-09-08 23:41:37,30.9,78.3,13.3
2026-09-08 23:42:07,31.0,78.1,13.3
2026-09-08 23:42:37,30.9,78.4,13.3
2026-09-08 23:43:07,30.9,78.1,13.3
2026-09-08 23:43:37,30.9,77.8,13.3
2026-09-08 23:44:07,30.9,78.2,13.3
2026-09-08 23:44:37,30.9,78.3,13.3
2026-09-08 23:45:07,30.9,78.0,13.3
2026-09-08 23:45:37,30.9,78.7,13.3
2026-09-08 23:46:07,30.9,78.3,13.3
2026-09-08 23:46:37,30.9,78.4,13.3
2026-09-08 23:47:07,30.9,78.5,13.3
2026-09-08 23:47:37,30.9,78.3,13.3
2026-09-08 23:48:07,30.9,78.2,13.3
2026-09-08 23:48:37,30.9,78.4,13.3
2026-09-08 23:49:07,30.9,78.1,13.3
2026-09-08 23:49:37,30.9,78.6,13.3
2026-09-08 23:50:07,30.9,78.1,13.3
2026-09-08 23:50:37,30.9,78.6,14.2
2026-09-08 23:51:07,30.9,78.2,14.2
2026-09-08 23:51:37,30.9,78.7,14.2
2026-09-08 23:52:07,30.9,78.4,14.2
2026-09-08 23:52:37,30.9,78.2,14.2
2026-09-08 23:53:07,30.9,78.4,14.2
2026-09-08 23:53:37,30.9,79.1,14.2
2026-09-08 23:54:07,31.0,78.1,14.2
2026-09-08 23:54:37,30.9,78.1,14.2
2026-09-08 23:55:07,31.0,77.8,14.2
2026-09-08 23:55:37,30.9,78.4,14.2
2026-09-08 23:56:07,31.0,78.1,14.2
2026-09-08 23:56:37,31.0,78.6,14.2
2026-09-08 23:57:07,30.9,78.8,14.2
2026-09-08 23:57:37,31.0,78.3,14.2
2026-09-08 23:58:07,30.9,78.0,14.2
2026-09-08 23:58:37,31.0,78.0,14.2
2026-09-08 23:59:07,31.0,78.6,14.2
2026-09-08 23:59:37,31.0,78.4,14.2
2026-09-09 00:00:07,31.0,77.9,14.2
2026-09-09 00:00:37,31.0,77.3,14.2
2026-09-09 00:01:07,31.0,78.2,14.2
2026-09-09 00:01:37,31.0,78.0,14.2
2026-09-09 00:02:07,31.0,78.1,14.2
2026-09-09 00:02:37,31.0,77.8,14.2
2026-09-09 00:03:07,31.0,77.8,14.2
2026-09-09 00:03:37,31.0,77.5,14.2
2026-09-09 00:04:07,31.0,78.2,14.2
2026-09-09 00:04:37,31.0,77.5,14.2
2026-09-09 00:05:07,31.0,77.4,14.2
2026-09-09 00:05:37,31.0,77.2,14.2
2026-09-09 00:06:07,31.0,78.3,14.2
2026-09-09 00:06:37,31.0,78.2,14.2
2026-09-09 00:07:07,31.0,77.1,14.2
2026-09-09 00:07:37,31.0,77.2,14.2
2026-09-09 00:08:07,31.0,77.7,14.2
2026-09-09 00:08:37,31.0,77.8,14.2
2026-09-09 00:09:07,31.0,78.0,14.2
2026-09-09 00:09:37,31.0,78.2,14.2
2026-09-09 00:10:07,31.0,78.1,14.2
2026-09-09 00:10:37,31.0,77.8,14.2
2026-09-09 00:11:07,31.0,78.2,14.2
2026-09-09 00:11:37,31.0,78.2,14.2
2026-09-09 00:12:07,31.0,78.1,14.2
2026-09-09 00:12:37,31.0,78.0,14.2
2026-09-09 00:13:07,31.0,77.7,14.2
2026-09-09 00:13:37,31.0,77.5,14.2
2026-09-09 00:14:07,31.0,77.9,14.2
2026-09-09 00:14:37,31.0,77.7,14.2
2026-09-09 00:15:07,31.0,77.6,14.2
2026-09-09 00:15:37,31.0,77.9,14.2
2026-09-09 00:16:07,31.0,78.1,14.2
2026-09-09 00:16:37,31.0,78.4,14.2
2026-09-09 00:17:07,31.0,78.5,14.2
2026-09-09 00:17:37,31.0,78.6,13.3
2026-09-09 00:18:07,31.0,77.9,0.0
2026-09-09 00:18:37,31.0,77.9,0.0
2026-09-09 00:19:07,31.0,77.8,0.0
2026-09-09 00:19:37,30.9,78.1,0.0
2026-09-09 00:20:07,30.9,77.8,0.0
2026-09-09 00:20:37,30.9,77.8,0.0
2026-09-09 00:21:07,31.0,78.7,0.0
2026-09-09 00:21:37,30.9,78.1,0.0
2026-09-09 00:22:07,30.9,78.0,0.0
2026-09-09 00:22:37,30.9,78.1,0.0
2026-09-09 00:23:07,30.9,77.6,0.0
2026-09-09 00:23:37,30.9,79.0,0.0
2026-09-09 00:24:07,31.0,78.1,0.0
2026-09-09 00:24:37,31.0,77.6,0.0
2026-09-09 00:25:07,30.9,77.0,0.0
2026-09-09 00:25:37,31.0,78.7,0.0
2026-09-09 00:26:07,31.0,77.6,0.0
2026-09-09 00:26:37,31.0,77.9,0.0
2026-09-09 00:27:07,30.9,77.9,0.0
2026-09-09 00:27:37,30.9,78.0,0.0
2026-09-09 00:28:07,31.0,78.1,0.0
2026-09-09 00:28:37,30.9,77.4,0.0
2026-09-09 00:29:07,31.0,77.2,0.0
2026-09-09 00:29:37,31.0,77.2,0.0
2026-09-09 00:30:07,31.0,77.3,0.0
2026-09-09 00:30:37,30.9,77.2,0.0
2026-09-09 00:31:07,30.9,77.6,0.0
2026-09-09 00:31:37,31.0,77.7,0.0
2026-09-09 00:32:07,30.9,78.0,0.0
2026-09-09 00:32:37,30.9,77.7,0.0
2026-09-09 00:33:07,30.9,78.4,0.0
2026-09-09 00:33:37,31.0,78.0,0.0
2026-09-09 00:34:07,31.0,78.2,0.0
2026-09-09 00:34:37,30.9,78.1,0.0
2026-09-09 00:35:07,30.9,77.0,0.0
2026-09-09 00:35:37,30.9,76.6,0.0
2026-09-09 00:36:07,30.9,76.8,0.0
2026-09-09 00:36:37,30.9,76.7,0.0
2026-09-09 00:37:07,30.9,77.0,0.0
2026-09-09 00:37:37,30.9,78.1,0.0
2026-09-09 00:38:07,30.9,77.0,0.0
2026-09-09 00:38:37,30.9,77.4,0.0
2026-09-09 00:39:07,30.8,77.9,0.0
2026-09-09 00:39:37,30.8,78.7,0.0
2026-09-09 00:40:07,30.8,77.5,0.0
2026-09-09 00:40:37,30.8,78.6,0.0
2026-09-09 00:41:07,30.8,78.1,0.0
2026-09-09 00:41:37,30.8,78.2,0.0
2026-09-09 00:42:07,30.7,78.8,0.0
2026-09-09 00:42:37,30.7,78.3,0.0
2026-09-09 00:43:07,30.7,78.7,0.0
2026-09-09 00:43:37,30.7,79.1,0.0
2026-09-09 00:44:07,30.7,79.2,0.0
2026-09-09 00:44:37,30.8,78.7,0.0
2026-09-09 00:45:07,30.8,78.9,0.0
2026-09-09 00:45:37,30.8,78.9,0.0
2026-09-09 00:46:07,30.8,78.2,0.0
2026-09-09 00:46:37,30.8,78.6,0.0
2026-09-09 00:47:07,30.8,78.0,0.0
2026-09-09 00:47:37,30.8,79.3,0.0
2026-09-09 00:48:07,30.8,78.3,0.0
2026-09-09 00:48:37,30.8,79.1,0.0
2026-09-09 00:49:07,30.8,77.9,0.0
2026-09-09 00:49:37,30.8,78.5,0.0
2026-09-09 00:50:07,30.8,78.2,0.0
2026-09-09 00:50:37,30.8,78.0,0.0
2026-09-09 00:51:07,30.8,78.3,0.0
2026-09-09 00:51:37,30.8,78.7,0.0
2026-09-09 00:52:07,30.8,78.7,0.0
2026-09-09 00:52:37,30.8,78.5,0.0
2026-09-09 00:53:07,30.8,78.7,0.0
2026-09-09 00:53:37,30.8,78.7,0.0
2026-09-09 00:54:07,30.8,78.6,0.0
2026-09-09 00:54:37,30.8,78.9,0.0
2026-09-09 00:55:07,30.8,78.8,0.0
2026-09-09 00:55:37,30.8,79.4,0.0
2026-09-09 00:56:07,30.8,78.5,0.0
2026-09-09 00:56:37,30.8,79.0,0.0
2026-09-09 00:57:07,30.8,78.0,0.0
2026-09-09 00:57:37,30.8,77.9,0.0
2026-09-09 00:58:07,30.8,77.8,0.0
2026-09-09 00:58:37,30.8,77.9,0.0
2026-09-09 00:59:07,30.8,77.5,0.0
2026-09-09 00:59:37,30.8,77.4,0.0
2026-09-09 01:00:07,30.8,78.4,0.0
2026-09-09 01:00:37,30.8,77.7,0.0
2026-09-09 01:01:07,30.8,77.7,0.0
2026-09-09 01:01:37,30.8,78.2,0.0
2026-09-09 01:02:07,30.8,78.3,0.0
2026-09-09 01:02:37,30.8,79.0,0.0
2026-09-09 01:03:07,30.8,78.7,0.0
2026-09-09 01:03:37,30.8,79.1,0.0
2026-09-09 01:04:07,30.8,79.0,0.0
2026-09-09 01:04:37,30.9,79.4,0.0
2026-09-09 01:05:07,30.9,78.4,0.0
2026-09-09 01:05:37,30.9,78.1,0.0
2026-09-09 01:06:07,30.9,78.2,0.0
2026-09-09 01:06:37,30.9,78.2,0.0
2026-09-09 01:07:07,30.9,78.2,0.0
2026-09-09 01:07:37,30.9,78.2,0.0
2026-09-09 01:08:07,30.9,77.8,0.0
2026-09-09 01:08:37,30.9,78.5,0.0
2026-09-09 01:09:07,30.9,77.7,0.0
2026-09-09 01:09:37,30.9,78.0,0.0
2026-09-09 01:10:07,30.9,78.4,0.0
2026-09-09 01:10:37,30.9,77.6,0.0
2026-09-09 01:11:07,30.9,77.6,0.0
2026-09-09 01:11:37,30.9,78.5,0.0
2026-09-09 01:12:07,30.9,79.3,0.0
2026-09-09 01:12:37,30.9,78.6,0.0
2026-09-09 01:13:07,30.9,77.8,0.0
2026-09-09 01:13:37,30.9,78.1,0.0
2026-09-09 01:14:07,30.9,78.7,0.0
2026-09-09 01:14:37,30.9,78.5,0.0
2026-09-09 01:15:07,30.9,78.1,0.0
2026-09-09 01:15:37,30.9,78.6,0.0
2026-09-09 01:16:07,30.9,78.3,0.0
2026-09-09 01:16:37,30.9,78.1,0.0
2026-09-09 01:17:07,30.9,78.4,0.0
2026-09-09 01:17:37,30.9,78.6,0.0
2026-09-09 01:18:07,30.9,78.4,0.0
2026-09-09 01:18:37,30.9,78.4,0.0
2026-09-09 01:19:07,30.8,78.1,0.0
2026-09-09 01:19:37,30.9,78.1,0.0
2026-09-09 01:20:07,30.9,79.1,0.0
2026-09-09 01:20:37,30.9,79.9,0.0
2026-09-09 01:21:07,30.8,79.0,0.0
2026-09-09 01:21:37,30.8,78.0,0.0
2026-09-09 01:22:07,30.8,78.3,0.0
2026-09-09 01:22:37,30.8,78.3,0.0
2026-09-09 01:23:07,30.8,78.3,0.0
2026-09-09 01:23:37,30.8,78.3,0.0
2026-09-09 01:24:07,30.8,77.8,0.0
2026-09-09 01:24:37,30.8,77.9,0.0
2026-09-09 01:25:07,30.8,78.1,0.0
2026-09-09 01:25:37,30.8,78.5,0.0
2026-09-09 01:26:07,30.8,78.6,0.0
2026-09-09 01:26:37,30.8,77.9,0.0
2026-09-09 01:27:07,30.8,78.5,0.0
2026-09-09 01:27:37,30.8,78.6,0.0
2026-09-09 01:28:07,30.8,78.9,0.0
2026-09-09 01:28:37,30.8,78.2,0.0
2026-09-09 01:29:07,30.8,78.3,0.0
2026-09-09 01:29:37,30.8,77.9,0.0
2026-09-09 01:30:07,30.8,78.4,0.0
2026-09-09 01:30:37,30.8,79.0,0.0
2026-09-09 01:31:07,30.8,78.3,0.0
2026-09-09 01:31:37,30.8,79.0,0.0
2026-09-09 01:32:07,30.8,78.7,0.0
2026-09-09 01:32:37,30.8,77.8,0.0
2026-09-09 01:33:07,30.8,77.5,0.0
2026-09-09 01:33:37,30.8,78.8,0.0
2026-09-09 01:34:07,30.8,77.8,0.0
2026-09-09 01:34:37,30.7,77.9,0.0
2026-09-09 01:35:07,30.7,78.3,0.0
2026-09-09 01:35:37,30.7,77.7,0.0
2026-09-09 01:36:07,30.8,77.6,0.0
2026-09-09 01:36:37,30.8,77.3,0.0
2026-09-09 01:37:07,30.7,77.5,0.0
2026-09-09 01:37:37,30.8,79.1,0.0
2026-09-09 01:38:07,30.8,78.2,0.0
2026-09-09 01:38:37,30.8,77.8,0.0
2026-09-09 01:39:07,30.8,77.5,0.0
2026-09-09 01:39:37,30.8,77.7,0.0
2026-09-09 01:40:07,30.8,79.0,0.0
2026-09-09 01:40:37,30.8,78.5,0.0
2026-09-09 01:41:07,30.8,78.4,0.0
2026-09-09 01:41:37,30.8,78.3,0.0
2026-09-09 01:42:07,30.8,78.0,0.0
2026-09-09 01:42:37,30.8,77.9,0.0
2026-09-09 01:43:07,30.8,77.7,0.0
2026-09-09 01:43:37,30.8,78.7,0.0
2026-09-09 01:44:07,30.8,78.8,0.0
2026-09-09 01:44:37,30.8,78.3,0.0
2026-09-09 01:45:07,30.8,77.8,0.0
2026-09-09 01:45:37,30.8,76.9,0.0
2026-09-09 01:46:07,30.8,77.3,0.0
2026-09-09 01:46:37,30.8,78.5,0.0
2026-09-09 01:47:07,30.9,78.7,0.0
2026-09-09 01:47:37,30.9,76.9,0.0
2026-09-09 01:48:07,30.9,76.9,0.0
2026-09-09 01:48:37,30.9,77.3,0.0
2026-09-09 01:49:07,30.9,77.9,0.0
2026-09-09 01:49:37,30.8,78.6,0.0
2026-09-09 01:50:07,30.8,78.3,0.0
2026-09-09 01:50:37,30.9,77.9,0.0
2026-09-09 01:51:07,30.8,78.2,0.0
2026-09-09 01:51:37,30.8,78.7,0.0
2026-09-09 01:52:07,30.8,78.1,0.0
2026-09-09 01:52:37,30.8,77.5,0.0
2026-09-09 01:53:07,30.8,78.9,0.0
2026-09-09 01:53:37,30.8,77.3,0.0
2026-09-09 01:54:07,30.8,78.7,0.0
2026-09-09 01:54:37,30.8,78.6,0.0
2026-09-09 01:55:07,30.7,79.0,0.0
2026-09-09 01:55:37,30.7,78.8,0.0
2026-09-09 01:56:07,30.7,77.3,0.0
2026-09-09 01:56:37,30.7,78.1,0.0
2026-09-09 01:57:07,30.7,78.6,0.0
2026-09-09 01:57:37,30.7,78.9,0.0
2026-09-09 01:58:07,30.7,78.0,0.0
2026-09-09 01:58:37,30.7,78.2,0.0
2026-09-09 01:59:07,30.7,77.3,0.0
2026-09-09 01:59:37,30.7,77.0,0.0
2026-09-09 02:00:07,30.7,78.0,0.0
2026-09-09 02:00:48,30.7,77.6,0.0
2026-09-09 02:01:19,30.7,78.1,0.0
2026-09-09 02:01:49,30.7,77.4,0.0
2026-09-09 02:02:19,30.7,77.9,0.0
2026-09-09 02:02:49,30.6,79.7,0.0
2026-09-09 02:03:19,30.6,78.4,0.0
2026-09-09 02:03:49,30.7,79.0,0.0
2026-09-09 02:04:19,30.7,78.7,0.0
2026-09-09 02:04:50,30.7,77.2,0.0
2026-09-09 02:05:20,30.7,78.2,0.0
2026-09-09 02:05:50,30.7,79.0,0.0
2026-09-09 02:06:20,30.7,78.9,0.0
2026-09-09 02:06:50,30.7,78.5,0.0
2026-09-09 02:07:20,30.7,79.1,0.0
2026-09-09 02:07:50,30.7,78.8,0.0
2026-09-09 02:08:20,30.7,77.6,0.0
2026-09-09 02:08:51,30.7,77.5,0.0
2026-09-09 02:09:21,30.8,78.2,0.0
2026-09-09 02:09:51,30.7,78.3,0.0
2026-09-09 02:10:21,30.7,77.7,0.0
2026-09-09 02:10:51,30.8,77.4,0.0
2026-09-09 02:11:21,30.7,76.8,0.0
2026-09-09 02:11:51,30.7,78.4,0.0
2026-09-09 02:12:22,30.7,78.0,0.0
2026-09-09 02:12:52,30.7,78.2,0.0
2026-09-09 02:13:22,30.7,77.3,0.0
2026-09-09 02:13:52,30.7,77.6,0.0
2026-09-09 02:14:22,30.7,77.5,0.0
2026-09-09 02:14:52,30.7,77.4,0.0
2026-09-09 02:15:22,30.7,77.6,0.0
2026-09-09 02:15:53,30.7,78.2,0.0
2026-09-09 02:16:23,30.7,77.8,0.0
2026-09-09 02:16:53,30.7,77.0,0.0
2026-09-09 02:17:23,30.7,76.8,0.0
2026-09-09 02:17:53,30.7,78.1,0.0
2026-09-09 02:18:23,30.7,78.0,0.0
2026-09-09 02:18:53,30.7,77.6,0.0
2026-09-09 02:19:23,30.7,77.6,0.0
2026-09-09 02:19:54,30.7,76.4,0.0
2026-09-09 02:20:24,30.7,76.7,0.0
2026-09-09 02:20:54,30.7,77.6,0.0
2026-09-09 02:21:24,30.7,77.1,0.0
2026-09-09 02:21:54,30.7,76.5,0.0
2026-09-09 02:22:24,30.7,78.5,0.0
2026-09-09 02:22:54,30.7,78.7,0.0
2026-09-09 02:23:25,30.7,78.0,0.0
2026-09-09 02:23:55,30.7,77.3,0.0
2026-09-09 02:24:25,30.7,77.8,0.0
2026-09-09 02:24:55,30.7,76.8,0.0
2026-09-09 02:25:25,30.7,77.3,0.0
2026-09-09 02:25:55,30.7,78.1,0.0
2026-09-09 02:26:25,30.7,76.9,0.0
2026-09-09 02:26:56,30.7,77.6,0.0
2026-09-09 02:27:26,30.7,77.0,0.0
2026-09-09 02:27:56,30.7,77.1,0.0
2026-09-09 02:28:26,30.7,77.2,0.0
2026-09-09 02:28:56,30.6,77.7,0.0
2026-09-09 02:29:26,30.7,76.9,0.0
2026-09-09 02:29:56,30.7,76.8,0.0
2026-09-09 02:30:26,30.6,76.8,0.0
2026-09-09 02:30:57,30.6,76.9,0.0
2026-09-09 02:31:27,30.7,77.1,0.0
2026-09-09 02:31:57,30.6,77.0,0.0
2026-09-09 02:32:27,30.6,76.6,0.0
2026-09-09 02:32:57,30.6,76.2,0.0
2026-09-09 02:33:27,30.6,77.6,0.0
2026-09-09 02:33:57,30.6,78.3,0.0
2026-09-09 02:34:27,30.6,77.8,0.0
2026-09-09 02:34:57,30.6,77.4,0.0
2026-09-09 02:35:28,30.7,77.1,0.0
2026-09-09 02:35:58,30.6,77.1,0.0
2026-09-09 02:36:28,30.7,77.4,0.0
2026-09-09 02:36:58,30.7,78.5,0.0
2026-09-09 02:37:28,30.7,78.6,0.0
2026-09-09 02:37:58,30.7,78.8,0.0
2026-09-09 02:38:28,30.7,78.5,0.0
2026-09-09 02:38:58,30.7,78.5,0.0
2026-09-09 02:39:29,30.7,77.5,0.0
2026-09-09 02:39:59,30.7,77.2,0.0
2026-09-09 02:40:29,30.7,76.7,0.0
2026-09-09 02:40:59,30.7,77.2,0.0
2026-09-09 02:41:29,30.7,77.1,0.0
2026-09-09 02:41:59,30.7,77.8,0.0
2026-09-09 02:42:29,30.7,77.0,0.0
2026-09-09 02:42:59,30.7,78.3,0.0
2026-09-09 02:43:30,30.7,77.9,0.0
2026-09-09 02:44:00,30.7,76.3,0.0
2026-09-09 02:44:30,30.7,77.4,0.0
2026-09-09 02:45:00,30.7,76.8,0.0
2026-09-09 02:45:30,30.7,76.6,0.0
2026-09-09 02:46:00,30.7,76.8,0.0
2026-09-09 02:46:30,30.7,76.9,0.0
2026-09-09 02:47:00,30.7,77.5,0.0
2026-09-09 02:47:31,30.7,76.9,0.0
2026-09-09 02:48:01,30.7,77.8,0.0
2026-09-09 02:48:31,30.7,77.5,0.0
2026-09-09 02:49:01,30.7,76.5,0.0
2026-09-09 02:49:31,30.7,77.6,0.0
2026-09-09 02:50:01,30.7,77.9,0.0
2026-09-09 02:50:31,30.8,77.7,0.0
2026-09-09 02:51:01,30.7,78.1,0.0
2026-09-09 02:51:32,30.7,76.4,0.0
2026-09-09 02:52:02,30.7,77.1,0.0
2026-09-09 02:52:32,30.7,77.2,0.0
2026-09-09 02:53:02,30.7,76.6,0.0
2026-09-09 02:53:32,30.8,77.5,0.0
2026-09-09 02:54:02,30.7,76.4,0.0
2026-09-09 02:54:32,30.7,77.7,0.0
2026-09-09 02:55:02,30.8,76.4,0.0
2026-09-09 02:55:33,30.7,76.5,0.0
2026-09-09 02:56:03,30.7,76.6,0.0
2026-09-09 02:56:33,30.7,77.1,0.0
2026-09-09 02:57:03,30.7,76.5,0.0
2026-09-09 02:57:33,30.7,76.0,0.0
2026-09-09 02:58:03,30.7,76.5,0.0
2026-09-09 02:58:33,30.7,76.7,0.0
2026-09-09 02:59:03,30.7,76.8,0.0
2026-09-09 02:59:34,30.7,76.7,0.0
2026-09-09 03:00:04,30.7,78.0,0.0
2026-09-09 03:00:34,30.7,77.6,0.0
2026-09-09 03:01:04,30.7,77.1,0.0
2026-09-09 03:01:34,30.7,77.3,0.0
2026-09-09 03:02:04,30.7,76.7,0.0
2026-09-09 03:02:34,30.7,76.8,0.0
2026-09-09 03:03:05,30.7,77.9,0.0
2026-09-09 03:03:35,30.7,77.8,0.0
2026-09-09 03:04:05,30.7,77.8,0.0
2026-09-09 03:04:35,30.7,78.1,0.0
2026-09-09 03:05:05,30.7,76.8,0.0
2026-09-09 03:05:35,30.7,76.3,0.0
2026-09-09 03:06:05,30.7,77.7,0.0
2026-09-09 03:06:35,30.7,78.4,0.0
2026-09-09 03:07:06,30.7,78.2,0.0
2026-09-09 03:07:36,30.7,76.8,0.0
2026-09-09 03:08:06,30.6,77.8,0.0
2026-09-09 03:08:36,30.7,78.0,0.0
2026-09-09 03:09:06,30.6,77.2,0.0
2026-09-09 03:09:36,30.6,77.4,0.0
2026-09-09 03:10:06,30.6,77.0,0.0
2026-09-09 03:10:37,30.6,78.0,0.0
2026-09-09 03:11:07,30.6,77.9,0.0
2026-09-09 03:11:37,30.6,78.3,0.0
2026-09-09 03:12:07,30.6,77.7,0.0
2026-09-09 03:12:37,30.6,77.8,0.0
2026-09-09 03:13:07,30.6,77.9,0.0
2026-09-09 03:13:37,30.6,78.4,0.0
2026-09-09 03:14:08,30.6,78.4,0.0
2026-09-09 03:14:38,30.7,78.3,0.0
2026-09-09 03:15:08,30.7,77.8,0.0
2026-09-09 03:15:38,30.7,77.7,0.0
2026-09-09 03:16:08,30.7,77.6,0.0
2026-09-09 03:16:38,30.7,77.5,0.0
2026-09-09 03:17:08,30.7,77.5,0.0
2026-09-09 03:17:39,30.6,77.8,0.0
2026-09-09 03:18:09,30.6,78.5,0.0
2026-09-09 03:18:39,30.6,78.2,0.0
2026-09-09 03:19:09,30.6,77.8,0.0
2026-09-09 03:19:39,30.6,77.1,0.0
2026-09-09 03:20:09,30.6,78.3,0.0
2026-09-09 03:20:39,30.6,77.9,0.0
2026-09-09 03:21:09,30.6,77.3,0.0
2026-09-09 03:21:40,30.6,77.2,0.0
2026-09-09 03:22:10,30.6,77.9,0.0
2026-09-09 03:22:40,30.6,77.4,0.0
2026-09-09 03:23:10,30.6,78.2,0.0
2026-09-09 03:23:40,30.6,77.6,0.0
2026-09-09 03:24:10,30.6,77.6,0.0
2026-09-09 03:24:40,30.6,77.2,0.0
2026-09-09 03:25:11,30.6,77.7,0.0
2026-09-09 03:25:41,30.6,78.2,0.0
2026-09-09 03:26:11,30.6,77.9,0.0
2026-09-09 03:26:41,30.6,77.4,0.0
2026-09-09 03:27:11,30.6,77.3,0.0
2026-09-09 03:27:41,30.6,78.5,0.0
2026-09-09 03:28:11,30.6,78.4,0.0
2026-09-09 03:28:42,30.6,77.9,0.0
2026-09-09 03:29:12,30.7,77.6,0.0
2026-09-09 03:29:42,30.7,77.7,0.0
2026-09-09 03:30:12,30.7,77.6,0.0
2026-09-09 03:30:42,30.7,77.7,0.0
2026-09-09 03:31:12,30.6,77.5,0.0
2026-09-09 03:31:42,30.6,77.1,0.0
2026-09-09 03:32:12,30.6,77.7,0.0
2026-09-09 03:32:42,30.7,77.8,0.0
2026-09-09 03:33:13,30.6,77.1,0.0
2026-09-09 03:33:43,30.6,76.9,0.0
2026-09-09 03:34:13,30.6,77.0,0.0
2026-09-09 03:34:43,30.6,77.0,0.0
2026-09-09 03:35:13,30.6,77.3,0.0
2026-09-09 03:35:43,30.6,77.2,0.0
2026-09-09 03:36:13,30.6,77.1,0.0
2026-09-09 03:36:43,30.6,78.4,0.0
2026-09-09 03:37:14,30.6,78.3,0.0
2026-09-09 03:37:44,30.6,77.8,0.0
2026-09-09 03:38:14,30.6,78.1,0.0
2026-09-09 03:38:44,30.6,78.1,0.0
2026-09-09 03:39:14,30.6,78.2,0.0
2026-09-09 03:39:44,30.6,78.7,0.0
2026-09-09 03:40:14,30.5,78.0,0.0
2026-09-09 03:40:44,30.5,78.5,0.0
2026-09-09 03:41:15,30.5,78.0,0.0
2026-09-09 03:41:45,30.5,78.1,0.0
2026-09-09 03:42:15,30.5,77.9,0.0
2026-09-09 03:42:45,30.5,77.6,0.0
2026-09-09 03:43:15,30.5,77.8,0.0
2026-09-09 03:43:45,30.5,78.1,0.0
2026-09-09 03:44:15,30.5,77.8,0.0
2026-09-09 03:44:45,30.5,78.2,0.0
2026-09-09 03:45:16,30.5,78.3,0.0
2026-09-09 03:45:46,30.5,77.9,0.0
2026-09-09 03:46:16,30.5,77.8,0.0
2026-09-09 03:46:46,30.4,77.8,0.0
2026-09-09 03:47:16,30.5,78.7,0.0
2026-09-09 03:47:46,30.5,78.6,0.0
2026-09-09 03:48:16,30.5,78.8,0.0
2026-09-09 03:48:46,30.5,78.9,0.0
2026-09-09 03:49:17,30.5,78.5,0.0
2026-09-09 03:49:47,30.5,78.2,0.0
2026-09-09 03:50:17,30.5,78.0,0.0
2026-09-09 03:50:47,30.5,77.8,0.0
2026-09-09 03:51:17,30.5,77.8,0.0
2026-09-09 03:51:47,30.5,78.3,0.0
2026-09-09 03:52:17,30.5,78.2,0.0
2026-09-09 03:52:48,30.5,78.0,0.0
2026-09-09 03:53:18,30.5,78.1,0.0
2026-09-09 03:53:48,30.5,77.9,0.0
2026-09-09 03:54:18,30.5,78.0,0.0
2026-09-09 03:54:48,30.5,78.3,0.0
2026-09-09 03:55:18,30.5,78.3,0.0
2026-09-09 03:55:48,30.5,78.0,0.0
2026-09-09 03:56:18,30.5,77.9,0.0
2026-09-09 03:56:49,30.5,78.3,0.0
2026-09-09 03:57:19,30.5,78.1,0.0
2026-09-09 03:57:49,30.5,77.8,0.0
2026-09-09 03:58:19,30.5,78.0,0.0
2026-09-09 03:58:49,30.5,78.2,0.0
2026-09-09 03:59:19,30.5,78.0,0.0
2026-09-09 03:59:49,30.5,78.0,0.0
2026-09-09 04:00:19,30.5,77.7,0.0
2026-09-09 04:00:50,30.5,77.8,0.0
2026-09-09 04:01:20,30.5,78.2,0.0
2026-09-09 04:01:50,30.5,78.0,0.0
2026-09-09 04:02:20,30.5,78.8,0.0
2026-09-09 04:02:50,30.5,78.5,0.0
2026-09-09 04:03:20,30.5,78.2,0.0
2026-09-09 04:03:50,30.5,78.5,0.0
2026-09-09 04:04:21,30.6,78.1,0.0
2026-09-09 04:04:51,30.6,78.3,0.0
2026-09-09 04:05:21,30.6,78.2,0.0
2026-09-09 04:05:51,30.6,78.6,0.0
2026-09-09 04:06:21,30.6,78.4,0.0
2026-09-09 04:06:51,30.6,78.4,0.0
2026-09-09 04:07:21,30.6,78.4,0.0
2026-09-09 04:07:51,30.6,78.2,0.0
2026-09-09 04:08:22,30.6,78.3,0.0
2026-09-09 04:08:52,30.7,77.7,0.0
2026-09-09 04:09:22,30.6,77.6,0.0
2026-09-09 04:09:52,30.7,78.5,0.0
2026-09-09 04:10:22,30.6,78.6,0.0
2026-09-09 04:10:52,30.6,78.0,0.0
2026-09-09 04:11:22,30.6,77.9,0.0
2026-09-09 04:11:53,30.6,77.9,0.0
2026-09-09 04:12:23,30.6,78.0,0.0
2026-09-09 04:12:53,30.6,77.8,0.0
2026-09-09 04:13:23,30.6,77.8,0.0
2026-09-09 04:13:53,30.6,77.9,0.0
2026-09-09 04:14:23,30.6,78.0,0.0
2026-09-09 04:14:53,30.6,78.1,0.0
2026-09-09 04:15:24,30.6,77.8,0.0
2026-09-09 04:15:54,30.6,78.0,0.0
2026-09-09 04:16:24,30.6,78.4,0.0
2026-09-09 04:16:54,30.6,77.9,0.0
2026-09-09 04:17:24,30.6,78.5,0.0
2026-09-09 04:17:54,30.5,78.9,0.0
2026-09-09 04:18:24,30.6,78.4,0.0
2026-09-09 04:18:54,30.6,78.1,0.0
2026-09-09 04:19:25,30.6,78.0,0.0
2026-09-09 04:19:55,30.6,78.0,0.0
2026-09-09 04:20:25,30.6,78.3,0.0
2026-09-09 04:20:55,30.5,78.1,0.0
2026-09-09 04:21:25,30.6,77.9,0.0
2026-09-09 04:21:55,30.5,78.3,0.0
2026-09-09 04:22:26,30.5,78.6,0.0
2026-09-09 04:22:56,30.5,78.1,0.0
2026-09-09 04:23:26,30.5,78.0,0.0
2026-09-09 04:23:56,30.5,78.5,0.0
2026-09-09 04:24:26,30.5,78.3,0.0
2026-09-09 04:24:56,30.5,78.0,0.0
2026-09-09 04:25:26,30.6,78.3,0.0
2026-09-09 04:25:56,30.5,78.3,0.0
2026-09-09 04:26:27,30.5,78.2,0.0
2026-09-09 04:26:57,30.5,78.3,0.0
2026-09-09 04:27:27,30.5,78.3,0.0
2026-09-09 04:27:57,30.5,78.3,0.0
2026-09-09 04:28:27,30.5,78.2,0.0
2026-09-09 04:28:57,30.5,78.2,0.0
2026-09-09 04:29:27,30.5,78.1,0.0
2026-09-09 04:29:58,30.5,78.1,0.0
2026-09-09 04:30:28,30.5,78.4,0.0
2026-09-09 04:30:58,30.5,79.2,0.0
2026-09-09 04:31:28,30.5,79.3,0.0
2026-09-09 04:31:58,30.5,78.7,0.0
2026-09-09 04:32:28,30.5,78.6,0.0
2026-09-09 04:32:58,30.6,78.3,0.0
2026-09-09 04:33:28,30.6,77.9,0.0
2026-09-09 04:33:58,30.6,77.8,0.0
2026-09-09 04:34:29,30.6,77.9,0.0
2026-09-09 04:34:59,30.6,77.8,0.0
2026-09-09 04:35:29,30.6,77.8,0.0
2026-09-09 04:35:59,30.6,78.6,0.0
2026-09-09 04:36:29,30.6,78.3,0.0
2026-09-09 04:36:59,30.6,78.1,0.0
2026-09-09 04:37:29,30.6,78.3,0.0
2026-09-09 04:37:59,30.6,78.9,0.0
2026-09-09 04:38:30,30.6,78.4,0.0
2026-09-09 04:39:00,30.6,78.2,0.0
2026-09-09 04:39:30,30.6,78.1,0.0
2026-09-09 04:40:00,30.6,78.0,0.0
2026-09-09 04:40:30,30.6,78.2,0.0
2026-09-09 04:41:00,30.6,78.0,0.0
2026-09-09 04:41:30,30.6,77.9,0.0
2026-09-09 04:42:00,30.6,78.3,0.0
2026-09-09 04:42:31,30.6,78.5,0.0
2026-09-09 04:43:01,30.6,78.3,0.0
2026-09-09 04:43:31,30.6,77.9,0.0
2026-09-09 04:44:01,30.6,77.9,0.0
2026-09-09 04:44:31,30.5,78.2,0.0
2026-09-09 04:45:01,30.5,78.0,0.0
2026-09-09 04:45:31,30.5,78.0,0.0
2026-09-09 04:46:01,30.5,78.3,0.0
2026-09-09 04:46:32,30.5,78.3,0.0
2026-09-09 04:47:02,30.5,78.0,0.0
2026-09-09 04:47:32,30.5,78.3,0.0
2026-09-09 04:48:02,30.5,77.9,0.0
2026-09-09 04:48:32,30.5,78.1,0.0
2026-09-09 04:49:02,30.5,78.0,0.0
2026-09-09 04:49:32,30.5,77.7,0.0
2026-09-09 04:50:02,30.5,78.7,0.0
2026-09-09 04:50:33,30.5,78.3,0.0
2026-09-09 04:51:03,30.5,78.4,0.0
2026-09-09 04:51:33,30.5,78.8,0.0
2026-09-09 04:52:03,30.5,78.5,0.0
2026-09-09 04:52:33,30.5,78.4,0.0
2026-09-09 04:53:03,30.5,78.2,0.0
2026-09-09 04:53:33,30.5,79.1,0.0
2026-09-09 04:54:03,30.5,78.8,0.0
2026-09-09 04:54:34,30.5,78.7,0.0
2026-09-09 04:55:04,30.4,78.7,0.0
2026-09-09 04:55:34,30.5,79.2,0.0
2026-09-09 04:56:04,30.5,79.6,0.0
2026-09-09 04:56:34,30.4,78.9,0.0
2026-09-09 04:57:04,30.5,78.7,0.0
2026-09-09 04:57:34,30.5,78.5,0.0
2026-09-09 04:58:04,30.5,78.9,0.0
2026-09-09 04:58:35,30.5,78.7,0.0
2026-09-09 04:59:05,30.5,79.1,0.0
2026-09-09 04:59:35,30.5,79.2,0.0
2026-09-09 05:00:05,30.5,78.8,0.0
2026-09-09 05:00:35,30.5,78.8,0.0
2026-09-09 05:01:05,30.5,78.3,0.0
2026-09-09 05:01:35,30.5,78.5,0.0
2026-09-09 05:02:06,30.5,78.9,0.0
2026-09-09 05:02:36,30.6,78.8,0.0
2026-09-09 05:03:06,30.6,78.8,0.0
2026-09-09 05:03:36,30.6,78.7,0.0
2026-09-09 05:04:06,30.6,79.0,0.0
2026-09-09 05:04:36,30.6,78.7,0.0
2026-09-09 05:05:06,30.6,78.3,0.0
2026-09-09 05:05:36,30.6,78.5,0.0
2026-09-09 05:06:07,30.6,78.7,0.0
2026-09-09 05:06:37,30.6,78.8,0.0
2026-09-09 05:07:07,30.6,78.8,0.0
2026-09-09 05:07:37,30.6,79.2,0.0
2026-09-09 05:08:07,30.6,79.5,0.0
2026-09-09 05:08:37,30.6,79.6,0.0
2026-09-09 05:09:07,30.6,79.4,0.0
2026-09-09 05:09:37,30.6,78.9,0.0
2026-09-09 05:10:08,30.6,79.1,0.0
2026-09-09 05:10:38,30.6,78.9,0.0
2026-09-09 05:11:08,30.5,79.2,0.0
2026-09-09 05:11:38,30.6,79.5,0.0
2026-09-09 05:12:08,30.6,79.4,0.0
2026-09-09 05:12:38,30.6,79.4,0.0
2026-09-09 05:13:08,30.6,78.9,0.0
2026-09-09 05:13:39,30.6,78.9,0.0
2026-09-09 05:14:09,30.6,78.7,0.0
2026-09-09 05:14:39,30.6,78.8,0.0
2026-09-09 05:15:09,30.6,79.1,0.0
2026-09-09 05:15:39,30.5,79.4,0.0
2026-09-09 05:16:09,30.5,79.0,0.0
2026-09-09 05:16:39,30.5,79.1,0.0
2026-09-09 05:17:10,30.5,79.2,0.0
2026-09-09 05:17:40,30.6,78.9,0.0
2026-09-09 05:18:10,30.6,79.3,0.0
2026-09-09 05:18:40,30.5,79.5,0.0
2026-09-09 05:19:10,30.5,79.4,0.0
2026-09-09 05:19:40,30.5,79.2,0.0
2026-09-09 05:20:10,30.5,79.5,0.0
2026-09-09 05:20:40,30.5,79.7,0.0
2026-09-09 05:21:11,30.5,79.6,0.0
2026-09-09 05:21:41,30.5,79.6,0.0
2026-09-09 05:22:11,30.5,79.4,0.0
2026-09-09 05:22:41,30.5,79.6,0.0
2026-09-09 05:23:11,30.5,79.4,0.0
2026-09-09 05:23:41,30.5,79.7,0.0
2026-09-09 05:24:11,30.5,79.6,0.0
2026-09-09 05:24:42,30.5,79.6,0.0
2026-09-09 05:25:12,30.5,79.5,0.0
2026-09-09 05:25:42,30.5,79.6,0.0
2026-09-09 05:26:12,30.5,79.5,0.0
2026-09-09 05:26:42,30.5,79.5,0.0
2026-09-09 05:27:12,30.5,79.8,0.0
2026-09-09 05:27:42,30.5,79.9,0.0
2026-09-09 05:28:13,30.5,79.8,0.0
2026-09-09 05:28:43,30.5,79.7,0.0
2026-09-09 05:29:13,30.5,79.6,0.0
2026-09-09 05:29:43,30.5,79.7,0.0
2026-09-09 05:30:13,30.5,79.7,0.0
2026-09-09 05:30:43,30.4,79.8,0.0
2026-09-09 05:31:13,30.5,79.8,0.0
2026-09-09 05:31:43,30.4,79.8,0.0
2026-09-09 05:32:13,30.4,79.9,0.0
2026-09-09 05:32:44,30.4,79.9,0.0
2026-09-09 05:33:14,30.4,79.9,0.0
2026-09-09 05:33:44,30.4,79.9,0.0
2026-09-09 05:34:14,30.4,80.0,0.0
2026-09-09 05:34:44,30.4,80.1,0.0
2026-09-09 05:35:14,30.4,80.3,0.0
2026-09-09 05:35:44,30.4,80.2,0.0
2026-09-09 05:36:14,30.4,80.3,0.0
2026-09-09 05:36:45,30.4,80.2,0.0
2026-09-09 05:37:15,30.4,80.3,0.0
2026-09-09 05:37:45,30.4,80.4,0.8
2026-09-09 05:38:15,30.4,80.3,0.8
2026-09-09 05:38:45,30.4,80.4,0.8
2026-09-09 05:39:15,30.4,80.5,0.8
2026-09-09 05:39:45,30.4,80.5,0.8
2026-09-09 05:40:15,30.4,80.5,0.8
2026-09-09 05:40:46,30.4,80.4,0.8
2026-09-09 05:41:16,30.4,80.3,0.8
2026-09-09 05:41:46,30.5,80.5,0.8
2026-09-09 05:42:16,30.5,80.6,0.8
2026-09-09 05:42:46,30.5,80.5,0.8
2026-09-09 05:43:16,30.4,80.5,0.8
2026-09-09 05:43:46,30.5,80.5,1.7
2026-09-09 05:44:16,30.5,80.5,1.7
2026-09-09 05:44:47,30.5,80.6,1.7
2026-09-09 05:45:17,30.5,80.5,1.7
2026-09-09 05:45:47,30.5,80.4,1.7
2026-09-09 05:46:17,30.5,80.3,1.7
2026-09-09 05:46:47,30.5,80.3,1.7
2026-09-09 05:47:17,30.5,80.6,1.7
2026-09-09 05:47:47,30.5,80.5,1.7
2026-09-09 05:48:17,30.5,80.5,1.7
2026-09-09 05:48:48,30.5,80.5,1.7
2026-09-09 05:49:18,30.5,80.4,1.7
2026-09-09 05:49:48,30.5,80.5,2.5
2026-09-09 05:50:18,30.5,80.7,2.5
2026-09-09 05:50:48,30.5,80.6,2.5
2026-09-09 05:51:18,30.4,80.7,2.5
2026-09-09 05:51:48,30.4,81.0,2.5
2026-09-09 05:52:18,30.4,80.9,2.5
2026-09-09 05:52:49,30.4,81.3,3.3
2026-09-09 05:53:19,30.4,81.3,3.3
2026-09-09 05:53:49,30.4,80.8,3.3
2026-09-09 05:54:19,30.4,80.8,3.3
2026-09-09 05:54:49,30.4,80.6,3.3
2026-09-09 05:55:19,30.4,80.6,3.3
2026-09-09 05:55:49,30.4,80.6,4.2
2026-09-09 05:56:19,30.4,80.6,4.2
2026-09-09 05:56:50,30.4,80.5,4.2
2026-09-09 05:57:20,30.4,80.5,4.2
2026-09-09 05:57:50,30.5,80.5,4.2
2026-09-09 05:58:20,30.5,80.5,4.2
2026-09-09 05:58:50,30.5,80.5,5.0
2026-09-09 05:59:20,30.5,80.5,5.0
2026-09-09 05:59:50,30.5,80.5,5.0
2026-09-09 06:00:21,30.5,80.7,5.0
2026-09-09 06:00:51,30.5,80.6,5.0
2026-09-09 06:01:21,30.5,80.6,5.0
2026-09-09 06:01:51,30.5,80.5,5.8
2026-09-09 06:02:21,30.5,80.5,5.8
2026-09-09 06:02:51,30.5,80.6,8.3
2026-09-09 06:03:21,30.6,80.5,8.3
2026-09-09 06:03:51,30.5,80.5,8.3
2026-09-09 06:04:22,30.5,80.5,8.3
2026-09-09 06:04:52,30.5,80.7,8.3
2026-09-09 06:05:22,30.5,80.9,8.3
2026-09-09 06:05:52,30.5,81.0,9.2
2026-09-09 06:06:22,30.5,80.9,9.2
2026-09-09 06:06:52,30.5,81.1,9.2
2026-09-09 06:07:22,30.5,80.8,9.2
2026-09-09 06:07:53,30.5,81.2,10.0
2026-09-09 06:08:23,30.5,81.2,10.0
2026-09-09 06:08:53,30.5,81.4,10.0
2026-09-09 06:09:23,30.5,81.2,10.0
2026-09-09 06:09:53,30.5,81.3,10.0
2026-09-09 06:10:23,30.5,81.0,10.8
2026-09-09 06:10:53,30.6,80.9,10.8
2026-09-09 06:11:23,30.6,80.8,10.8
2026-09-09 06:11:54,30.6,80.7,10.8
2026-09-09 06:12:24,30.6,80.6,11.7
2026-09-09 06:12:54,30.6,80.9,11.7
2026-09-09 06:13:24,30.6,80.1,11.7
2026-09-09 06:13:54,30.6,80.0,11.7
2026-09-09 06:14:24,30.6,80.0,12.5
2026-09-09 06:14:54,30.6,79.9,12.5
2026-09-09 06:15:25,30.6,79.9,12.5
2026-09-09 06:15:55,30.6,79.8,13.3
2026-09-09 06:16:25,30.7,79.8,13.3
2026-09-09 06:16:55,30.7,80.0,13.3
2026-09-09 06:17:25,30.7,79.9,13.3
2026-09-09 06:17:55,30.7,79.7,14.2
2026-09-09 06:18:25,30.7,79.7,14.2
2026-09-09 06:18:56,30.7,79.8,15.0
2026-09-09 06:19:26,30.7,79.6,15.0
2026-09-09 06:19:56,30.7,79.6,15.8
2026-09-09 06:20:26,30.7,79.7,15.8
2026-09-09 06:20:56,30.7,80.0,16.7
2026-09-09 06:21:26,30.8,79.5,16.7
2026-09-09 06:21:56,30.8,79.4,17.5
2026-09-09 06:22:27,30.8,79.6,17.5
2026-09-09 06:22:57,30.7,79.8,16.7
2026-09-09 06:23:27,30.8,79.7,18.3
2026-09-09 06:23:57,30.8,79.7,18.3
2026-09-09 06:24:27,30.8,79.5,18.3
2026-09-09 06:24:57,30.8,79.6,18.3
2026-09-09 06:25:27,30.8,79.6,19.2
2026-09-09 06:25:58,30.8,79.2,18.3
2026-09-09 06:26:28,30.8,79.4,19.2
2026-09-09 06:26:58,30.7,79.4,19.2
2026-09-09 06:27:28,30.7,79.4,19.2
2026-09-09 06:27:58,30.7,79.4,19.2
2026-09-09 06:28:28,30.7,79.7,19.2
2026-09-09 06:28:58,30.7,80.1,20.0
2026-09-09 06:29:28,30.6,80.3,20.0
2026-09-09 06:29:59,30.6,79.9,20.0
2026-09-09 06:30:29,30.7,80.1,20.8
2026-09-09 06:30:59,30.7,80.2,20.8
2026-09-09 06:31:29,30.7,80.2,21.7
2026-09-09 06:31:59,30.7,79.9,22.5
2026-09-09 06:32:29,30.7,79.6,23.3
2026-09-09 06:32:59,30.7,79.4,24.2
2026-09-09 06:33:29,30.7,79.3,25.0
2026-09-09 06:33:59,30.7,79.4,25.8
2026-09-09 06:34:30,30.7,79.8,25.8
2026-09-09 06:35:00,30.7,79.9,26.7
2026-09-09 06:35:30,30.6,79.8,26.7
2026-09-09 06:36:00,30.6,80.3,27.5
2026-09-09 06:36:30,30.6,80.5,27.5
2026-09-09 06:37:00,30.7,80.1,27.5
2026-09-09 06:37:30,30.7,79.4,27.5
2026-09-09 06:38:00,30.7,80.0,27.5
2026-09-09 06:38:31,30.7,79.8,26.7
2026-09-09 06:39:01,30.7,80.2,26.7
2026-09-09 06:39:31,30.7,79.9,25.8
2026-09-09 06:40:01,30.6,80.6,25.8
2026-09-09 06:40:31,30.7,81.1,40.0
2026-09-09 06:41:01,30.7,80.4,39.2
2026-09-09 06:41:31,30.6,80.2,39.2
2026-09-09 06:42:01,30.7,80.8,39.2
2026-09-09 06:42:32,30.6,80.9,39.2
2026-09-09 06:43:02,30.6,80.3,39.2
2026-09-09 06:43:32,30.6,80.6,39.2
2026-09-09 06:44:02,30.6,81.3,39.2
2026-09-09 06:44:32,30.6,81.3,40.0
2026-09-09 06:45:02,30.6,80.9,40.8
2026-09-09 06:45:25,30.6,80.6,40.8
2026-09-09 06:45:55,30.6,80.8,40.8
2026-09-09 06:46:25,30.6,80.8,42.5
2026-09-09 06:46:55,30.6,80.5,43.3
2026-09-09 06:47:25,30.6,80.5,43.3
2026-09-09 06:47:55,30.6,80.3,44.2
2026-09-09 06:48:25,30.6,80.3,44.2
2026-09-09 06:48:55,30.6,80.2,45.0
2026-09-09 06:49:25,30.6,80.4,45.8
2026-09-09 06:49:55,30.6,80.3,46.7
2026-09-09 06:50:25,30.6,80.4,47.5
2026-09-09 06:50:55,30.6,80.7,48.3
2026-09-09 06:51:25,30.6,80.6,50.0
2026-09-09 06:51:55,30.6,80.4,50.8
2026-09-09 06:52:25,30.6,80.2,51.7
2026-09-09 06:52:55,30.6,80.3,52.5
2026-09-09 06:53:25,30.6,80.3,55.0
2026-09-09 06:53:55,30.6,80.8,55.8
2026-09-09 06:54:25,30.6,81.3,55.8
2026-09-09 06:54:55,30.6,81.0,56.7
2026-09-09 06:55:25,30.7,81.4,56.7
2026-09-09 06:55:55,30.7,81.3,56.7
2026-09-09 06:56:25,30.7,81.6,57.5
2026-09-09 06:56:55,30.7,81.1,57.5
2026-09-09 06:57:25,30.7,81.2,57.5
2026-09-09 06:57:55,30.8,81.1,57.5
2026-09-09 06:58:25,30.8,81.5,57.5
2026-09-09 06:58:55,30.8,81.7,56.7
2026-09-09 06:59:25,30.8,81.2,55.8
2026-09-09 06:59:55,30.8,81.4,55.8
2026-09-09 07:00:25,30.9,81.3,55.0
2026-09-09 07:00:55,30.9,81.4,55.0
2026-09-09 07:01:25,30.9,81.2,52.5
2026-09-09 07:01:55,30.9,80.9,53.3
2026-09-09 07:02:25,30.9,80.8,55.0
2026-09-09 07:02:55,30.9,80.4,55.8
2026-09-09 07:03:25,30.9,80.1,57.5
2026-09-09 07:03:55,30.9,79.4,58.3
2026-09-09 07:04:25,30.9,79.9,60.8
2026-09-09 07:04:55,30.9,79.8,63.3
2026-09-09 07:05:25,30.8,80.1,65.8
2026-09-09 07:05:55,30.8,79.7,69.2
2026-09-09 07:06:25,30.8,80.1,72.5
2026-09-09 07:06:55,30.8,79.9,75.0
2026-09-09 07:07:25,30.7,79.8,77.5
2026-09-09 07:07:55,30.8,79.6,78.3
2026-09-09 07:08:25,30.7,79.8,79.2
2026-09-09 07:08:55,30.7,80.2,63.3
2026-09-09 07:09:25,30.7,80.3,65.0
2026-09-09 07:09:55,30.7,80.5,65.8
2026-09-09 07:10:25,30.7,80.4,65.0
2026-09-09 07:10:55,30.7,80.2,64.2
2026-09-09 07:11:25,30.7,80.5,62.5
2026-09-09 07:11:55,30.7,80.4,61.7
2026-09-09 07:12:25,30.7,80.5,60.8
2026-09-09 07:12:55,30.7,80.3,60.8
2026-09-09 07:13:25,30.7,80.4,60.8
2026-09-09 07:13:55,30.7,80.1,60.8
2026-09-09 07:14:25,30.7,79.9,60.8
2026-09-09 07:14:55,30.7,79.9,61.7
2026-09-09 07:15:25,30.7,80.0,62.5
2026-09-09 07:15:55,30.7,80.2,63.3
2026-09-09 07:16:25,30.7,80.3,65.0
2026-09-09 07:16:55,30.7,80.3,65.8
2026-09-09 07:17:25,30.7,80.4,66.7
2026-09-09 07:17:55,30.7,80.4,66.7
2026-09-09 07:18:25,30.7,79.9,67.5
2026-09-09 07:18:55,30.7,79.8,68.3
2026-09-09 07:19:25,30.7,79.7,69.2
2026-09-09 07:19:55,30.7,80.3,69.2
2026-09-09 07:20:25,30.7,81.1,70.0
2026-09-09 07:20:55,30.7,81.2,71.7
2026-09-09 07:21:25,30.7,81.1,72.5
2026-09-09 07:21:55,30.8,80.9,73.3
2026-09-09 07:22:25,30.7,81.0,73.3
2026-09-09 07:22:55,30.8,81.3,74.2
2026-09-09 07:23:25,30.8,81.3,74.2
2026-09-09 07:23:55,30.8,81.2,74.2
2026-09-09 07:24:25,30.8,81.1,73.3
2026-09-09 07:24:55,30.8,80.3,72.5
2026-09-09 07:25:25,30.9,80.2,72.5
2026-09-09 07:25:55,30.9,80.1,71.7
2026-09-09 07:26:25,30.9,79.8,71.7
2026-09-09 07:26:55,30.9,79.5,71.7
2026-09-09 07:27:25,30.9,79.8,72.5
2026-09-09 07:27:55,30.9,79.6,72.5
2026-09-09 07:28:25,30.9,80.1,73.3
2026-09-09 07:28:55,30.9,79.9,74.2
2026-09-09 07:29:25,31.0,79.8,75.0
2026-09-09 07:29:55,31.0,79.9,75.8
2026-09-09 07:30:25,31.0,80.0,76.7
2026-09-09 07:30:55,31.0,80.0,77.5
2026-09-09 07:31:25,31.0,80.1,78.3
2026-09-09 07:31:55,31.0,80.2,78.3
2026-09-09 07:32:25,31.0,80.2,80.0
2026-09-09 07:32:55,31.0,79.9,80.0
2026-09-09 07:33:25,31.1,80.1,76.7
2026-09-09 07:33:55,31.1,80.2,79.2
2026-09-09 07:34:25,31.1,80.0,80.0
2026-09-09 07:34:55,31.1,79.5,79.2
2026-09-09 07:35:25,31.1,79.1,78.3
2026-09-09 07:35:55,31.1,78.7,76.7
2026-09-09 07:36:25,31.1,78.6,75.0
2026-09-09 07:36:55,31.0,79.0,74.2
2026-09-09 07:37:25,31.0,79.4,73.3
2026-09-09 07:37:55,31.0,79.6,74.2
2026-09-09 07:38:25,31.0,79.2,73.3
2026-09-09 07:38:55,31.0,79.1,72.5
2026-09-09 07:39:25,31.0,79.3,72.5
2026-09-09 07:39:55,30.9,79.6,71.7
2026-09-09 07:40:25,30.9,79.9,71.7
2026-09-09 07:40:55,30.9,79.7,70.8
2026-09-09 07:41:25,30.9,79.3,70.0
2026-09-09 07:41:55,30.9,80.4,68.3
2026-09-09 07:42:25,30.9,80.6,66.7
2026-09-09 07:42:55,30.9,80.4,65.0
2026-09-09 07:43:25,31.0,80.5,64.2
2026-09-09 07:43:55,31.0,80.6,63.3
2026-09-09 07:44:25,31.0,80.1,61.7
2026-09-09 07:44:55,31.0,79.9,60.8
2026-09-09 07:45:25,31.0,79.9,59.2
2026-09-09 07:45:55,31.1,79.6,58.3
2026-09-09 07:46:25,31.1,79.7,57.5
2026-09-09 07:46:55,31.1,79.9,56.7
2026-09-09 07:47:25,31.1,79.7,55.8
2026-09-09 07:47:55,31.1,80.1,55.0
2026-09-09 07:48:25,31.1,79.9,51.7
2026-09-09 07:48:55,31.1,79.7,51.7
2026-09-09 07:49:25,31.1,79.3,51.7
2026-09-09 07:49:55,31.1,79.1,51.7
2026-09-09 07:50:25,31.1,79.3,51.7
2026-09-09 07:50:55,31.1,78.8,51.7
2026-09-09 07:51:25,31.1,79.3,51.7
2026-09-09 07:51:55,31.1,80.0,51.7
2026-09-09 07:52:25,31.1,79.9,52.5
2026-09-09 07:52:55,31.0,79.4,52.5
2026-09-09 07:53:25,31.0,80.3,55.0
2026-09-09 07:53:55,31.0,79.7,55.0
2026-09-09 07:54:25,31.0,79.6,55.8
2026-09-09 07:54:55,31.0,79.7,58.3
2026-09-09 07:55:25,31.0,79.7,58.3
2026-09-09 07:55:55,30.9,80.5,58.3
2026-09-09 07:56:25,30.9,80.6,58.3
2026-09-09 07:56:55,31.0,80.1,58.3
2026-09-09 07:57:25,31.0,80.4,57.5
2026-09-09 07:57:55,31.0,80.0,56.7
2026-09-09 07:58:25,31.0,80.2,55.8
2026-09-09 07:58:55,31.0,79.5,55.0
2026-09-09 07:59:25,31.0,79.4,52.5
2026-09-09 07:59:55,31.0,79.1,50.0
2026-09-09 08:00:25,31.0,79.0,50.0
2026-09-09 08:00:55,30.9,79.0,49.2
2026-09-09 08:01:25,30.9,79.0,48.3
2026-09-09 08:01:55,30.9,78.9,48.3
2026-09-09 08:02:25,30.9,79.4,48.3
2026-09-09 08:02:55,30.9,78.9,49.2
2026-09-09 08:03:25,30.9,79.4,49.2
2026-09-09 08:03:55,30.9,79.4,50.0
2026-09-09 08:04:25,30.9,80.3,50.8
2026-09-09 08:04:55,30.9,80.3,50.8
2026-09-09 08:05:25,30.9,79.6,52.5
2026-09-09 08:05:55,30.9,78.1,55.0
2026-09-09 08:06:25,30.9,77.7,55.8
2026-09-09 08:06:55,30.8,77.8,56.7
2026-09-09 08:07:25,30.8,77.9,57.5
2026-09-09 08:07:55,30.8,78.1,59.2
2026-09-09 08:08:25,30.8,77.9,61.7
2026-09-09 08:08:55,30.8,78.1,63.3
2026-09-09 08:09:25,30.8,78.4,65.8
2026-09-09 08:09:55,30.7,78.6,69.2
2026-09-09 08:10:25,30.7,78.7,71.7
2026-09-09 08:10:55,30.7,79.1,74.2
2026-09-09 08:11:25,30.7,79.1,76.7
2026-09-09 08:11:55,30.7,79.7,78.3
2026-09-09 08:12:25,30.7,79.5,80.0
2026-09-09 08:12:55,30.7,79.7,81.7
2026-09-09 08:13:25,30.7,80.3,83.3
2026-09-09 08:13:55,30.7,80.2,84.2
2026-09-09 08:14:25,30.7,80.7,87.5
2026-09-09 08:14:55,30.7,80.7,88.3
2026-09-09 08:15:25,30.7,80.7,86.7
2026-09-09 08:15:55,30.7,80.7,87.5
2026-09-09 08:16:25,30.7,80.7,86.7
2026-09-09 08:16:55,30.7,80.9,86.7
2026-09-09 08:17:25,30.7,81.2,87.5
2026-09-09 08:17:55,30.7,81.5,88.3
2026-09-09 08:18:25,30.7,81.1,90.0
2026-09-09 08:18:55,30.8,81.1,91.7
2026-09-09 08:19:25,30.8,80.9,92.5
2026-09-09 08:19:55,30.8,81.3,93.3
2026-09-09 08:20:25,30.8,81.5,94.2
2026-09-09 08:20:55,30.8,81.3,95.0
2026-09-09 08:21:25,30.8,81.2,95.8
2026-09-09 08:21:55,30.8,80.6,97.5
2026-09-09 08:22:25,30.8,80.6,98.3
2026-09-09 08:22:55,30.8,79.7,99.2
2026-09-09 08:23:25,30.8,78.8,99.2
2026-09-09 08:23:55,30.8,78.9,98.3
2026-09-09 08:24:25,30.8,78.8,97.5
2026-09-09 08:24:55,30.8,79.2,96.7
2026-09-09 08:25:25,30.8,79.0,95.8
2026-09-09 08:25:55,30.8,78.9,95.8
2026-09-09 08:26:25,30.9,78.7,95.8
2026-09-09 08:26:55,30.9,79.3,95.8
2026-09-09 08:27:25,30.9,79.3,95.0
2026-09-09 08:27:55,30.9,78.9,94.2
2026-09-09 08:28:25,30.9,79.0,92.5
2026-09-09 08:28:55,30.8,79.8,90.8
2026-09-09 08:29:25,30.9,80.2,88.3
2026-09-09 08:29:55,30.9,79.6,86.7
2026-09-09 08:30:25,30.9,79.9,85.0
2026-09-09 08:30:55,30.9,79.5,82.5
2026-09-09 08:31:25,30.9,79.7,81.7
2026-09-09 08:31:55,30.9,80.1,80.0
2026-09-09 08:32:25,30.9,79.9,78.3
2026-09-09 08:32:55,30.9,79.7,77.5
2026-09-09 08:33:25,30.9,79.8,77.5
2026-09-09 08:33:55,30.9,79.6,76.7
2026-09-09 08:34:25,30.9,79.7,76.7
2026-09-09 08:34:55,30.9,80.0,76.7
2026-09-09 08:35:25,31.0,80.1,76.7
2026-09-09 08:35:55,30.9,80.3,77.5
2026-09-09 08:36:25,30.9,80.4,78.3
2026-09-09 08:36:55,31.0,80.3,80.0
2026-09-09 08:37:25,31.0,80.3,80.8
2026-09-09 08:37:55,31.0,80.0,81.7
2026-09-09 08:38:25,30.9,79.8,82.5
2026-09-09 08:38:55,31.0,80.2,83.3
2026-09-09 08:39:25,31.0,79.5,84.2
2026-09-09 08:39:55,31.0,80.1,85.0
2026-09-09 08:40:25,31.0,79.6,85.0
2026-09-09 08:40:55,31.0,79.5,85.0
2026-09-09 08:41:25,31.0,79.2,84.2
2026-09-09 08:41:55,31.0,79.5,84.2
2026-09-09 08:42:25,31.0,80.1,82.5
2026-09-09 08:42:55,31.0,80.0,81.7
2026-09-09 08:43:25,31.0,80.4,81.7
2026-09-09 08:43:55,31.0,80.7,81.7
2026-09-09 08:44:25,31.0,80.8,81.7
2026-09-09 08:44:55,30.9,80.5,81.7
2026-09-09 08:45:25,30.9,80.6,82.5
2026-09-09 08:45:55,30.9,80.0,83.3
2026-09-09 08:46:25,30.9,80.5,84.2
2026-09-09 08:46:55,30.9,81.0,85.0
2026-09-09 08:47:25,30.9,81.3,85.8
2026-09-09 08:47:55,30.9,81.2,85.8
2026-09-09 08:48:25,30.9,81.0,86.7
2026-09-09 08:48:55,30.9,80.9,86.7
2026-09-09 08:49:25,30.9,81.5,85.8
2026-09-09 08:49:55,30.9,80.5,85.8
2026-09-09 08:50:25,30.8,80.5,86.7
2026-09-09 08:50:55,30.8,80.8,88.3
2026-09-09 08:51:25,30.9,81.0,89.2
2026-09-09 08:51:55,30.9,81.2,90.0
2026-09-09 08:52:25,30.9,80.9,90.8
2026-09-09 08:52:55,30.9,80.8,91.7
2026-09-09 08:53:25,30.9,80.8,90.8
2026-09-09 08:53:55,30.9,80.8,90.8
2026-09-09 08:54:25,30.9,81.0,90.8
2026-09-09 08:54:55,30.9,80.9,92.5
2026-09-09 08:55:25,30.9,80.1,93.3
2026-09-09 08:55:55,30.9,79.8,95.0
2026-09-09 08:56:25,30.9,79.4,96.7
2026-09-09 08:56:55,30.9,79.7,97.5
2026-09-09 08:57:25,30.9,79.2,99.2
2026-09-09 08:57:55,30.9,79.8,101.7
2026-09-09 08:58:25,30.9,78.7,104.2
2026-09-09 08:58:55,30.9,78.6,105.0
2026-09-09 08:59:25,30.9,79.5,109.2
2026-09-09 08:59:55,30.9,79.6,121.7
2026-09-09 09:00:25,30.9,80.1,125.0
2026-09-09 09:00:55,30.9,80.3,128.3
2026-09-09 09:01:25,30.9,79.6,126.7
2026-09-09 09:01:55,30.9,79.2,122.5
2026-09-09 09:02:25,30.9,79.9,123.3
2026-09-09 09:02:55,30.9,80.2,124.2
2026-09-09 09:03:25,30.9,79.3,124.2
2026-09-09 09:03:55,30.9,79.7,123.3
2026-09-09 09:04:25,30.9,79.5,122.5
2026-09-09 09:04:55,30.9,79.7,121.7
2026-09-09 09:05:25,30.9,79.8,120.8
2026-09-09 09:05:55,30.9,80.1,122.5
2026-09-09 09:06:25,30.9,80.5,122.5
2026-09-09 09:06:55,30.9,79.7,124.2
2026-09-09 09:07:25,30.9,80.1,125.8
2026-09-09 09:07:55,30.9,79.7,127.5
2026-09-09 09:08:25,30.9,79.4,130.0
2026-09-09 09:08:55,30.9,80.0,131.7
2026-09-09 09:09:25,30.9,79.6,134.2
2026-09-09 09:09:55,31.0,79.9,136.7
2026-09-09 09:10:25,31.0,79.1,138.3
2026-09-09 09:10:55,31.0,78.7,140.0
2026-09-09 09:11:25,31.0,78.4,140.0
2026-09-09 09:11:55,31.0,78.4,140.8
2026-09-09 09:12:25,31.0,78.4,140.8
2026-09-09 09:12:55,31.0,78.7,140.0
2026-09-09 09:13:25,31.1,79.1,140.0
2026-09-09 09:13:55,31.1,78.7,140.0
2026-09-09 09:14:25,31.0,78.5,139.2
2026-09-09 09:14:55,31.0,79.0,139.2
2026-09-09 09:15:25,31.0,79.0,138.3
2026-09-09 09:15:55,31.1,78.6,139.2
2026-09-09 09:16:25,31.1,79.2,140.0
2026-09-09 09:16:55,31.1,78.8,141.7
2026-09-09 09:17:25,31.1,78.8,144.2
2026-09-09 09:17:55,31.1,78.7,146.7
2026-09-09 09:18:25,31.1,79.1,150.0
2026-09-09 09:18:55,31.1,78.6,152.5
2026-09-09 09:19:25,31.1,78.2,155.8
2026-09-09 09:19:55,31.1,78.2,159.2
2026-09-09 09:20:25,31.1,78.2,165.8
2026-09-09 09:20:55,31.1,78.2,175.8
2026-09-09 09:21:25,31.1,78.3,198.3
2026-09-09 09:21:55,31.1,78.3,204.2
2026-09-09 09:22:25,31.1,78.5,200.0
2026-09-09 09:22:55,31.1,79.0,210.0
2026-09-09 09:23:25,31.1,79.2,219.2
2026-09-09 09:23:55,31.1,78.9,225.0
2026-09-09 09:24:25,31.1,79.1,243.3
2026-09-09 09:24:55,31.1,78.9,270.8
2026-09-09 09:25:25,31.1,78.7,301.7
2026-09-09 09:25:55,31.1,78.8,365.8
2026-09-09 09:26:25,31.2,78.4,392.5
2026-09-09 09:26:55,31.2,78.7,405.8
2026-09-09 09:27:25,31.2,78.9,408.3
2026-09-09 09:27:55,31.2,78.6,405.8
2026-09-09 09:28:25,31.2,78.9,413.3
2026-09-09 09:28:55,31.2,79.1,428.3
2026-09-09 09:29:25,31.3,78.4,437.5
2026-09-09 09:29:55,31.3,78.8,436.7
2026-09-09 09:30:25,31.3,78.6,402.5
2026-09-09 09:30:55,31.3,78.6,310.0
2026-09-09 09:31:25,31.4,78.6,285.8
2026-09-09 09:31:55,31.3,78.7,252.5
2026-09-09 09:32:25,31.4,78.4,230.8
2026-09-09 09:32:55,31.4,78.7,239.2
2026-09-09 09:33:25,31.4,78.4,276.7
2026-09-09 09:33:55,31.4,77.9,312.5
2026-09-09 09:34:25,31.4,77.7,330.0
2026-09-09 09:34:55,31.5,77.6,381.7
2026-09-09 09:35:25,31.5,78.1,388.3
2026-09-09 09:35:55,31.5,78.0,388.3
2026-09-09 09:36:25,31.5,77.8,391.7
2026-09-09 09:36:55,31.5,77.6,411.7
2026-09-09 09:37:25,31.5,77.8,435.8
2026-09-09 09:37:55,31.6,77.8,452.5
2026-09-09 09:38:25,31.6,78.2,455.0
2026-09-09 09:38:55,31.6,78.2,456.7
2026-09-09 09:39:25,31.6,78.1,461.7
2026-09-09 09:39:55,31.6,77.7,472.5
2026-09-09 09:40:25,31.6,77.3,493.3
2026-09-09 09:40:55,31.6,77.3,509.2
2026-09-09 09:41:25,31.7,76.4,499.2
2026-09-09 09:41:55,31.7,76.9,489.2
2026-09-09 09:42:25,31.7,77.2,495.0
2026-09-09 09:42:55,31.7,76.7,514.2
2026-09-09 09:43:25,31.7,77.1,496.7
2026-09-09 09:43:55,31.8,77.1,500.8
2026-09-09 09:44:25,31.8,76.4,486.7
2026-09-09 09:44:55,31.8,75.8,481.7
2026-09-09 09:45:25,31.8,75.4,498.3
2026-09-09 09:45:55,31.8,75.7,489.2
2026-09-09 09:46:25,31.8,77.1,466.7
2026-09-09 09:46:55,31.8,75.5,330.8
2026-09-09 09:47:25,31.9,75.4,204.2
2026-09-09 09:47:55,31.8,76.6,440.8
2026-09-09 09:48:25,31.9,76.0,210.8
2026-09-09 09:48:55,31.9,76.9,414.2
2026-09-09 09:49:25,31.9,77.2,229.2
2026-09-09 09:49:55,31.9,75.5,476.7
2026-09-09 09:50:25,31.9,74.5,495.8
2026-09-09 09:50:55,31.9,76.0,484.2
2026-09-09 09:51:25,31.9,76.1,530.0
2026-09-09 09:51:55,32.0,76.0,536.7
2026-09-09 09:52:25,32.0,75.2,510.0
2026-09-09 09:52:55,32.0,75.4,518.3
2026-09-09 09:53:25,32.0,75.3,508.3
2026-09-09 09:53:55,32.0,75.8,445.8
2026-09-09 09:54:25,32.0,75.8,458.3
2026-09-09 09:54:55,32.0,74.4,420.0
2026-09-09 09:55:25,32.0,74.8,470.0
2026-09-09 09:56:08,32.0,75.3,402.5
2026-09-09 09:56:38,32.0,75.5,250.8
2026-09-09 09:57:08,32.0,74.7,352.5
2026-09-09 09:57:38,32.0,76.2,511.7
2026-09-09 09:58:08,32.0,76.5,467.5
2026-09-09 09:58:38,32.0,76.8,433.3
2026-09-09 09:59:09,32.0,75.1,494.2
2026-09-09 09:59:39,32.0,74.7,275.0
2026-09-09 10:00:09,32.0,76.4,363.3
2026-09-09 10:00:39,32.0,76.0,474.2
2026-09-09 10:01:09,32.0,74.3,494.2
2026-09-09 10:01:39,32.0,76.6,490.8
2026-09-09 10:02:09,32.0,76.8,540.0
2026-09-09 10:02:39,32.0,76.7,569.2
2026-09-09 10:03:10,32.0,76.5,608.3
2026-09-09 10:03:40,32.0,76.7,616.7
2026-09-09 10:04:10,32.0,75.5,601.7
2026-09-09 10:04:40,32.0,74.9,555.0
2026-09-09 10:05:10,32.0,73.7,579.2
2026-09-09 10:05:40,32.0,75.3,577.5
2026-09-09 10:06:10,32.0,75.9,535.8
2026-09-09 10:06:41,32.0,76.0,515.0
2026-09-09 10:07:11,32.1,76.2,530.0
2026-09-09 10:07:41,32.1,76.2,431.7
2026-09-09 10:08:11,32.1,76.3,498.3
2026-09-09 10:08:41,32.1,74.2,424.2
2026-09-09 10:09:11,32.1,75.7,538.3
2026-09-09 10:09:41,32.1,73.9,497.5
2026-09-09 10:10:12,32.1,74.9,309.2
2026-09-09 10:10:42,32.1,74.6,235.8
2026-09-09 10:11:12,32.1,73.7,324.2
2026-09-09 10:11:42,32.1,75.3,177.5
2026-09-09 10:12:12,32.2,74.4,164.2
2026-09-09 10:12:42,32.1,74.3,167.5
2026-09-09 10:13:12,32.1,75.2,151.7
2026-09-09 10:13:43,32.1,75.9,138.3
2026-09-09 10:14:13,32.1,75.9,131.7
2026-09-09 10:14:43,32.1,75.7,130.8
2026-09-09 10:15:13,32.1,75.3,133.3
2026-09-09 10:15:43,32.1,75.8,285.0
2026-09-09 10:16:13,32.1,76.0,385.0
2026-09-09 10:16:44,32.1,75.9,216.7
2026-09-09 10:17:14,32.1,76.1,535.8
2026-09-09 10:17:44,32.1,75.6,576.7
2026-09-09 10:18:14,32.1,75.2,484.2
2026-09-09 10:18:44,32.1,75.7,595.0
2026-09-09 10:19:14,32.1,75.8,609.2
2026-09-09 10:19:44,32.2,74.5,490.0
2026-09-09 10:20:14,32.1,74.1,508.3
2026-09-09 10:20:44,32.1,74.8,280.8
2026-09-09 10:21:15,32.1,74.3,281.7
2026-09-09 10:21:45,32.1,74.1,625.0
2026-09-09 10:22:15,32.1,73.6,651.7
2026-09-09 10:22:45,32.2,73.3,567.5
2026-09-09 10:23:15,32.1,74.7,580.0
2026-09-09 10:23:45,32.2,73.4,577.5
2026-09-09 10:24:15,32.2,75.1,191.7
2026-09-09 10:24:46,32.2,74.5,161.7
2026-09-09 10:25:16,32.2,74.8,145.8
2026-09-09 10:25:46,32.2,73.5,143.3
2026-09-09 10:26:16,32.1,75.5,142.5
2026-09-09 10:26:46,32.2,75.9,140.0
2026-09-09 10:27:16,32.1,76.0,138.3
2026-09-09 10:27:46,32.1,74.9,141.7
2026-09-09 10:28:16,32.1,75.7,162.5
2026-09-09 10:28:46,32.1,75.9,532.5
2026-09-09 10:29:17,32.1,75.8,500.8
2026-09-09 10:29:47,32.1,76.2,632.5
2026-09-09 10:30:17,32.1,75.2,675.0
2026-09-09 10:30:47,32.1,75.8,689.2
2026-09-09 10:31:17,32.1,76.2,684.2
2026-09-09 10:31:47,32.1,76.2,671.7
2026-09-09 10:32:17,32.1,76.2,642.5
2026-09-09 10:32:47,32.1,76.3,590.0
2026-09-09 10:33:18,32.1,76.2,571.7
2026-09-09 10:33:48,32.1,76.2,603.3
2026-09-09 10:34:18,32.1,76.2,553.3
2026-09-09 10:34:48,32.1,75.6,208.3
2026-09-09 10:35:18,32.1,75.6,185.0
2026-09-09 10:35:48,32.1,75.5,181.7
2026-09-09 10:36:18,32.1,74.6,186.7
2026-09-09 10:36:48,32.1,74.0,486.7
2026-09-09 10:37:19,32.0,75.6,636.7
2026-09-09 10:37:49,32.1,75.0,226.7
2026-09-09 10:38:19,32.1,73.9,208.3
2026-09-09 10:38:49,32.0,74.7,189.2
2026-09-09 10:39:19,32.1,74.3,177.5
2026-09-09 10:39:49,32.1,73.6,177.5
2026-09-09 10:40:19,32.1,74.2,187.5
2026-09-09 10:40:49,32.1,74.9,323.3
2026-09-09 10:41:20,32.1,75.3,190.8
2026-09-09 10:41:50,32.1,75.8,225.0
2026-09-09 10:42:20,32.1,75.2,171.7
2026-09-09 10:42:50,32.1,74.9,155.8
2026-09-09 10:43:20,32.1,74.6,151.7
2026-09-09 10:43:50,32.1,74.6,148.3
2026-09-09 10:44:20,32.1,75.2,145.8
2026-09-09 10:44:50,32.1,75.7,147.5
2026-09-09 10:45:21,32.1,75.8,155.0
2026-09-09 10:45:51,32.1,75.9,258.3
2026-09-09 10:46:21,32.1,75.9,197.5
2026-09-09 10:46:51,32.1,75.9,346.7
2026-09-09 10:47:21,32.1,75.5,367.5
2026-09-09 10:47:51,32.1,74.5,486.7
2026-09-09 10:48:21,32.1,74.2,507.5
2026-09-09 10:48:52,32.1,75.1,497.5
2026-09-09 10:49:22,32.2,74.9,522.5
2026-09-09 10:49:52,32.2,75.3,257.5
2026-09-09 10:50:22,32.2,75.1,154.2
2026-09-09 10:50:52,32.2,74.9,133.3
2026-09-09 10:51:22,32.2,74.7,121.7
2026-09-09 10:51:52,32.2,75.2,114.2
2026-09-09 10:52:22,32.2,75.7,108.3
2026-09-09 10:52:53,32.2,74.5,110.0
2026-09-09 10:53:23,32.2,74.3,117.5
2026-09-09 10:53:53,32.2,74.9,133.3
2026-09-09 10:54:23,32.2,75.6,159.2
2026-09-09 10:54:53,32.2,75.7,269.2
2026-09-09 10:55:23,32.2,74.6,310.8
2026-09-09 10:55:53,32.2,74.4,475.0
2026-09-09 10:56:24,32.2,73.7,570.0
2026-09-09 10:56:54,32.2,73.7,300.8
2026-09-09 10:57:24,32.2,74.0,308.3
2026-09-09 10:57:54,32.2,73.5,583.3
2026-09-09 10:58:24,32.2,75.0,595.0
2026-09-09 10:58:54,32.2,75.3,638.3
2026-09-09 10:59:24,32.2,75.5,658.3
2026-09-09 10:59:54,32.2,75.4,660.0
2026-09-09 11:00:25,32.2,74.9,620.0
2026-09-09 11:00:55,32.2,74.2,475.0
2026-09-09 11:01:25,32.2,74.4,541.7
2026-09-09 11:01:55,32.3,74.1,325.0
2026-09-09 11:02:25,32.3,75.1,390.0
2026-09-09 11:02:55,32.3,73.9,216.7
2026-09-09 11:03:25,32.2,75.1,195.8
2026-09-09 11:03:56,32.3,75.5,184.2
2026-09-09 11:04:26,32.3,75.6,178.3
2026-09-09 11:04:56,32.2,74.6,179.2
2026-09-09 11:05:26,32.2,75.6,182.5
2026-09-09 11:05:56,32.2,75.5,203.3
2026-09-09 11:06:26,32.2,76.0,275.8
2026-09-09 11:06:56,32.2,75.7,380.8
2026-09-09 11:07:26,32.2,75.6,370.8
2026-09-09 11:07:57,32.2,75.8,301.7
2026-09-09 11:08:27,32.2,75.6,295.8
2026-09-09 11:08:57,32.2,76.0,246.7
2026-09-09 11:09:27,32.2,75.7,215.8
2026-09-09 11:09:57,32.2,74.4,203.3
2026-09-09 11:10:27,32.1,75.3,350.8
2026-09-09 11:10:57,32.2,75.7,369.2
2026-09-09 11:11:28,32.2,76.1,284.2
2026-09-09 11:11:58,32.2,76.1,334.2
2026-09-09 11:12:28,32.1,76.1,208.3
2026-09-09 11:12:58,32.1,75.9,180.8
2026-09-09 11:13:28,32.1,75.9,162.5
2026-09-09 11:13:58,32.1,75.5,159.2
2026-09-09 11:14:28,32.1,75.5,278.3
2026-09-09 11:14:59,32.1,75.1,185.0
2026-09-09 11:15:29,32.1,75.9,182.5
2026-09-09 11:15:59,32.1,76.1,184.2
2026-09-09 11:16:29,32.1,76.3,197.5
2026-09-09 11:16:59,32.1,75.9,220.0
2026-09-09 11:17:29,32.1,74.8,241.7
2026-09-09 11:17:59,32.1,75.8,278.3
2026-09-09 11:18:29,32.2,76.1,330.0
2026-09-09 11:19:00,32.2,76.2,450.8
2026-09-09 11:19:30,32.2,76.3,508.3
2026-09-09 11:20:00,32.2,76.0,492.5
2026-09-09 11:20:30,32.2,75.3,457.5
2026-09-09 11:21:00,32.2,75.6,242.5
2026-09-09 11:21:30,32.2,76.1,177.5
2026-09-09 11:22:00,32.2,75.8,147.5
2026-09-09 11:22:30,32.2,75.7,139.2
2026-09-09 11:23:01,32.2,75.3,140.0
2026-09-09 11:23:31,32.2,75.8,150.8
2026-09-09 11:24:01,32.2,75.5,159.2
2026-09-09 11:24:31,32.2,75.2,166.7
2026-09-09 11:25:01,32.2,75.2,174.2
2026-09-09 11:25:31,32.2,75.2,295.8
2026-09-09 11:26:01,32.2,75.2,188.3
2026-09-09 11:26:31,32.3,75.5,199.2
2026-09-09 11:27:02,32.3,75.7,360.0
2026-09-09 11:27:32,32.2,75.7,187.5
2026-09-09 11:28:02,32.2,75.5,150.8
2026-09-09 11:28:32,32.2,75.0,125.8
2026-09-09 11:29:02,32.3,75.1,109.2
2026-09-09 11:29:32,32.3,75.4,96.7
2026-09-09 11:30:02,32.3,75.7,89.2
2026-09-09 11:30:32,32.3,75.6,93.3
2026-09-09 11:31:02,32.3,75.3,85.8
2026-09-09 11:31:33,32.2,75.2,85.0
2026-09-09 11:32:03,32.2,75.3,84.2
2026-09-09 11:32:33,32.2,75.7,79.2
2026-09-09 11:33:03,32.2,75.0,84.2
2026-09-09 11:33:33,32.2,75.7,97.5
2026-09-09 11:34:03,32.2,75.7,112.5
2026-09-09 11:34:33,32.2,75.8,115.0
2026-09-09 11:35:04,32.2,75.8,113.3
2026-09-09 11:35:34,32.2,75.8,120.0
2026-09-09 11:36:04,32.2,75.9,126.7
2026-09-09 11:36:34,32.2,76.0,137.5
2026-09-09 11:37:04,32.1,76.2,153.3
2026-09-09 11:37:34,32.2,76.2,194.2
2026-09-09 11:38:04,32.1,76.0,175.8
2026-09-09 11:38:34,32.1,75.5,155.8
2026-09-09 11:39:05,32.1,75.5,101.7
2026-09-09 11:39:35,32.1,76.1,88.3
2026-09-09 11:40:05,32.1,76.2,77.5
2026-09-09 11:40:35,32.1,76.3,69.2
2026-09-09 11:41:05,32.1,76.3,63.3
2026-09-09 11:41:35,32.1,76.3,58.3
2026-09-09 11:42:05,32.1,76.0,52.5
2026-09-09 11:42:35,32.1,76.3,49.2
2026-09-09 11:43:06,32.0,76.0,46.7
2026-09-09 11:43:36,32.0,75.1,45.8
2026-09-09 11:44:06,32.0,74.5,45.0
2026-09-09 11:44:36,32.0,74.7,45.8
2026-09-09 11:45:06,32.0,74.8,47.5
2026-09-09 11:45:36,32.0,75.5,50.0
2026-09-09 11:46:06,32.0,75.8,55.0
2026-09-09 11:46:36,32.0,76.7,58.3
2026-09-09 11:47:07,32.0,76.7,60.8
2026-09-09 11:47:37,32.0,75.7,63.3
2026-09-09 11:48:07,32.0,76.2,65.8
2026-09-09 11:48:37,32.0,75.9,70.0
2026-09-09 11:49:07,32.0,76.0,73.3
2026-09-09 11:49:37,32.0,76.4,76.7
2026-09-09 11:50:07,32.0,76.4,80.8
2026-09-09 11:50:38,32.0,76.0,84.2
2026-09-09 11:51:08,32.0,75.7,87.5
2026-09-09 11:51:38,32.0,75.3,88.3
2026-09-09 11:52:08,32.0,76.2,90.0
2026-09-09 11:52:38,32.0,76.2,91.7
2026-09-09 11:53:08,32.0,76.1,96.7
2026-09-09 11:53:38,32.0,76.4,99.2
2026-09-09 11:54:09,32.0,76.3,100.0
2026-09-09 11:54:39,32.0,76.0,100.8
2026-09-09 11:55:09,32.0,75.5,100.8
2026-09-09 11:55:39,32.0,76.4,101.7
2026-09-09 11:56:09,32.0,76.2,103.3
2026-09-09 11:56:39,32.0,76.4,103.3
2026-09-09 11:57:09,32.0,76.5,103.3
2026-09-09 11:57:40,32.0,76.5,105.8
2026-09-09 11:58:10,32.0,75.6,105.8
2026-09-09 11:58:40,32.0,76.1,108.3
2026-09-09 11:59:10,32.0,76.1,110.8
2026-09-09 11:59:40,32.0,75.1,113.3
2026-09-09 12:00:12,32.0,75.3,118.3
2026-09-09 12:00:30,32.0,75.3,120.8
2026-09-09 12:01:00,32.0,75.8,123.3
2026-09-09 12:01:30,32.0,75.1,128.3
2026-09-09 12:02:00,32.0,76.0,132.5
2026-09-09 12:02:30,32.0,76.3,132.5
2026-09-09 12:03:00,32.0,76.4,134.2
2026-09-09 12:03:30,32.0,76.5,135.0
2026-09-09 12:04:00,32.0,75.7,136.7
2026-09-09 12:04:30,32.0,76.3,136.7
2026-09-09 12:05:00,32.0,76.1,138.3
2026-09-09 12:05:30,32.0,76.2,140.0
2026-09-09 12:06:00,32.0,76.4,144.2
2026-09-09 12:06:30,32.0,76.4,150.8
2026-09-09 12:07:00,32.0,76.3,158.3
2026-09-09 12:07:30,32.0,76.3,161.7
2026-09-09 12:08:00,32.0,75.3,172.5
2026-09-09 12:08:30,32.0,74.9,184.2
2026-09-09 12:09:00,32.0,75.2,275.0
2026-09-09 12:09:30,32.0,75.5,275.0
2026-09-09 12:10:00,32.0,76.1,329.2
2026-09-09 12:10:30,32.0,76.0,262.5
2026-09-09 12:11:00,32.0,74.7,208.3
2026-09-09 12:11:30,32.0,75.1,187.5
2026-09-09 12:12:00,32.0,74.9,171.7
2026-09-09 12:12:30,32.0,75.6,160.8
2026-09-09 12:13:00,32.0,75.6,148.3
2026-09-09 12:13:30,32.0,74.8,139.2
2026-09-09 12:14:00,32.0,75.8,140.0
2026-09-09 12:14:30,32.0,76.2,139.2
2026-09-09 12:15:00,32.0,76.0,137.5
2026-09-09 12:15:30,32.0,74.7,137.5
2026-09-09 12:16:00,32.0,75.1,137.5
2026-09-09 12:16:30,32.0,74.6,138.3
2026-09-09 12:17:00,32.0,74.8,139.2
2026-09-09 12:17:30,32.0,74.8,139.2
2026-09-09 12:18:00,32.0,74.2,140.0
2026-09-09 12:18:30,32.0,74.1,141.7
2026-09-09 12:19:00,32.0,75.4,143.3
2026-09-09 12:19:30,32.0,75.8,143.3
2026-09-09 12:20:00,32.0,76.1,144.2
2026-09-09 12:20:30,32.0,76.3,141.7
2026-09-09 12:21:00,32.0,75.1,141.7
2026-09-09 12:21:30,32.0,76.0,144.2
2026-09-09 12:22:00,32.0,76.1,144.2
2026-09-09 12:22:30,32.0,76.3,146.7
2026-09-09 12:23:00,32.0,75.9,147.5
2026-09-09 12:23:30,32.0,75.0,147.5
2026-09-09 12:24:00,32.0,74.7,148.3
2026-09-09 12:24:30,32.0,75.8,149.2
2026-09-09 12:25:00,32.0,75.9,150.0
2026-09-09 12:25:30,32.0,76.1,150.8
2026-09-09 12:26:00,32.0,74.7,151.7
2026-09-09 12:26:30,32.0,75.8,153.3
2026-09-09 12:27:00,32.0,75.4,154.2
2026-09-09 12:27:30,32.0,75.2,155.8
2026-09-09 12:28:00,32.0,75.9,156.7
2026-09-09 12:28:30,32.0,75.8,157.5
2026-09-09 12:29:00,32.0,75.5,159.2
2026-09-09 12:29:30,32.0,76.0,159.2
2026-09-09 12:30:00,32.0,75.3,162.5
2026-09-09 12:30:30,32.0,74.6,164.2
2026-09-09 12:31:00,32.0,74.3,165.0
2026-09-09 12:31:30,32.0,74.4,165.8
2026-09-09 12:32:00,32.0,73.9,165.8
2026-09-09 12:32:30,32.0,74.6,167.5
2026-09-09 12:33:00,32.1,75.6,168.3
2026-09-09 12:33:30,32.1,75.4,173.3
2026-09-09 12:34:00,32.1,75.1,170.8
2026-09-09 12:34:30,32.1,74.5,169.2
2026-09-09 12:35:00,32.1,74.6,168.3
2026-09-09 12:35:30,32.1,75.3,170.8
2026-09-09 12:36:00,32.1,73.8,170.8
2026-09-09 12:36:30,32.0,75.7,170.8
2026-09-09 12:37:00,32.1,74.4,169.2
2026-09-09 12:37:30,32.1,74.6,167.5
2026-09-09 12:38:00,32.1,73.8,165.8
2026-09-09 12:38:30,32.1,74.7,165.8
2026-09-09 12:39:00,32.1,75.3,164.2
2026-09-09 12:39:30,32.1,75.8,165.8
2026-09-09 12:40:00,32.2,75.9,165.8
2026-09-09 12:40:30,32.2,75.8,165.0
2026-09-09 12:41:00,32.2,74.0,166.7
2026-09-09 12:41:30,32.1,74.8,171.7
2026-09-09 12:42:00,32.2,74.3,179.2
2026-09-09 12:42:30,32.2,74.4,185.0
2026-09-09 12:43:00,32.2,73.8,199.2
2026-09-09 12:43:30,32.1,74.2,200.0
2026-09-09 12:44:00,32.2,75.4,205.0
2026-09-09 12:44:30,32.2,74.5,208.3
2026-09-09 12:45:00,32.2,73.0,210.0
2026-09-09 12:45:30,32.2,73.4,209.2
2026-09-09 12:46:00,32.2,74.7,212.5
2026-09-09 12:46:30,32.2,74.9,221.7
2026-09-09 12:47:00,32.2,75.3,250.8
2026-09-09 12:47:30,32.2,75.0,296.7
2026-09-09 12:48:00,32.2,74.8,499.2
2026-09-09 12:48:30,32.2,74.8,391.7
2026-09-09 12:49:00,32.2,74.7,393.3
2026-09-09 12:49:30,32.2,74.2,481.7
2026-09-09 12:50:00,32.2,75.1,430.8
2026-09-09 12:50:30,32.2,75.3,438.3
2026-09-09 12:51:00,32.2,75.5,411.7
2026-09-09 12:51:30,32.2,74.6,535.8
2026-09-09 12:52:00,32.2,74.1,563.3
2026-09-09 12:52:30,32.3,75.4,330.8
2026-09-09 12:53:00,32.3,73.8,297.5
2026-09-09 12:53:30,32.2,75.4,313.3
2026-09-09 12:54:00,32.3,75.6,289.2
2026-09-09 12:54:30,32.3,75.6,289.2
2026-09-09 12:55:00,32.3,75.4,291.7
2026-09-09 12:55:30,32.3,75.6,465.0
2026-09-09 12:56:00,32.3,75.6,340.8
2026-09-09 12:56:30,32.3,75.2,544.2
2026-09-09 12:57:00,32.3,74.8,547.5
2026-09-09 12:57:30,32.3,74.7,550.8
2026-09-09 12:58:00,32.3,73.8,536.7
2026-09-09 12:58:30,32.3,75.2,546.7
2026-09-09 12:59:00,32.3,75.3,335.0
2026-09-09 12:59:30,32.3,75.2,430.0
2026-09-09 13:00:00,32.3,75.1,510.8
2026-09-09 13:00:30,32.3,75.3,305.8
2026-09-09 13:01:00,32.3,73.8,303.3
2026-09-09 13:01:30,32.3,73.1,395.0
2026-09-09 13:02:00,32.3,72.9,535.8
2026-09-09 13:02:30,32.4,74.3,528.3
2026-09-09 13:03:00,32.4,74.8,489.2
2026-09-09 13:03:30,32.5,74.7,394.2
2026-09-09 13:04:00,32.5,74.2,303.3
2026-09-09 13:04:30,32.5,72.8,353.3
2026-09-09 13:05:00,32.5,72.5,346.7
2026-09-09 13:05:30,32.5,72.6,295.8
2026-09-09 13:06:00,32.5,74.2,255.8
2026-09-09 13:06:30,32.6,73.5,253.3
2026-09-09 13:07:00,32.6,74.0,368.3
2026-09-09 13:07:30,32.6,74.2,305.0
2026-09-09 13:08:00,32.6,74.3,385.0
2026-09-09 13:08:30,32.6,72.8,343.3
2026-09-09 13:09:00,32.6,72.9,243.3
2026-09-09 13:09:30,32.6,72.9,230.8
2026-09-09 13:10:00,32.6,72.5,238.3
2026-09-09 13:10:30,32.6,73.5,223.3
2026-09-09 13:11:00,32.6,73.8,211.7
2026-09-09 13:11:30,32.6,73.1,201.7
2026-09-09 13:12:00,32.6,72.7,205.8
2026-09-09 13:12:30,32.6,73.6,205.8
2026-09-09 13:13:00,32.6,73.4,205.8
2026-09-09 13:13:30,32.6,74.2,221.7
2026-09-09 13:14:00,32.6,74.2,229.2
2026-09-09 13:14:30,32.6,72.5,225.0
2026-09-09 13:15:00,32.6,72.7,258.3
2026-09-09 13:15:30,32.6,72.4,297.5
2026-09-09 13:16:00,32.6,72.5,350.0
2026-09-09 13:16:30,32.7,72.6,283.3
2026-09-09 13:17:00,32.7,73.7,252.5
2026-09-09 13:17:30,32.6,72.8,170.0
2026-09-09 13:18:00,32.7,72.5,154.2
2026-09-09 13:18:30,32.7,73.8,150.8
2026-09-09 13:19:00,32.7,74.0,145.0
2026-09-09 13:19:30,32.7,73.4,155.0
2026-09-09 13:20:00,32.7,73.3,170.0
2026-09-09 13:20:30,32.7,72.7,180.0
2026-09-09 13:21:00,32.7,72.6,215.0
2026-09-09 13:21:30,32.7,72.4,190.0
2026-09-09 13:22:00,32.7,72.9,196.7
2026-09-09 13:22:30,32.7,73.2,235.8
2026-09-09 13:23:00,32.7,72.3,275.8
2026-09-09 13:23:30,32.7,73.8,232.5
2026-09-09 13:24:00,32.6,74.0,246.7
2026-09-09 13:24:30,32.7,72.8,235.8
2026-09-09 13:25:00,32.6,72.3,250.8
2026-09-09 13:25:30,32.6,72.2,225.8
2026-09-09 13:26:00,32.7,72.9,185.0
2026-09-09 13:26:30,32.7,74.0,172.5
2026-09-09 13:27:00,32.7,73.5,170.0
2026-09-09 13:27:30,32.7,72.9,159.2
2026-09-09 13:28:00,32.7,72.3,152.5
2026-09-09 13:28:30,32.7,73.9,149.2
2026-09-09 13:29:00,32.7,73.4,147.5
2026-09-09 13:29:30,32.7,74.2,145.8
2026-09-09 13:30:00,32.6,73.3,141.7
2026-09-09 13:30:30,32.6,73.5,135.8
2026-09-09 13:31:00,32.6,73.0,129.2
2026-09-09 13:31:30,32.6,74.0,127.5
2026-09-09 13:32:00,32.6,74.4,127.5
2026-09-09 13:32:30,32.6,74.1,130.8
2026-09-09 13:33:00,32.5,72.0,133.3
2026-09-09 13:33:30,32.5,73.3,140.0
2026-09-09 13:34:00,32.5,72.9,149.2
2026-09-09 13:34:30,32.5,74.1,166.7
2026-09-09 13:35:00,32.5,73.3,185.8
2026-09-09 13:35:30,32.5,72.9,206.7
2026-09-09 13:36:00,32.5,72.5,258.3
2026-09-09 13:36:30,32.5,73.2,265.8
2026-09-09 13:37:00,32.5,73.9,269.2
2026-09-09 13:37:30,32.5,73.0,269.2
2026-09-09 13:38:00,32.5,73.6,271.7
2026-09-09 13:38:30,32.5,73.5,271.7
2026-09-09 13:39:00,32.6,73.7,272.5
2026-09-09 13:39:30,32.5,74.1,270.0
2026-09-09 13:40:00,32.6,73.9,264.2
2026-09-09 13:40:30,32.6,73.7,259.2
2026-09-09 13:41:00,32.5,73.9,255.8
2026-09-09 13:41:30,32.6,74.3,230.8
2026-09-09 13:42:00,32.6,73.2,215.8
2026-09-09 13:42:30,32.6,73.0,199.2
2026-09-09 13:43:00,32.6,73.8,198.3
2026-09-09 13:43:30,32.6,73.7,201.7
2026-09-09 13:44:00,32.6,73.3,210.8
2026-09-09 13:44:30,32.6,73.4,244.2
2026-09-09 13:45:00,32.7,73.9,261.7
2026-09-09 13:45:30,32.7,73.1,272.5
2026-09-09 13:46:00,32.7,73.1,279.2
2026-09-09 13:46:30,32.7,73.6,287.5
2026-09-09 13:47:00,32.7,73.1,286.7
2026-09-09 13:47:30,32.7,73.4,282.5
2026-09-09 13:48:00,32.7,72.9,278.3
2026-09-09 13:48:30,32.7,73.3,248.3
2026-09-09 13:49:00,32.8,73.2,240.8
2026-09-09 13:49:30,32.8,73.0,248.3
2026-09-09 13:50:00,32.8,73.1,256.7
2026-09-09 13:50:30,32.8,73.4,262.5
2026-09-09 13:51:00,32.8,73.4,253.3
2026-09-09 13:51:30,32.8,73.5,243.3
2026-09-09 13:52:00,32.8,73.4,209.2
2026-09-09 13:52:30,32.8,73.5,192.5
2026-09-09 13:53:00,32.8,73.7,185.8
2026-09-09 13:53:30,32.7,73.8,170.8
2026-09-09 13:54:00,32.8,73.8,162.5
2026-09-09 13:54:30,32.7,73.8,155.0
2026-09-09 13:55:00,32.7,73.8,145.8
2026-09-09 13:55:30,32.7,74.0,136.7
2026-09-09 13:56:00,32.7,74.1,125.8
2026-09-09 13:56:30,32.7,74.2,120.0
2026-09-09 13:57:00,32.7,74.1,114.2
2026-09-09 13:57:30,32.6,74.3,110.0
2026-09-09 13:58:00,32.6,74.0,105.0
2026-09-09 13:58:30,32.6,74.3,101.7
2026-09-09 13:59:00,32.6,74.6,99.2
2026-09-09 13:59:30,32.6,74.7,100.0
2026-09-09 14:00:00,32.6,74.7,104.2
2026-09-09 14:00:30,32.6,74.9,109.2
2026-09-09 14:01:00,32.5,74.9,110.8
2026-09-09 14:01:30,32.5,75.0,110.0
2026-09-09 14:02:00,32.5,75.0,109.2
2026-09-09 14:02:30,32.5,75.1,105.8
2026-09-09 14:03:00,32.4,75.2,105.0
2026-09-09 14:03:30,32.4,75.5,104.2
2026-09-09 14:04:00,32.4,75.6,102.5
2026-09-09 14:04:30,32.4,76.5,103.3
2026-09-09 14:05:00,32.4,76.5,104.2
2026-09-09 14:05:30,32.4,77.5,100.8
2026-09-09 14:06:00,32.3,77.0,94.2
2026-09-09 14:06:30,32.3,77.5,85.0
2026-09-09 14:07:00,32.3,77.6,77.5
2026-09-09 14:07:30,32.3,77.1,70.8
2026-09-09 14:08:00,32.3,76.8,65.0
2026-09-09 14:08:30,32.2,77.2,60.8
2026-09-09 14:09:00,32.2,78.7,57.5
2026-09-09 14:09:30,32.2,77.2,55.8
2026-09-09 14:10:00,32.1,78.9,52.5
2026-09-09 14:10:30,32.1,81.2,50.0
2026-09-09 14:11:00,32.1,81.5,47.5
2026-09-09 14:11:30,32.0,81.5,45.8
2026-09-09 14:12:00,32.0,79.6,44.2
2026-09-09 14:12:30,31.9,81.8,41.7
2026-09-09 14:13:00,31.8,83.2,38.3
2026-09-09 14:13:30,31.8,84.4,35.8
2026-09-09 14:14:00,31.7,85.1,33.3
2026-09-09 14:14:30,31.6,83.4,32.5
2026-09-09 14:15:00,31.6,82.9,32.5
2026-09-09 14:15:30,31.5,83.9,33.3
2026-09-09 14:16:00,31.4,82.4,34.2
2026-09-09 14:16:30,31.3,83.0,34.2
2026-09-09 14:17:00,31.2,84.1,35.0
2026-09-09 14:17:30,31.2,86.4,35.0
2026-09-09 14:18:00,31.1,86.6,35.0
2026-09-09 14:18:30,31.0,86.4,35.0
2026-09-09 14:19:00,30.9,86.7,35.0
2026-09-09 14:19:30,30.8,86.7,35.0
2026-09-09 14:20:00,30.8,87.7,35.0
2026-09-09 14:20:30,30.7,88.8,35.8
2026-09-09 14:21:00,30.7,87.8,35.8
2026-09-09 14:21:30,30.6,87.3,36.7
2026-09-09 14:22:00,30.6,89.0,37.5
2026-09-09 14:22:30,30.6,89.5,37.5
2026-09-09 14:23:00,30.5,89.0,38.3
2026-09-09 14:23:30,30.5,89.3,38.3
2026-09-09 14:24:00,30.5,89.7,39.2
2026-09-09 14:24:30,30.5,89.1,38.3
2026-09-09 14:25:00,30.4,89.4,37.5
2026-09-09 14:25:30,30.5,89.1,39.2
2026-09-09 14:26:00,30.5,89.3,40.0
2026-09-09 14:26:30,30.5,89.1,40.0
2026-09-09 14:27:00,30.5,88.4,40.0
2026-09-09 14:27:30,30.5,90.1,40.0
2026-09-09 14:28:00,30.5,88.8,40.0
2026-09-09 14:28:30,30.5,88.8,41.7
2026-09-09 14:29:00,30.5,89.3,44.2
2026-09-09 14:29:30,30.6,90.2,46.7
2026-09-09 14:30:00,30.5,90.4,49.2
2026-09-09 14:30:30,30.4,90.3,51.7
2026-09-09 14:31:00,30.4,90.3,52.5
2026-09-09 14:31:30,30.3,90.6,55.0
2026-09-09 14:32:00,30.2,90.7,55.8
2026-09-09 14:32:30,30.2,90.8,55.8
2026-09-09 14:33:00,30.1,90.4,55.0
2026-09-09 14:33:30,30.1,90.2,55.0
2026-09-09 14:34:00,30.0,90.4,54.2
2026-09-09 14:34:30,30.0,90.5,52.5
2026-09-09 14:35:00,30.0,90.8,51.7
2026-09-09 14:35:30,30.0,90.4,51.7
2026-09-09 14:36:00,30.0,90.9,50.8
2026-09-09 14:36:30,30.0,91.3,50.8
2026-09-09 14:37:00,29.9,91.7,50.8
2026-09-09 14:37:30,29.9,92.2,50.8
2026-09-09 14:38:00,29.8,92.2,50.8
2026-09-09 14:38:30,29.8,91.9,50.0
2026-09-09 14:39:00,29.7,92.5,50.0
2026-09-09 14:39:30,29.7,92.7,50.8
2026-09-09 14:40:00,29.7,93.4,51.7
2026-09-09 14:40:30,29.7,92.8,51.7
2026-09-09 14:41:00,29.7,92.9,52.5
2026-09-09 14:41:30,29.7,92.4,55.0
2026-09-09 14:42:00,29.7,91.6,55.8
2026-09-09 14:42:30,29.6,92.2,55.8
2026-09-09 14:43:00,29.6,91.7,56.7
2026-09-09 14:43:30,29.6,92.0,58.3
2026-09-09 14:44:00,29.6,92.3,58.3
2026-09-09 14:44:30,29.6,92.7,59.2
2026-09-09 14:45:00,29.6,92.4,59.2
2026-09-09 14:45:30,29.7,91.8,59.2
2026-09-09 14:46:00,29.6,92.2,58.3
2026-09-09 14:46:30,29.6,91.9,59.2
2026-09-09 14:47:00,29.6,92.4,59.2
2026-09-09 14:47:30,29.7,91.7,58.3
2026-09-09 14:48:00,29.6,91.6,58.3
2026-09-09 14:48:30,29.6,91.4,58.3
2026-09-09 14:49:00,29.6,91.3,57.5
2026-09-09 14:49:30,29.6,91.2,56.7
2026-09-09 14:50:00,29.6,89.7,54.2
2026-09-09 14:50:30,29.6,89.8,50.8
2026-09-09 14:51:00,29.6,89.7,50.0
2026-09-09 14:51:30,29.6,90.0,50.8
2026-09-09 14:52:00,29.6,89.9,50.8
2026-09-09 14:52:30,29.6,90.7,51.7
2026-09-09 14:53:00,29.6,91.0,52.5
2026-09-09 14:53:30,29.6,90.8,55.0
2026-09-09 14:54:00,29.6,91.2,55.0
2026-09-09 14:54:30,29.6,91.4,55.0
2026-09-09 14:55:00,29.6,91.9,52.5
2026-09-09 14:55:30,29.6,90.5,51.7
2026-09-09 14:56:00,29.6,90.6,50.8
2026-09-09 14:56:30,29.5,90.5,50.0
2026-09-09 14:57:00,29.5,90.8,50.0
2026-09-09 14:57:30,29.5,91.2,50.0
2026-09-09 14:58:00,29.5,92.2,50.0
2026-09-09 14:58:30,29.5,91.6,50.0
2026-09-09 14:59:00,29.5,90.9,49.2
2026-09-09 14:59:30,29.5,90.9,49.2
2026-09-09 15:00:00,29.6,90.9,49.2
2026-09-09 15:00:30,29.6,90.6,50.0
2026-09-09 15:01:00,29.6,90.2,50.0
2026-09-09 15:01:30,29.6,89.8,51.7
2026-09-09 15:02:00,29.6,89.6,55.0
2026-09-09 15:02:30,29.7,89.1,56.7
2026-09-09 15:03:00,29.7,89.1,58.3
2026-09-09 15:03:30,29.8,89.3,60.0
2026-09-09 15:04:00,29.8,89.9,62.5
2026-09-09 15:04:30,29.8,90.6,65.8
2026-09-09 15:05:00,29.8,90.1,68.3
2026-09-09 15:05:30,29.9,88.9,70.8
2026-09-09 15:06:00,29.8,88.6,73.3
2026-09-09 15:06:30,29.9,89.3,75.0
2026-09-09 15:07:00,29.9,87.9,75.0
2026-09-09 15:07:30,29.9,87.1,75.8
2026-09-09 15:08:00,29.9,88.5,75.0
2026-09-09 15:08:30,29.9,88.3,75.0
2026-09-09 15:09:00,29.8,88.0,75.0
2026-09-09 15:09:30,29.8,88.0,75.0
2026-09-09 15:10:00,29.8,88.4,75.0
2026-09-09 15:10:30,29.7,88.6,75.8
2026-09-09 15:11:00,29.7,88.7,78.3
2026-09-09 15:11:30,29.7,89.2,80.8
2026-09-09 15:12:00,29.7,88.5,85.0
2026-09-09 15:12:30,29.7,89.0,89.2
2026-09-09 15:13:00,29.7,89.5,95.0
2026-09-09 15:13:30,29.7,90.1,100.0
2026-09-09 15:14:00,29.7,89.9,103.3
2026-09-09 15:14:30,29.6,89.9,109.2
2026-09-09 15:15:00,29.6,90.4,112.5
2026-09-09 15:15:30,29.6,90.0,114.2
2026-09-09 15:16:00,29.6,90.2,111.7
2026-09-09 15:16:30,29.6,90.7,104.2
2026-09-09 15:17:00,29.6,91.6,96.7
2026-09-09 15:17:30,29.6,91.7,86.7
2026-09-09 15:18:00,29.5,91.7,76.7
2026-09-09 15:18:30,29.5,92.4,66.7
2026-09-09 15:19:00,29.5,92.3,58.3
2026-09-09 15:19:30,29.5,92.7,50.0
2026-09-09 15:20:00,29.5,93.4,45.8
2026-09-09 15:20:30,29.5,93.5,43.3
2026-09-09 15:21:00,29.5,93.4,41.7
2026-09-09 15:21:30,29.5,93.1,41.7
2026-09-09 15:22:00,29.6,93.5,42.5
2026-09-09 15:22:30,29.6,93.4,44.2
2026-09-09 15:23:00,29.6,93.7,45.8
2026-09-09 15:23:30,29.6,92.8,46.7
2026-09-09 15:24:00,29.6,92.5,47.5
2026-09-09 15:24:30,29.6,91.9,48.3
2026-09-09 15:25:00,29.7,91.6,49.2
2026-09-09 15:25:30,29.7,91.8,49.2
2026-09-09 15:26:00,29.7,92.4,49.2
2026-09-09 15:26:30,29.7,92.2,48.3
2026-09-09 15:27:00,29.7,92.6,46.7
2026-09-09 15:27:30,29.7,92.7,45.0
2026-09-09 15:28:00,29.8,92.8,41.7
2026-09-09 15:28:30,29.8,93.0,38.3
2026-09-09 15:29:00,29.8,92.2,34.2
2026-09-09 15:29:30,29.8,92.6,31.7
2026-09-09 15:30:00,29.8,92.3,30.0
2026-09-09 15:30:30,29.9,92.3,28.3
2026-09-09 15:31:00,29.9,92.0,26.7
2026-09-09 15:31:30,29.9,91.7,25.8
2026-09-09 15:32:00,29.9,91.3,25.0
2026-09-09 15:32:30,30.0,91.5,24.2
2026-09-09 15:33:00,30.0,91.3,23.3
2026-09-09 15:33:30,30.0,91.0,23.3
2026-09-09 15:34:00,30.1,90.7,25.8
2026-09-09 15:34:30,30.1,90.6,25.8
2026-09-09 15:35:00,30.1,90.1,25.8
2026-09-09 15:35:30,30.1,89.7,25.0
2026-09-09 15:36:00,30.2,89.2,24.2
2026-09-09 15:36:30,30.2,88.3,23.3
2026-09-09 15:37:00,30.2,87.9,22.5
2026-09-09 15:37:30,30.2,87.7,20.8
2026-09-09 15:38:00,30.2,88.4,18.3
2026-09-09 15:38:30,30.2,87.8,16.7
2026-09-09 15:39:00,30.2,87.8,15.0
2026-09-09 15:39:30,30.2,87.9,13.3
2026-09-09 15:40:00,30.2,87.5,12.5
2026-09-09 15:40:30,30.2,87.9,11.7
2026-09-09 15:41:00,30.3,87.8,11.7
2026-09-09 15:41:30,30.3,87.5,10.8
2026-09-09 15:42:00,30.3,87.1,10.8
2026-09-09 15:42:30,30.4,87.2,10.8
2026-09-09 15:43:00,30.4,87.2,10.8
2026-09-09 15:43:30,30.5,87.1,10.8
2026-09-09 15:44:00,30.5,86.8,10.8
2026-09-09 15:44:30,30.5,86.4,10.8
2026-09-09 15:45:00,30.6,86.2,10.8
2026-09-09 15:45:30,30.6,85.4,10.8
2026-09-09 15:46:00,30.6,85.0,10.8
2026-09-09 15:46:30,30.6,84.9,10.8
2026-09-09 15:47:00,30.6,84.6,10.8
2026-09-09 15:47:30,30.6,85.4,9.2
2026-09-09 15:48:00,30.6,85.8,9.2
2026-09-09 15:48:30,30.5,84.9,9.2
2026-09-09 15:49:00,30.5,84.9,9.2
2026-09-09 15:49:30,30.4,85.6,9.2
2026-09-09 15:50:00,30.4,86.1,8.3
2026-09-09 15:50:30,30.3,86.7,8.3
2026-09-09 15:51:00,30.3,86.8,8.3
2026-09-09 15:51:30,30.3,87.1,8.3
2026-09-09 15:52:00,30.3,86.9,8.3
2026-09-09 15:52:30,30.2,86.9,8.3
2026-09-09 15:53:00,30.2,87.3,7.5
2026-09-09 15:53:30,30.2,87.4,7.5
2026-09-09 15:54:00,30.2,87.2,7.5
2026-09-09 15:54:30,30.1,87.1,7.5
2026-09-09 15:55:00,30.1,87.2,7.5
2026-09-09 15:55:30,30.0,87.9,7.5
2026-09-09 15:56:00,30.0,88.8,6.7
2026-09-09 15:56:30,30.0,89.0,6.7
2026-09-09 15:57:00,30.0,88.7,6.7
2026-09-09 15:57:30,30.0,87.4,6.7
2026-09-09 15:58:00,30.0,87.2,6.7
2026-09-09 15:58:30,30.0,87.8,6.7
2026-09-09 15:59:00,30.0,87.3,6.7
2026-09-09 15:59:30,30.1,87.6,6.7
2026-09-09 16:00:00,30.0,86.8,6.7
2026-09-09 16:00:30,30.0,86.7,6.7
2026-09-09 16:01:00,30.0,87.4,6.7
2026-09-09 16:01:30,29.9,88.0,6.7
2026-09-09 16:02:00,29.9,87.8,6.7
2026-09-09 16:02:30,29.9,87.7,6.7
2026-09-09 16:03:00,29.9,87.6,5.8
2026-09-09 16:03:30,30.0,86.9,5.8
2026-09-09 16:04:00,30.0,86.6,5.8
2026-09-09 16:04:30,30.0,86.4,5.0
2026-09-09 16:05:00,30.0,85.5,5.0
2026-09-09 16:05:30,29.9,86.3,4.2
2026-09-09 16:06:00,29.8,86.6,4.2
2026-09-09 16:06:30,29.8,86.7,4.2
2026-09-09 16:07:00,29.7,86.9,4.2
2026-09-09 16:07:30,29.7,86.8,4.2
2026-09-09 16:08:00,29.7,87.5,4.2
2026-09-09 16:08:30,29.7,87.6,4.2
2026-09-09 16:09:00,29.7,87.8,4.2
2026-09-09 16:09:30,29.7,86.6,4.2
2026-09-09 16:10:00,29.8,86.2,4.2
2026-09-09 16:10:30,29.8,86.1,4.2
2026-09-09 16:11:00,29.7,87.0,4.2
2026-09-09 16:11:30,29.7,85.9,4.2
2026-09-09 16:12:00,29.7,85.2,4.2
2026-09-09 16:12:30,29.7,85.8,4.2
2026-09-09 16:13:00,29.6,85.2,4.2
2026-09-09 16:13:30,29.7,85.2,4.2
2026-09-09 16:14:00,29.6,85.4,4.2
2026-09-09 16:14:30,29.6,85.0,4.2
2026-09-09 16:15:00,29.6,85.2,4.2
2026-09-09 16:15:30,29.5,87.4,3.3
2026-09-09 16:16:00,29.5,84.4,3.3
2026-09-09 16:16:30,29.5,85.3,3.3
2026-09-09 16:17:00,29.4,86.4,3.3
2026-09-09 16:17:30,29.4,86.0,3.3
2026-09-09 16:18:00,29.4,85.2,2.5
2026-09-09 16:18:30,29.3,85.9,2.5
2026-09-09 16:19:00,29.3,86.1,2.5
2026-09-09 16:19:30,29.3,85.9,2.5
2026-09-09 16:20:00,29.3,86.3,2.5
2026-09-09 16:20:30,29.3,86.4,2.5
2026-09-09 16:21:00,29.3,85.7,2.5
2026-09-09 16:21:30,29.2,85.9,2.5
2026-09-09 16:22:00,29.2,86.2,2.5
2026-09-09 16:22:30,29.2,86.4,2.5
2026-09-09 16:23:00,29.2,88.3,3.3
2026-09-09 16:23:30,29.2,87.7,3.3
2026-09-09 16:24:00,29.2,87.5,3.3
2026-09-09 16:24:30,29.2,87.1,3.3
2026-09-09 16:25:00,29.2,85.5,3.3
2026-09-09 16:25:30,29.2,84.2,3.3
2026-09-09 16:26:00,29.2,84.3,3.3
2026-09-09 16:26:30,29.1,84.9,3.3
2026-09-09 16:27:00,29.0,84.2,3.3
2026-09-09 16:27:30,29.0,84.6,3.3
2026-09-09 16:28:00,28.9,85.6,3.3
2026-09-09 16:28:30,28.8,86.5,3.3
2026-09-09 16:29:00,28.8,87.7,3.3
2026-09-09 16:29:30,28.7,86.5,3.3
2026-09-09 16:30:00,28.7,86.7,3.3
2026-09-09 16:30:30,28.6,87.2,3.3
2026-09-09 16:31:00,28.6,87.4,3.3
2026-09-09 16:31:30,28.6,87.0,3.3
2026-09-09 16:32:00,28.5,87.2,3.3
2026-09-09 16:32:30,28.5,87.4,3.3
2026-09-09 16:33:00,28.4,87.9,3.3
2026-09-09 16:33:30,28.4,88.3,3.3
2026-09-09 16:34:00,28.4,87.3,3.3
2026-09-09 16:34:30,28.4,87.3,3.3
2026-09-09 16:35:00,28.4,88.5,3.3
2026-09-09 16:35:30,28.4,88.7,2.5
2026-09-09 16:36:00,28.4,87.9,2.5
2026-09-09 16:36:30,28.4,88.7,2.5
2026-09-09 16:37:00,28.5,88.6,2.5
2026-09-09 16:37:30,28.5,88.3,2.5
2026-09-09 16:38:00,28.6,88.1,2.5
2026-09-09 16:38:30,28.6,88.1,2.5
2026-09-09 16:39:00,28.6,87.2,2.5
2026-09-09 16:39:30,28.6,87.6,2.5
2026-09-09 16:40:00,28.6,87.8,2.5
2026-09-09 16:40:30,28.6,87.1,2.5
2026-09-09 16:41:00,28.6,87.3,2.5
2026-09-09 16:41:30,28.6,87.4,2.5
2026-09-09 16:42:00,28.6,87.3,2.5
2026-09-09 16:42:30,28.6,88.6,2.5
2026-09-09 16:43:00,28.6,88.1,1.7
2026-09-09 16:43:30,28.6,87.5,1.7
2026-09-09 16:44:00,28.6,87.4,1.7
2026-09-09 16:44:30,28.6,87.9,1.7
2026-09-09 16:45:00,28.6,88.2,1.7
2026-09-09 16:45:30,28.5,88.3,1.7
2026-09-09 16:46:00,28.5,88.5,1.7
2026-09-09 16:46:30,28.5,88.3,1.7
2026-09-09 16:47:00,28.5,88.7,1.7
2026-09-09 16:47:30,28.5,89.0,1.7
2026-09-09 16:48:00,28.4,89.4,1.7
2026-09-09 16:48:30,28.4,89.2,1.7
2026-09-09 16:49:00,28.4,89.3,1.7
2026-09-09 16:49:30,28.3,89.6,1.7
2026-09-09 16:50:00,28.3,89.5,1.7
2026-09-09 16:50:30,28.3,89.6,1.7
2026-09-09 16:51:00,28.3,89.4,1.7
2026-09-09 16:51:30,28.3,89.8,1.7
2026-09-09 16:52:00,28.3,89.2,1.7
2026-09-09 16:52:30,28.2,89.6,1.7
2026-09-09 16:53:00,28.2,89.9,1.7
2026-09-09 16:53:30,28.2,91.1,1.7
2026-09-09 16:54:00,28.3,90.3,1.7
2026-09-09 16:54:30,28.3,90.1,1.7
2026-09-09 16:55:00,28.4,90.6,1.7
2026-09-09 16:55:30,28.4,89.3,1.7
2026-09-09 16:56:00,28.4,89.5,1.7
2026-09-09 16:56:30,28.4,89.8,1.7
2026-09-09 16:57:00,28.4,90.3,1.7
2026-09-09 16:57:30,28.4,90.2,1.7
2026-09-09 16:58:00,28.4,90.0,1.7
2026-09-09 16:58:30,28.5,90.0,1.7
2026-09-09 16:59:00,28.5,90.4,1.7
2026-09-09 16:59:30,28.4,90.8,1.7
2026-09-09 17:00:00,28.5,91.3,1.7
2026-09-09 17:00:30,28.5,91.0,1.7
2026-09-09 17:01:00,28.5,90.4,1.7
2026-09-09 17:01:30,28.5,89.9,1.7
2026-09-09 17:02:00,28.5,89.4,1.7
2026-09-09 17:02:30,28.6,88.6,1.7
2026-09-09 17:03:00,28.6,88.0,1.7
2026-09-09 17:03:30,28.6,87.8,1.7
2026-09-09 17:04:00,28.6,87.6,1.7
2026-09-09 17:04:30,28.7,88.1,1.7
2026-09-09 17:05:00,28.7,88.1,1.7
2026-09-09 17:05:30,28.8,87.7,1.7
2026-09-09 17:06:00,28.8,86.9,1.7
2026-09-09 17:06:30,28.9,87.0,1.7
2026-09-09 17:07:00,28.9,87.5,1.7
2026-09-09 17:07:30,28.9,87.3,1.7
2026-09-09 17:08:00,29.0,86.2,1.7
2026-09-09 17:08:30,29.0,86.4,1.7
2026-09-09 17:09:00,29.0,86.5,1.7
2026-09-09 17:09:30,29.0,86.0,1.7
2026-09-09 17:10:00,29.0,85.0,1.7
2026-09-09 17:10:30,29.0,85.4,1.7
2026-09-09 17:11:00,29.0,86.3,1.7
2026-09-09 17:11:30,29.0,84.9,1.7
2026-09-09 17:12:00,29.0,85.3,1.7
2026-09-09 17:12:30,29.0,85.7,1.7
2026-09-09 17:13:00,29.0,84.9,1.7
2026-09-09 17:13:30,29.0,85.3,1.7
2026-09-09 17:14:00,28.9,85.5,1.7
2026-09-09 17:14:30,28.9,86.4,1.7
2026-09-09 17:15:00,28.8,86.9,1.7
2026-09-09 17:15:30,28.8,87.5,1.7
2026-09-09 17:16:00,28.8,87.8,1.7
2026-09-09 17:16:30,28.8,88.6,3.3
2026-09-09 17:17:00,28.8,88.1,3.3
2026-09-09 17:17:30,28.8,88.2,3.3
2026-09-09 17:18:00,28.9,88.4,3.3
2026-09-09 17:18:30,28.9,87.8,3.3
2026-09-09 17:19:00,29.0,86.6,1.7
2026-09-09 17:19:30,29.1,87.3,1.7
2026-09-09 17:20:00,29.1,87.4,1.7
2026-09-09 17:20:30,29.1,87.5,1.7
2026-09-09 17:21:00,29.0,87.8,1.7
2026-09-09 17:21:30,29.0,88.2,1.7
2026-09-09 17:22:00,28.9,88.5,1.7
2026-09-09 17:22:30,28.9,87.5,1.7
2026-09-09 17:23:00,28.8,88.2,2.5
2026-09-09 17:23:30,28.8,88.1,2.5
2026-09-09 17:24:00,28.7,87.9,2.5
2026-09-09 17:24:30,28.6,88.8,1.7
2026-09-09 17:25:00,28.6,89.0,2.5
2026-09-09 17:25:30,28.6,89.0,16.7
2026-09-09 17:26:00,28.6,88.1,16.7
2026-09-09 17:26:30,28.7,87.4,16.7
2026-09-09 17:27:00,28.7,87.5,16.7
2026-09-09 17:27:30,28.7,87.1,16.7
2026-09-09 17:28:00,28.7,87.5,16.7
2026-09-09 17:28:30,28.7,88.1,16.7
2026-09-09 17:29:00,28.7,88.3,16.7
2026-09-09 17:29:30,28.7,88.5,16.7
2026-09-09 17:30:00,28.7,88.8,16.7
2026-09-09 17:30:30,28.7,88.7,16.7
2026-09-09 17:31:00,28.7,89.5,16.7
2026-09-09 17:31:30,28.6,90.0,16.7
2026-09-09 17:32:00,28.7,91.2,16.7
2026-09-09 17:32:30,28.7,90.6,16.7
2026-09-09 17:33:00,28.6,90.4,16.7
2026-09-09 17:33:30,28.6,89.8,16.7
2026-09-09 17:34:00,28.6,90.0,16.7
2026-09-09 17:34:30,28.6,90.6,16.7
2026-09-09 17:35:00,28.6,90.8,16.7
2026-09-09 17:35:30,28.5,90.4,16.7
2026-09-09 17:36:00,28.5,90.2,16.7
2026-09-09 17:36:30,28.5,90.3,16.7
2026-09-09 17:37:00,28.5,90.4,16.7
2026-09-09 17:37:30,28.5,90.6,16.7
2026-09-09 17:38:00,28.5,90.7,16.7
2026-09-09 17:38:30,28.5,90.8,16.7
2026-09-09 17:39:00,28.4,90.9,16.7
2026-09-09 17:39:30,28.4,90.9,16.7
2026-09-09 17:40:00,28.4,90.8,16.7
2026-09-09 17:40:31,28.4,91.1,16.7
2026-09-09 17:41:01,28.4,91.0,15.8
2026-09-09 17:41:31,28.4,91.8,15.8
2026-09-09 17:42:01,28.4,91.6,15.8
2026-09-09 17:42:31,28.4,90.9,15.8
2026-09-09 17:43:01,28.4,89.6,15.8
2026-09-09 17:43:31,28.5,89.6,15.8
2026-09-09 17:44:01,28.5,89.5,15.8
2026-09-09 17:44:31,28.5,89.8,15.8
2026-09-09 17:45:01,28.5,90.4,15.8
2026-09-09 17:45:31,28.5,91.7,15.8
2026-09-09 17:46:01,28.6,90.9,15.8
2026-09-09 17:46:31,28.6,90.8,15.0
2026-09-09 17:47:01,28.6,91.1,15.0
2026-09-09 17:47:31,28.7,91.3,15.0
2026-09-09 17:48:01,28.7,90.7,15.0
2026-09-09 17:48:31,28.7,90.6,15.0
2026-09-09 17:49:01,28.7,90.0,15.0
2026-09-09 17:49:31,28.7,89.1,15.0
2026-09-09 17:50:01,28.7,88.3,15.0
2026-09-09 17:50:31,28.7,88.1,15.0
2026-09-09 17:51:01,28.6,88.7,15.0
2026-09-09 17:51:31,28.6,88.7,15.0
2026-09-09 17:52:01,28.6,88.9,15.0
2026-09-09 17:52:32,28.7,88.2,15.0
2026-09-09 17:53:10,28.7,88.1,15.0
2026-09-09 17:53:40,28.8,88.1,15.0
2026-09-09 17:54:10,28.9,88.8,15.0
2026-09-09 17:54:40,28.9,88.5,15.0
2026-09-09 17:55:10,28.9,88.3,15.0
2026-09-09 17:55:40,29.0,88.3,15.0
2026-09-09 17:56:21,29.0,87.8,15.0
2026-09-09 17:56:47,29.0,87.9,15.0
2026-09-09 17:57:17,28.9,88.7,15.0
2026-09-09 17:57:47,28.9,88.9,15.0
2026-09-09 17:58:17,28.9,89.2,15.8
2026-09-09 17:58:47,28.9,89.6,15.8
2026-09-09 17:59:17,28.9,89.9,15.8
2026-09-09 17:59:47,29.0,89.8,15.8
2026-09-09 18:00:19,29.0,89.4,15.0
2026-09-09 18:00:49,29.0,89.2,15.0
2026-09-09 18:01:19,29.1,89.2,15.0
2026-09-09 18:01:49,29.1,88.8,15.0
2026-09-09 18:02:19,29.1,89.1,15.0
2026-09-09 18:02:49,29.1,88.7,15.0
2026-09-09 18:03:19,29.1,88.7,15.0
2026-09-09 18:03:49,29.1,88.6,15.0
2026-09-09 18:04:19,29.2,88.9,15.0
2026-09-09 18:04:49,29.2,88.4,15.0
2026-09-09 18:05:19,29.1,88.8,15.0
2026-09-09 18:05:49,29.1,88.8,15.0
2026-09-09 18:06:19,29.1,88.7,15.0
2026-09-09 18:06:49,29.1,88.2,14.2
2026-09-09 18:07:19,29.1,87.2,14.2
2026-09-09 18:07:49,29.1,87.8,14.2
2026-09-09 18:08:19,29.1,87.7,14.2
2026-09-09 18:08:49,29.1,87.7,14.2
2026-09-09 18:09:19,29.1,87.2,14.2
2026-09-09 18:09:49,29.1,86.5,14.2
2026-09-09 18:10:19,29.1,86.3,14.2
2026-09-09 18:10:49,29.1,86.5,14.2
2026-09-09 18:11:19,29.1,87.4,14.2
2026-09-09 18:11:49,29.1,88.1,14.2
2026-09-09 18:12:19,29.1,87.7,14.2
2026-09-09 18:12:49,29.1,87.7,14.2
2026-09-09 18:13:19,29.1,87.4,14.2
2026-09-09 18:13:49,29.0,87.9,14.2
2026-09-09 18:14:19,29.0,87.6,22.5
2026-09-09 18:14:49,29.0,88.2,25.0
2026-09-09 18:15:19,29.0,88.0,25.8
2026-09-09 18:15:49,29.0,87.5,25.0
2026-09-09 18:16:19,29.0,87.5,24.2
2026-09-09 18:16:49,29.0,87.3,25.0
2026-09-09 18:17:19,29.0,87.0,25.0
2026-09-09 18:17:49,29.0,87.2,23.3
2026-09-09 18:18:19,29.0,87.4,23.3
2026-09-09 18:18:49,29.0,88.7,23.3
2026-09-09 18:19:19,29.0,89.2,22.5
2026-09-09 18:19:49,28.9,89.6,22.5
2026-09-09 18:20:19,28.9,89.7,22.5
2026-09-09 18:20:49,28.9,89.9,22.5
2026-09-09 18:21:19,28.8,89.8,24.2
2026-09-09 18:21:49,28.8,89.3,22.5
2026-09-09 18:22:19,28.8,89.2,22.5
2026-09-09 18:22:49,28.8,90.0,22.5
2026-09-09 18:23:19,28.8,90.1,23.3
2026-09-09 18:23:49,28.8,89.9,23.3
2026-09-09 18:24:19,28.9,89.9,22.5
2026-09-09 18:24:49,28.9,89.9,22.5
2026-09-09 18:25:19,28.9,89.6,22.5
2026-09-09 18:25:49,29.0,89.0,22.5
2026-09-09 18:26:19,29.0,88.7,22.5
2026-09-09 18:26:49,28.9,88.7,22.5
2026-09-09 18:27:19,28.9,89.2,23.3
2026-09-09 18:27:49,28.8,89.6,23.3
2026-09-09 18:28:19,28.8,90.0,23.3
2026-09-09 18:28:49,28.8,89.7,22.5
2026-09-09 18:29:19,28.8,89.9,22.5
2026-09-09 18:29:49,28.8,89.9,22.5
2026-09-09 18:30:19,28.8,89.8,22.5
2026-09-09 18:30:49,28.8,89.9,22.5
2026-09-09 18:31:19,28.8,89.8,22.5
2026-09-09 18:31:49,28.9,90.2,22.5
2026-09-09 18:32:19,28.9,90.2,22.5
2026-09-09 18:32:49,28.9,90.1,22.5
2026-09-09 18:33:19,29.0,90.0,21.7
2026-09-09 18:33:49,29.0,89.7,23.3
2026-09-09 18:34:19,29.1,89.4,22.5
2026-09-09 18:34:49,29.1,88.6,22.5
2026-09-09 18:35:19,29.2,88.7,22.5
2026-09-09 18:35:49,29.2,88.3,22.5
2026-09-09 18:36:20,29.2,88.3,22.5
2026-09-09 18:36:50,29.2,88.3,25.0
2026-09-09 18:37:20,29.2,88.2,24.2
2026-09-09 18:37:50,29.2,88.4,25.0
2026-09-09 18:38:20,29.1,88.5,25.0
2026-09-09 18:38:50,29.2,89.0,25.0
2026-09-09 18:39:20,29.2,88.9,25.8
2026-09-09 18:39:50,29.2,88.4,25.0
2026-09-09 18:40:20,29.1,88.8,25.0
2026-09-09 18:40:50,29.1,89.2,22.5
2026-09-09 18:41:20,29.0,89.4,22.5
2026-09-09 18:41:50,29.0,89.6,23.3
2026-09-09 18:42:20,29.0,89.9,22.5
2026-09-09 18:42:50,29.0,89.7,23.3
2026-09-09 18:43:20,28.9,89.8,22.5
2026-09-09 18:43:50,28.9,89.8,22.5
2026-09-09 18:44:20,28.9,90.1,22.5
2026-09-09 18:44:50,28.9,89.8,23.3
2026-09-09 18:45:20,28.9,89.3,24.2
2026-09-09 18:45:50,29.0,88.9,23.3
2026-09-09 18:46:20,29.0,88.7,25.0
2026-09-09 18:46:50,29.0,88.9,22.5
2026-09-09 18:47:20,29.0,88.9,23.3
2026-09-09 18:47:50,29.0,88.8,23.3
2026-09-09 18:48:20,29.1,88.9,22.5
2026-09-09 18:48:50,29.1,89.0,22.5
2026-09-09 18:49:20,29.1,88.8,22.5
2026-09-09 18:49:50,29.2,88.4,23.3
2026-09-09 18:50:20,29.3,89.1,23.3
2026-09-09 18:50:50,29.3,88.8,23.3
2026-09-09 18:51:20,29.3,87.9,25.8
2026-09-09 18:51:51,29.3,88.1,24.2
2026-09-09 18:52:21,29.4,88.7,24.2
2026-09-09 18:52:51,29.4,88.6,25.0
2026-09-09 18:53:21,29.5,88.5,24.2
2026-09-09 18:53:56,29.5,88.1,24.2
2026-09-09 18:54:38,29.5,87.9,23.3
2026-09-09 18:54:53,29.6,88.1,24.2
2026-09-09 18:55:23,29.6,88.1,25.0
2026-09-09 18:55:53,29.6,87.7,24.2
2026-09-09 18:56:23,29.6,87.6,23.3
2026-09-09 18:56:55,29.6,87.5,25.8
2026-09-09 18:57:25,29.6,87.5,25.0
2026-09-09 18:57:56,29.6,88.1,25.0
2026-09-09 18:58:26,29.6,87.6,24.2
2026-09-09 18:58:56,29.5,87.9,23.3
2026-09-09 18:59:26,29.5,87.8,23.3
2026-09-09 18:59:56,29.5,87.6,25.0
2026-09-09 19:00:26,29.5,87.8,24.2
2026-09-09 19:00:56,29.5,87.6,25.0
2026-09-09 19:01:26,29.5,87.9,24.2
2026-09-09 19:01:56,29.4,87.7,24.2
2026-09-09 19:02:26,29.4,88.6,25.0
2026-09-09 19:02:56,29.4,88.7,24.2
2026-09-09 19:03:26,29.4,88.6,24.2
2026-09-09 19:03:56,29.5,88.0,25.8
2026-09-09 19:04:26,29.5,87.4,24.2
2026-09-09 19:04:56,29.5,87.3,24.2
2026-09-09 19:05:26,29.5,87.4,24.2
2026-09-09 19:05:56,29.4,87.6,24.2
2026-09-09 19:06:26,29.4,87.8,24.2
2026-09-09 19:06:56,29.4,87.9,24.2
2026-09-09 19:07:26,29.3,88.0,23.3
2026-09-09 19:07:56,29.3,88.0,24.2
2026-09-09 19:08:26,29.3,87.7,25.0
2026-09-09 19:08:56,29.3,88.3,25.0
2026-09-09 19:09:26,29.3,88.4,25.0
2026-09-09 19:09:56,29.3,88.4,25.0
2026-09-09 19:10:26,29.2,88.5,25.0
2026-09-09 19:10:56,29.2,88.5,25.0
2026-09-09 19:11:26,29.2,88.4,25.0
2026-09-09 19:11:56,29.2,88.8,25.0
2026-09-09 19:12:26,29.2,88.4,24.2
2026-09-09 19:12:56,29.1,87.9,24.2
2026-09-09 19:13:26,29.1,88.6,25.0
2026-09-09 19:13:56,29.1,88.8,24.2
2026-09-09 19:14:26,29.1,88.8,23.3
2026-09-09 19:14:56,29.1,88.7,25.8
2026-09-09 19:15:26,29.1,88.9,25.0
2026-09-09 19:15:56,29.2,88.9,25.0
2026-09-09 19:16:26,29.2,88.9,24.2
2026-09-09 19:16:56,29.2,89.1,24.2
2026-09-09 19:17:26,29.1,89.1,24.2
2026-09-09 19:17:56,29.2,89.0,24.2
2026-09-09 19:18:26,29.1,89.1,24.2
2026-09-09 19:18:56,29.1,89.5,25.0
2026-09-09 19:19:28,29.1,89.5,25.0
2026-09-09 19:20:00,29.1,88.9,25.0
2026-09-09 19:20:30,29.1,88.9,25.0
2026-09-09 19:21:00,29.2,87.7,24.2
2026-09-09 19:21:30,29.1,88.4,24.2
2026-09-09 19:22:01,29.1,87.4,24.2
2026-09-09 19:22:31,29.1,87.9,24.2
2026-09-09 19:23:01,29.1,88.6,24.2
2026-09-09 19:23:31,29.1,89.0,24.2
2026-09-09 19:24:01,29.0,88.6,23.3
2026-09-09 19:24:31,29.0,88.5,24.2
2026-09-10 07:09:42,28.6,89.6,37.5
2026-09-10 07:10:12,28.5,88.8,41.7
2026-09-10 07:10:42,28.5,89.2,41.7
2026-09-10 07:11:12,28.5,89.9,42.5
2026-09-10 07:11:42,28.5,89.9,43.3
2026-09-10 07:12:12,28.5,89.5,45.0
2026-09-10 07:12:42,28.5,89.8,45.8
2026-09-10 07:13:12,28.5,88.5,46.7
2026-09-10 07:13:42,28.5,88.9,48.3
2026-09-10 07:14:12,28.5,89.3,49.2
2026-09-10 07:14:42,28.5,89.5,50.0
2026-09-10 07:15:12,28.5,89.8,50.8
2026-09-10 07:15:42,28.4,89.3,51.7
2026-09-10 07:16:12,28.4,89.8,52.5
2026-09-10 07:16:42,28.4,90.1,55.0
2026-09-10 07:17:12,28.4,89.7,55.8
2026-09-10 07:17:42,28.3,90.0,56.7
2026-09-10 07:18:12,28.3,90.1,57.5
2026-09-10 07:18:42,28.3,90.6,58.3
2026-09-10 07:19:12,28.2,90.5,57.5
2026-09-10 07:19:42,28.2,90.6,57.5
2026-09-10 07:20:12,28.2,90.6,57.5
2026-09-10 07:20:42,28.2,89.7,56.7
2026-09-10 07:21:12,28.2,89.8,55.8
2026-09-10 07:21:42,28.3,89.7,55.0
2026-09-10 07:22:12,28.3,89.6,50.8
2026-09-10 07:22:42,28.3,90.2,50.8
2026-09-10 07:23:12,28.3,91.1,51.7
2026-09-10 07:23:42,28.3,91.3,51.7
2026-09-10 07:24:12,28.3,90.9,52.5
2026-09-10 07:24:42,28.3,90.8,55.8
2026-09-10 07:25:12,28.3,91.9,57.5
2026-09-10 07:25:42,28.4,91.8,59.2
2026-09-10 07:26:12,28.4,91.5,59.2
2026-09-10 07:26:42,28.5,89.9,57.5
2026-09-10 07:27:12,28.6,90.1,56.7
2026-09-10 07:27:42,28.6,90.5,55.8
2026-09-10 07:28:12,28.6,90.4,55.0
2026-09-10 07:28:42,28.7,90.3,53.3
2026-09-10 07:29:12,28.8,89.9,55.0
2026-09-10 07:29:42,28.8,89.8,51.7
2026-09-10 07:30:12,28.9,88.9,51.7
2026-09-10 07:30:42,28.9,88.3,52.5
2026-09-10 07:31:12,28.9,88.3,55.0
2026-09-10 07:31:42,29.0,88.0,55.8
2026-09-10 07:32:12,29.0,87.7,56.7
2026-09-10 07:32:42,28.9,87.8,57.5
2026-09-10 07:33:12,28.9,88.0,57.5
2026-09-10 07:33:42,28.8,88.3,57.5
2026-09-10 07:34:12,28.8,88.3,55.8
2026-09-10 07:34:42,28.8,88.7,55.0
2026-09-10 07:35:12,28.7,88.9,52.5
2026-09-10 07:35:42,28.7,87.8,51.7
2026-09-10 07:36:12,28.7,87.8,51.7
2026-09-10 07:36:42,28.6,87.6,51.7
2026-09-10 07:37:12,28.6,87.6,50.0
2026-09-10 07:37:42,28.6,87.5,49.2
2026-09-10 07:38:12,28.6,87.5,50.0
2026-09-10 07:38:42,28.6,87.8,50.8
2026-09-10 07:39:12,28.6,88.0,52.5
2026-09-10 07:39:42,28.6,88.9,55.0
2026-09-10 07:40:12,28.6,89.9,56.7
2026-09-10 07:40:42,28.6,90.4,60.0
2026-09-10 07:41:12,28.5,91.0,65.0
2026-09-10 07:41:42,28.5,90.2,70.8
2026-09-10 07:42:12,28.5,90.4,75.0
2026-09-10 07:42:42,28.5,90.5,79.2
2026-09-10 07:43:12,28.4,90.2,82.5
2026-09-10 07:43:42,28.5,89.6,84.2
2026-09-10 07:44:12,28.5,89.0,84.2
2026-09-10 07:44:42,28.5,89.0,82.5
2026-09-10 07:45:12,28.5,88.8,79.2
2026-09-10 07:45:42,28.5,89.0,76.7
2026-09-10 07:46:12,28.5,90.4,77.5
2026-09-10 07:46:42,28.5,89.8,76.7
2026-09-10 07:47:12,28.5,89.5,77.5
2026-09-10 07:47:42,28.5,89.7,79.2
2026-09-10 07:48:12,28.5,90.0,80.8
2026-09-10 07:48:42,28.5,89.7,81.7
2026-09-10 07:49:12,28.5,89.9,82.5
2026-09-10 07:49:42,28.6,89.7,84.2
2026-09-10 07:50:12,28.6,89.1,83.3
2026-09-10 07:50:42,28.6,88.9,82.5
2026-09-10 07:51:12,28.6,88.3,80.8
2026-09-10 07:51:42,28.6,88.6,79.2
2026-09-10 07:52:12,28.6,88.1,80.0
2026-09-10 07:52:42,28.6,88.2,80.8
2026-09-10 07:53:12,28.6,89.8,82.5
2026-09-10 07:53:42,28.6,90.5,84.2
2026-09-10 07:54:12,28.6,89.8,85.8
2026-09-10 07:54:42,28.7,89.0,87.5
2026-09-10 07:55:12,28.7,89.0,88.3
2026-09-10 07:55:42,28.6,89.0,90.0
2026-09-10 07:56:12,28.7,88.8,90.8
2026-09-10 07:56:42,28.7,88.9,91.7
2026-09-10 07:57:12,28.7,89.1,90.0
2026-09-10 07:57:42,28.7,89.3,92.5
2026-09-10 07:58:12,28.8,88.8,93.3
2026-09-10 07:58:42,28.8,87.9,94.2
2026-09-10 07:59:12,28.8,87.5,93.3
2026-09-10 07:59:42,28.8,87.5,93.3
2026-09-10 08:00:12,28.8,87.9,93.3
2026-09-10 08:00:42,28.7,88.7,92.5
2026-09-10 08:01:12,28.8,88.9,92.5
2026-09-10 08:01:42,28.8,88.3,91.7
2026-09-10 08:02:12,28.8,87.9,94.2
2026-09-10 08:02:42,28.8,87.6,92.5
2026-09-10 08:03:12,28.8,87.6,92.5
2026-09-10 08:03:42,28.8,87.6,92.5
2026-09-10 08:04:12,28.8,87.4,92.5
2026-09-10 08:04:42,28.8,87.0,94.2
2026-09-10 08:05:12,28.8,87.3,95.0
2026-09-10 08:05:42,28.8,87.9,95.8
2026-09-10 08:06:12,28.7,88.2,96.7
2026-09-10 08:06:42,28.7,88.4,97.5
2026-09-10 08:07:12,28.7,88.0,98.3
2026-09-10 08:07:42,28.7,88.2,99.2
2026-09-10 08:08:12,28.7,88.0,100.0
2026-09-10 08:08:42,28.7,88.8,100.0
2026-09-10 08:09:12,28.8,88.7,100.8
2026-09-10 08:09:42,28.8,87.4,101.7
2026-09-10 08:10:12,28.8,88.0,100.8
2026-09-10 08:10:42,28.8,88.3,102.5
2026-09-10 08:11:12,28.8,87.9,102.5
2026-09-10 08:11:42,28.7,88.2,103.3
2026-09-10 08:12:12,28.7,88.4,104.2
2026-09-10 08:12:42,28.7,88.4,105.8
2026-09-10 08:13:12,28.7,90.2,105.8
2026-09-10 08:13:42,28.7,89.2,108.3
2026-09-10 08:14:12,28.7,88.1,108.3
2026-09-10 08:14:42,28.8,87.9,108.3
2026-09-10 08:15:12,28.8,88.0,105.8
2026-09-10 08:15:42,28.8,88.6,108.3
2026-09-10 08:16:12,28.8,88.4,105.8
2026-09-10 08:16:42,28.8,88.7,105.8
2026-09-10 08:17:12,28.8,89.0,105.8
2026-09-10 08:17:42,28.8,87.9,105.8
2026-09-10 08:18:12,28.8,88.1,109.2
2026-09-10 08:18:42,28.8,87.3,110.0
2026-09-10 08:19:12,28.8,88.3,109.2
2026-09-10 08:19:42,28.8,87.8,108.3
2026-09-10 08:20:12,28.8,86.9,105.8
2026-09-10 08:20:42,28.8,86.8,105.8
2026-09-10 08:21:12,28.8,87.1,104.2
2026-09-10 08:21:42,28.8,87.5,104.2
2026-09-10 08:22:12,28.8,87.7,105.0
2026-09-10 08:22:42,28.8,87.7,105.8
2026-09-10 08:23:12,28.8,87.3,105.0
2026-09-10 08:23:42,28.8,86.7,104.2
2026-09-10 08:24:12,28.8,87.0,104.2
2026-09-10 08:24:42,28.8,86.5,104.2
2026-09-10 08:25:12,28.8,87.2,103.3
2026-09-10 08:25:42,28.8,87.6,104.2
2026-09-10 08:26:12,28.8,87.8,105.0
2026-09-10 08:26:42,28.8,87.6,105.0
2026-09-10 08:27:12,28.8,87.8,105.8
2026-09-10 08:27:42,28.8,88.2,105.0
2026-09-10 08:28:12,28.8,87.8,105.0
2026-09-10 08:28:42,28.8,88.0,105.8
2026-09-10 08:29:12,28.8,88.0,110.0
2026-09-10 08:29:42,28.8,87.8,110.8
2026-09-10 08:30:12,28.8,86.9,112.5
2026-09-10 08:30:42,28.8,86.7,114.2
2026-09-10 08:31:12,28.8,86.9,115.0
2026-09-10 08:31:42,28.8,86.6,116.7
2026-09-10 08:32:12,28.8,86.7,118.3
2026-09-10 08:32:42,28.8,86.4,118.3
2026-09-10 08:33:12,28.8,85.9,121.7
2026-09-10 08:33:42,28.9,86.7,124.2
2026-09-10 08:34:12,28.8,87.1,125.8
2026-09-10 08:34:42,28.8,87.1,128.3
2026-09-10 08:35:12,28.8,86.8,130.0
2026-09-10 08:35:42,28.9,86.8,108.3
2026-09-10 08:36:12,28.8,87.5,131.7
2026-09-10 08:36:42,28.9,87.4,135.0
2026-09-10 08:37:12,28.9,87.7,138.3
2026-09-10 08:37:42,28.9,87.4,140.8
2026-09-10 08:38:12,28.9,88.0,143.3
2026-09-10 08:38:42,29.0,89.2,74.2
2026-09-10 08:39:12,29.0,88.0,139.2
2026-09-10 08:39:42,29.0,87.0,144.2
2026-09-10 08:40:12,29.1,86.3,142.5
2026-09-10 08:40:42,29.1,86.4,128.3
2026-09-10 08:41:12,29.1,86.8,125.8
2026-09-10 08:41:42,29.1,87.4,123.3
2026-09-10 08:42:12,29.1,87.1,125.0
2026-09-10 08:42:42,29.1,86.9,129.2
2026-09-10 08:43:12,29.2,86.9,164.2
2026-09-10 08:43:42,29.2,86.9,217.5
2026-09-10 08:44:12,29.2,86.4,154.2
2026-09-10 08:44:42,29.2,86.3,128.3
2026-09-10 08:45:12,29.2,86.5,134.2
2026-09-10 08:45:42,29.2,86.8,139.2
2026-09-10 08:46:12,29.2,86.9,141.7
2026-09-10 08:46:42,29.2,86.1,147.5
2026-09-10 08:47:12,29.2,86.4,164.2
2026-09-10 08:47:42,29.2,86.6,159.2
2026-09-10 08:48:12,29.2,86.4,322.5
2026-09-10 08:48:42,29.2,86.8,203.3
2026-09-10 08:49:12,29.2,87.1,207.5
2026-09-10 08:49:42,29.3,86.0,315.8
2026-09-10 08:50:12,29.2,85.4,326.7
2026-09-10 08:50:42,29.3,85.9,415.8
2026-09-10 08:51:12,29.3,86.1,344.2
2026-09-10 08:51:42,29.3,85.7,318.3
2026-09-10 08:52:12,29.3,86.1,270.0
2026-09-10 08:52:42,29.3,86.0,217.5
2026-09-10 08:53:12,29.3,85.4,205.8
2026-09-10 08:53:42,29.3,85.3,187.5
2026-09-10 08:54:12,29.3,86.1,180.8
2026-09-10 08:54:42,29.3,85.3,205.0
2026-09-10 08:55:12,29.3,85.0,196.7
2026-09-10 08:55:42,29.3,84.7,291.7
2026-09-10 08:56:12,29.3,84.4,325.0
2026-09-10 08:56:42,29.3,84.4,364.2
2026-09-10 08:57:12,29.3,85.8,369.2
2026-09-10 08:57:42,29.3,86.1,375.8
2026-09-10 08:58:12,29.4,86.3,183.3
2026-09-10 08:58:42,29.3,86.7,195.0
2026-09-10 08:59:12,29.4,86.7,183.3
2026-09-10 08:59:42,29.4,85.5,192.5
2026-09-10 09:00:12,29.4,85.0,203.3
2026-09-10 09:00:42,29.4,85.8,338.3
2026-09-10 09:01:12,29.4,84.8,474.2
2026-09-10 09:01:42,29.5,85.1,470.0
2026-09-10 09:02:12,29.5,85.6,389.2
2026-09-10 09:02:42,29.5,85.3,465.0
2026-09-10 09:03:12,29.5,84.3,430.8
2026-09-10 09:03:42,29.5,84.3,448.3
2026-09-10 09:04:12,29.5,83.9,444.2
2026-09-10 09:04:42,29.5,84.7,474.2
2026-09-10 09:05:12,29.5,85.5,416.7
2026-09-10 09:05:42,29.5,85.1,481.7
2026-09-10 09:06:12,29.5,84.4,468.3
2026-09-10 09:06:42,29.5,84.0,395.0
2026-09-10 09:07:12,29.5,83.8,283.3
2026-09-10 09:07:42,29.5,83.4,295.8
2026-09-10 09:08:12,29.5,83.3,395.8
2026-09-10 09:08:42,29.5,83.4,393.3
2026-09-10 09:09:12,29.5,84.2,264.2
2026-09-10 09:09:42,29.5,85.3,225.8
2026-09-10 09:10:12,29.5,84.4,185.8
2026-09-10 09:10:42,29.5,84.4,194.2
2026-09-10 09:11:12,29.5,83.9,165.0
2026-09-10 09:11:42,29.5,83.9,158.3
2026-09-10 09:12:12,29.5,84.5,161.7
2026-09-10 09:12:42,29.5,85.0,167.5
2026-09-10 09:13:12,29.5,84.7,176.7
2026-09-10 09:13:42,29.5,84.6,183.3
2026-09-10 09:14:12,29.5,85.1,191.7
2026-09-10 09:14:42,29.5,84.8,196.7
2026-09-10 09:15:12,29.5,83.9,206.7
2026-09-10 09:15:42,29.5,84.1,242.5
2026-09-10 09:16:12,29.6,84.2,285.8
2026-09-10 09:16:42,29.5,83.7,335.0
2026-09-10 09:17:12,29.6,83.0,322.5
2026-09-10 09:17:42,29.6,82.5,240.8
2026-09-10 09:18:12,29.6,82.7,215.8
2026-09-10 09:18:42,29.6,82.8,274.2
2026-09-10 09:19:12,29.6,82.6,376.7
2026-09-10 09:19:42,29.5,83.6,418.3
2026-09-10 09:20:12,29.6,83.9,382.5
2026-09-10 09:20:42,29.6,83.3,349.2
2026-09-10 09:21:12,29.5,83.2,277.5
2026-09-10 09:21:42,29.5,83.4,231.7
2026-09-10 09:22:12,29.6,81.9,218.3
2026-09-10 09:22:42,29.6,82.1,242.5
2026-09-10 09:23:12,29.6,82.0,245.0
2026-09-10 09:23:42,29.6,82.9,206.7
2026-09-10 09:24:12,29.6,83.4,207.5
2026-09-10 09:24:42,29.6,83.8,255.8
2026-09-10 09:25:12,29.6,82.7,205.0
2026-09-10 09:25:42,29.6,82.4,195.0
2026-09-10 09:26:12,29.6,83.2,269.2
2026-09-10 09:26:42,29.6,83.3,219.2
2026-09-10 09:27:12,29.6,82.7,238.3
2026-09-10 09:27:42,29.6,83.3,260.0
2026-09-10 09:28:12,29.6,83.0,240.8
2026-09-10 09:28:42,29.6,83.7,242.5
2026-09-10 09:29:12,29.6,84.8,222.5
2026-09-10 09:29:42,29.6,83.3,197.5
2026-09-10 09:30:12,29.6,83.8,167.5
2026-09-10 09:30:42,29.7,83.7,143.3
2026-09-10 09:31:12,29.7,84.0,128.3
2026-09-10 09:31:42,29.7,83.9,118.3
2026-09-10 09:32:12,29.7,83.7,118.3
2026-09-10 09:32:42,29.7,83.8,125.0
2026-09-10 09:33:12,29.7,84.6,126.7
2026-09-10 09:33:42,29.7,84.1,135.8
2026-09-10 09:34:12,29.6,84.3,192.5
2026-09-10 09:34:42,29.7,83.8,206.7
2026-09-10 09:35:12,29.7,83.3,245.0
2026-09-10 09:35:42,29.7,83.2,209.2
2026-09-10 09:36:12,29.7,83.4,182.5
2026-09-10 09:36:42,29.7,82.5,181.7
2026-09-10 09:37:12,29.7,84.3,196.7
2026-09-10 09:37:42,29.7,84.1,224.2
2026-09-10 09:38:12,29.7,83.6,290.8
2026-09-10 09:38:42,29.7,84.9,434.2
2026-09-10 09:39:12,29.8,85.1,484.2
2026-09-10 09:39:42,29.8,84.8,391.7
2026-09-10 09:40:12,29.8,84.3,324.2
2026-09-10 09:40:42,29.8,83.2,348.3
2026-09-10 09:41:12,29.8,83.7,375.0
2026-09-10 09:41:42,29.8,82.7,327.5
2026-09-10 09:42:12,29.9,82.4,313.3
2026-09-10 09:42:42,29.9,82.4,410.0
2026-09-10 09:43:12,29.9,82.6,353.3
2026-09-10 09:43:42,29.9,83.2,330.0
2026-09-10 09:44:12,29.9,84.0,459.2
2026-09-10 09:44:42,29.9,84.1,526.7
2026-09-10 09:45:12,30.0,83.6,250.8
2026-09-10 09:45:42,30.0,83.8,215.8
2026-09-10 09:46:12,30.0,83.3,197.5
2026-09-10 09:46:42,30.0,82.7,181.7
2026-09-10 09:47:12,30.0,82.8,176.7
2026-09-10 09:47:42,30.0,83.2,175.0
2026-09-10 09:48:12,30.1,83.9,225.0
2026-09-10 09:48:42,30.1,83.5,197.5
2026-09-10 09:49:12,30.1,83.4,207.5
2026-09-10 09:49:42,30.1,83.7,193.3
2026-09-10 09:50:12,30.1,83.0,233.3
2026-09-10 09:50:42,30.1,82.7,217.5
2026-09-10 09:51:12,30.0,83.1,192.5
2026-09-10 09:51:42,30.0,83.9,187.5
2026-09-10 09:52:12,30.0,84.1,181.7
2026-09-10 09:52:42,30.0,82.9,190.0
2026-09-10 09:53:12,30.0,83.9,202.5
2026-09-10 09:53:42,30.0,84.2,228.3
2026-09-10 09:54:12,30.1,83.2,315.8
2026-09-10 09:54:42,30.1,83.7,405.0
2026-09-10 09:55:12,30.1,83.1,279.2
2026-09-10 09:55:42,30.1,83.6,310.8
2026-09-10 09:56:12,30.2,83.7,298.3
2026-09-10 09:56:42,30.2,82.4,365.0
2026-09-10 09:57:12,30.2,81.8,446.7
2026-09-10 09:57:42,30.2,81.7,359.2
2026-09-10 09:58:12,30.2,83.5,271.7
2026-09-10 09:58:42,30.3,83.1,233.3
2026-09-10 09:59:12,30.3,81.8,230.8
2026-09-10 09:59:42,30.3,81.4,309.2
2026-09-10 10:00:12,30.3,81.1,233.3
2026-09-10 10:00:42,30.3,82.4,242.5
2026-09-10 10:01:12,30.3,80.9,317.5
2026-09-10 10:01:42,30.3,79.9,399.2
2026-09-10 10:02:12,30.3,80.3,385.0
2026-09-10 10:02:42,30.2,83.5,313.3
2026-09-10 10:03:12,30.3,81.8,280.8
2026-09-10 10:03:42,30.3,80.3,471.7
2026-09-10 10:04:12,30.3,80.3,311.7
2026-09-10 10:04:42,30.3,82.6,387.5
2026-09-10 10:05:12,30.3,82.3,426.7
2026-09-10 10:05:42,30.3,81.3,261.7
2026-09-10 10:06:12,30.3,80.4,243.3
2026-09-10 10:06:42,30.3,80.2,249.2
2026-09-10 10:07:12,30.3,79.9,326.7
2026-09-10 10:07:42,30.3,80.0,305.8
2026-09-10 10:08:12,30.3,79.6,375.0
2026-09-10 10:08:42,30.3,80.4,340.8
2026-09-10 10:09:12,30.3,80.7,325.0
2026-09-10 10:09:42,30.3,80.4,358.3
2026-09-10 10:10:12,30.4,81.9,321.7
2026-09-10 10:10:42,30.4,80.8,305.8
2026-09-10 10:11:12,30.3,81.2,256.7
2026-09-10 10:11:42,30.4,81.4,290.0
2026-09-10 10:12:12,30.4,80.7,289.2
2026-09-10 10:12:42,30.4,80.2,360.0
2026-09-10 10:13:12,30.4,79.3,440.8
2026-09-10 10:13:42,30.4,79.2,412.5
2026-09-10 10:14:12,30.4,79.6,490.0
2026-09-10 10:14:42,30.4,79.8,462.5
2026-09-10 10:15:12,30.4,81.2,403.3
2026-09-10 10:15:42,30.4,80.6,488.3
2026-09-10 10:16:12,30.4,80.8,585.0
2026-09-10 10:16:42,30.4,80.3,395.8
2026-09-10 10:17:12,30.4,80.8,485.8
2026-09-10 10:17:42,30.4,80.0,497.5
2026-09-10 10:18:12,30.4,80.3,414.2
2026-09-10 10:18:42,30.4,82.6,420.8
2026-09-10 10:19:12,30.5,83.3,403.3
2026-09-10 10:19:42,30.5,82.3,440.0
2026-09-10 10:20:12,30.5,81.8,414.2
2026-09-10 10:20:42,30.5,82.6,337.5
2026-09-10 10:21:12,30.5,82.2,382.5
2026-09-10 10:21:42,30.5,82.7,529.2
2026-09-10 10:22:12,30.6,82.3,610.0
2026-09-10 10:22:42,30.6,81.2,660.8
2026-09-10 10:23:12,30.6,81.8,620.8
2026-09-10 10:23:42,30.6,81.0,323.3
2026-09-10 10:24:12,30.6,80.7,345.0
2026-09-10 10:24:42,30.6,82.7,380.0
2026-09-10 10:25:12,30.6,80.4,510.0
2026-09-10 10:25:42,30.7,80.9,392.5
2026-09-10 10:26:12,30.6,82.9,409.2
2026-09-10 10:26:42,30.7,81.8,344.2
2026-09-10 10:27:12,30.7,81.7,309.2
2026-09-10 10:27:42,30.7,81.9,310.8
2026-09-10 10:28:12,30.7,82.2,315.0
2026-09-10 10:28:42,30.7,82.8,354.2
2026-09-10 10:29:12,30.7,82.1,364.2
2026-09-10 10:29:42,30.7,80.1,233.3
2026-09-10 10:30:12,30.7,79.8,205.0
2026-09-10 10:30:42,30.7,80.5,185.0
2026-09-10 10:31:12,30.7,80.8,171.7
2026-09-10 10:31:42,30.7,80.6,165.0
2026-09-10 10:32:12,30.7,81.1,168.3
2026-09-10 10:32:42,30.7,81.2,177.5
2026-09-10 10:33:12,30.6,81.2,181.7
2026-09-10 10:33:42,30.6,81.7,195.0
2026-09-10 10:34:12,30.6,83.6,201.7
2026-09-10 10:34:42,30.6,82.3,219.2
2026-09-10 10:35:12,30.6,82.1,292.5
2026-09-10 10:35:42,30.6,81.8,311.7
2026-09-10 10:36:12,30.6,81.8,450.8
2026-09-10 10:36:42,30.6,81.7,302.5
2026-09-10 10:37:12,30.6,81.4,339.2
2026-09-10 10:37:42,30.6,82.0,485.8
2026-09-10 10:38:12,30.6,81.9,650.0
2026-09-10 10:38:42,30.6,82.4,794.2
2026-09-10 10:39:12,30.7,83.1,699.2
2026-09-10 10:39:42,30.7,83.2,760.8
2026-09-10 10:40:12,30.7,82.9,650.0
2026-09-10 10:40:42,30.7,83.5,339.2
2026-09-10 10:41:12,30.7,83.3,339.2
2026-09-10 10:41:42,30.7,81.7,228.3
2026-09-10 10:42:12,30.7,82.9,222.5
2026-09-10 10:42:42,30.8,82.8,290.0
2026-09-10 10:43:12,30.8,81.6,261.7
2026-09-10 10:43:42,30.7,81.2,225.0
2026-09-10 10:44:12,30.7,81.0,219.2
2026-09-10 10:44:42,30.7,81.9,209.2
2026-09-10 10:45:12,30.7,81.2,200.8
2026-09-10 10:45:42,30.7,80.8,180.8
2026-09-10 10:46:12,30.7,80.9,170.8
2026-09-10 10:46:42,30.7,81.5,163.3
2026-09-10 10:47:12,30.7,82.2,157.5
2026-09-10 10:47:42,30.7,82.7,155.8
2026-09-10 10:48:12,30.7,82.8,158.3
2026-09-10 10:48:42,30.7,82.5,167.5
2026-09-10 10:49:12,30.7,82.3,166.7
2026-09-10 10:49:42,30.7,81.7,161.7
2026-09-10 10:50:12,30.7,81.4,178.3
2026-09-10 10:50:42,30.7,81.5,189.2
2026-09-10 10:51:12,30.7,82.4,252.5
2026-09-10 10:51:42,30.7,82.4,319.2
2026-09-10 10:52:12,30.7,81.4,194.2
2026-09-10 10:52:42,30.8,81.3,170.0
2026-09-10 10:53:12,30.7,81.5,161.7
2026-09-10 10:53:42,30.7,81.3,159.2
2026-09-10 10:54:12,30.7,80.6,170.0
2026-09-10 10:54:42,30.7,81.1,178.3
2026-09-10 10:55:12,30.7,81.5,184.2
2026-09-10 10:55:42,30.7,81.9,183.3
2026-09-10 10:56:12,30.7,82.3,175.0
2026-09-10 10:56:42,30.7,82.4,167.5
2026-09-10 10:57:12,30.7,82.8,165.8
2026-09-10 10:57:42,30.7,82.3,170.0
2026-09-10 10:58:12,30.7,82.5,178.3
2026-09-10 10:58:42,30.7,82.7,177.5
2026-09-10 10:59:12,30.7,82.4,170.0
2026-09-10 10:59:42,30.7,82.2,155.8
2026-09-10 11:00:12,30.7,81.6,148.3
2026-09-10 11:00:42,30.7,81.7,141.7
2026-09-10 11:01:12,30.7,82.4,134.2
2026-09-10 11:01:42,30.7,82.7,130.0
2026-09-10 11:02:12,30.7,82.6,127.5
2026-09-10 11:02:42,30.7,81.9,119.2
2026-09-10 11:03:12,30.7,82.5,112.5
2026-09-10 11:03:42,30.7,81.9,104.2
2026-09-10 11:04:12,30.7,82.3,98.3
2026-09-10 11:04:42,30.7,81.0,95.0
2026-09-10 11:05:12,30.7,81.4,95.8
2026-09-10 11:05:42,30.7,81.4,100.0
2026-09-10 11:06:12,30.7,81.9,104.2
2026-09-10 11:06:42,30.7,81.7,109.2
2026-09-10 11:07:12,30.7,81.7,111.7
2026-09-10 11:07:42,30.7,82.2,112.5
2026-09-10 11:08:12,30.7,82.3,114.2
2026-09-10 11:08:42,30.7,82.4,111.7
2026-09-10 11:09:12,30.7,81.3,105.8
2026-09-10 11:09:42,30.6,82.2,101.7
2026-09-10 11:10:12,30.6,82.5,96.7
2026-09-10 11:10:42,30.6,81.6,90.8
2026-09-10 11:11:12,30.6,80.7,87.5
2026-09-10 11:11:42,30.6,81.2,82.5
2026-09-10 11:12:12,30.6,82.2,76.7
2026-09-10 11:12:42,30.6,81.5,74.2
2026-09-10 11:13:12,30.6,82.4,74.2
2026-09-10 11:13:42,30.6,81.2,79.2
2026-09-10 11:14:12,30.6,81.0,86.7
2026-09-10 11:14:42,30.6,81.0,95.8
2026-09-10 11:15:12,30.6,80.8,110.0
2026-09-10 11:15:42,30.6,80.8,122.5
2026-09-10 11:16:12,30.6,81.0,133.3
2026-09-10 11:16:42,30.6,81.3,141.7
2026-09-10 11:17:12,30.6,80.5,147.5
2026-09-10 11:17:42,30.6,80.5,146.7
2026-09-10 11:18:12,30.6,80.4,144.2
2026-09-10 11:18:42,30.5,80.0,140.0
2026-09-10 11:19:12,30.5,80.1,135.8
2026-09-10 11:19:42,30.5,80.9,133.3
2026-09-10 11:20:12,30.5,81.9,135.8
2026-09-10 11:20:42,30.5,82.5,137.5
2026-09-10 11:21:12,30.5,82.6,141.7
2026-09-10 11:21:42,30.5,81.8,147.5
2026-09-10 11:22:12,30.5,81.5,151.7
2026-09-10 11:22:42,30.5,82.6,154.2
2026-09-10 11:23:12,30.5,82.1,158.3
2026-09-10 11:23:42,30.5,81.3,165.8
2026-09-10 11:24:12,30.5,81.1,169.2
2026-09-10 11:24:42,30.5,81.2,166.7
2026-09-10 11:25:12,30.5,81.0,163.3
2026-09-10 11:25:42,30.5,80.9,155.0
2026-09-10 11:26:12,30.5,80.8,147.5
2026-09-10 11:26:42,30.5,81.3,145.0
2026-09-10 11:27:12,30.5,80.6,145.0
2026-09-10 11:27:42,30.5,80.5,148.3
2026-09-10 11:28:12,30.5,79.7,151.7
2026-09-10 11:28:42,30.5,81.3,154.2
2026-09-10 11:29:12,30.5,81.4,156.7
2026-09-10 11:29:42,30.5,81.4,156.7
2026-09-10 11:30:12,30.5,80.8,158.3
2026-09-10 11:30:42,30.5,80.5,158.3
2026-09-10 11:31:12,30.5,80.4,157.5
2026-09-10 11:31:42,30.5,80.6,155.8
2026-09-10 11:32:12,30.5,79.8,155.0
2026-09-10 11:32:42,30.5,80.4,154.2
2026-09-10 11:33:12,30.5,81.0,155.0
2026-09-10 11:33:42,30.5,82.0,155.0
2026-09-10 11:34:12,30.5,81.2,154.2
2026-09-10 11:34:42,30.5,80.7,158.3
2026-09-10 11:35:12,30.5,80.8,165.0
2026-09-10 11:35:42,30.5,80.4,173.3
2026-09-10 11:36:12,30.5,80.9,186.7
2026-09-10 11:36:42,30.5,80.9,192.5
2026-09-10 11:37:12,30.5,81.2,203.3
2026-09-10 11:37:42,30.5,80.9,210.0
2026-09-10 11:38:12,30.5,80.5,225.0
2026-09-10 11:38:42,30.5,80.3,200.8
2026-09-10 11:39:12,30.5,80.2,225.0
2026-09-10 11:39:42,30.5,80.2,263.3
2026-09-10 11:40:12,30.5,80.4,237.5
2026-09-10 11:40:42,30.5,80.1,241.7
2026-09-10 11:41:12,30.5,79.8,234.2
2026-09-10 11:41:42,30.5,79.7,237.5
2026-09-10 11:42:12,30.4,80.0,255.0
2026-09-10 11:42:42,30.4,81.0,296.7
2026-09-10 11:43:12,30.5,80.1,342.5
2026-09-10 11:43:42,30.4,80.1,459.2
2026-09-10 11:44:12,30.4,79.9,450.8
2026-09-10 11:44:42,30.4,79.8,424.2
2026-09-10 11:45:12,30.4,80.0,366.7
2026-09-10 11:45:42,30.4,79.8,225.8
2026-09-10 11:46:12,30.4,79.7,186.7
2026-09-10 11:46:42,30.4,79.8,161.7
2026-09-10 11:47:12,30.4,79.7,145.0
2026-09-10 11:47:42,30.4,79.9,132.5
2026-09-10 11:48:12,30.4,79.6,125.8
2026-09-10 11:48:42,30.4,80.3,126.7
2026-09-10 11:49:12,30.4,82.1,129.2
2026-09-10 11:49:42,30.4,82.2,137.5
2026-09-10 11:50:12,30.4,81.4,150.0
2026-09-10 11:50:42,30.4,81.8,175.8
2026-09-10 11:51:12,30.4,81.8,298.3
2026-09-10 11:51:42,30.5,81.5,305.0
2026-09-10 11:52:12,30.5,80.9,460.8
2026-09-10 11:52:42,30.5,80.2,601.7
2026-09-10 11:53:12,30.5,79.8,485.8
2026-09-10 11:53:42,30.5,79.3,375.0
2026-09-10 11:54:12,30.5,79.8,223.3
2026-09-10 11:54:42,30.5,79.7,229.2
2026-09-10 11:55:12,30.5,79.5,135.0
2026-09-10 11:55:42,30.5,79.1,116.7
2026-09-10 11:56:12,30.5,79.4,105.0
2026-09-10 11:56:42,30.5,80.2,103.3
2026-09-10 11:57:12,30.6,80.0,110.0
2026-09-10 11:57:42,30.6,79.7,124.2
2026-09-10 11:58:12,30.6,79.7,150.0
2026-09-10 11:58:42,30.6,79.0,215.8
2026-09-10 11:59:12,30.5,79.1,429.2
2026-09-10 11:59:42,30.6,79.6,360.0
2026-09-10 12:00:12,30.6,79.3,439.2
2026-09-10 12:00:42,30.5,79.0,413.3
2026-09-10 12:01:12,30.5,79.1,370.0
2026-09-10 12:01:42,30.5,79.3,406.7
2026-09-10 12:02:12,30.5,79.2,329.2
2026-09-10 12:02:42,30.5,79.0,225.0
2026-09-10 12:03:12,30.5,79.1,167.5
2026-09-10 12:03:42,30.5,78.7,135.8
2026-09-10 12:04:12,30.5,78.4,127.5
2026-09-10 12:04:42,30.5,78.6,121.7
2026-09-10 12:05:12,30.5,78.5,118.3
2026-09-10 12:05:42,30.5,78.5,117.5
2026-09-10 12:06:12,30.5,78.6,119.2
2026-09-10 12:06:42,30.5,80.7,120.0
2026-09-10 12:07:12,30.5,81.0,121.7
2026-09-10 12:07:42,30.5,81.3,110.8
2026-09-10 12:08:12,30.5,80.8,114.2
2026-09-10 12:08:42,30.5,80.4,113.3
2026-09-10 12:09:12,30.6,80.2,123.3
2026-09-10 12:09:42,30.6,78.5,139.2
2026-09-10 12:10:12,30.6,76.6,158.3
2026-09-10 12:10:42,30.5,76.4,179.2
2026-09-10 12:11:12,30.5,76.5,187.5
2026-09-10 12:11:42,30.5,76.2,198.3
2026-09-10 12:12:12,30.4,76.4,189.2
2026-09-10 12:12:42,30.4,76.4,183.3
2026-09-10 12:13:12,30.3,78.4,177.5
2026-09-10 12:13:42,30.3,77.2,174.2
2026-09-10 12:14:12,30.3,78.1,172.5
2026-09-10 12:14:42,30.3,78.2,173.3
2026-09-10 12:15:12,30.2,76.8,172.5
2026-09-10 12:15:42,30.2,77.8,172.5
2026-09-10 12:16:12,30.2,78.3,172.5
2026-09-10 12:16:42,30.1,78.7,173.3
2026-09-10 12:17:12,30.2,77.6,175.0
2026-09-10 12:17:42,30.1,79.6,172.5
2026-09-10 12:18:12,30.2,79.2,172.5
2026-09-10 12:18:42,30.2,79.3,172.5
2026-09-10 12:19:12,30.2,80.0,176.7
2026-09-10 12:19:42,30.2,79.5,181.7
2026-09-10 12:20:12,30.2,79.5,189.2
2026-09-10 12:20:42,30.2,79.4,200.8
2026-09-10 12:21:12,30.2,79.3,233.3
2026-09-10 12:21:42,30.2,79.4,285.0
2026-09-10 12:22:12,30.2,80.1,429.2
2026-09-10 12:22:42,30.2,79.9,674.2
2026-09-10 12:23:12,30.3,80.4,723.3
2026-09-10 12:23:42,30.3,80.0,718.3
2026-09-10 12:24:12,30.3,79.6,378.3
2026-09-10 12:24:42,30.3,80.0,350.8
2026-09-10 12:25:12,30.4,80.0,250.8
2026-09-10 12:25:42,30.4,80.4,225.8
2026-09-10 12:26:12,30.4,79.7,203.3
2026-09-10 12:26:42,30.4,79.7,193.3
2026-09-10 12:27:12,30.5,79.5,193.3
2026-09-10 12:27:42,30.5,79.8,199.2
2026-09-10 12:28:12,30.5,79.6,202.5
2026-09-10 12:28:42,30.5,78.8,194.2
2026-09-10 12:29:12,30.5,79.4,180.8
2026-09-10 12:29:42,30.5,79.2,170.0
2026-09-10 12:30:12,30.5,79.3,157.5
2026-09-10 12:30:42,30.5,78.9,148.3
2026-09-10 12:31:12,30.5,78.7,140.8
2026-09-10 12:31:42,30.5,79.0,135.0
2026-09-10 12:32:12,30.5,79.2,129.2
2026-09-10 12:32:42,30.4,79.0,130.0
2026-09-10 12:33:12,30.4,78.8,140.0
2026-09-10 12:33:42,30.4,79.6,152.5
2026-09-10 12:34:12,30.4,79.4,165.8
2026-09-10 12:34:42,30.4,79.1,220.0
2026-09-10 12:35:12,30.4,79.1,439.2
2026-09-10 12:35:42,30.4,79.1,619.2
2026-09-10 12:36:12,30.4,79.2,609.2
2026-09-10 12:36:42,30.4,79.4,627.5
2026-09-10 12:37:12,30.4,79.9,623.3
2026-09-10 12:37:42,30.4,79.8,595.8
2026-09-10 12:38:12,30.4,79.4,579.2
2026-09-10 12:38:42,30.4,79.6,569.2
2026-09-10 12:39:12,30.5,79.0,581.7
2026-09-10 12:39:42,30.5,79.0,611.7
2026-09-10 12:40:12,30.5,79.3,665.0
2026-09-10 12:40:42,30.5,79.0,509.2
2026-09-10 12:41:12,30.6,79.5,611.7
2026-09-10 12:41:42,30.6,80.2,482.5
2026-09-10 12:42:12,30.6,79.3,359.2
2026-09-10 12:42:42,30.7,79.6,400.8
2026-09-10 12:43:12,30.7,80.0,383.3
2026-09-10 12:43:42,30.7,79.4,395.8
2026-09-10 12:44:12,30.8,79.4,440.8
2026-09-10 12:44:42,30.8,78.5,485.0
2026-09-10 12:45:12,30.8,77.8,440.8
2026-09-10 12:45:42,30.8,77.8,533.3
2026-09-10 12:46:12,30.8,78.4,545.8
2026-09-10 12:46:42,30.9,78.4,591.7
2026-09-10 12:47:12,30.9,78.3,520.8
2026-09-10 12:47:42,31.0,78.3,467.5
2026-09-10 12:48:12,31.0,79.3,450.8
2026-09-10 12:48:42,31.0,78.7,490.8
2026-09-10 12:49:12,31.0,77.5,565.0
2026-09-10 12:49:42,31.0,77.2,432.5
2026-09-10 12:50:12,31.1,77.6,358.3
2026-09-10 12:50:42,31.1,77.9,275.8
2026-09-10 12:51:12,31.1,78.2,296.7
2026-09-10 12:51:42,31.1,78.4,346.7
2026-09-10 12:52:12,31.1,78.3,469.2
2026-09-10 12:52:42,31.1,78.7,344.2
2026-09-10 12:53:12,31.1,78.3,401.7
2026-09-10 12:53:42,31.1,78.9,284.2
2026-09-10 12:54:12,31.1,78.5,220.8
2026-09-10 12:54:42,31.1,78.8,233.3
2026-09-10 12:55:12,31.1,78.5,210.8
2026-09-10 12:55:42,31.1,78.2,203.3
2026-09-10 12:56:12,31.1,78.9,209.2
2026-09-10 12:56:42,31.1,79.4,230.8
2026-09-10 12:57:12,31.1,78.7,235.8
2026-09-10 12:57:42,31.1,78.0,255.0
2026-09-10 12:58:12,31.1,78.3,325.0
2026-09-10 12:58:42,31.1,77.6,305.0
2026-09-10 12:59:12,31.1,77.9,418.3
2026-09-10 12:59:42,31.1,78.3,396.7
2026-09-10 13:00:12,31.1,77.7,420.8
2026-09-10 13:00:42,31.1,78.1,303.3
2026-09-10 13:01:12,31.1,77.9,375.8
2026-09-10 13:01:42,31.0,78.2,309.2
2026-09-10 13:02:12,31.1,77.8,305.0
2026-09-10 13:02:42,31.0,78.4,470.8
2026-09-10 13:03:12,31.0,77.6,425.8
2026-09-10 13:03:42,31.1,77.9,353.3
2026-09-10 13:04:12,31.1,77.4,261.7
2026-09-10 13:04:42,31.1,78.4,252.5
2026-09-10 13:05:12,31.1,78.9,214.2
2026-09-10 13:05:42,31.1,77.9,221.7
2026-09-10 13:06:12,31.1,77.7,317.5
2026-09-10 13:06:42,31.1,78.5,307.5
2026-09-10 13:07:12,31.1,78.5,389.2
2026-09-10 13:07:42,31.1,78.3,344.2
2026-09-10 13:08:12,31.1,78.5,240.0
2026-09-10 13:08:42,31.1,78.1,283.3
2026-09-10 13:09:12,31.1,78.0,450.8
2026-09-10 13:09:42,31.1,77.5,310.8
2026-09-10 13:10:12,31.1,77.7,468.3
2026-09-10 13:10:42,31.1,78.1,435.0
2026-09-10 13:11:12,31.1,78.4,328.3
2026-09-10 13:11:42,31.1,79.2,335.8
2026-09-10 13:12:12,31.1,79.3,240.8
2026-09-10 13:12:42,31.1,79.0,123.3
2026-09-10 13:13:12,31.1,77.5,97.5
2026-09-10 13:13:42,31.1,77.1,86.7
2026-09-10 13:14:12,31.1,76.7,80.8
2026-09-10 13:14:42,31.1,76.9,79.2
2026-09-10 13:15:12,31.1,76.8,79.2
2026-09-10 13:15:42,31.1,76.6,80.0
2026-09-10 13:16:12,31.0,76.8,79.2
2026-09-10 13:16:42,31.0,77.3,78.3
2026-09-10 13:17:12,31.0,77.9,79.2
2026-09-10 13:17:42,31.0,77.4,80.8
2026-09-10 13:18:12,31.0,77.0,84.2
2026-09-10 13:18:42,30.9,77.3,88.3
2026-09-10 13:19:12,30.9,78.4,94.2
2026-09-10 13:19:42,30.9,78.3,100.0
2026-09-10 13:20:12,30.9,77.9,106.7
2026-09-10 13:20:42,30.8,78.0,115.8
2026-09-10 13:21:12,30.8,78.1,125.8
2026-09-10 13:21:42,30.8,78.2,138.3
2026-09-10 13:22:12,30.8,79.1,148.3
2026-09-10 13:22:42,30.8,78.7,153.3
2026-09-10 13:23:12,30.8,78.6,157.5
2026-09-10 13:23:42,30.8,78.7,158.3
2026-09-10 13:24:12,30.8,78.2,155.8
2026-09-10 13:24:42,30.8,79.0,150.8
2026-09-10 13:25:12,30.8,79.2,145.8
2026-09-10 13:25:42,30.7,79.6,141.7
2026-09-10 13:26:12,30.7,79.1,139.2
2026-09-10 13:26:42,30.7,78.6,134.2
2026-09-10 13:27:12,30.7,78.4,124.2
2026-09-10 13:27:42,30.7,79.0,115.0
2026-09-10 13:28:12,30.7,78.7,103.3
2026-09-10 13:28:42,30.7,78.5,94.2
2026-09-10 13:29:12,30.7,78.3,90.0
2026-09-10 13:29:42,30.7,78.5,86.7
2026-09-10 13:30:12,30.7,78.0,82.5
2026-09-10 13:30:42,30.6,80.3,80.8
2026-09-10 13:31:12,30.7,80.4,80.0
2026-09-10 13:31:42,30.7,78.7,83.3
2026-09-10 13:32:12,30.6,78.1,89.2
2026-09-10 13:32:42,30.6,78.7,95.0
2026-09-10 13:33:12,30.7,78.8,99.2
2026-09-10 13:33:42,30.6,78.1,100.0
2026-09-10 13:34:12,30.6,78.3,98.3
2026-09-10 13:34:42,30.6,78.7,96.7
2026-09-10 13:35:12,30.6,78.6,93.3
2026-09-10 13:35:42,30.6,78.6,90.0
2026-09-10 13:36:12,30.5,78.4,88.3
2026-09-10 13:36:42,30.5,78.8,84.2
2026-09-10 13:37:12,30.5,78.4,81.7
2026-09-10 13:37:42,30.5,78.6,80.0
2026-09-10 13:38:12,30.5,78.1,78.3
2026-09-10 13:38:42,30.5,77.8,75.8
2026-09-10 13:39:12,30.5,78.0,74.2
2026-09-10 13:39:42,30.5,78.3,72.5
2026-09-10 13:40:12,30.5,78.3,70.8
2026-09-10 13:40:42,30.5,78.2,69.2
2026-09-10 13:41:12,30.4,78.1,68.3
2026-09-10 13:41:42,30.4,77.9,68.3
2026-09-10 13:42:12,30.4,78.5,67.5
2026-09-10 13:42:42,30.4,78.8,66.7
2026-09-10 13:43:12,30.4,78.4,65.0
2026-09-10 13:43:42,30.4,78.4,63.3
2026-09-10 13:44:12,30.4,78.3,61.7
2026-09-10 13:44:42,30.4,78.2,60.0
2026-09-10 13:45:12,30.4,78.0,58.3
2026-09-10 13:45:42,30.4,79.4,58.3
2026-09-10 13:46:12,30.4,79.1,57.5
2026-09-10 13:46:42,30.4,79.6,55.8
2026-09-10 13:47:12,30.4,79.9,52.5
2026-09-10 13:47:42,30.4,80.0,49.2
2026-09-10 13:48:12,30.4,80.0,45.0
2026-09-10 13:48:42,30.4,79.5,43.3
2026-09-10 13:49:12,30.4,79.0,41.7
2026-09-10 13:49:42,30.4,79.5,39.2
2026-09-10 13:50:12,30.4,78.9,35.0
2026-09-10 13:50:42,30.4,79.6,32.5
2026-09-10 13:51:12,30.4,78.9,30.8
2026-09-10 13:51:42,30.4,78.9,30.8
2026-09-10 13:52:12,30.4,78.7,30.0
2026-09-10 13:52:42,30.3,79.8,28.3
2026-09-10 13:53:12,30.3,80.0,26.7
2026-09-10 13:53:42,30.3,79.3,25.0
2026-09-10 13:54:12,30.3,79.1,24.2
2026-09-10 13:54:42,30.3,80.9,22.5
2026-09-10 13:55:12,30.3,79.6,22.5
2026-09-10 13:55:42,30.3,79.5,23.3
2026-09-10 13:56:12,30.3,79.9,23.3
2026-09-10 13:56:42,30.3,80.7,24.2
2026-09-10 13:57:12,30.3,80.8,22.5
2026-09-10 13:57:42,30.3,80.8,20.8
2026-09-10 13:58:12,30.3,80.3,20.0
2026-09-10 13:58:42,30.3,80.8,19.2
2026-09-10 13:59:12,30.3,80.3,18.3
2026-09-10 13:59:42,30.3,80.1,18.3
2026-09-10 14:00:12,30.3,80.0,20.0
2026-09-10 14:00:42,30.2,80.4,22.5
2026-09-10 14:01:12,30.2,80.9,25.0
2026-09-10 14:01:42,30.2,81.0,25.8
2026-09-10 14:02:12,30.2,80.7,26.7
2026-09-10 14:02:42,30.2,81.3,27.5
2026-09-10 14:03:12,30.2,80.8,28.3
2026-09-10 14:03:42,30.2,81.8,30.0
2026-09-10 14:04:12,30.2,81.7,31.7
2026-09-10 14:04:42,30.2,81.8,33.3
2026-09-10 14:05:12,30.1,81.5,34.2
2026-09-10 14:05:42,30.1,81.4,35.0
2026-09-10 14:06:12,30.1,81.4,35.8
2026-09-10 14:06:42,30.1,81.7,36.7
2026-09-10 14:07:12,30.1,81.3,38.3
2026-09-10 14:07:42,30.1,81.3,40.0
2026-09-10 14:08:12,30.1,81.3,42.5
2026-09-10 14:08:42,30.1,81.9,45.0
2026-09-10 14:09:12,30.1,81.8,47.5
2026-09-10 14:09:42,30.1,81.7,50.8
2026-09-10 14:10:12,30.1,81.5,57.5
2026-09-10 14:10:42,30.1,81.8,61.7
2026-09-10 14:11:12,30.1,81.2,65.8
2026-09-10 14:11:42,30.1,81.8,67.5
2026-09-10 14:12:12,30.0,81.8,68.3
2026-09-10 14:12:42,30.0,82.3,66.7
2026-09-10 14:13:12,30.0,82.0,64.2
2026-09-10 14:13:42,30.0,82.1,60.8
2026-09-10 14:14:12,30.0,81.8,57.5
2026-09-10 14:14:42,30.0,82.0,55.0
2026-09-10 14:15:12,30.0,82.1,50.8
2026-09-10 14:15:42,30.0,82.4,49.2
2026-09-10 14:16:12,30.0,82.6,48.3
2026-09-10 14:16:42,30.0,82.5,47.5
2026-09-10 14:17:12,30.0,82.2,47.5
2026-09-10 14:17:42,30.0,82.5,47.5
2026-09-10 14:18:12,30.0,82.5,48.3
2026-09-10 14:18:42,30.0,82.5,50.0
2026-09-10 14:19:12,30.0,82.2,50.8
2026-09-10 14:19:42,30.0,82.5,51.7
2026-09-10 14:20:12,30.0,82.7,51.7
2026-09-10 14:20:42,30.0,83.0,50.8
2026-09-10 14:21:12,30.0,82.8,48.3
2026-09-10 14:21:42,30.0,83.0,45.8
2026-09-10 14:22:12,30.0,82.7,43.3
2026-09-10 14:22:42,29.9,82.8,40.0
2026-09-10 14:23:12,30.0,83.0,39.2
2026-09-10 14:23:42,30.0,82.7,37.5
2026-09-10 14:24:12,30.0,82.3,37.5
2026-09-10 14:24:42,30.0,82.5,37.5
2026-09-10 14:25:12,29.9,82.8,37.5
2026-09-10 14:25:42,29.9,82.8,38.3
2026-09-10 14:26:12,29.9,83.1,38.3
2026-09-10 14:26:42,29.9,83.2,38.3
2026-09-10 14:27:12,29.9,83.6,37.5
2026-09-10 14:27:42,29.8,84.0,36.7
2026-09-10 14:28:12,29.8,84.2,35.0
2026-09-10 14:28:42,29.8,84.7,33.3
2026-09-10 14:29:12,29.8,84.3,30.8
2026-09-10 14:29:42,29.8,85.0,27.5
2026-09-10 14:30:12,29.8,84.5,22.5
2026-09-10 14:30:42,29.8,84.3,19.2
2026-09-10 14:31:12,29.8,84.3,16.7
2026-09-10 14:31:42,29.8,84.4,15.8
2026-09-10 14:32:12,29.8,84.2,12.5
2026-09-10 14:32:42,29.7,84.4,10.8
2026-09-10 14:33:12,29.7,84.3,10.8
2026-09-10 14:33:42,29.8,84.3,12.5
2026-09-10 14:34:12,29.7,84.2,13.3
2026-09-10 14:34:42,29.7,83.8,14.2
2026-09-10 14:35:12,29.7,84.0,13.3
2026-09-10 14:35:42,29.7,84.0,14.2
2026-09-10 14:36:12,29.7,83.9,14.2
2026-09-10 14:36:42,29.7,84.3,13.3
2026-09-10 14:37:12,29.7,84.6,11.7
2026-09-10 14:37:42,29.7,84.6,10.8
2026-09-10 14:38:12,29.6,84.7,10.0
2026-09-10 14:38:42,29.6,84.6,9.2
2026-09-10 14:39:12,29.6,84.0,7.5
2026-09-10 14:39:42,29.7,84.5,5.8
2026-09-10 14:40:12,29.7,84.3,5.0
2026-09-10 14:40:42,29.7,84.2,4.2
2026-09-10 14:41:12,29.7,83.8,3.3
2026-09-10 14:41:42,29.7,83.8,3.3
2026-09-10 14:42:12,29.7,83.9,2.5
2026-09-10 14:42:42,29.7,83.8,2.5
2026-09-10 14:43:12,29.6,83.9,1.7
2026-09-10 14:43:42,29.6,83.6,0.8
2026-09-10 14:44:12,29.6,84.0,0.8
2026-09-10 14:44:42,29.6,84.0,0.8
2026-09-10 14:45:12,29.6,83.9,0.0
2026-09-10 14:45:42,29.5,84.3,0.0
2026-09-10 14:46:12,29.5,84.9,0.0
2026-09-10 14:46:42,29.5,85.2,19.2
2026-09-10 14:47:12,29.5,85.2,20.8
2026-09-10 14:47:42,29.5,85.6,21.7
2026-09-10 14:48:12,29.5,85.4,24.2
2026-09-10 14:48:42,29.5,85.4,22.5
2026-09-10 14:49:12,29.5,86.6,21.7
2026-09-10 14:49:42,29.5,88.8,21.7
2026-09-10 14:50:12,29.4,88.4,20.8
2026-09-10 14:50:42,29.3,87.7,25.0
2026-09-10 14:51:12,29.2,89.2,18.3
2026-09-10 14:51:42,29.2,88.2,18.3
2026-09-10 14:52:12,29.1,88.8,18.3
2026-09-10 14:52:42,29.1,88.9,18.3
2026-09-10 14:53:12,29.0,87.9,17.5
2026-09-10 14:53:42,28.9,88.6,16.7
2026-09-10 14:54:12,28.9,89.8,20.8
2026-09-10 14:54:42,28.9,89.6,19.2
2026-09-10 14:55:12,28.8,89.6,15.0
2026-09-10 14:55:42,28.8,89.3,20.0
2026-09-10 14:56:12,28.8,88.4,20.0
2026-09-10 14:56:42,28.7,89.1,20.8
2026-09-10 14:57:12,28.6,88.8,20.0
2026-09-10 14:57:42,28.6,87.2,20.0
2026-09-10 14:58:12,28.5,88.3,21.7
2026-09-10 14:58:42,28.3,89.2,16.7
2026-09-10 14:59:12,28.3,89.1,22.5
2026-09-10 14:59:42,28.1,90.5,17.5
2026-09-10 15:00:12,28.1,89.9,19.2
2026-09-10 15:00:42,28.1,90.3,19.2
2026-09-10 15:01:12,28.0,90.5,19.2
2026-09-10 15:01:42,27.9,89.8,18.3
2026-09-10 15:02:12,27.9,92.0,18.3
2026-09-10 15:02:42,27.8,92.5,15.8
2026-09-10 15:03:12,27.9,91.3,17.5
2026-09-10 15:03:42,28.0,90.8,20.8
2026-09-10 15:04:12,28.0,90.2,20.8
2026-09-10 15:04:42,28.0,90.0,21.7
2026-09-10 15:05:12,28.0,91.3,22.5
2026-09-10 15:05:42,28.0,90.9,22.5
2026-09-10 15:06:12,28.0,90.1,25.0
2026-09-10 15:06:42,28.0,90.9,22.5
2026-09-10 15:07:12,28.0,90.7,21.7
2026-09-10 15:07:42,28.0,91.3,13.3
2026-09-10 15:08:12,28.0,91.3,14.2
2026-09-10 15:08:42,28.1,88.8,15.8
2026-09-10 15:09:12,28.2,89.8,17.5
2026-09-10 15:09:42,28.3,88.6,19.2
2026-09-10 15:10:12,28.3,87.8,20.0
2026-09-10 15:10:42,28.3,86.9,19.2
2026-09-10 15:11:12,28.3,87.8,20.0
2026-09-10 15:11:42,28.3,84.3,6.7
2026-09-10 15:12:12,28.2,84.8,5.0
2026-09-10 15:12:42,28.1,86.5,5.8
2026-09-10 15:13:12,28.0,86.9,5.8
2026-09-10 15:13:42,27.9,86.5,5.8
2026-09-10 15:14:12,27.8,86.5,6.7
2026-09-10 15:14:42,27.7,87.6,6.7
2026-09-10 15:15:12,27.6,88.3,6.7
2026-09-10 15:15:42,27.5,88.3,7.5
2026-09-10 15:16:12,27.5,88.4,7.5
2026-09-10 15:16:42,27.4,89.4,8.3
2026-09-10 15:17:12,27.4,89.2,8.3
2026-09-10 15:17:42,27.4,89.3,9.2
2026-09-10 15:18:12,27.4,90.7,9.2
2026-09-10 15:18:42,27.4,89.3,9.2
2026-09-10 15:19:12,27.4,89.6,10.0
2026-09-10 15:19:42,27.3,90.2,10.0
2026-09-10 15:20:12,27.3,90.2,10.0
2026-09-10 15:20:42,27.3,90.6,10.8
2026-09-10 15:21:12,27.3,90.8,10.8
2026-09-10 15:21:42,27.3,90.4,10.8
2026-09-10 15:22:12,27.2,90.8,11.7
2026-09-10 15:22:42,27.1,90.5,11.7
2026-09-10 15:23:12,27.1,90.9,12.5
2026-09-10 15:23:42,27.1,91.4,12.5
2026-09-10 15:24:12,27.0,92.2,12.5
2026-09-10 15:24:42,27.0,92.6,13.3
2026-09-10 15:25:12,27.0,93.0,13.3
2026-09-10 15:25:42,27.0,92.9,13.3
2026-09-10 15:26:12,27.0,93.1,13.3
2026-09-10 15:26:42,26.9,93.2,13.3
2026-09-10 15:27:12,26.9,93.2,13.3
2026-09-10 15:27:42,27.0,92.3,13.3
2026-09-10 15:28:12,26.9,92.9,12.5
2026-09-10 15:28:42,26.9,93.1,11.7
2026-09-10 15:29:12,26.9,93.6,12.5
2026-09-10 15:29:42,26.9,93.8,11.7
2026-09-10 15:30:12,26.9,94.0,10.0
2026-09-10 15:30:42,26.9,94.4,8.3
2026-09-10 15:31:12,26.9,94.8,7.5
2026-09-10 15:31:42,26.9,94.6,7.5
2026-09-10 15:32:12,26.9,94.9,7.5
2026-09-10 15:32:42,27.0,93.9,6.7
2026-09-10 15:33:12,26.9,93.8,6.7
2026-09-10 15:33:42,27.0,93.4,7.5
2026-09-10 15:34:12,26.9,92.9,7.5
2026-09-10 15:34:42,26.9,92.2,5.8
2026-09-10 15:35:12,26.9,92.1,6.7
2026-09-10 15:35:42,26.9,92.2,8.3
2026-09-10 15:36:12,26.8,92.5,10.0
2026-09-10 15:36:42,26.8,93.1,12.5
2026-09-10 15:37:12,26.8,93.6,15.0
2026-09-10 15:37:42,26.9,93.3,17.5
2026-09-10 15:38:12,26.9,92.8,20.0
2026-09-10 15:38:42,27.0,92.9,21.7
2026-09-10 15:39:12,27.0,92.4,23.3
2026-09-10 15:39:42,27.1,92.2,25.0
2026-09-10 15:40:12,27.1,92.0,25.0
2026-09-10 15:40:42,27.1,92.1,25.8
2026-09-10 15:41:12,27.1,92.2,25.0
2026-09-10 15:41:42,27.0,92.6,25.0
2026-09-10 15:42:12,27.0,92.7,24.2
2026-09-10 15:42:42,27.0,91.8,23.3
2026-09-10 15:43:12,27.0,92.3,23.3
2026-09-10 15:43:42,26.9,92.1,25.0
2026-09-10 15:44:12,26.9,92.2,24.2
2026-09-10 15:44:42,26.9,92.4,21.7
2026-09-10 15:45:12,26.8,93.0,17.5
2026-09-10 15:45:42,26.8,93.3,15.8
2026-09-10 15:46:12,26.8,92.9,15.0
2026-09-10 15:46:42,26.8,93.2,15.0
2026-09-10 15:47:12,26.8,93.5,16.7
2026-09-10 15:47:42,26.8,92.8,18.3
2026-09-10 15:48:12,26.8,93.6,19.2
2026-09-10 15:48:42,26.8,92.4,20.0
2026-09-10 15:49:12,26.9,91.4,20.8
2026-09-10 15:49:42,26.9,91.8,21.7
2026-09-10 15:50:12,26.9,92.0,22.5
2026-09-10 15:50:42,26.9,92.5,21.7
2026-09-10 15:51:12,26.9,91.8,20.8
2026-09-10 15:51:42,26.9,92.1,20.0
2026-09-10 15:52:12,26.9,92.0,18.3
2026-09-10 15:52:42,26.9,91.1,17.5
2026-09-10 15:53:12,26.9,91.3,16.7
2026-09-10 15:53:42,26.8,92.0,18.3
2026-09-10 15:54:12,26.8,91.9,20.8
2026-09-10 15:54:42,26.8,91.8,24.2
2026-09-10 15:55:12,26.8,91.8,26.7
2026-09-10 15:55:42,26.8,91.5,28.3
2026-09-10 15:56:12,26.7,91.4,30.0
2026-09-10 15:56:42,26.8,91.4,32.5
2026-09-10 15:57:12,26.8,91.2,34.2
2026-09-10 15:57:42,26.8,91.1,36.7
2026-09-10 15:58:12,26.8,91.6,38.3
2026-09-10 15:58:42,26.9,90.2,38.3
2026-09-10 15:59:12,26.9,90.2,40.0
2026-09-10 15:59:42,26.9,90.6,40.0
2026-09-10 16:00:12,26.9,89.9,40.8
2026-09-10 16:00:42,26.8,90.2,38.3
2026-09-10 16:01:12,26.8,89.9,38.3
2026-09-10 16:01:42,26.7,90.3,38.3
2026-09-10 16:02:12,26.7,89.8,38.3
2026-09-10 16:02:42,26.6,90.6,38.3
2026-09-10 16:03:12,26.6,90.7,39.2
2026-09-10 16:03:42,26.5,90.8,40.0
2026-09-10 16:04:12,26.5,91.1,40.0
2026-09-10 16:04:42,26.5,91.7,40.8
2026-09-10 16:05:12,26.5,91.8,40.8
2026-09-10 16:05:42,26.5,91.4,41.7
2026-09-10 16:06:12,26.4,91.0,41.7
2026-09-10 16:06:42,26.4,91.5,40.8
2026-09-10 16:07:12,26.4,92.3,40.8
2026-09-10 16:07:42,26.4,92.6,40.8
2026-09-10 16:08:12,26.4,92.3,40.8
2026-09-10 16:08:42,26.4,92.4,40.0
2026-09-10 16:09:11,26.3,92.3,40.0
2026-09-10 16:09:41,26.3,92.2,40.0
2026-09-10 16:10:11,26.3,92.5,40.0
2026-09-10 16:10:41,26.2,92.9,40.0
2026-09-10 16:11:11,26.2,93.4,40.0
2026-09-10 16:11:41,26.2,92.8,40.0
2026-09-10 16:12:11,26.2,92.3,40.0
2026-09-10 16:12:41,26.2,92.6,40.0
2026-09-10 16:13:11,26.1,93.0,40.0
2026-09-10 16:13:41,26.2,93.3,40.8
2026-09-10 16:14:11,26.2,93.3,40.8
2026-09-10 16:14:41,26.2,92.9,40.0
2026-09-10 16:15:11,26.2,93.0,40.0
2026-09-10 16:15:41,26.2,93.3,40.0
2026-09-10 16:16:11,26.2,93.2,39.2
2026-09-10 16:16:41,26.2,93.9,39.2
2026-09-10 16:17:11,26.2,93.0,38.3
2026-09-10 16:17:41,26.2,92.6,37.5
2026-09-10 16:18:11,26.3,92.4,36.7
2026-09-10 16:18:41,26.3,92.8,35.8
2026-09-10 16:19:11,26.3,92.7,35.8
2026-09-10 16:19:41,26.3,92.3,35.0
2026-09-10 16:20:11,26.3,92.3,35.0
2026-09-10 16:20:41,26.3,92.5,35.0
2026-09-10 16:21:11,26.3,92.8,35.0
2026-09-10 16:21:41,26.3,91.8,35.0
2026-09-10 16:22:11,26.3,92.1,35.0
2026-09-10 16:22:41,26.3,91.7,35.8
2026-09-10 16:23:11,26.3,91.8,35.8
2026-09-10 16:23:41,26.2,91.8,35.8
2026-09-10 16:24:11,26.2,92.0,35.8
2026-09-10 16:24:41,26.2,92.4,35.8
2026-09-10 16:25:11,26.1,92.7,35.8
2026-09-10 16:25:41,26.2,92.9,35.8
2026-09-10 16:26:11,26.2,92.0,35.0
2026-09-10 16:26:41,26.2,93.2,35.0
2026-09-10 16:27:11,26.2,93.1,35.0
2026-09-10 16:27:41,26.2,92.6,34.2
2026-09-10 16:28:11,26.2,91.8,34.2
2026-09-10 16:28:41,26.2,91.4,35.0
2026-09-10 16:29:11,26.2,91.1,35.0
2026-09-10 16:29:41,26.2,91.5,35.0
2026-09-10 16:30:11,26.2,91.9,35.0
2026-09-10 16:30:41,26.2,92.2,35.0
2026-09-10 16:31:11,26.2,93.1,35.8
2026-09-10 16:31:41,26.3,92.5,36.7
2026-09-10 16:32:11,26.3,92.0,37.5
2026-09-10 16:32:41,26.3,91.3,37.5
2026-09-10 16:33:11,26.3,91.7,38.3
2026-09-10 16:33:41,26.3,91.9,39.2
2026-09-10 16:34:11,26.3,91.3,39.2
2026-09-10 16:34:41,26.4,91.7,39.2
2026-09-10 16:35:11,26.4,91.9,39.2
2026-09-10 16:35:41,26.4,91.6,40.0
2026-09-10 16:36:11,26.4,91.5,40.0
2026-09-10 16:36:41,26.3,91.5,40.0
2026-09-10 16:37:11,26.3,91.4,40.0
2026-09-10 16:37:41,26.2,91.5,40.0
2026-09-10 16:38:11,26.2,91.6,40.8
2026-09-10 16:38:41,26.2,91.7,40.8
2026-09-10 16:39:11,26.2,91.6,41.7
2026-09-10 16:39:41,26.1,91.4,41.7
2026-09-10 16:40:11,26.1,91.7,42.5
2026-09-10 16:40:41,26.1,92.0,42.5
2026-09-10 16:41:11,26.0,92.7,43.3
2026-09-10 16:41:41,26.1,92.4,43.3
2026-09-10 16:42:11,26.1,92.5,43.3
2026-09-10 16:42:41,26.1,91.8,44.2
2026-09-10 16:43:11,26.1,91.8,44.2
2026-09-10 16:43:41,26.1,92.2,45.0
2026-09-10 16:44:11,26.1,91.8,45.0
2026-09-10 16:44:41,26.1,92.0,45.0
2026-09-10 16:45:11,26.1,91.8,45.0
2026-09-10 16:45:41,26.0,91.7,45.0
2026-09-10 16:46:11,26.0,91.9,44.2
2026-09-10 16:46:41,26.0,92.3,43.3
2026-09-10 16:47:11,26.0,92.7,42.5
2026-09-10 16:47:41,26.0,92.3,41.7
2026-09-10 16:48:11,26.1,92.4,40.0
2026-09-10 16:48:41,26.1,92.7,39.2
2026-09-10 16:49:11,26.1,92.8,37.5
2026-09-10 16:49:41,26.1,93.2,36.7
2026-09-10 16:50:11,26.1,93.4,35.8
2026-09-10 16:50:41,26.2,92.7,35.0
2026-09-10 16:51:11,26.2,92.5,34.2
2026-09-10 16:51:41,26.3,92.6,32.5
2026-09-10 16:52:11,26.3,92.1,31.7
2026-09-10 16:52:41,26.4,91.6,30.0
2026-09-10 16:53:11,26.4,91.1,29.2
2026-09-10 16:53:41,26.5,90.8,28.3
2026-09-10 16:54:11,26.5,90.7,27.5
2026-09-10 16:54:41,26.5,90.7,26.7
2026-09-10 16:55:11,26.5,90.6,25.8
2026-09-10 16:55:41,26.5,90.7,25.8
2026-09-10 16:56:11,26.5,90.0,25.0
2026-09-10 16:56:41,26.6,89.2,24.2
2026-09-10 16:57:11,26.6,89.0,23.3
2026-09-10 16:57:41,26.6,90.0,23.3
2026-09-10 16:58:11,26.6,90.2,23.3
2026-09-10 16:58:41,26.7,88.9,22.5
2026-09-10 16:59:11,26.8,88.5,22.5
2026-09-10 16:59:41,26.8,89.5,22.5
2026-09-10 17:00:11,26.8,89.1,22.5
2026-09-10 17:00:41,26.8,89.3,22.5
2026-09-10 17:01:11,26.8,89.2,22.5
2026-09-10 17:01:41,26.7,88.4,22.5
2026-09-10 17:02:11,26.7,89.3,21.7
2026-09-10 17:02:41,26.7,88.6,21.7
2026-09-10 17:03:11,26.7,89.5,21.7
2026-09-10 17:03:41,26.8,87.9,21.7
2026-09-10 17:04:11,26.8,87.6,21.7
2026-09-10 17:04:41,26.8,87.9,21.7
2026-09-10 17:05:11,26.9,88.5,21.7
2026-09-10 17:05:41,26.9,88.2,20.8
2026-09-10 17:06:11,26.9,88.1,20.8
2026-09-10 17:06:41,26.9,88.0,20.8
2026-09-10 17:07:11,26.9,89.3,20.0
2026-09-10 17:07:41,26.9,88.3,20.0
2026-09-10 17:08:11,27.0,87.4,20.0
2026-09-10 17:08:41,26.9,87.2,20.0
2026-09-10 17:09:11,27.0,86.8,19.2
2026-09-10 17:09:41,27.0,86.9,19.2
2026-09-10 17:10:11,27.0,87.3,19.2
2026-09-10 17:10:41,27.0,87.3,20.8
2026-09-10 17:11:11,26.9,87.3,20.0
2026-09-10 17:11:41,26.9,88.0,20.0
2026-09-10 17:12:11,26.9,88.6,22.5
2026-09-10 17:12:41,26.9,87.6,22.5
2026-09-10 17:13:11,26.9,88.0,20.0
2026-09-10 17:13:41,26.8,88.2,20.8
2026-09-10 17:14:11,26.8,88.8,20.8
2026-09-10 17:14:41,26.7,89.7,20.0
2026-09-10 17:15:11,26.7,88.8,20.0
2026-09-10 17:15:41,26.7,88.7,20.0
2026-09-10 17:16:11,26.7,89.5,20.0
2026-09-10 17:16:41,26.7,89.3,20.0
2026-09-10 17:17:11,26.6,89.3,19.2
2026-09-10 17:17:41,26.6,88.6,15.8
2026-09-10 17:18:11,26.6,89.1,17.5
2026-09-10 17:18:41,26.6,89.3,29.2
2026-09-10 17:19:11,26.6,89.2,28.3
2026-09-10 17:19:41,26.6,88.2,27.5
2026-09-10 17:20:11,26.6,88.4,25.0
2026-09-10 17:20:41,26.5,88.4,25.0
2026-09-10 17:21:11,26.5,89.3,24.2
2026-09-10 17:21:41,26.5,89.0,24.2
2026-09-10 17:22:11,26.5,89.1,23.3
2026-09-10 17:22:41,26.4,89.8,23.3
2026-09-10 17:23:11,26.4,90.4,23.3
2026-09-10 17:23:41,26.4,89.6,23.3
2026-09-10 17:24:11,26.5,89.8,22.5
2026-09-10 17:24:41,26.5,89.4,22.5
2026-09-10 17:25:11,26.5,89.5,22.5
2026-09-10 17:25:41,26.5,89.8,21.7
2026-09-10 17:26:11,26.5,89.8,21.7
2026-09-10 17:26:41,26.5,89.1,20.8
2026-09-10 17:27:11,26.5,89.9,20.8
2026-09-10 17:27:41,26.5,89.8,20.0
2026-09-10 17:28:11,26.4,89.2,20.0
2026-09-10 17:28:41,26.5,89.3,20.0
2026-09-10 17:29:11,26.5,89.6,19.2
2026-09-10 17:29:41,26.5,89.6,19.2
2026-09-10 17:30:11,26.6,89.3,18.3
2026-09-10 17:30:41,26.6,89.5,18.3
2026-09-10 17:31:11,26.7,88.7,18.3
2026-09-10 17:31:41,26.7,88.3,17.5
2026-09-10 17:32:11,26.8,88.8,17.5
2026-09-10 17:32:41,26.9,88.7,16.7
2026-09-10 17:33:11,26.9,88.5,16.7
2026-09-10 17:33:41,26.9,88.4,15.8
2026-09-10 17:34:11,27.0,88.0,15.8
2026-09-10 17:34:41,27.0,88.2,15.8
2026-09-10 17:35:11,27.0,88.3,15.0
2026-09-10 17:35:41,27.0,88.3,15.0
2026-09-10 17:36:11,26.9,88.6,15.0
2026-09-10 17:36:41,26.9,88.0,14.2
2026-09-10 17:37:11,26.9,88.5,14.2
2026-09-10 17:37:41,26.9,88.4,14.2
2026-09-10 17:38:11,26.9,88.2,14.2
2026-09-10 17:38:41,26.9,87.8,14.2
2026-09-10 17:39:11,26.9,86.4,14.2
2026-09-10 17:39:41,26.9,86.3,13.3
2026-09-10 17:40:11,26.9,86.3,13.3
